00000200
00000000
00000000
00000000
00000000
00000000
00000000
00000000
00000000
00000000
00000000
00000000
00000000
00000000
00000000
00000000
00000000
00000000
00000000
00000000
00000000
00000000
00000000
00000000
00000000
00000000
00000000
00000000
00000000
00000000
00000000
00000000
00000000
00000000
00000000
00000000
00000000
00000000
00000000
00000000
00000000
00000000
00000000
00000000
00000000
00000000
00000000
00000000
00000000
00000000
00000000
00000000
00000000
00000000
00000000
00000000
00000000
00000000
00000000
00000000
00000000
00000000
00000000
00000000
00000000
00000000
00000001
00000000
00000000
00000000
00000000
00000000
00000000
00000000
00000000
00000000
00000000
00000000
00000000
00000000
00000000
00000000
00000000
00000000
00000000
00000000
00000000
00000000
00000000
00000000
00000000
00000000
00000000
00000000
00000000
00000000
00000000
00000000
00000000
00000000
00000000
00000000
00000000
00000000
00000000
00000000
00000000
00000000
00000000
00000000
00000000
00000000
00000000
00000000
00000000
00000000
00000000
00000000
00000000
00000000
00000000
00000000
00000000
00000000
00000000
00000000
00000000
00000000
00000000
00000000
00000000
00000002
00000000
00000000
00000000
00000000
00000000
00000000
00000000
00000000
00000000
00000000
00000000
00000000
00000000
00000000
00000000
00000000
00000000
00000000
00000000
00000000
00000000
00000000
00000000
00000000
00000000
00000000
00000000
00000000
00000000
00000000
00000000
00000000
00000000
00000000
00000000
00000000
00000000
00000000
00000000
00000000
00000000
00000000
00000000
00000000
00000000
00000000
00000000
00000000
00000000
00000000
00000000
00000000
00000000
00000000
00000000
00000000
00000000
00000000
00000000
00000000
00000000
00000000
00000000
00000000
00000003
00000000
00000000
00000000
00000000
00000000
00000000
00000000
00000000
00000000
00000000
00000000
00000000
00000000
00000000
00000000
00000000
00000000
00000000
00000000
00000000
00000000
00000000
00000000
00000000
00000000
00000000
00000000
00000000
00000000
00000000
00000000
00000000
00000000
00000000
00000000
00000000
00000000
00000000
00000000
00000000
00000000
00000000
00000000
00000000
00000000
00000000
00000000
00000000
00000000
00000000
00000000
00000000
00000000
00000000
00000000
00000000
00000000
00000000
00000000
00000000
00000000
00000000
00000000
00000000
00000004
00000000
00000000
00000000
00000000
00000000
00000000
00000000
00000000
00000000
00000000
00000000
00000000
00000000
00000000
00000000
00000000
00000000
00000000
00000000
00000000
00000000
00000000
00000000
00000000
00000000
00000000
00000000
00000000
00000000
00000000
00000000
00000000
00000000
00000000
00000000
00000000
00000000
00000000
00000000
00000000
00000000
00000000
00000000
00000000
00000000
00000000
00000000
00000000
00000000
00000000
00000000
00000000
00000000
00000000
00000000
00000000
00000000
00000000
00000000
00000000
00000000
00000000
00000000
00000000
00000005
00000000
00000000
00000000
00000000
00000000
00000000
00000000
00000000
00000000
00000000
00000000
00000000
00000000
00000000
00000000
00000000
00000000
00000000
00000000
00000000
00000000
00000000
00000000
00000000
00000000
00000000
00000000
00000000
00000000
00000000
00000000
00000000
00000000
00000000
00000000
00000000
00000000
00000000
00000000
00000000
00000000
00000000
00000000
00000000
00000000
00000000
00000000
00000000
00000000
00000000
00000000
00000000
00000000
00000000
00000000
00000000
00000000
00000000
00000000
00000000
00000000
00000000
00000000
00000000
00000006
00000000
00000000
00000000
00000000
00000000
00000000
00000000
00000000
00000000
00000000
00000000
00000000
00000000
00000000
00000000
00000000
00000000
00000000
00000000
00000000
00000000
00000000
00000000
00000000
00000000
00000000
00000000
00000000
00000000
00000000
00000000
00000000
00000000
00000000
00000000
00000000
00000000
00000000
00000000
00000000
00000000
00000000
00000000
00000000
00000000
00000000
00000000
00000000
00000000
00000000
00000000
00000000
00000000
00000000
00000000
00000000
00000000
00000000
00000000
00000000
00000000
00000000
00000000
00000000
00000007
00000000
00000000
00000000
00000000
00000000
00000000
00000000
00000000
00000000
00000000
00000000
00000000
00000000
00000000
00000000
00000000
00000000
00000000
00000000
00000000
00000000
00000000
00000000
00000000
00000000
00000000
00000000
00000000
00000000
00000000
00000000
00000000
00000000
00000000
00000000
00000000
00000000
00000000
00000000
00000000
00000000
00000000
00000000
00000000
00000000
00000000
00000000
00000000
00000000
00000000
00000000
00000000
00000000
00000000
00000000
00000000
00000000
00000000
00000000
00000000
00000000
00000000
00000000
00000000
00000008
00000000
00000000
00000000
00000000
00000000
00000000
00000000
00000000
00000000
00000000
00000000
00000000
00000000
00000000
00000000
00000000
00000000
00000000
00000000
00000000
00000000
00000000
00000000
00000000
00000000
00000000
00000000
00000000
00000000
00000000
00000000
00000000
00000000
00000000
00000000
00000000
00000000
00000000
00000000
00000000
00000000
00000000
00000000
00000000
00000000
00000000
00000000
00000000
00000000
00000000
00000000
00000000
00000000
00000000
00000000
00000000
00000000
00000000
00000000
00000000
00000000
00000000
00000000
00000000
00000009
00000000
00000000
00000000
00000000
00000000
00000000
00000000
00000000
00000000
00000000
00000000
00000000
00000000
00000000
00000000
00000000
00000000
00000000
00000000
00000000
00000000
00000000
00000000
00000000
00000000
00000000
00000000
00000000
00000000
00000000
00000000
00000000
00000000
00000000
00000000
00000000
00000000
00000000
00000000
00000000
00000000
00000000
00000000
00000000
00000000
00000000
00000000
00000000
00000000
00000000
00000000
00000000
00000000
00000000
00000000
00000000
00000000
00000000
00000000
00000000
00000000
00000000
00000000
00000000
0000000a
00000000
00000000
00000000
00000000
00000000
00000000
00000000
00000000
00000000
00000000
00000000
00000000
00000000
00000000
00000000
00000000
00000000
00000000
00000000
00000000
00000000
00000000
00000000
00000000
00000000
00000000
00000000
00000000
00000000
00000000
00000000
00000000
00000000
00000000
00000000
00000000
00000000
00000000
00000000
00000000
00000000
00000000
00000000
00000000
00000000
00000000
00000000
00000000
00000000
00000000
00000000
00000000
00000000
00000000
00000000
00000000
00000000
00000000
00000000
00000000
00000000
00000000
00000000
00000000
0000000b
00000000
00000000
00000000
00000000
00000000
00000000
fffffff7
ffffffd9
000001b7
0000112d
000045bc
0000af4e
00014634
0001f87a
0002b4a4
00036a91
00040f1b
00049b78
00050d4c
0005655f
0005a659
0005d3e3
0005f1a7
00060334
00060b78
00060cfb
0006099d
000602ee
0005f9fa
0005ef9d
0005e45e
0005d8a7
00000000
00000000
00000000
00000000
00000000
00000000
fffffff7
ffffffd9
000001b7
0000112d
000045bc
0000af4e
00014634
0001f87a
0002b4a4
00036a91
00040f1b
00049b78
00050d4c
0005655f
0005a659
0005d3e3
0005f1a7
00060334
00060b78
00060cfb
0006099d
000602ee
0005f9fa
0005ef9d
0005e45e
0005d8a7
0000000c
0005ccb5
0005c0b9
0005b4c3
0005a8e7
00059d29
0005918a
00058608
00057aa3
00056f5a
0005642a
00055911
00054e0d
0005431c
00053836
00052d5f
00052291
000517ce
00050d10
0005025a
0004f7a9
0004ecff
0004e256
0004d7b5
0004cd16
0004c27d
0004b7e5
0004ad53
0004a2c5
0004983c
00048db4
00048331
000478b3
0005ccb5
0005c0b9
0005b4c3
0005a8e7
00059d29
0005918a
00058608
00057aa3
00056f5a
0005642a
00055911
00054e0d
0005431c
00053836
00052d5f
00052291
000517ce
00050d10
0005025a
0004f7a9
0004ecff
0004e256
0004d7b5
0004cd16
0004c27d
0004b7e5
0004ad53
0004a2c5
0004983c
00048db4
00048331
000478b3
0000000d
00046e39
000463c1
0004594e
00044edf
00044475
00043a0d
00042fab
0004254d
00041af9
000410ae
0004066d
0003fc37
0003f20e
0003e7ed
0003ddd6
0003d3c6
0003c9c0
0003bfc0
0003b5c9
0003abd5
0003a1ea
00039803
00038e24
00038449
00037a73
000370a2
000366d8
00035d11
00035350
00034994
00033fdd
0003362c
00046e39
000463c1
0004594e
00044edf
00044475
00043a0d
00042fab
0004254d
00041af9
000410ae
0004066d
0003fc37
0003f20e
0003e7ed
0003ddd6
0003d3c6
0003c9c0
0003bfc0
0003b5c9
0003abd5
0003a1ea
00039803
00038e24
00038449
00037a73
000370a2
000366d8
00035d11
00035350
00034994
00033fdd
0003362c
0000000e
00032c80
000322d7
00031935
00030f97
00030600
0002fc6e
0002f2e2
0002e95b
0002dfdf
0002d66d
0002cd08
0002c3ae
0002ba60
0002b11d
0002a7e7
00029ebb
00029599
00028c7f
0002836f
00027a67
00027169
00026871
00025f82
00025699
00024db8
000244dd
00023c0b
0002333f
00022a7a
000221bc
00021904
00021054
00032c80
000322d7
00031935
00030f97
00030600
0002fc6e
0002f2e2
0002e95b
0002dfdf
0002d66d
0002cd08
0002c3ae
0002ba60
0002b11d
0002a7e7
00029ebb
00029599
00028c7f
0002836f
00027a67
00027169
00026871
00025f82
00025699
00024db8
000244dd
00023c0b
0002333f
00022a7a
000221bc
00021904
00021054
0000000f
000207ac
0001ff0a
0001f66f
0001eddb
0001e54f
0001dcc9
0001d44b
0001cbd6
0001c36c
0001bb0e
0001b2bd
0001aa79
0001a244
00019a1d
00019202
000189f3
000181f1
000179fa
0001720e
00016a2c
00016256
00015a8a
000152c7
00014b0e
0001435e
00013bb6
00013419
00012c85
000124fa
00011d78
000115ff
00010e8e
000207ac
0001ff0a
0001f66f
0001eddb
0001e54f
0001dcc9
0001d44b
0001cbd6
0001c36c
0001bb0e
0001b2bd
0001aa79
0001a244
00019a1d
00019202
000189f3
000181f1
000179fa
0001720e
00016a2c
00016256
00015a8a
000152c7
00014b0e
0001435e
00013bb6
00013419
00012c85
000124fa
00011d78
000115ff
00010e8e
00000010
00010727
0000ffc8
0000f873
0000f126
0000e9e3
0000e2a9
0000db78
0000d452
0000cd37
0000c62b
0000bf2c
0000b83c
0000b15b
0000aa89
0000a3c6
00009d0f
00009667
00008fcc
0000893d
000082bb
00007c44
000075d9
00006f79
00006925
000062db
00005c9c
00005668
0000503f
00004a20
0000440b
00003e00
00003800
00010727
0000ffc8
0000f873
0000f126
0000e9e3
0000e2a9
0000db78
0000d452
0000cd37
0000c62b
0000bf2c
0000b83c
0000b15b
0000aa89
0000a3c6
00009d0f
00009667
00008fcc
0000893d
000082bb
00007c44
000075d9
00006f79
00006925
000062db
00005c9c
00005668
0000503f
00004a20
0000440b
00003e00
00003800
00000011
0000320a
00002c1d
0000263b
00002063
00001a97
000014d3
00000f1b
0000096d
000003cc
fffffe39
fffff8b5
fffff33f
ffffedd8
ffffe87f
ffffe336
ffffddfa
ffffd8cc
ffffd3ab
ffffce97
ffffc990
ffffc494
ffffbfa5
ffffbac2
ffffb5ea
ffffb11d
ffffac5c
ffffa7a5
ffffa2f9
ffff9e57
ffff99c0
ffff9534
ffff90b1
0000320a
00002c1d
0000263b
00002063
00001a97
000014d3
00000f1b
0000096d
000003cc
fffffe39
fffff8b5
fffff33f
ffffedd8
ffffe87f
ffffe336
ffffddfa
ffffd8cc
ffffd3ab
ffffce97
ffffc990
ffffc494
ffffbfa5
ffffbac2
ffffb5ea
ffffb11d
ffffac5c
ffffa7a5
ffffa2f9
ffff9e57
ffff99c0
ffff9534
ffff90b1
00000012
ffff8c39
ffff87cc
ffff8368
ffff7f0f
ffff7abf
ffff767a
ffff723e
ffff6e0e
ffff69ea
ffff65d2
ffff61c8
ffff5dcc
ffff59dd
ffff55fb
ffff5227
ffff4e60
ffff4aa6
ffff46f7
ffff4355
ffff3fbe
ffff3c33
ffff38b2
ffff353c
ffff31d1
ffff2e70
ffff2b19
ffff27cc
ffff2489
ffff214f
ffff1e1f
ffff1af9
ffff17db
ffff8c39
ffff87cc
ffff8368
ffff7f0f
ffff7abf
ffff767a
ffff723e
ffff6e0e
ffff69ea
ffff65d2
ffff61c8
ffff5dcc
ffff59dd
ffff55fb
ffff5227
ffff4e60
ffff4aa6
ffff46f7
ffff4355
ffff3fbe
ffff3c33
ffff38b2
ffff353c
ffff31d1
ffff2e70
ffff2b19
ffff27cc
ffff2489
ffff214f
ffff1e1f
ffff1af9
ffff17db
00000013
ffff14c7
ffff11bc
ffff0ebb
ffff0bc2
ffff08d2
ffff05eb
ffff030d
ffff0039
fffefd6f
fffefaaf
fffef7fc
fffef554
fffef2b7
fffef026
fffeeda0
fffeeb24
fffee8b4
fffee64e
fffee3f2
fffee19f
fffedf56
fffedd17
fffedae0
fffed8b3
fffed68e
fffed471
fffed25c
fffed050
fffece4c
fffecc4f
fffeca5b
fffec86e
ffff14c7
ffff11bc
ffff0ebb
ffff0bc2
ffff08d2
ffff05eb
ffff030d
ffff0039
fffefd6f
fffefaaf
fffef7fc
fffef554
fffef2b7
fffef026
fffeeda0
fffeeb24
fffee8b4
fffee64e
fffee3f2
fffee19f
fffedf56
fffedd17
fffedae0
fffed8b3
fffed68e
fffed471
fffed25c
fffed050
fffece4c
fffecc4f
fffeca5b
fffec86e
00000014
fffec688
fffec4aa
fffec2d4
fffec105
fffebf3d
fffebd7d
fffebbc4
fffeba12
fffeb869
fffeb6c8
fffeb531
fffeb3a3
fffeb21d
fffeb0a1
fffeaf2e
fffeadc3
fffeac61
fffeab06
fffea9b4
fffea869
fffea726
fffea5ea
fffea4b5
fffea387
fffea25f
fffea13f
fffea024
fffe9f10
fffe9e02
fffe9cfa
fffe9bf8
fffe9afc
fffec688
fffec4aa
fffec2d4
fffec105
fffebf3d
fffebd7d
fffebbc4
fffeba12
fffeb869
fffeb6c8
fffeb531
fffeb3a3
fffeb21d
fffeb0a1
fffeaf2e
fffeadc3
fffeac61
fffeab06
fffea9b4
fffea869
fffea726
fffea5ea
fffea4b5
fffea387
fffea25f
fffea13f
fffea024
fffe9f10
fffe9e02
fffe9cfa
fffe9bf8
fffe9afc
00000015
fffe9a06
fffe9916
fffe982b
fffe9746
fffe9667
fffe958d
fffe94b9
fffe93ea
fffe9322
fffe9260
fffe91a5
fffe90f1
fffe9044
fffe8f9d
fffe8efd
fffe8e64
fffe8dd0
fffe8d43
fffe8cbb
fffe8c39
fffe8bbd
fffe8b46
fffe8ad4
fffe8a68
fffe8a00
fffe899d
fffe893e
fffe88e5
fffe888f
fffe883f
fffe87f2
fffe87aa
fffe9a06
fffe9916
fffe982b
fffe9746
fffe9667
fffe958d
fffe94b9
fffe93ea
fffe9322
fffe9260
fffe91a5
fffe90f1
fffe9044
fffe8f9d
fffe8efd
fffe8e64
fffe8dd0
fffe8d43
fffe8cbb
fffe8c39
fffe8bbd
fffe8b46
fffe8ad4
fffe8a68
fffe8a00
fffe899d
fffe893e
fffe88e5
fffe888f
fffe883f
fffe87f2
fffe87aa
00000016
fffe8767
fffe8727
fffe86ec
fffe86b4
fffe8681
fffe8652
fffe8626
fffe85ff
fffe85dc
fffe85be
fffe85a5
fffe8591
fffe8582
fffe8577
fffe8541
fffe83fc
fffe7f51
fffe7349
fffe5b0f
fffe3235
fffdf5c3
fffda4e0
fffd4107
fffccdc6
fffc503a
fffbce51
fffb4dff
fffad489
fffa6606
fffa051b
fff9b304
fff96fc6
fffe8767
fffe8727
fffe86ec
fffe86b4
fffe8681
fffe8652
fffe8626
fffe85ff
fffe85dc
fffe85be
fffe85a5
fffe8591
fffe8582
fffe8577
fffe8541
fffe83fc
fffe7f51
fffe7349
fffe5b0f
fffe3235
fffdf5c3
fffda4e0
fffd4107
fffccdc6
fffc503a
fffbce51
fffb4dff
fffad489
fffa6606
fffa051b
fff9b304
fff96fc6
00000017
fff93a87
fff911da
fff8f40b
fff8df56
fff8d20c
fff8caaa
fff8c7de
fff8c88f
fff8cbdb
fff8d109
fff8d78e
fff8df00
fff8e70c
fff8ef79
fff8f81e
fff900dd
fff909a3
fff91265
fff91b1e
fff923c6
fff92c5e
fff934e6
fff93d5f
fff945ca
fff94e28
fff9567c
fff95ec8
fff9670c
fff96f4b
fff97785
fff97fbb
fff987ef
fff93a87
fff911da
fff8f40b
fff8df56
fff8d20c
fff8caaa
fff8c7de
fff8c88f
fff8cbdb
fff8d109
fff8d78e
fff8df00
fff8e70c
fff8ef79
fff8f81e
fff900dd
fff909a3
fff91265
fff91b1e
fff923c6
fff92c5e
fff934e6
fff93d5f
fff945ca
fff94e28
fff9567c
fff95ec8
fff9670c
fff96f4b
fff97785
fff97fbb
fff987ef
00000018
fff99020
fff9984f
fff9a07d
fff9a8a9
fff9b0d5
fff9b8ff
fff9c129
fff9c953
fff9d17d
fff9d9a6
fff9e1d0
fff9e9f9
fff9f222
fff9fa4b
fffa0274
fffa0a9d
fffa12c6
fffa1aed
fffa2312
fffa2b36
fffa335a
fffa3b7c
fffa439d
fffa4bbc
fffa53da
fffa5bf6
fffa640f
fffa6c29
fffa7441
fffa7c59
fffa8470
fffa8c87
fff99020
fff9984f
fff9a07d
fff9a8a9
fff9b0d5
fff9b8ff
fff9c129
fff9c953
fff9d17d
fff9d9a6
fff9e1d0
fff9e9f9
fff9f222
fff9fa4b
fffa0274
fffa0a9d
fffa12c6
fffa1aed
fffa2312
fffa2b36
fffa335a
fffa3b7c
fffa439d
fffa4bbc
fffa53da
fffa5bf6
fffa640f
fffa6c29
fffa7441
fffa7c59
fffa8470
fffa8c87
00000019
fffa949e
fffa9cb5
fffaa4cc
fffaace3
fffab4fa
fffabd12
fffac52b
fffacd44
fffad55e
fffadd79
fffae596
fffaedb4
fffaf5d2
fffafdf2
fffb0611
fffb0e32
fffb1654
fffb1e77
fffb2699
fffb2ebc
fffb36dd
fffb3efd
fffb471c
fffb4f3b
fffb5758
fffb5f75
fffb6792
fffb6fae
fffb77c9
fffb7fe3
fffb87fe
fffb9018
fffa949e
fffa9cb5
fffaa4cc
fffaace3
fffab4fa
fffabd12
fffac52b
fffacd44
fffad55e
fffadd79
fffae596
fffaedb4
fffaf5d2
fffafdf2
fffb0611
fffb0e32
fffb1654
fffb1e77
fffb2699
fffb2ebc
fffb36dd
fffb3efd
fffb471c
fffb4f3b
fffb5758
fffb5f75
fffb6792
fffb6fae
fffb77c9
fffb7fe3
fffb87fe
fffb9018
0000001a
fffb9834
fffba04f
fffba86c
fffbb089
fffbb8a8
fffbc0c7
fffbc8e6
fffbd107
fffbd92a
fffbe14e
fffbe974
fffbf19c
fffbf9c4
fffc01ed
fffc0a18
fffc1245
fffc1a73
fffc22a1
fffc2ad0
fffc32fe
fffc3b2c
fffc4358
fffc4b84
fffc53af
fffc5bd8
fffc6401
fffc6c28
fffc744f
fffc7c74
fffc8497
fffc8cb9
fffc94dc
fffb9834
fffba04f
fffba86c
fffbb089
fffbb8a8
fffbc0c7
fffbc8e6
fffbd107
fffbd92a
fffbe14e
fffbe974
fffbf19c
fffbf9c4
fffc01ed
fffc0a18
fffc1245
fffc1a73
fffc22a1
fffc2ad0
fffc32fe
fffc3b2c
fffc4358
fffc4b84
fffc53af
fffc5bd8
fffc6401
fffc6c28
fffc744f
fffc7c74
fffc8497
fffc8cb9
fffc94dc
0000001b
fffc9cff
fffca521
fffcad43
fffcb565
fffcbd87
fffcc5a9
fffccdcc
fffcd5ef
fffcde13
fffce637
fffcee5c
fffcf680
fffcfea5
fffd06cb
fffd0ef2
fffd1719
fffd1f3f
fffd2764
fffd2f88
fffd37ab
fffd3fcc
fffd47eb
fffd5008
fffd5821
fffd6038
fffd684a
fffd705a
fffd7867
fffd8071
fffd8879
fffd907d
fffd987d
fffc9cff
fffca521
fffcad43
fffcb565
fffcbd87
fffcc5a9
fffccdcc
fffcd5ef
fffcde13
fffce637
fffcee5c
fffcf680
fffcfea5
fffd06cb
fffd0ef2
fffd1719
fffd1f3f
fffd2764
fffd2f88
fffd37ab
fffd3fcc
fffd47eb
fffd5008
fffd5821
fffd6038
fffd684a
fffd705a
fffd7867
fffd8071
fffd8879
fffd907d
fffd987d
0000001c
fffda07b
fffda877
fffdb06f
fffdb866
fffdc05a
fffdc84c
fffdd03c
fffdd82a
fffde015
fffde7fe
fffdefe5
fffdf7c9
fffdffac
fffe078c
fffe0f69
fffe1743
fffe1f1a
fffe26ee
fffe2ebe
fffe3689
fffe3e50
fffe4611
fffe4dcd
fffe5582
fffe5d31
fffe64da
fffe6c7c
fffe7418
fffe7bae
fffe833d
fffe8ac4
fffe9245
fffda07b
fffda877
fffdb06f
fffdb866
fffdc05a
fffdc84c
fffdd03c
fffdd82a
fffde015
fffde7fe
fffdefe5
fffdf7c9
fffdffac
fffe078c
fffe0f69
fffe1743
fffe1f1a
fffe26ee
fffe2ebe
fffe3689
fffe3e50
fffe4611
fffe4dcd
fffe5582
fffe5d31
fffe64da
fffe6c7c
fffe7418
fffe7bae
fffe833d
fffe8ac4
fffe9245
0000001d
fffe99c0
fffea134
fffea8a3
fffeb00b
fffeb76c
fffebec8
fffec61e
fffecd6e
fffed4b7
fffedbfa
fffee336
fffeea6c
fffef19c
fffef8c5
fffeffe7
ffff0703
ffff0e17
ffff1523
ffff1c28
ffff2324
ffff2a17
ffff3101
ffff37e2
ffff3eb9
ffff4586
ffff4c49
ffff5301
ffff59af
ffff6053
ffff66ed
ffff6d7b
ffff7400
fffe99c0
fffea134
fffea8a3
fffeb00b
fffeb76c
fffebec8
fffec61e
fffecd6e
fffed4b7
fffedbfa
fffee336
fffeea6c
fffef19c
fffef8c5
fffeffe7
ffff0703
ffff0e17
ffff1523
ffff1c28
ffff2324
ffff2a17
ffff3101
ffff37e2
ffff3eb9
ffff4586
ffff4c49
ffff5301
ffff59af
ffff6053
ffff66ed
ffff6d7b
ffff7400
0000001e
ffff7a7a
ffff80eb
ffff8751
ffff8dad
ffff9400
ffff9a49
ffffa088
ffffa6bd
fffface8
ffffb309
ffffb91f
ffffbf2b
ffffc52c
ffffcb23
ffffd10f
ffffd6f0
ffffdcc7
ffffe293
ffffe854
ffffee08
fffff3b1
fffff94e
fffffedf
00000463
000009db
00000f45
000014a3
000019f4
00001f39
00002470
0000299b
00002eba
ffff7a7a
ffff80eb
ffff8751
ffff8dad
ffff9400
ffff9a49
ffffa088
ffffa6bd
fffface8
ffffb309
ffffb91f
ffffbf2b
ffffc52c
ffffcb23
ffffd10f
ffffd6f0
ffffdcc7
ffffe293
ffffe854
ffffee08
fffff3b1
fffff94e
fffffedf
00000463
000009db
00000f45
000014a3
000019f4
00001f39
00002470
0000299b
00002eba
0000001f
000033cc
000038d1
00003dcb
000042b9
0000479a
00004c70
0000513b
000055fa
00005aad
00005f56
000063f2
00006884
00006d0b
00007187
000075f9
00007a5f
00007eba
00008309
0000874d
00008b86
00008fb2
000093d2
000097e6
00009bee
00009fe9
0000a3d7
0000a7b9
0000ab8e
0000af56
0000b313
0000b6c2
0000ba66
000033cc
000038d1
00003dcb
000042b9
0000479a
00004c70
0000513b
000055fa
00005aad
00005f56
000063f2
00006884
00006d0b
00007187
000075f9
00007a5f
00007eba
00008309
0000874d
00008b86
00008fb2
000093d2
000097e6
00009bee
00009fe9
0000a3d7
0000a7b9
0000ab8e
0000af56
0000b313
0000b6c2
0000ba66
00000020
0000bdfe
0000c189
0000c509
0000c87d
0000cbe6
0000cf43
0000d296
0000d5dd
0000d919
0000dc4b
0000df72
0000e28f
0000e5a1
0000e8a9
0000eba6
0000ee9a
0000f183
0000f462
0000f736
0000fa00
0000fcbf
0000ff73
0001021c
000104bb
0001074e
000109d7
00010c55
00010ec8
00011130
0001138d
000115e0
00011828
0000bdfe
0000c189
0000c509
0000c87d
0000cbe6
0000cf43
0000d296
0000d5dd
0000d919
0000dc4b
0000df72
0000e28f
0000e5a1
0000e8a9
0000eba6
0000ee9a
0000f183
0000f462
0000f736
0000fa00
0000fcbf
0000ff73
0001021c
000104bb
0001074e
000109d7
00010c55
00010ec8
00011130
0001138d
000115e0
00011828
00000021
00011a67
00011c9b
00011ec5
000120e5
000122fc
00012509
0001270d
00012907
00012af9
00012ce1
00012ec1
00013098
00013267
0001342d
000135eb
000137a0
0001394d
00013af1
00013c8e
00013e21
00013fb1
0001414f
00014337
000145ee
00014a66
00015213
00015edc
000172fd
000190c6
0001ba52
0001f134
00023632
00011a67
00011c9b
00011ec5
000120e5
000122fc
00012509
0001270d
00012907
00012af9
00012ce1
00012ec1
00013098
00013267
0001342d
000135eb
000137a0
0001394d
00013af1
00013c8e
00013e21
00013fb1
0001414f
00014337
000145ee
00014a66
00015213
00015edc
000172fd
000190c6
0001ba52
0001f134
00023632
00000022
0002890c
0002e86b
000351e2
0003c228
00043565
0004a796
000514fc
00057a74
0005d5b1
00062553
000668da
0006a083
0006cd10
0006efa0
0007097d
00071bf8
00072855
00072fc0
0007333a
000733a3
000731b4
00072e00
00072903
00072318
00071c89
0007158a
00070e43
000706d3
0006ff4f
0006f7c2
0006f038
0006e8b6
0002890c
0002e86b
000351e2
0003c228
00043565
0004a796
000514fc
00057a74
0005d5b1
00062553
000668da
0006a083
0006cd10
0006efa0
0007097d
00071bf8
00072855
00072fc0
0007333a
000733a3
000731b4
00072e00
00072903
00072318
00071c89
0007158a
00070e43
000706d3
0006ff4f
0006f7c2
0006f038
0006e8b6
00000023
0006e13e
0006d9d3
0006d274
0006cb22
0006c3dc
0006bca1
0006b56f
0006ae46
0006a724
0006a009
000698f4
000691e4
00068ada
000683d4
00067cd1
000675d3
00066ed8
000667e0
000660eb
000659f9
0006530a
00064c1e
00064535
00063e4e
0006376b
00063089
000629ab
000622d0
00061bf7
00061521
00060e4f
0006077f
0006e13e
0006d9d3
0006d274
0006cb22
0006c3dc
0006bca1
0006b56f
0006ae46
0006a724
0006a009
000698f4
000691e4
00068ada
000683d4
00067cd1
000675d3
00066ed8
000667e0
000660eb
000659f9
0006530a
00064c1e
00064535
00063e4e
0006376b
00063089
000629ab
000622d0
00061bf7
00061521
00060e4f
0006077f
00000024
000600b2
0005f9e7
0005f320
0005ec5b
0005e599
0005ded9
0005d81d
0005d162
0005caaa
0005c3f4
0005bd41
0005b68f
0005afe0
0005a932
0005a286
00059bdc
00059534
00058e8d
000587e7
00058143
00057aa1
000573ff
00056d5f
000566c1
00056025
00055988
000552ed
00054c53
000545ba
00053f23
0005388d
000531f8
000600b2
0005f9e7
0005f320
0005ec5b
0005e599
0005ded9
0005d81d
0005d162
0005caaa
0005c3f4
0005bd41
0005b68f
0005afe0
0005a932
0005a286
00059bdc
00059534
00058e8d
000587e7
00058143
00057aa1
000573ff
00056d5f
000566c1
00056025
00055988
000552ed
00054c53
000545ba
00053f23
0005388d
000531f8
00000025
00052b65
000524d2
00051e40
000517b1
00051123
00050a96
0005040a
0004fd7f
0004f6f5
0004f06c
0004e9e3
0004e35a
0004dcd2
0004d64b
0004cfc3
0004c93c
0004c2b4
0004bc2c
0004b5a4
0004af1c
0004a893
0004a20a
00049b80
000494f6
00048e6b
000487df
00048153
00047ac5
00047438
00046da9
0004671a
0004608b
00052b65
000524d2
00051e40
000517b1
00051123
00050a96
0005040a
0004fd7f
0004f6f5
0004f06c
0004e9e3
0004e35a
0004dcd2
0004d64b
0004cfc3
0004c93c
0004c2b4
0004bc2c
0004b5a4
0004af1c
0004a893
0004a20a
00049b80
000494f6
00048e6b
000487df
00048153
00047ac5
00047438
00046da9
0004671a
0004608b
00000026
000459fb
0004536a
00044cd9
00044648
00043fb7
00043926
00043292
00042bff
0004256b
00041ed5
0004183e
000411a6
00040b0d
00040474
0003fdd8
0003f73b
0003f09c
0003e9fa
0003e357
0003dcb1
0003d609
0003cf5f
0003c8b2
0003c202
0003bb51
0003b49d
0003ade6
0003a72c
0003a071
000399b2
000392f2
00038c2f
000459fb
0004536a
00044cd9
00044648
00043fb7
00043926
00043292
00042bff
0004256b
00041ed5
0004183e
000411a6
00040b0d
00040474
0003fdd8
0003f73b
0003f09c
0003e9fa
0003e357
0003dcb1
0003d609
0003cf5f
0003c8b2
0003c202
0003bb51
0003b49d
0003ade6
0003a72c
0003a071
000399b2
000392f2
00038c2f
00000027
0003856a
00037ea2
000377d9
0003710f
00036a43
00036374
00035ca2
000355cf
00034ef9
00034821
00034148
00033a6c
0003338d
00032cab
000325c7
00031edf
000317f5
00031107
00030a15
00030321
0002fc29
0002f52e
0002ee2f
0002e72c
0002e026
0002d91b
0002d20d
0002cafc
0002c3e7
0002bccf
0002b5b6
0002ae98
0003856a
00037ea2
000377d9
0003710f
00036a43
00036374
00035ca2
000355cf
00034ef9
00034821
00034148
00033a6c
0003338d
00032cab
000325c7
00031edf
000317f5
00031107
00030a15
00030321
0002fc29
0002f52e
0002ee2f
0002e72c
0002e026
0002d91b
0002d20d
0002cafc
0002c3e7
0002bccf
0002b5b6
0002ae98
00000028
0002a777
0002a054
0002992d
00029205
00028adb
000283ad
00027c7e
0002754c
00026e18
000266e2
00025fa9
0002586f
00025132
000249f3
000242b1
00023b6c
00023425
00022cda
0002258e
00021e40
000216ee
00020f99
00020842
000200e8
0001f98b
0001f22c
0001eacb
0001e368
0001dc03
0001d49b
0001cd32
0001c5c8
0002a777
0002a054
0002992d
00029205
00028adb
000283ad
00027c7e
0002754c
00026e18
000266e2
00025fa9
0002586f
00025132
000249f3
000242b1
00023b6c
00023425
00022cda
0002258e
00021e40
000216ee
00020f99
00020842
000200e8
0001f98b
0001f22c
0001eacb
0001e368
0001dc03
0001d49b
0001cd32
0001c5c8
00000029
0001be5c
0001b6f1
0001af84
0001a817
0001a0aa
0001993c
000191cf
00018a62
000182f4
00017b88
0001741d
00016cb1
00016546
00015ddb
00015671
00014f08
000147a1
0001403a
000138d4
0001316f
00012a0b
000122a8
00011b47
000113e7
00010c8a
0001052e
0000fdd5
0000f67e
0000ef29
0000e7d7
0000e088
0000d93e
0001be5c
0001b6f1
0001af84
0001a817
0001a0aa
0001993c
000191cf
00018a62
000182f4
00017b88
0001741d
00016cb1
00016546
00015ddb
00015671
00014f08
000147a1
0001403a
000138d4
0001316f
00012a0b
000122a8
00011b47
000113e7
00010c8a
0001052e
0000fdd5
0000f67e
0000ef29
0000e7d7
0000e088
0000d93e
0000002a
0000d1f7
0000cab4
0000c376
0000bc3c
0000b508
0000add8
0000a6ae
00009f89
0000986a
00009151
00008a3f
00008332
00007c2c
0000752b
00006e31
0000673d
00006051
0000596b
0000528c
00004bb3
000044e1
00003e15
00003750
00003092
000029dc
0000232c
00001c83
000015e2
00000f49
000008b9
00000230
fffffbb0
0000d1f7
0000cab4
0000c376
0000bc3c
0000b508
0000add8
0000a6ae
00009f89
0000986a
00009151
00008a3f
00008332
00007c2c
0000752b
00006e31
0000673d
00006051
0000596b
0000528c
00004bb3
000044e1
00003e15
00003750
00003092
000029dc
0000232c
00001c83
000015e2
00000f49
000008b9
00000230
fffffbb0
0000002b
fffff539
ffffeecc
ffffe867
ffffe20d
ffffdbbc
ffffd576
ffffcf3a
ffffc90a
ffffc2e4
ffffbcc9
ffffb6b9
ffffb0b4
ffffaabb
ffffa4cd
ffff9eeb
ffff9914
ffff9348
ffff8d88
ffff87d4
ffff822b
ffff7c8e
ffff76fc
ffff7176
ffff6bfb
ffff668c
ffff6129
ffff5bd2
ffff5686
ffff5146
ffff4c13
ffff46ec
ffff41d1
fffff539
ffffeecc
ffffe867
ffffe20d
ffffdbbc
ffffd576
ffffcf3a
ffffc90a
ffffc2e4
ffffbcc9
ffffb6b9
ffffb0b4
ffffaabb
ffffa4cd
ffff9eeb
ffff9914
ffff9348
ffff8d88
ffff87d4
ffff822b
ffff7c8e
ffff76fc
ffff7176
ffff6bfb
ffff668c
ffff6129
ffff5bd2
ffff5686
ffff5146
ffff4c13
ffff46ec
ffff41d1
0000002c
ffff3cc4
ffff37c3
ffff32cf
ffff2de8
ffff290f
ffff2443
ffff1f85
ffff1ad4
ffff1632
ffff119d
ffff0d16
ffff089c
ffff0431
fffeffd3
fffefb83
fffef740
fffef30c
fffeeee4
fffeeacb
fffee6be
fffee2bf
fffedecd
fffedae9
fffed711
fffed346
fffecf89
fffecbd8
fffec832
fffec491
fffec0e7
fffebd12
fffeb8d3
ffff3cc4
ffff37c3
ffff32cf
ffff2de8
ffff290f
ffff2443
ffff1f85
ffff1ad4
ffff1632
ffff119d
ffff0d16
ffff089c
ffff0431
fffeffd3
fffefb83
fffef740
fffef30c
fffeeee4
fffeeacb
fffee6be
fffee2bf
fffedecd
fffedae9
fffed711
fffed346
fffecf89
fffecbd8
fffec832
fffec491
fffec0e7
fffebd12
fffeb8d3
0000002d
fffeb3be
fffead33
fffea44b
fffe97e2
fffe8693
fffe6ed1
fffe4efb
fffe2586
fffdf126
fffdb0fb
fffd64c1
fffd0cf1
fffcaad7
fffc408c
fffbd0de
fffb5f0e
fffaee8b
fffa8299
fffa1e08
fff9c2f9
fff972c9
fff92e0e
fff8f4b2
fff8c61f
fff8a160
fff88551
fff870b7
fff86264
fff85939
fff85435
fff8527e
fff85357
fffeb3be
fffead33
fffea44b
fffe97e2
fffe8693
fffe6ed1
fffe4efb
fffe2586
fffdf126
fffdb0fb
fffd64c1
fffd0cf1
fffcaad7
fffc408c
fffbd0de
fffb5f0e
fffaee8b
fffa8299
fffa1e08
fff9c2f9
fff972c9
fff92e0e
fff8f4b2
fff8c61f
fff8a160
fff88551
fff870b7
fff86264
fff85939
fff85435
fff8527e
fff85357
0000002e
fff85628
fff85a72
fff85fd2
fff865f8
fff86cab
fff873bc
fff87b0c
fff8827f
fff88a05
fff89193
fff8991f
fff8a0a4
fff8a820
fff8af91
fff8b6f5
fff8be4e
fff8c59c
fff8ccdf
fff8d419
fff8db49
fff8e271
fff8e990
fff8f0aa
fff8f7bc
fff8fec8
fff905ce
fff90ccf
fff913ca
fff91ac1
fff921b2
fff9289e
fff92f86
fff85628
fff85a72
fff85fd2
fff865f8
fff86cab
fff873bc
fff87b0c
fff8827f
fff88a05
fff89193
fff8991f
fff8a0a4
fff8a820
fff8af91
fff8b6f5
fff8be4e
fff8c59c
fff8ccdf
fff8d419
fff8db49
fff8e271
fff8e990
fff8f0aa
fff8f7bc
fff8fec8
fff905ce
fff90ccf
fff913ca
fff91ac1
fff921b2
fff9289e
fff92f86
0000002f
fff93669
fff93d47
fff94421
fff94af7
fff951c8
fff95894
fff95f5c
fff9661f
fff96cde
fff97398
fff97a4e
fff980ff
fff987ad
fff98e55
fff994fa
fff99b9a
fff9a236
fff9a8cd
fff9af61
fff9b5f0
fff9bc7c
fff9c303
fff9c986
fff9d005
fff9d681
fff9dcf8
fff9e36c
fff9e9db
fff9f048
fff9f6b0
fff9fd15
fffa0376
fff93669
fff93d47
fff94421
fff94af7
fff951c8
fff95894
fff95f5c
fff9661f
fff96cde
fff97398
fff97a4e
fff980ff
fff987ad
fff98e55
fff994fa
fff99b9a
fff9a236
fff9a8cd
fff9af61
fff9b5f0
fff9bc7c
fff9c303
fff9c986
fff9d005
fff9d681
fff9dcf8
fff9e36c
fff9e9db
fff9f048
fff9f6b0
fff9fd15
fffa0376
00000030
fffa09d4
fffa102e
fffa1684
fffa1cd7
fffa2327
fffa2973
fffa2fbc
fffa3601
fffa3c43
fffa4281
fffa48bd
fffa4ef5
fffa5529
fffa5b5a
fffa6188
fffa67b3
fffa6dda
fffa73fe
fffa7a20
fffa803e
fffa8659
fffa8c71
fffa9287
fffa9899
fffa9ea9
fffaa4b6
fffaaac1
fffab0c9
fffab6cf
fffabcd2
fffac2d3
fffac8d2
fffa09d4
fffa102e
fffa1684
fffa1cd7
fffa2327
fffa2973
fffa2fbc
fffa3601
fffa3c43
fffa4281
fffa48bd
fffa4ef5
fffa5529
fffa5b5a
fffa6188
fffa67b3
fffa6dda
fffa73fe
fffa7a20
fffa803e
fffa8659
fffa8c71
fffa9287
fffa9899
fffa9ea9
fffaa4b6
fffaaac1
fffab0c9
fffab6cf
fffabcd2
fffac2d3
fffac8d2
00000031
fffacece
fffad4c8
fffadac0
fffae0b6
fffae6aa
fffaec9c
fffaf28b
fffaf879
fffafe65
fffb044f
fffb0a37
fffb101c
fffb1600
fffb1be2
fffb21c2
fffb27a1
fffb2d7e
fffb3359
fffb3932
fffb3f0a
fffb44e0
fffb4ab4
fffb5087
fffb5659
fffb5c2a
fffb61fa
fffb67c9
fffb6d97
fffb7364
fffb7931
fffb7efd
fffb84c8
fffacece
fffad4c8
fffadac0
fffae0b6
fffae6aa
fffaec9c
fffaf28b
fffaf879
fffafe65
fffb044f
fffb0a37
fffb101c
fffb1600
fffb1be2
fffb21c2
fffb27a1
fffb2d7e
fffb3359
fffb3932
fffb3f0a
fffb44e0
fffb4ab4
fffb5087
fffb5659
fffb5c2a
fffb61fa
fffb67c9
fffb6d97
fffb7364
fffb7931
fffb7efd
fffb84c8
00000032
fffb8a93
fffb905d
fffb9628
fffb9bf2
fffba1bb
fffba784
fffbad4d
fffbb315
fffbb8de
fffbbea6
fffbc46e
fffbca37
fffbcfff
fffbd5c7
fffbdb90
fffbe158
fffbe721
fffbecea
fffbf2b4
fffbf87d
fffbfe48
fffc0413
fffc09de
fffc0fab
fffc1578
fffc1b45
fffc2114
fffc26e5
fffc2cb6
fffc3289
fffc385e
fffc3e34
fffb8a93
fffb905d
fffb9628
fffb9bf2
fffba1bb
fffba784
fffbad4d
fffbb315
fffbb8de
fffbbea6
fffbc46e
fffbca37
fffbcfff
fffbd5c7
fffbdb90
fffbe158
fffbe721
fffbecea
fffbf2b4
fffbf87d
fffbfe48
fffc0413
fffc09de
fffc0fab
fffc1578
fffc1b45
fffc2114
fffc26e5
fffc2cb6
fffc3289
fffc385e
fffc3e34
00000033
fffc440c
fffc49e6
fffc4fc2
fffc55a1
fffc5b81
fffc6163
fffc6748
fffc6d2e
fffc7316
fffc7900
fffc7eee
fffc84de
fffc8acf
fffc90c4
fffc96bb
fffc9cb6
fffca2b2
fffca8b0
fffcaeb1
fffcb4b5
fffcbabb
fffcc0c5
fffcc6d2
fffccce2
fffcd2f5
fffcd90c
fffcdf27
fffce545
fffceb67
fffcf18c
fffcf7b5
fffcfde3
fffc440c
fffc49e6
fffc4fc2
fffc55a1
fffc5b81
fffc6163
fffc6748
fffc6d2e
fffc7316
fffc7900
fffc7eee
fffc84de
fffc8acf
fffc90c4
fffc96bb
fffc9cb6
fffca2b2
fffca8b0
fffcaeb1
fffcb4b5
fffcbabb
fffcc0c5
fffcc6d2
fffccce2
fffcd2f5
fffcd90c
fffcdf27
fffce545
fffceb67
fffcf18c
fffcf7b5
fffcfde3
00000034
fffd0414
fffd0a4a
fffd1085
fffd16c4
fffd1d07
fffd234f
fffd299c
fffd2fee
fffd3643
fffd3c9c
fffd42fc
fffd495f
fffd4fc8
fffd5635
fffd5ca8
fffd631e
fffd6998
fffd7018
fffd769c
fffd7d26
fffd83b4
fffd8a47
fffd90e0
fffd977d
fffd9e1f
fffda4c6
fffdab72
fffdb224
fffdb8db
fffdbf97
fffdc65a
fffdcd21
fffd0414
fffd0a4a
fffd1085
fffd16c4
fffd1d07
fffd234f
fffd299c
fffd2fee
fffd3643
fffd3c9c
fffd42fc
fffd495f
fffd4fc8
fffd5635
fffd5ca8
fffd631e
fffd6998
fffd7018
fffd769c
fffd7d26
fffd83b4
fffd8a47
fffd90e0
fffd977d
fffd9e1f
fffda4c6
fffdab72
fffdb224
fffdb8db
fffdbf97
fffdc65a
fffdcd21
00000035
fffdd3ef
fffddac1
fffde198
fffde874
fffdef58
fffdf641
fffdfd2f
fffe0422
fffe0b1a
fffe1218
fffe191b
fffe2024
fffe2731
fffe2e43
fffe355b
fffe3c76
fffe4396
fffe4aba
fffe51e4
fffe5911
fffe6043
fffe677a
fffe6eb3
fffe75f2
fffe7d34
fffe847b
fffe8bc6
fffe9315
fffe9a68
fffea1be
fffea919
fffeb078
fffdd3ef
fffddac1
fffde198
fffde874
fffdef58
fffdf641
fffdfd2f
fffe0422
fffe0b1a
fffe1218
fffe191b
fffe2024
fffe2731
fffe2e43
fffe355b
fffe3c76
fffe4396
fffe4aba
fffe51e4
fffe5911
fffe6043
fffe677a
fffe6eb3
fffe75f2
fffe7d34
fffe847b
fffe8bc6
fffe9315
fffe9a68
fffea1be
fffea919
fffeb078
00000036
fffeb7da
fffebf42
fffec6ad
fffece1a
fffed58c
fffedd01
fffee47a
fffeebf7
fffef376
fffefaf9
ffff027e
ffff0a05
ffff118e
ffff191a
ffff20a8
ffff2837
ffff2fc7
ffff3757
ffff3ee9
ffff467a
ffff4e0d
ffff559f
ffff5d31
ffff64c3
ffff6c54
ffff73e4
ffff7b73
ffff8301
ffff8a8e
ffff921a
ffff99a4
ffffa12b
fffeb7da
fffebf42
fffec6ad
fffece1a
fffed58c
fffedd01
fffee47a
fffeebf7
fffef376
fffefaf9
ffff027e
ffff0a05
ffff118e
ffff191a
ffff20a8
ffff2837
ffff2fc7
ffff3757
ffff3ee9
ffff467a
ffff4e0d
ffff559f
ffff5d31
ffff64c3
ffff6c54
ffff73e4
ffff7b73
ffff8301
ffff8a8e
ffff921a
ffff99a4
ffffa12b
00000037
ffffa8b0
ffffb034
ffffb7b5
ffffbf33
ffffc6af
ffffce29
ffffd59f
ffffdd11
ffffe47f
ffffebea
fffff350
fffffab1
0000020e
00000965
000010b7
00001802
00001f47
00002685
00002dbc
000034ec
00003c15
00004335
00004a4e
0000515e
00005865
00005f64
00006659
00006d44
00007427
00007aff
000081ce
00008893
ffffa8b0
ffffb034
ffffb7b5
ffffbf33
ffffc6af
ffffce29
ffffd59f
ffffdd11
ffffe47f
ffffebea
fffff350
fffffab1
0000020e
00000965
000010b7
00001802
00001f47
00002685
00002dbc
000034ec
00003c15
00004335
00004a4e
0000515e
00005865
00005f64
00006659
00006d44
00007427
00007aff
000081ce
00008893
00000038
00008f4d
000095fe
00009ca4
0000a341
0000a9da
0000b075
0000b724
0000be04
0000c543
0000cd2e
0000d62f
0000e0d9
0000edee
0000fe5a
0001133b
00012dd0
00014f72
0001797f
0001ad3e
0001ebbf
000235b4
00028b4f
0002ec19
000356e1
0003c9b2
000441ea
0004bc64
000535be
0005aaa7
00061832
00067c0a
0006d4a3
00008f4d
000095fe
00009ca4
0000a341
0000a9da
0000b075
0000b724
0000be04
0000c543
0000cd2e
0000d62f
0000e0d9
0000edee
0000fe5a
0001133b
00012dd0
00014f72
0001797f
0001ad3e
0001ebbf
000235b4
00028b4f
0002ec19
000356e1
0003c9b2
000441ea
0004bc64
000535be
0005aaa7
00061832
00067c0a
0006d4a3
00000039
00072135
000761ae
00079693
0007c0cc
0007e182
0007f9f8
00080b74
00081728
00081e28
00082169
000821b7
00081fc1
00081c11
00081718
0008112f
00080a9b
00080391
0007fc38
0007f4ad
0007ed06
0007e551
0007dd98
0007d5e3
0007ce35
0007c691
0007bef9
0007b76d
0007afec
0007a876
0007a10b
000799aa
00079252
00072135
000761ae
00079693
0007c0cc
0007e182
0007f9f8
00080b74
00081728
00081e28
00082169
000821b7
00081fc1
00081c11
00081718
0008112f
00080a9b
00080391
0007fc38
0007f4ad
0007ed06
0007e551
0007dd98
0007d5e3
0007ce35
0007c691
0007bef9
0007b76d
0007afec
0007a876
0007a10b
000799aa
00079252
0000003a
00078b02
000783bb
00077c7c
00077543
00076e11
000766e6
00075fc1
000758a2
00075188
00074a75
00074367
00073c5e
0007355b
00072e5e
00072765
00072072
00071985
0007129c
00070bb9
000704dc
0006fe03
0006f730
0006f061
0006e998
0006e2d5
0006dc16
0006d55c
0006cea8
0006c7f8
0006c14e
0006baa8
0006b408
00078b02
000783bb
00077c7c
00077543
00076e11
000766e6
00075fc1
000758a2
00075188
00074a75
00074367
00073c5e
0007355b
00072e5e
00072765
00072072
00071985
0007129c
00070bb9
000704dc
0006fe03
0006f730
0006f061
0006e998
0006e2d5
0006dc16
0006d55c
0006cea8
0006c7f8
0006c14e
0006baa8
0006b408
0000003b
0006ad6c
0006a6d6
0006a044
000699b8
00069330
00068cac
0006862e
00067fb4
00067940
000672cf
00066c64
000665fd
00065f9b
0006593e
000652e5
00064c90
00064641
00063ff5
000639af
0006336c
00062d2f
000626f5
000620c1
00061a90
00061464
00060e3d
00060819
000601fa
0005fbe0
0005f5c9
0005efb7
0005e9a9
0006ad6c
0006a6d6
0006a044
000699b8
00069330
00068cac
0006862e
00067fb4
00067940
000672cf
00066c64
000665fd
00065f9b
0006593e
000652e5
00064c90
00064641
00063ff5
000639af
0006336c
00062d2f
000626f5
000620c1
00061a90
00061464
00060e3d
00060819
000601fa
0005fbe0
0005f5c9
0005efb7
0005e9a9
0000003c
0005e3a0
0005dd9a
0005d798
0005d19b
0005cba2
0005c5ac
0005bfbb
0005b9cd
0005b3e4
0005adfe
0005a81c
0005a23e
00059c64
0005968d
000590ba
00058aeb
00058520
00057f58
00057994
000573d3
00056e16
0005685d
000562a7
00055cf5
00055746
0005519a
00054bf2
0005464e
000540ad
00053b0f
00053575
00052fde
0005e3a0
0005dd9a
0005d798
0005d19b
0005cba2
0005c5ac
0005bfbb
0005b9cd
0005b3e4
0005adfe
0005a81c
0005a23e
00059c64
0005968d
000590ba
00058aeb
00058520
00057f58
00057994
000573d3
00056e16
0005685d
000562a7
00055cf5
00055746
0005519a
00054bf2
0005464e
000540ad
00053b0f
00053575
00052fde
0000003d
00052a4a
000524b9
00051f2c
000519a1
0005141a
00050e95
00050913
00050395
0004fe19
0004f8a0
0004f32a
0004edb6
0004e845
0004e2d7
0004dd6c
0004d803
0004d29c
0004cd38
0004c7d7
0004c278
0004bd1c
0004b7c2
0004b26a
0004ad14
0004a7c1
0004a270
00049d21
000497d5
0004928a
00048d42
000487fc
000482b7
00052a4a
000524b9
00051f2c
000519a1
0005141a
00050e95
00050913
00050395
0004fe19
0004f8a0
0004f32a
0004edb6
0004e845
0004e2d7
0004dd6c
0004d803
0004d29c
0004cd38
0004c7d7
0004c278
0004bd1c
0004b7c2
0004b26a
0004ad14
0004a7c1
0004a270
00049d21
000497d5
0004928a
00048d42
000487fc
000482b7
0000003e
00047d75
00047834
000472f5
00046db8
0004687d
00046343
00045e0b
000458d4
0004539f
00044e6b
00044938
00044406
00043ed6
000439a7
00043479
00042f4d
00042a22
000424f6
00041fcc
00041aa3
0004157a
00041052
00040b2a
00040603
000400dd
0003fbb7
0003f692
0003f16d
0003ec48
0003e724
0003e1ff
0003dcda
00047d75
00047834
000472f5
00046db8
0004687d
00046343
00045e0b
000458d4
0004539f
00044e6b
00044938
00044406
00043ed6
000439a7
00043479
00042f4d
00042a22
000424f6
00041fcc
00041aa3
0004157a
00041052
00040b2a
00040603
000400dd
0003fbb7
0003f692
0003f16d
0003ec48
0003e724
0003e1ff
0003dcda
0000003f
0003d7b5
0003d292
0003cd6e
0003c84a
0003c325
0003be00
0003b8db
0003b3b4
0003ae8e
0003a966
0003a43e
00039f14
000399ea
000394be
00038f91
00038a63
00038534
00038003
00037ad0
0003759c
00037066
00036b2e
000365f5
000360ba
00035b7d
0003563e
000350fd
00034bba
00034674
0003412c
00033be1
00033694
0003d7b5
0003d292
0003cd6e
0003c84a
0003c325
0003be00
0003b8db
0003b3b4
0003ae8e
0003a966
0003a43e
00039f14
000399ea
000394be
00038f91
00038a63
00038534
00038003
00037ad0
0003759c
00037066
00036b2e
000365f5
000360ba
00035b7d
0003563e
000350fd
00034bba
00034674
0003412c
00033be1
00033694
00000040
00033144
00032bf1
0003269c
00032143
00031be7
00031688
00031126
00030bc1
00030659
000300ec
0002fb7c
0002f608
0002f08f
0002eb13
0002e592
0002e00c
0002da83
0002d4f6
0002cf64
0002c9cd
0002c432
0002be91
0002b8ec
0002b342
0002ad92
0002a7dd
0002a223
00029c64
0002969f
000290d6
00028b06
00028531
00033144
00032bf1
0003269c
00032143
00031be7
00031688
00031126
00030bc1
00030659
000300ec
0002fb7c
0002f608
0002f08f
0002eb13
0002e592
0002e00c
0002da83
0002d4f6
0002cf64
0002c9cd
0002c432
0002be91
0002b8ec
0002b342
0002ad92
0002a7dd
0002a223
00029c64
0002969f
000290d6
00028b06
00028531
00000041
00027f56
00027975
0002738e
00026da1
000267ae
000261b4
00025bb4
000255ae
00024fa1
0002498d
00024372
00023d50
00023725
000230f4
00022abc
0002247d
00021e35
000217e6
0002118f
00020b2f
000204c8
0001fe58
0001f7e1
0001f162
0001eada
0001e44a
0001ddb2
0001d712
0001d069
0001c9b7
0001c2fe
0001bc3d
00027f56
00027975
0002738e
00026da1
000267ae
000261b4
00025bb4
000255ae
00024fa1
0002498d
00024372
00023d50
00023725
000230f4
00022abc
0002247d
00021e35
000217e6
0002118f
00020b2f
000204c8
0001fe58
0001f7e1
0001f162
0001eada
0001e44a
0001ddb2
0001d712
0001d069
0001c9b7
0001c2fe
0001bc3d
00000042
0001b575
0001aea2
0001a7c8
0001a0e5
000199f9
00019306
00018c0b
00018506
00017df9
000176e4
00016fc5
0001689e
00016170
00015a39
000152f9
00014baf
0001445e
00013d04
000135a2
00012e38
000126c4
00011f49
000117c6
0001103a
000108a8
0001010e
0000f96c
0000f1c2
0000ea11
0000e259
0000da9c
0000d2d7
0001b575
0001aea2
0001a7c8
0001a0e5
000199f9
00019306
00018c0b
00018506
00017df9
000176e4
00016fc5
0001689e
00016170
00015a39
000152f9
00014baf
0001445e
00013d04
000135a2
00012e38
000126c4
00011f49
000117c6
0001103a
000108a8
0001010e
0000f96c
0000f1c2
0000ea11
0000e259
0000da9c
0000d2d7
00000043
0000cb0c
0000c33b
0000bb63
0000b386
0000aba3
0000a3bb
00009bce
000093dc
00008be4
000083e8
00007be7
000073e2
00006bd4
000063bc
00005b92
0000534a
00004ad1
00004208
000038c2
00002ebb
0000239a
000016eb
00000817
fffff660
ffffe0e5
ffffc6a1
ffffa66a
ffff7efe
ffff4f0c
ffff154c
fffed095
fffe8003
0000cb0c
0000c33b
0000bb63
0000b386
0000aba3
0000a3bb
00009bce
000093dc
00008be4
000083e8
00007be7
000073e2
00006bd4
000063bc
00005b92
0000534a
00004ad1
00004208
000038c2
00002ebb
0000239a
000016eb
00000817
fffff660
ffffe0e5
ffffc6a1
ffffa66a
ffff7efe
ffff4f0c
ffff154c
fffed095
fffe8003
00000044
fffe2319
fffdb9f0
fffd4553
fffcc6dd
fffc40f5
fffbb6b9
fffb2bc3
fffaa3d7
fffa228d
fff9aaf5
fff93f57
fff8e116
fff890b6
fff84df2
fff817f4
fff7ed82
fff7cd2e
fff7b57a
fff7a4f8
fff79a56
fff79468
fff7922e
fff792d2
fff795a3
fff79a14
fff79fb6
fff7a632
fff7ad44
fff7b4bd
fff7bc77
fff7c457
fff7cc4b
fffe2319
fffdb9f0
fffd4553
fffcc6dd
fffc40f5
fffbb6b9
fffb2bc3
fffaa3d7
fffa228d
fff9aaf5
fff93f57
fff8e116
fff890b6
fff84df2
fff817f4
fff7ed82
fff7cd2e
fff7b57a
fff7a4f8
fff79a56
fff79468
fff7922e
fff792d2
fff795a3
fff79a14
fff79fb6
fff7a632
fff7ad44
fff7b4bd
fff7bc77
fff7c457
fff7cc4b
00000045
fff7d445
fff7dc3e
fff7e430
fff7ec17
fff7f3f2
fff7fbc0
fff80381
fff80b37
fff812e0
fff81a7e
fff82213
fff8299e
fff8311f
fff83899
fff8400b
fff84776
fff84eda
fff85636
fff85d8d
fff864dd
fff86c27
fff8736b
fff87aa9
fff881e1
fff88913
fff8903f
fff89766
fff89e87
fff8a5a2
fff8acb7
fff8b3c7
fff8bad1
fff7d445
fff7dc3e
fff7e430
fff7ec17
fff7f3f2
fff7fbc0
fff80381
fff80b37
fff812e0
fff81a7e
fff82213
fff8299e
fff8311f
fff83899
fff8400b
fff84776
fff84eda
fff85636
fff85d8d
fff864dd
fff86c27
fff8736b
fff87aa9
fff881e1
fff88913
fff8903f
fff89766
fff89e87
fff8a5a2
fff8acb7
fff8b3c7
fff8bad1
00000046
fff8c1d6
fff8c8d4
fff8cfce
fff8d6c1
fff8ddaf
fff8e498
fff8eb7b
fff8f258
fff8f931
fff90003
fff906d0
fff90d98
fff9145a
fff91b17
fff921cf
fff92881
fff92f2e
fff935d5
fff93c78
fff94315
fff949ad
fff9503f
fff956cd
fff95d55
fff963d8
fff96a56
fff970cf
fff97742
fff97db1
fff9841b
fff98a7f
fff990df
fff8c1d6
fff8c8d4
fff8cfce
fff8d6c1
fff8ddaf
fff8e498
fff8eb7b
fff8f258
fff8f931
fff90003
fff906d0
fff90d98
fff9145a
fff91b17
fff921cf
fff92881
fff92f2e
fff935d5
fff93c78
fff94315
fff949ad
fff9503f
fff956cd
fff95d55
fff963d8
fff96a56
fff970cf
fff97742
fff97db1
fff9841b
fff98a7f
fff990df
00000047
fff99739
fff99d8f
fff9a3df
fff9aa2b
fff9b071
fff9b6b3
fff9bcf0
fff9c328
fff9c95b
fff9cf89
fff9d5b2
fff9dbd7
fff9e1f7
fff9e812
fff9ee28
fff9f43a
fff9fa47
fffa004f
fffa0653
fffa0c52
fffa124c
fffa1842
fffa1e33
fffa2420
fffa2a08
fffa2fec
fffa35cc
fffa3ba7
fffa417d
fffa474f
fffa4d1c
fffa52e6
fff99739
fff99d8f
fff9a3df
fff9aa2b
fff9b071
fff9b6b3
fff9bcf0
fff9c328
fff9c95b
fff9cf89
fff9d5b2
fff9dbd7
fff9e1f7
fff9e812
fff9ee28
fff9f43a
fff9fa47
fffa004f
fffa0653
fffa0c52
fffa124c
fffa1842
fffa1e33
fffa2420
fffa2a08
fffa2fec
fffa35cc
fffa3ba7
fffa417d
fffa474f
fffa4d1c
fffa52e6
00000048
fffa58ab
fffa5e6b
fffa6428
fffa69e0
fffa6f93
fffa7543
fffa7aee
fffa8095
fffa8637
fffa8bd6
fffa9170
fffa9707
fffa9c99
fffaa227
fffaa7b1
fffaad37
fffab2b9
fffab837
fffabdb1
fffac327
fffac89a
ffface08
fffad373
fffad8da
fffade3d
fffae39c
fffae8f8
fffaee4f
fffaf3a3
fffaf8f4
fffafe41
fffb038a
fffa58ab
fffa5e6b
fffa6428
fffa69e0
fffa6f93
fffa7543
fffa7aee
fffa8095
fffa8637
fffa8bd6
fffa9170
fffa9707
fffa9c99
fffaa227
fffaa7b1
fffaad37
fffab2b9
fffab837
fffabdb1
fffac327
fffac89a
ffface08
fffad373
fffad8da
fffade3d
fffae39c
fffae8f8
fffaee4f
fffaf3a3
fffaf8f4
fffafe41
fffb038a
00000049
fffb08cf
fffb0e11
fffb1350
fffb188a
fffb1dc2
fffb22f6
fffb2826
fffb2d53
fffb327c
fffb37a2
fffb3cc5
fffb41e5
fffb4701
fffb4c1a
fffb512f
fffb5642
fffb5b51
fffb605d
fffb6566
fffb6a6d
fffb6f6f
fffb7470
fffb796c
fffb7e67
fffb835e
fffb8852
fffb8d43
fffb9232
fffb971e
fffb9c07
fffba0ee
fffba5d2
fffb08cf
fffb0e11
fffb1350
fffb188a
fffb1dc2
fffb22f6
fffb2826
fffb2d53
fffb327c
fffb37a2
fffb3cc5
fffb41e5
fffb4701
fffb4c1a
fffb512f
fffb5642
fffb5b51
fffb605d
fffb6566
fffb6a6d
fffb6f6f
fffb7470
fffb796c
fffb7e67
fffb835e
fffb8852
fffb8d43
fffb9232
fffb971e
fffb9c07
fffba0ee
fffba5d2
0000004a
fffbaab3
fffbaf92
fffbb46d
fffbb947
fffbbe1e
fffbc2f2
fffbc7c4
fffbcc94
fffbd161
fffbd62d
fffbdaf5
fffbdfbc
fffbe480
fffbe942
fffbee02
fffbf2bf
fffbf77b
fffbfc35
fffc00ed
fffc05a3
fffc0a57
fffc0f09
fffc13ba
fffc1869
fffc1d16
fffc21c2
fffc266d
fffc2b15
fffc2fbd
fffc3463
fffc3908
fffc3dab
fffbaab3
fffbaf92
fffbb46d
fffbb947
fffbbe1e
fffbc2f2
fffbc7c4
fffbcc94
fffbd161
fffbd62d
fffbdaf5
fffbdfbc
fffbe480
fffbe942
fffbee02
fffbf2bf
fffbf77b
fffbfc35
fffc00ed
fffc05a3
fffc0a57
fffc0f09
fffc13ba
fffc1869
fffc1d16
fffc21c2
fffc266d
fffc2b15
fffc2fbd
fffc3463
fffc3908
fffc3dab
0000004b
fffc424e
fffc46ef
fffc4b8f
fffc502e
fffc54cc
fffc5969
fffc5e05
fffc62a0
fffc673b
fffc6bd5
fffc706e
fffc7506
fffc799e
fffc7e36
fffc82cd
fffc8764
fffc8bfa
fffc9091
fffc9527
fffc99bd
fffc9e54
fffca2ea
fffca781
fffcac18
fffcb0af
fffcb546
fffcb9dd
fffcbe75
fffcc30f
fffcc7a9
fffccc44
fffcd0df
fffc424e
fffc46ef
fffc4b8f
fffc502e
fffc54cc
fffc5969
fffc5e05
fffc62a0
fffc673b
fffc6bd5
fffc706e
fffc7506
fffc799e
fffc7e36
fffc82cd
fffc8764
fffc8bfa
fffc9091
fffc9527
fffc99bd
fffc9e54
fffca2ea
fffca781
fffcac18
fffcb0af
fffcb546
fffcb9dd
fffcbe75
fffcc30f
fffcc7a9
fffccc44
fffcd0df
0000004c
fffcd57c
fffcda1a
fffcdeb9
fffce359
fffce7fb
fffcec9e
fffcf143
fffcf5e9
fffcfa91
fffcff3a
fffd03e5
fffd0891
fffd0d40
fffd11f2
fffd16a5
fffd1b5b
fffd2013
fffd24ce
fffd298c
fffd2e4d
fffd3311
fffd37d7
fffd3ca2
fffd416f
fffd4641
fffd4b15
fffd4fee
fffd54cb
fffd59ab
fffd5e90
fffd6379
fffd6866
fffcd57c
fffcda1a
fffcdeb9
fffce359
fffce7fb
fffcec9e
fffcf143
fffcf5e9
fffcfa91
fffcff3a
fffd03e5
fffd0891
fffd0d40
fffd11f2
fffd16a5
fffd1b5b
fffd2013
fffd24ce
fffd298c
fffd2e4d
fffd3311
fffd37d7
fffd3ca2
fffd416f
fffd4641
fffd4b15
fffd4fee
fffd54cb
fffd59ab
fffd5e90
fffd6379
fffd6866
0000004d
fffd6d58
fffd724f
fffd774b
fffd7c4c
fffd8152
fffd865d
fffd8b6e
fffd9084
fffd95a0
fffd9ac2
fffd9fe9
fffda515
fffdaa49
fffdaf83
fffdb4c3
fffdba0a
fffdbf59
fffdc4ae
fffdca0a
fffdcf6d
fffdd4d7
fffdda49
fffddfc4
fffde546
fffdead0
fffdf063
fffdf5ff
fffdfba3
fffe0150
fffe0706
fffe0cc5
fffe128d
fffd6d58
fffd724f
fffd774b
fffd7c4c
fffd8152
fffd865d
fffd8b6e
fffd9084
fffd95a0
fffd9ac2
fffd9fe9
fffda515
fffdaa49
fffdaf83
fffdb4c3
fffdba0a
fffdbf59
fffdc4ae
fffdca0a
fffdcf6d
fffdd4d7
fffdda49
fffddfc4
fffde546
fffdead0
fffdf063
fffdf5ff
fffdfba3
fffe0150
fffe0706
fffe0cc5
fffe128d
0000004e
fffe185f
fffe1e3b
fffe2420
fffe2a10
fffe300a
fffe360e
fffe3c1c
fffe4233
fffe4857
fffe4e85
fffe54be
fffe5b02
fffe6151
fffe67aa
fffe6e10
fffe7481
fffe7afe
fffe8187
fffe881c
fffe8ebd
fffe956b
fffe9c29
fffea2f8
fffea9dd
fffeb0df
fffeb808
fffebf68
fffec716
fffecf33
fffed7ed
fffee17f
fffeec37
fffe185f
fffe1e3b
fffe2420
fffe2a10
fffe300a
fffe360e
fffe3c1c
fffe4233
fffe4857
fffe4e85
fffe54be
fffe5b02
fffe6151
fffe67aa
fffe6e10
fffe7481
fffe7afe
fffe8187
fffe881c
fffe8ebd
fffe956b
fffe9c29
fffea2f8
fffea9dd
fffeb0df
fffeb808
fffebf68
fffec716
fffecf33
fffed7ed
fffee17f
fffeec37
0000004f
fffef87a
ffff06c6
ffff17b5
ffff2c04
ffff4492
ffff6263
ffff869f
ffffb28c
ffffe785
000026ec
0000720c
0000c9f9
00012f69
0001a285
000222b8
0002ae93
000343b4
0003dedd
00047c1f
00051732
0005abda
00063656
0006b3b9
0007221c
000780a7
0007cf79
00080f6c
000841e0
00086878
000884f0
000898fa
0008a625
fffef87a
ffff06c6
ffff17b5
ffff2c04
ffff4492
ffff6263
ffff869f
ffffb28c
ffffe785
000026ec
0000720c
0000c9f9
00012f69
0001a285
000222b8
0002ae93
000343b4
0003dedd
00047c1f
00051732
0005abda
00063656
0006b3b9
0007221c
000780a7
0007cf79
00080f6c
000841e0
00086878
000884f0
000898fa
0008a625
00000050
0008add4
0008b135
0008b145
0008aee2
0008aafa
0008a690
0008a241
00089e0b
000899b9
0008951e
0008901a
00088aa3
000884b7
00087e63
000877b3
000870b3
00086976
00086207
00085a73
000852c5
00084b04
00084338
00083b66
00083392
00082bbe
000823ed
00081c21
0008145a
00080c9a
000804df
0007fd2c
0007f57e
0008add4
0008b135
0008b145
0008aee2
0008aafa
0008a690
0008a241
00089e0b
000899b9
0008951e
0008901a
00088aa3
000884b7
00087e63
000877b3
000870b3
00086976
00086207
00085a73
000852c5
00084b04
00084338
00083b66
00083392
00082bbe
000823ed
00081c21
0008145a
00080c9a
000804df
0007fd2c
0007f57e
00000051
0007edd9
0007e639
0007dea1
0007d70e
0007cf83
0007c7fe
0007c080
0007b907
0007b195
0007aa2a
0007a2c4
00079b65
0007940c
00078cb9
0007856c
00077e24
000776e4
00076fa9
00076874
00076144
00075a1b
000752f8
00074bdb
000744c3
00073db2
000736a6
00072fa0
000728a0
000721a6
00071ab1
000713c2
00070cd9
0007edd9
0007e639
0007dea1
0007d70e
0007cf83
0007c7fe
0007c080
0007b907
0007b195
0007aa2a
0007a2c4
00079b65
0007940c
00078cb9
0007856c
00077e24
000776e4
00076fa9
00076874
00076144
00075a1b
000752f8
00074bdb
000744c3
00073db2
000736a6
00072fa0
000728a0
000721a6
00071ab1
000713c2
00070cd9
00000052
000705f6
0006ff18
0006f840
0006f16d
0006eaa0
0006e3d9
0006dd17
0006d65b
0006cfa5
0006c8f4
0006c248
0006bba2
0006b502
0006ae67
0006a7d1
0006a141
00069ab6
00069431
00068db0
00068736
000680c0
00067a50
000673e5
00066d80
00066720
000660c5
00065a6f
0006541e
00064dd3
0006478c
0006414b
00063b0f
000705f6
0006ff18
0006f840
0006f16d
0006eaa0
0006e3d9
0006dd17
0006d65b
0006cfa5
0006c8f4
0006c248
0006bba2
0006b502
0006ae67
0006a7d1
0006a141
00069ab6
00069431
00068db0
00068736
000680c0
00067a50
000673e5
00066d80
00066720
000660c5
00065a6f
0006541e
00064dd3
0006478c
0006414b
00063b0f
00000053
000634da
00062ea9
0006287c
00062254
00061c31
00061614
00060ffb
000609e7
000603d8
0005fdce
0005f7c9
0005f1c9
0005ebce
0005e5d8
0005dfe6
0005d9fa
0005d412
0005ce2f
0005c850
0005c277
0005bca2
0005b6d2
0005b106
0005ab40
0005a57e
00059fc1
00059a08
00059454
00058ea4
000588f9
00058352
00057db1
000634da
00062ea9
0006287c
00062254
00061c31
00061614
00060ffb
000609e7
000603d8
0005fdce
0005f7c9
0005f1c9
0005ebce
0005e5d8
0005dfe6
0005d9fa
0005d412
0005ce2f
0005c850
0005c277
0005bca2
0005b6d2
0005b106
0005ab40
0005a57e
00059fc1
00059a08
00059454
00058ea4
000588f9
00058352
00057db1
00000054
00057813
0005727a
00056ce6
00056756
000561ca
00055c43
000556c0
00055142
00054bc8
00054652
000540e1
00053b74
0005360b
000530a6
00052b46
000525ea
00052092
00051b3f
000515ef
000510a4
00050b5d
0005061a
000500db
0004fba0
0004f669
0004f136
0004ec07
0004e6dd
0004e1b6
0004dc93
0004d774
0004d259
00057813
0005727a
00056ce6
00056756
000561ca
00055c43
000556c0
00055142
00054bc8
00054652
000540e1
00053b74
0005360b
000530a6
00052b46
000525ea
00052092
00051b3f
000515ef
000510a4
00050b5d
0005061a
000500db
0004fba0
0004f669
0004f136
0004ec07
0004e6dd
0004e1b6
0004dc93
0004d774
0004d259
00000055
0004cd42
0004c82f
0004c31f
0004be14
0004b90c
0004b408
0004af08
0004aa0b
0004a513
0004a01e
00049b2c
0004963e
00049154
00048c6e
0004878b
000482ac
00047dd0
000478f7
00047423
00046f51
00046a83
000465b9
000460f2
00045c2f
0004576e
000452b1
00044df7
00044940
0004448e
00043fde
00043b31
00043688
0004cd42
0004c82f
0004c31f
0004be14
0004b90c
0004b408
0004af08
0004aa0b
0004a513
0004a01e
00049b2c
0004963e
00049154
00048c6e
0004878b
000482ac
00047dd0
000478f7
00047423
00046f51
00046a83
000465b9
000460f2
00045c2f
0004576e
000452b1
00044df7
00044940
0004448e
00043fde
00043b31
00043688
00000056
000431e2
00042d3f
0004289f
00042402
00041f68
00041ad2
0004163e
000411ad
00040d1f
00040894
0004040c
0003ff86
0003fb04
0003f684
0003f207
0003ed8d
0003e915
0003e4a0
0003e02e
0003dbbe
0003d751
0003d2e6
0003ce7e
0003ca18
0003c5b5
0003c155
0003bcf6
0003b89a
0003b440
0003afe8
0003ab93
0003a740
000431e2
00042d3f
0004289f
00042402
00041f68
00041ad2
0004163e
000411ad
00040d1f
00040894
0004040c
0003ff86
0003fb04
0003f684
0003f207
0003ed8d
0003e915
0003e4a0
0003e02e
0003dbbe
0003d751
0003d2e6
0003ce7e
0003ca18
0003c5b5
0003c155
0003bcf6
0003b89a
0003b440
0003afe8
0003ab93
0003a740
00000057
0003a2ef
00039ea0
00039a53
00039608
000391bf
00038d78
00038933
000384f0
000380ae
00037c6e
00037830
000373f4
00036fb9
00036b80
00036748
00036311
00035edc
00035aa9
00035677
00035246
00034e17
000349e8
000345bb
0003418f
00033d63
00033939
00033510
000330e7
00032cbf
00032898
00032472
0003204c
0003a2ef
00039ea0
00039a53
00039608
000391bf
00038d78
00038933
000384f0
000380ae
00037c6e
00037830
000373f4
00036fb9
00036b80
00036748
00036311
00035edc
00035aa9
00035677
00035246
00034e17
000349e8
000345bb
0003418f
00033d63
00033939
00033510
000330e7
00032cbf
00032898
00032472
0003204c
00000058
00031c26
00031802
000313dd
00030fb9
00030b94
00030770
0003034c
0002ff28
0002fb04
0002f6df
0002f2bb
0002ee95
0002ea70
0002e649
0002e222
0002ddfb
0002d9d2
0002d5a9
0002d17f
0002cd53
0002c927
0002c4f9
0002c0c9
0002bc99
0002b866
0002b432
0002affc
0002abc4
0002a78a
0002a34e
00029f11
00029ad1
00031c26
00031802
000313dd
00030fb9
00030b94
00030770
0003034c
0002ff28
0002fb04
0002f6df
0002f2bb
0002ee95
0002ea70
0002e649
0002e222
0002ddfb
0002d9d2
0002d5a9
0002d17f
0002cd53
0002c927
0002c4f9
0002c0c9
0002bc99
0002b866
0002b432
0002affc
0002abc4
0002a78a
0002a34e
00029f11
00029ad1
00000059
0002968e
00029248
00028e00
000289b5
00028566
00028115
00027cbf
00027867
0002740a
00026faa
00026b44
000266dd
00026271
00025e00
0002598b
00025512
00025093
00024c0f
00024786
000242f7
00023e63
000239c9
0002352a
00023084
00022bd7
00022724
0002226b
00021dab
000218e3
00021414
00020f3b
00020a58
0002968e
00029248
00028e00
000289b5
00028566
00028115
00027cbf
00027867
0002740a
00026faa
00026b44
000266dd
00026271
00025e00
0002598b
00025512
00025093
00024c0f
00024786
000242f7
00023e63
000239c9
0002352a
00023084
00022bd7
00022724
0002226b
00021dab
000218e3
00021414
00020f3b
00020a58
0000005a
00020569
0002006a
0001fb58
0001f62b
0001f0db
0001eb5a
0001e598
0001df7c
0001d8e6
0001d1ae
0001c99e
0001c075
0001b5dd
0001a96b
00019a9d
000188d3
00017348
00015915
00013927
00011245
0000e312
0000aa14
000065ca
000014c8
ffffb5d7
ffff482a
fffecb8d
fffe409b
fffda8e4
fffd0702
fffc5e8d
fffbb3df
00020569
0002006a
0001fb58
0001f62b
0001f0db
0001eb5a
0001e598
0001df7c
0001d8e6
0001d1ae
0001c99e
0001c075
0001b5dd
0001a96b
00019a9d
000188d3
00017348
00015915
00013927
00011245
0000e312
0000aa14
000065ca
000014c8
ffffb5d7
ffff482a
fffecb8d
fffe409b
fffda8e4
fffd0702
fffc5e8d
fffbb3df
0000005b
fffb0bbb
fffa6ad7
fff9d556
fff94e6f
fff8d829
fff8735b
fff81fc6
fff7dc61
fff7a792
fff77f79
fff76225
fff74db0
fff7405b
fff738a0
fff73535
fff7350a
fff73747
fff73b46
fff74088
fff746ad
fff74d70
fff7549f
fff75c16
fff763be
fff76b83
fff7735b
fff77b3d
fff78325
fff78b0e
fff792f6
fff79adc
fff7a2be
fffb0bbb
fffa6ad7
fff9d556
fff94e6f
fff8d829
fff8735b
fff81fc6
fff7dc61
fff7a792
fff77f79
fff76225
fff74db0
fff7405b
fff738a0
fff73535
fff7350a
fff73747
fff73b46
fff74088
fff746ad
fff74d70
fff7549f
fff75c16
fff763be
fff76b83
fff7735b
fff77b3d
fff78325
fff78b0e
fff792f6
fff79adc
fff7a2be
0000005c
fff7aa9c
fff7b275
fff7ba48
fff7c216
fff7c9de
fff7d1a0
fff7d95c
fff7e112
fff7e8c1
fff7f069
fff7f80c
fff7ffa8
fff8073e
fff80ecd
fff81656
fff81dd9
fff82555
fff82ccb
fff8343b
fff83ba5
fff84309
fff84a67
fff851bf
fff85910
fff8605c
fff867a1
fff86ee1
fff8761a
fff87d4e
fff8847c
fff88ba4
fff892c6
fff7aa9c
fff7b275
fff7ba48
fff7c216
fff7c9de
fff7d1a0
fff7d95c
fff7e112
fff7e8c1
fff7f069
fff7f80c
fff7ffa8
fff8073e
fff80ecd
fff81656
fff81dd9
fff82555
fff82ccb
fff8343b
fff83ba5
fff84309
fff84a67
fff851bf
fff85910
fff8605c
fff867a1
fff86ee1
fff8761a
fff87d4e
fff8847c
fff88ba4
fff892c6
0000005d
fff899e2
fff8a0f9
fff8a809
fff8af14
fff8b619
fff8bd18
fff8c412
fff8cb06
fff8d1f4
fff8d8dc
fff8dfbf
fff8e69c
fff8ed74
fff8f445
fff8fb12
fff901d8
fff90899
fff90f55
fff9160b
fff91cbc
fff92367
fff92a0c
fff930ad
fff93747
fff93ddd
fff9446d
fff94af7
fff9517c
fff957fc
fff95e77
fff964ec
fff96b5c
fff899e2
fff8a0f9
fff8a809
fff8af14
fff8b619
fff8bd18
fff8c412
fff8cb06
fff8d1f4
fff8d8dc
fff8dfbf
fff8e69c
fff8ed74
fff8f445
fff8fb12
fff901d8
fff90899
fff90f55
fff9160b
fff91cbc
fff92367
fff92a0c
fff930ad
fff93747
fff93ddd
fff9446d
fff94af7
fff9517c
fff957fc
fff95e77
fff964ec
fff96b5c
0000005e
fff971c6
fff9782b
fff97e8c
fff984e6
fff98b3c
fff9918c
fff997d8
fff99e1e
fff9a45f
fff9aa9a
fff9b0d1
fff9b703
fff9bd2f
fff9c357
fff9c979
fff9cf96
fff9d5af
fff9dbc2
fff9e1d1
fff9e7da
fff9eddf
fff9f3de
fff9f9d9
fff9ffcf
fffa05c0
fffa0bac
fffa1193
fffa1775
fffa1d53
fffa232c
fffa2900
fffa2ecf
fff971c6
fff9782b
fff97e8c
fff984e6
fff98b3c
fff9918c
fff997d8
fff99e1e
fff9a45f
fff9aa9a
fff9b0d1
fff9b703
fff9bd2f
fff9c357
fff9c979
fff9cf96
fff9d5af
fff9dbc2
fff9e1d1
fff9e7da
fff9eddf
fff9f3de
fff9f9d9
fff9ffcf
fffa05c0
fffa0bac
fffa1193
fffa1775
fffa1d53
fffa232c
fffa2900
fffa2ecf
0000005f
fffa3499
fffa3a5f
fffa4020
fffa45dc
fffa4b94
fffa5147
fffa56f5
fffa5c9f
fffa6244
fffa67e4
fffa6d80
fffa7317
fffa78aa
fffa7e38
fffa83c2
fffa8947
fffa8ec8
fffa9444
fffa99bc
fffa9f2f
fffaa49e
fffaaa08
fffaaf6e
fffab4d0
fffaba2d
fffabf86
fffac4da
fffaca2a
fffacf76
fffad4be
fffada01
fffadf40
fffa3499
fffa3a5f
fffa4020
fffa45dc
fffa4b94
fffa5147
fffa56f5
fffa5c9f
fffa6244
fffa67e4
fffa6d80
fffa7317
fffa78aa
fffa7e38
fffa83c2
fffa8947
fffa8ec8
fffa9444
fffa99bc
fffa9f2f
fffaa49e
fffaaa08
fffaaf6e
fffab4d0
fffaba2d
fffabf86
fffac4da
fffaca2a
fffacf76
fffad4be
fffada01
fffadf40
00000060
fffae47b
fffae9b2
fffaeee4
fffaf412
fffaf93c
fffafe62
fffb0384
fffb08a1
fffb0dbb
fffb12d0
fffb17e1
fffb1cee
fffb21f7
fffb26fc
fffb2bfd
fffb30fb
fffb35f4
fffb3ae9
fffb3fda
fffb44c7
fffb49b0
fffb4e95
fffb5377
fffb5854
fffb5d2e
fffb6204
fffb66d6
fffb6ba4
fffb706e
fffb7534
fffb79f7
fffb7eb6
fffae47b
fffae9b2
fffaeee4
fffaf412
fffaf93c
fffafe62
fffb0384
fffb08a1
fffb0dbb
fffb12d0
fffb17e1
fffb1cee
fffb21f7
fffb26fc
fffb2bfd
fffb30fb
fffb35f4
fffb3ae9
fffb3fda
fffb44c7
fffb49b0
fffb4e95
fffb5377
fffb5854
fffb5d2e
fffb6204
fffb66d6
fffb6ba4
fffb706e
fffb7534
fffb79f7
fffb7eb6
00000061
fffb8372
fffb8829
fffb8cdd
fffb918d
fffb963a
fffb9ae2
fffb9f88
fffba429
fffba8c7
fffbad61
fffbb1f8
fffbb68b
fffbbb1b
fffbbfa7
fffbc430
fffbc8b5
fffbcd36
fffbd1b5
fffbd62f
fffbdaa7
fffbdf1b
fffbe38b
fffbe7f9
fffbec63
fffbf0c9
fffbf52c
fffbf98c
fffbfde9
fffc0243
fffc0699
fffc0aec
fffc0f3c
fffb8372
fffb8829
fffb8cdd
fffb918d
fffb963a
fffb9ae2
fffb9f88
fffba429
fffba8c7
fffbad61
fffbb1f8
fffbb68b
fffbbb1b
fffbbfa7
fffbc430
fffbc8b5
fffbcd36
fffbd1b5
fffbd62f
fffbdaa7
fffbdf1b
fffbe38b
fffbe7f9
fffbec63
fffbf0c9
fffbf52c
fffbf98c
fffbfde9
fffc0243
fffc0699
fffc0aec
fffc0f3c
00000062
fffc1388
fffc17d2
fffc1c18
fffc205b
fffc249c
fffc28d9
fffc2d13
fffc314a
fffc357e
fffc39af
fffc3ddc
fffc4208
fffc4630
fffc4a55
fffc4e77
fffc5297
fffc56b3
fffc5acd
fffc5ee4
fffc62f9
fffc670a
fffc6b19
fffc6f25
fffc732e
fffc7735
fffc7b39
fffc7f3b
fffc833a
fffc8736
fffc8b30
fffc8f27
fffc931c
fffc1388
fffc17d2
fffc1c18
fffc205b
fffc249c
fffc28d9
fffc2d13
fffc314a
fffc357e
fffc39af
fffc3ddc
fffc4208
fffc4630
fffc4a55
fffc4e77
fffc5297
fffc56b3
fffc5acd
fffc5ee4
fffc62f9
fffc670a
fffc6b19
fffc6f25
fffc732e
fffc7735
fffc7b39
fffc7f3b
fffc833a
fffc8736
fffc8b30
fffc8f27
fffc931c
00000063
fffc970f
fffc9aff
fffc9eed
fffca2d8
fffca6c1
fffcaaa8
fffcae8c
fffcb26e
fffcb64e
fffcba2c
fffcbe07
fffcc1e1
fffcc5b8
fffcc98e
fffccd61
fffcd133
fffcd502
fffcd8d0
fffcdc9c
fffce066
fffce42e
fffce7f5
fffcebba
fffcef7d
fffcf33e
fffcf6ff
fffcfabd
fffcfe7a
fffd0236
fffd05f0
fffd09a9
fffd0d61
fffc970f
fffc9aff
fffc9eed
fffca2d8
fffca6c1
fffcaaa8
fffcae8c
fffcb26e
fffcb64e
fffcba2c
fffcbe07
fffcc1e1
fffcc5b8
fffcc98e
fffccd61
fffcd133
fffcd502
fffcd8d0
fffcdc9c
fffce066
fffce42e
fffce7f5
fffcebba
fffcef7d
fffcf33e
fffcf6ff
fffcfabd
fffcfe7a
fffd0236
fffd05f0
fffd09a9
fffd0d61
00000064
fffd1117
fffd14cc
fffd1880
fffd1c33
fffd1fe5
fffd2396
fffd2746
fffd2af5
fffd2ea3
fffd3251
fffd35fe
fffd39aa
fffd3d55
fffd4100
fffd44ab
fffd4855
fffd4c00
fffd4fa9
fffd5353
fffd56fc
fffd5aa6
fffd5e4f
fffd61f9
fffd65a3
fffd694d
fffd6cf8
fffd70a3
fffd744f
fffd77fb
fffd7ba8
fffd7f56
fffd8306
fffd1117
fffd14cc
fffd1880
fffd1c33
fffd1fe5
fffd2396
fffd2746
fffd2af5
fffd2ea3
fffd3251
fffd35fe
fffd39aa
fffd3d55
fffd4100
fffd44ab
fffd4855
fffd4c00
fffd4fa9
fffd5353
fffd56fc
fffd5aa6
fffd5e4f
fffd61f9
fffd65a3
fffd694d
fffd6cf8
fffd70a3
fffd744f
fffd77fb
fffd7ba8
fffd7f56
fffd8306
00000065
fffd86b6
fffd8a67
fffd8e1a
fffd91ce
fffd9583
fffd993a
fffd9cf4
fffda0b0
fffda46e
fffda831
fffdabf8
fffdafc6
fffdb39c
fffdb77f
fffdbb71
fffdbf79
fffdc39f
fffdc7ed
fffdcc70
fffdd13a
fffdd664
fffddc0b
fffde255
fffde973
fffdf1a2
fffdfb2e
fffe067e
fffe140b
fffe246e
fffe3862
fffe50cc
fffe6ebb
fffd86b6
fffd8a67
fffd8e1a
fffd91ce
fffd9583
fffd993a
fffd9cf4
fffda0b0
fffda46e
fffda831
fffdabf8
fffdafc6
fffdb39c
fffdb77f
fffdbb71
fffdbf79
fffdc39f
fffdc7ed
fffdcc70
fffdd13a
fffdd664
fffddc0b
fffde255
fffde973
fffdf1a2
fffdfb2e
fffe067e
fffe140b
fffe246e
fffe3862
fffe50cc
fffe6ebb
00000066
fffe936d
fffec04b
fffef6e1
ffff38ce
ffff87a5
ffffe4d4
00005168
0000cddc
000159e2
0001f42c
00029a53
000348d6
0003fb43
0004ac93
000557a8
0005f7d3
00068953
000709a0
00077785
0007d305
00081d16
00085756
000883c0
0008a46b
0008bb5e
0008ca78
0008d35c
0008d76e
0008d7d4
0008d57e
0008d128
0008cb62
fffe936d
fffec04b
fffef6e1
ffff38ce
ffff87a5
ffffe4d4
00005168
0000cddc
000159e2
0001f42c
00029a53
000348d6
0003fb43
0004ac93
000557a8
0005f7d3
00068953
000709a0
00077785
0007d305
00081d16
00085756
000883c0
0008a46b
0008bb5e
0008ca78
0008d35c
0008d76e
0008d7d4
0008d57e
0008d128
0008cb62
00000067
0008c49f
0008bd30
0008b552
0008ad32
0008a4ee
00089c9a
00089444
00088bf6
000883b2
00087b7e
00087357
00086b40
00086338
00085b3c
0008534d
00084b68
0008438f
00083bbe
000833f6
00082c37
0008247f
00081cce
00081524
00080d81
000805e5
0007fe4f
0007f6c0
0007ef37
0007e7b4
0007e037
0007d8c0
0007d150
0008c49f
0008bd30
0008b552
0008ad32
0008a4ee
00089c9a
00089444
00088bf6
000883b2
00087b7e
00087357
00086b40
00086338
00085b3c
0008534d
00084b68
0008438f
00083bbe
000833f6
00082c37
0008247f
00081cce
00081524
00080d81
000805e5
0007fe4f
0007f6c0
0007ef37
0007e7b4
0007e037
0007d8c0
0007d150
00000068
0007c9e6
0007c281
0007bb23
0007b3cb
0007ac79
0007a52d
00079de7
000796a7
00078f6d
00078838
0007810a
000779e2
000772bf
00076ba2
0007648c
00075d7b
0007566f
00074f6a
0007486b
00074171
00073a7d
0007338e
00072ca6
000725c3
00071ee5
0007180e
0007113c
00070a6f
000703a8
0006fce7
0006f62b
0006ef75
0007c9e6
0007c281
0007bb23
0007b3cb
0007ac79
0007a52d
00079de7
000796a7
00078f6d
00078838
0007810a
000779e2
000772bf
00076ba2
0007648c
00075d7b
0007566f
00074f6a
0007486b
00074171
00073a7d
0007338e
00072ca6
000725c3
00071ee5
0007180e
0007113c
00070a6f
000703a8
0006fce7
0006f62b
0006ef75
00000069
0006e8c5
0006e21a
0006db74
0006d4d4
0006ce39
0006c7a4
0006c114
0006ba8a
0006b405
0006ad85
0006a70b
0006a096
00069a26
000693bc
00068d57
000686f7
0006809d
00067a47
000673f8
00066dad
00066767
00066127
00065aeb
000654b5
00064e84
00064858
00064231
00063c0f
000635f3
00062fdb
000629c8
000623bb
0006e8c5
0006e21a
0006db74
0006d4d4
0006ce39
0006c7a4
0006c114
0006ba8a
0006b405
0006ad85
0006a70b
0006a096
00069a26
000693bc
00068d57
000686f7
0006809d
00067a47
000673f8
00066dad
00066767
00066127
00065aeb
000654b5
00064e84
00064858
00064231
00063c0f
000635f3
00062fdb
000629c8
000623bb
0000006a
00061db2
000617ae
000611b0
00060bb6
000605c1
0005ffd1
0005f9e6
0005f400
0005ee1f
0005e842
0005e26b
0005dc98
0005d6ca
0005d101
0005cb3c
0005c57d
0005bfc2
0005ba0b
0005b45a
0005aead
0005a905
0005a362
00059dc3
00059829
00059294
00058d03
00058776
000581ef
00057c6b
000576ed
00057173
00056bfd
00061db2
000617ae
000611b0
00060bb6
000605c1
0005ffd1
0005f9e6
0005f400
0005ee1f
0005e842
0005e26b
0005dc98
0005d6ca
0005d101
0005cb3c
0005c57d
0005bfc2
0005ba0b
0005b45a
0005aead
0005a905
0005a362
00059dc3
00059829
00059294
00058d03
00058776
000581ef
00057c6b
000576ed
00057173
00056bfd
0000006b
0005668c
0005611f
00055bb7
00055654
000550f5
00054b9a
00054644
000540f2
00053ba4
0005365b
00053116
00052bd6
00052699
00052162
00051c2e
000516ff
000511d4
00050cad
0005078b
0005026c
0004fd52
0004f83c
0004f32b
0004ee1d
0004e914
0004e40f
0004df0e
0004da11
0004d518
0004d023
0004cb32
0004c646
0005668c
0005611f
00055bb7
00055654
000550f5
00054b9a
00054644
000540f2
00053ba4
0005365b
00053116
00052bd6
00052699
00052162
00051c2e
000516ff
000511d4
00050cad
0005078b
0005026c
0004fd52
0004f83c
0004f32b
0004ee1d
0004e914
0004e40f
0004df0e
0004da11
0004d518
0004d023
0004cb32
0004c646
0000006c
0004c15d
0004bc79
0004b798
0004b2bc
0004ade3
0004a90f
0004a43e
00049f71
00049aa9
000495e4
00049123
00048c66
000487ad
000482f8
00047e46
00047999
000474ef
00047049
00046ba7
00046709
0004626e
00045dd7
00045944
000454b5
00045029
00044ba1
0004471d
0004429c
00043e1f
000439a6
00043530
000430be
0004c15d
0004bc79
0004b798
0004b2bc
0004ade3
0004a90f
0004a43e
00049f71
00049aa9
000495e4
00049123
00048c66
000487ad
000482f8
00047e46
00047999
000474ef
00047049
00046ba7
00046709
0004626e
00045dd7
00045944
000454b5
00045029
00044ba1
0004471d
0004429c
00043e1f
000439a6
00043530
000430be
0000006d
00042c50
000427e5
0004237e
00041f1a
00041aba
0004165d
00041204
00040dae
0004095c
0004050e
000400c2
0003fc7b
0003f836
0003f3f5
0003efb8
0003eb7e
0003e747
0003e314
0003dee4
0003dab7
0003d68d
0003d267
0003ce45
0003ca25
0003c609
0003c1f0
0003bdda
0003b9c7
0003b5b8
0003b1ac
0003ada3
0003a99d
00042c50
000427e5
0004237e
00041f1a
00041aba
0004165d
00041204
00040dae
0004095c
0004050e
000400c2
0003fc7b
0003f836
0003f3f5
0003efb8
0003eb7e
0003e747
0003e314
0003dee4
0003dab7
0003d68d
0003d267
0003ce45
0003ca25
0003c609
0003c1f0
0003bdda
0003b9c7
0003b5b8
0003b1ac
0003ada3
0003a99d
0000006e
0003a59a
0003a19a
00039d9e
000399a4
000395ae
000391bb
00038dca
000389dd
000385f3
0003820b
00037e27
00037a46
00037668
0003728c
00036eb4
00036ade
0003670b
0003633b
00035f6e
00035ba4
000357dc
00035418
00035056
00034c97
000348da
00034520
0003416a
00033db5
00033a03
00033654
000332a8
00032efe
0003a59a
0003a19a
00039d9e
000399a4
000395ae
000391bb
00038dca
000389dd
000385f3
0003820b
00037e27
00037a46
00037668
0003728c
00036eb4
00036ade
0003670b
0003633b
00035f6e
00035ba4
000357dc
00035418
00035056
00034c97
000348da
00034520
0003416a
00033db5
00033a03
00033654
000332a8
00032efe
0000006f
00032b56
000327b2
0003240f
00032070
00031cd2
00031937
0003159f
00031209
00030e75
00030ae4
00030755
000303c8
0003003e
0002fcb6
0002f930
0002f5ad
0002f22b
0002eeac
0002eb2f
0002e7b4
0002e43b
0002e0c4
0002dd4f
0002d9dc
0002d66b
0002d2fc
0002cf8f
0002cc24
0002c8ba
0002c553
0002c1ec
0002be88
00032b56
000327b2
0003240f
00032070
00031cd2
00031937
0003159f
00031209
00030e75
00030ae4
00030755
000303c8
0003003e
0002fcb6
0002f930
0002f5ad
0002f22b
0002eeac
0002eb2f
0002e7b4
0002e43b
0002e0c4
0002dd4f
0002d9dc
0002d66b
0002d2fc
0002cf8f
0002cc24
0002c8ba
0002c553
0002c1ec
0002be88
00000070
0002bb26
0002b7c5
0002b466
0002b108
0002adac
0002aa51
0002a6f8
0002a3a0
0002a04a
00029cf5
000299a1
0002964e
000292fc
00028fac
00028c5c
0002890e
000285c0
00028273
00027f26
00027bd9
0002788c
0002753d
000271ec
00026e97
00026b3d
000267db
0002646f
000260f3
00025d63
000259b7
000255e6
000251e5
0002bb26
0002b7c5
0002b466
0002b108
0002adac
0002aa51
0002a6f8
0002a3a0
0002a04a
00029cf5
000299a1
0002964e
000292fc
00028fac
00028c5c
0002890e
000285c0
00028273
00027f26
00027bd9
0002788c
0002753d
000271ec
00026e97
00026b3d
000267db
0002646f
000260f3
00025d63
000259b7
000255e6
000251e5
00000071
00024da2
0002490c
00024407
00023e72
00023824
000230e5
00022872
00021e71
00021274
000203ed
0001f22f
0001dc62
0001c182
0001a05c
0001778a
0001457c
00010883
0000beeb
0000671d
ffffffc3
ffff880d
fffeffe4
fffe6825
fffdc2d0
fffd1313
fffc5d33
fffba640
fffaf3a0
fffa4a7a
fff9af2b
fff924de
fff8ad57
00024da2
0002490c
00024407
00023e72
00023824
000230e5
00022872
00021e71
00021274
000203ed
0001f22f
0001dc62
0001c182
0001a05c
0001778a
0001457c
00010883
0000beeb
0000671d
ffffffc3
ffff880d
fffeffe4
fffe6825
fffdc2d0
fffd1313
fffc5d33
fffba640
fffaf3a0
fffa4a7a
fff9af2b
fff924de
fff8ad57
00000072
fff84903
fff7f731
fff7b65f
fff78495
fff75fa4
fff74566
fff733d7
fff7292e
fff723e3
fff722b0
fff7248d
fff728a7
fff72e5b
fff7352a
fff73cb7
fff744bf
fff74d0f
fff75584
fff75e07
fff7668a
fff76f01
fff77768
fff77fbb
fff787fd
fff7902a
fff79847
fff7a052
fff7a84f
fff7b03f
fff7b823
fff7bffb
fff7c7ca
fff84903
fff7f731
fff7b65f
fff78495
fff75fa4
fff74566
fff733d7
fff7292e
fff723e3
fff722b0
fff7248d
fff728a7
fff72e5b
fff7352a
fff73cb7
fff744bf
fff74d0f
fff75584
fff75e07
fff7668a
fff76f01
fff77768
fff77fbb
fff787fd
fff7902a
fff79847
fff7a052
fff7a84f
fff7b03f
fff7b823
fff7bffb
fff7c7ca
00000073
fff7cf90
fff7d74e
fff7df04
fff7e6b3
fff7ee5a
fff7f5fb
fff7fd95
fff80529
fff80cb6
fff8143d
fff81bbe
fff82339
fff82aae
fff8321d
fff83985
fff840e8
fff84844
fff84f9a
fff856eb
fff85e35
fff8657a
fff86cb8
fff873f0
fff87b23
fff88250
fff88977
fff89097
fff897b3
fff89ec8
fff8a5d7
fff8ace1
fff8b3e4
fff7cf90
fff7d74e
fff7df04
fff7e6b3
fff7ee5a
fff7f5fb
fff7fd95
fff80529
fff80cb6
fff8143d
fff81bbe
fff82339
fff82aae
fff8321d
fff83985
fff840e8
fff84844
fff84f9a
fff856eb
fff85e35
fff8657a
fff86cb8
fff873f0
fff87b23
fff88250
fff88977
fff89097
fff897b3
fff89ec8
fff8a5d7
fff8ace1
fff8b3e4
00000074
fff8bae2
fff8c1db
fff8c8cd
fff8cfba
fff8d6a1
fff8dd83
fff8e45e
fff8eb35
fff8f205
fff8f8d0
fff8ff95
fff90655
fff90d0f
fff913c4
fff91a73
fff9211c
fff927c0
fff92e5f
fff934f8
fff93b8c
fff9421a
fff948a3
fff94f26
fff955a5
fff95c1d
fff96291
fff968ff
fff96f68
fff975cb
fff97c2a
fff98282
fff988d6
fff8bae2
fff8c1db
fff8c8cd
fff8cfba
fff8d6a1
fff8dd83
fff8e45e
fff8eb35
fff8f205
fff8f8d0
fff8ff95
fff90655
fff90d0f
fff913c4
fff91a73
fff9211c
fff927c0
fff92e5f
fff934f8
fff93b8c
fff9421a
fff948a3
fff94f26
fff955a5
fff95c1d
fff96291
fff968ff
fff96f68
fff975cb
fff97c2a
fff98282
fff988d6
00000075
fff98f25
fff9956e
fff99bb2
fff9a1f1
fff9a82b
fff9ae60
fff9b48f
fff9baba
fff9c0df
fff9c6ff
fff9cd1b
fff9d331
fff9d942
fff9df4e
fff9e555
fff9eb58
fff9f155
fff9f74d
fff9fd40
fffa032f
fffa0918
fffa0efd
fffa14dd
fffa1ab8
fffa208d
fffa265f
fffa2c2b
fffa31f3
fffa37b5
fffa3d74
fffa432d
fffa48e2
fff98f25
fff9956e
fff99bb2
fff9a1f1
fff9a82b
fff9ae60
fff9b48f
fff9baba
fff9c0df
fff9c6ff
fff9cd1b
fff9d331
fff9d942
fff9df4e
fff9e555
fff9eb58
fff9f155
fff9f74d
fff9fd40
fffa032f
fffa0918
fffa0efd
fffa14dd
fffa1ab8
fffa208d
fffa265f
fffa2c2b
fffa31f3
fffa37b5
fffa3d74
fffa432d
fffa48e2
00000076
fffa4e91
fffa543d
fffa59e3
fffa5f85
fffa6522
fffa6aba
fffa704e
fffa75dd
fffa7b68
fffa80ee
fffa866f
fffa8bed
fffa9165
fffa96d9
fffa9c48
fffaa1b3
fffaa719
fffaac7b
fffab1d8
fffab731
fffabc86
fffac1d6
fffac721
fffacc69
fffad1ac
fffad6ea
fffadc25
fffae15b
fffae68c
fffaebb9
fffaf0e2
fffaf607
fffa4e91
fffa543d
fffa59e3
fffa5f85
fffa6522
fffa6aba
fffa704e
fffa75dd
fffa7b68
fffa80ee
fffa866f
fffa8bed
fffa9165
fffa96d9
fffa9c48
fffaa1b3
fffaa719
fffaac7b
fffab1d8
fffab731
fffabc86
fffac1d6
fffac721
fffacc69
fffad1ac
fffad6ea
fffadc25
fffae15b
fffae68c
fffaebb9
fffaf0e2
fffaf607
00000077
fffafb28
fffb0044
fffb055c
fffb0a6f
fffb0f7f
fffb148a
fffb1991
fffb1e94
fffb2393
fffb288e
fffb2d84
fffb3277
fffb3765
fffb3c50
fffb4136
fffb4618
fffb4af6
fffb4fd0
fffb54a6
fffb5978
fffb5e46
fffb6310
fffb67d6
fffb6c98
fffb7156
fffb7610
fffb7ac7
fffb7f79
fffb8427
fffb88d2
fffb8d79
fffb921c
fffafb28
fffb0044
fffb055c
fffb0a6f
fffb0f7f
fffb148a
fffb1991
fffb1e94
fffb2393
fffb288e
fffb2d84
fffb3277
fffb3765
fffb3c50
fffb4136
fffb4618
fffb4af6
fffb4fd0
fffb54a6
fffb5978
fffb5e46
fffb6310
fffb67d6
fffb6c98
fffb7156
fffb7610
fffb7ac7
fffb7f79
fffb8427
fffb88d2
fffb8d79
fffb921c
00000078
fffb96bb
fffb9b56
fffb9fed
fffba481
fffba911
fffbad9d
fffbb225
fffbb6aa
fffbbb2a
fffbbfa8
fffbc421
fffbc897
fffbcd08
fffbd177
fffbd5e1
fffbda48
fffbdeab
fffbe30b
fffbe767
fffbebc0
fffbf015
fffbf466
fffbf8b4
fffbfcfe
fffc0145
fffc0588
fffc09c7
fffc0e03
fffc123c
fffc1671
fffc1aa3
fffc1ed1
fffb96bb
fffb9b56
fffb9fed
fffba481
fffba911
fffbad9d
fffbb225
fffbb6aa
fffbbb2a
fffbbfa8
fffbc421
fffbc897
fffbcd08
fffbd177
fffbd5e1
fffbda48
fffbdeab
fffbe30b
fffbe767
fffbebc0
fffbf015
fffbf466
fffbf8b4
fffbfcfe
fffc0145
fffc0588
fffc09c7
fffc0e03
fffc123c
fffc1671
fffc1aa3
fffc1ed1
00000079
fffc22fc
fffc2723
fffc2b47
fffc2f67
fffc3384
fffc379e
fffc3bb5
fffc3fc8
fffc43d7
fffc47e4
fffc4bed
fffc4ff2
fffc53f5
fffc57f4
fffc5bf0
fffc5fe8
fffc63de
fffc67d0
fffc6bbf
fffc6fab
fffc7393
fffc7778
fffc7b5b
fffc7f39
fffc8315
fffc86ee
fffc8ac4
fffc8e96
fffc9266
fffc9632
fffc99fb
fffc9dc1
fffc22fc
fffc2723
fffc2b47
fffc2f67
fffc3384
fffc379e
fffc3bb5
fffc3fc8
fffc43d7
fffc47e4
fffc4bed
fffc4ff2
fffc53f5
fffc57f4
fffc5bf0
fffc5fe8
fffc63de
fffc67d0
fffc6bbf
fffc6fab
fffc7393
fffc7778
fffc7b5b
fffc7f39
fffc8315
fffc86ee
fffc8ac4
fffc8e96
fffc9266
fffc9632
fffc99fb
fffc9dc1
0000007a
fffca185
fffca545
fffca902
fffcacbc
fffcb073
fffcb427
fffcb7d9
fffcbb87
fffcbf32
fffcc2db
fffcc680
fffcca23
fffccdc2
fffcd15f
fffcd4f9
fffcd890
fffcdc25
fffcdfb6
fffce345
fffce6d1
fffcea5a
fffcede1
fffcf164
fffcf4e5
fffcf864
fffcfbdf
fffcff58
fffd02ce
fffd0642
fffd09b3
fffd0d21
fffd108d
fffca185
fffca545
fffca902
fffcacbc
fffcb073
fffcb427
fffcb7d9
fffcbb87
fffcbf32
fffcc2db
fffcc680
fffcca23
fffccdc2
fffcd15f
fffcd4f9
fffcd890
fffcdc25
fffcdfb6
fffce345
fffce6d1
fffcea5a
fffcede1
fffcf164
fffcf4e5
fffcf864
fffcfbdf
fffcff58
fffd02ce
fffd0642
fffd09b3
fffd0d21
fffd108d
0000007b
fffd13f6
fffd175d
fffd1ac1
fffd1e23
fffd2182
fffd24de
fffd2838
fffd2b90
fffd2ee5
fffd3238
fffd3588
fffd38d6
fffd3c22
fffd3f6b
fffd42b2
fffd45f6
fffd4939
fffd4c79
fffd4fb7
fffd52f2
fffd562c
fffd5963
fffd5c98
fffd5fcb
fffd62fc
fffd662b
fffd6958
fffd6c83
fffd6fac
fffd72d4
fffd75fb
fffd7920
fffd13f6
fffd175d
fffd1ac1
fffd1e23
fffd2182
fffd24de
fffd2838
fffd2b90
fffd2ee5
fffd3238
fffd3588
fffd38d6
fffd3c22
fffd3f6b
fffd42b2
fffd45f6
fffd4939
fffd4c79
fffd4fb7
fffd52f2
fffd562c
fffd5963
fffd5c98
fffd5fcb
fffd62fc
fffd662b
fffd6958
fffd6c83
fffd6fac
fffd72d4
fffd75fb
fffd7920
0000007c
fffd7c45
fffd7f69
fffd828e
fffd85b5
fffd88de
fffd8c0c
fffd8f40
fffd927e
fffd95c8
fffd9923
fffd9c96
fffda028
fffda3e4
fffda7d6
fffdac0e
fffdb0a4
fffdb5b3
fffdbb60
fffdc1da
fffdc95c
fffdd235
fffddcc8
fffde993
fffdf932
fffe0c6a
fffe242d
fffe4199
fffe6605
fffe92f3
fffeca0e
ffff0d17
ffff5dc3
fffd7c45
fffd7f69
fffd828e
fffd85b5
fffd88de
fffd8c0c
fffd8f40
fffd927e
fffd95c8
fffd9923
fffd9c96
fffda028
fffda3e4
fffda7d6
fffdac0e
fffdb0a4
fffdb5b3
fffdbb60
fffdc1da
fffdc95c
fffdd235
fffddcc8
fffde993
fffdf932
fffe0c6a
fffe242d
fffe4199
fffe6605
fffe92f3
fffeca0e
ffff0d17
ffff5dc3
0000007d
ffffbd97
00002db2
0000ae93
00013fd8
0001e010
00028c98
0003419e
0003fa59
0004b16b
00056169
00060573
000699b6
00071bb4
00078a5b
0007e5db
00082f5f
000868b4
000893fb
0008b36b
0008c921
0008d708
0008dece
0008e1db
0008e158
0008de32
0008d925
0008d2c2
0008cb75
0008c390
0008bb4e
0008b2d8
0008aa4b
ffffbd97
00002db2
0000ae93
00013fd8
0001e010
00028c98
0003419e
0003fa59
0004b16b
00056169
00060573
000699b6
00071bb4
00078a5b
0007e5db
00082f5f
000868b4
000893fb
0008b36b
0008c921
0008d708
0008dece
0008e1db
0008e158
0008de32
0008d925
0008d2c2
0008cb75
0008c390
0008bb4e
0008b2d8
0008aa4b
0000007e
0008a1ba
00089932
000890ba
00088854
00088003
000877c6
00086f9d
00086786
00085f7f
00085787
00084f9c
000847bc
00083fe8
0008381d
0008305b
000828a1
000820ef
00081944
000811a0
00080a02
0008026b
0007fadb
0007f351
0007ebcd
0007e44f
0007dcd8
0007d566
0007cdfb
0007c696
0007bf36
0007b7dd
0007b08a
0008a1ba
00089932
000890ba
00088854
00088003
000877c6
00086f9d
00086786
00085f7f
00085787
00084f9c
000847bc
00083fe8
0008381d
0008305b
000828a1
000820ef
00081944
000811a0
00080a02
0008026b
0007fadb
0007f351
0007ebcd
0007e44f
0007dcd8
0007d566
0007cdfb
0007c696
0007bf36
0007b7dd
0007b08a
0000007f
0007a93c
0007a1f5
00079ab4
00079378
00078c43
00078513
00077dea
000776c6
00076fa8
00076890
0007617e
00075a71
0007536b
00074c6a
0007456f
00073e7a
0007378a
000730a0
000729bc
000722de
00071c05
00071532
00070e64
0007079c
000700da
0006fa1d
0006f366
0006ecb4
0006e608
0006df61
0006d8c0
0006d224
0007a93c
0007a1f5
00079ab4
00079378
00078c43
00078513
00077dea
000776c6
00076fa8
00076890
0007617e
00075a71
0007536b
00074c6a
0007456f
00073e7a
0007378a
000730a0
000729bc
000722de
00071c05
00071532
00070e64
0007079c
000700da
0006fa1d
0006f366
0006ecb4
0006e608
0006df61
0006d8c0
0006d224
00000080
0006cb8e
0006c4fd
0006be72
0006b7eb
0006b16b
0006aaef
0006a47a
00069e09
0006979d
00069137
00068ad7
0006847b
00067e25
000677d4
00067188
00066b41
00066500
00065ec4
0006588d
0006525a
00064c2e
00064606
00063fe3
000639c5
000633ad
00062d99
0006278b
00062181
00061b7d
0006157d
00060f83
0006098d
0006cb8e
0006c4fd
0006be72
0006b7eb
0006b16b
0006aaef
0006a47a
00069e09
0006979d
00069137
00068ad7
0006847b
00067e25
000677d4
00067188
00066b41
00066500
00065ec4
0006588d
0006525a
00064c2e
00064606
00063fe3
000639c5
000633ad
00062d99
0006278b
00062181
00061b7d
0006157d
00060f83
0006098d
00000081
0006039d
0005fdb1
0005f7ca
0005f1e8
0005ec0b
0005e632
0005e05f
0005da90
0005d4c6
0005cf01
0005c941
0005c385
0005bdcf
0005b81d
0005b26f
0005acc7
0005a723
0005a184
00059be9
00059653
000590c2
00058b35
000585ad
00058029
00057aab
00057530
00056fba
00056a49
000564dc
00055f74
00055a10
000554b1
0006039d
0005fdb1
0005f7ca
0005f1e8
0005ec0b
0005e632
0005e05f
0005da90
0005d4c6
0005cf01
0005c941
0005c385
0005bdcf
0005b81d
0005b26f
0005acc7
0005a723
0005a184
00059be9
00059653
000590c2
00058b35
000585ad
00058029
00057aab
00057530
00056fba
00056a49
000564dc
00055f74
00055a10
000554b1
00000082
00054f56
000549ff
000544ad
00053f60
00053a17
000534d2
00052f91
00052a55
0005251e
00051fea
00051abb
00051590
0005106a
00050b48
0005062a
00050110
0004fbfb
0004f6e9
0004f1dc
0004ecd3
0004e7cf
0004e2ce
0004ddd2
0004d8da
0004d3e6
0004cef6
0004ca0a
0004c523
0004c03f
0004bb5f
0004b684
0004b1ac
00054f56
000549ff
000544ad
00053f60
00053a17
000534d2
00052f91
00052a55
0005251e
00051fea
00051abb
00051590
0005106a
00050b48
0005062a
00050110
0004fbfb
0004f6e9
0004f1dc
0004ecd3
0004e7cf
0004e2ce
0004ddd2
0004d8da
0004d3e6
0004cef6
0004ca0a
0004c523
0004c03f
0004bb5f
0004b684
0004b1ac
00000083
0004acd9
0004a80a
0004a33e
00049e77
000499b4
000494f4
00049039
00048b81
000486cd
0004821d
00047d72
000478ca
00047426
00046f85
00046ae9
00046650
000461bc
00045d2b
0004589e
00045415
00044f8f
00044b0d
0004468f
00044215
00043d9f
0004392c
000434bd
00043052
00042bea
00042786
00042326
00041ec9
0004acd9
0004a80a
0004a33e
00049e77
000499b4
000494f4
00049039
00048b81
000486cd
0004821d
00047d72
000478ca
00047426
00046f85
00046ae9
00046650
000461bc
00045d2b
0004589e
00045415
00044f8f
00044b0d
0004468f
00044215
00043d9f
0004392c
000434bd
00043052
00042bea
00042786
00042326
00041ec9
00000084
00041a70
0004161a
000411c8
00040d7a
00040930
000404e8
000400a5
0003fc65
0003f829
0003f3f0
0003efba
0003eb88
0003e75a
0003e32f
0003df08
0003dae4
0003d6c3
0003d2a6
0003ce8d
0003ca76
0003c664
0003c254
0003be48
0003ba40
0003b63a
0003b238
0003ae3a
0003aa3f
0003a646
0003a252
00039e60
00039a72
00041a70
0004161a
000411c8
00040d7a
00040930
000404e8
000400a5
0003fc65
0003f829
0003f3f0
0003efba
0003eb88
0003e75a
0003e32f
0003df08
0003dae4
0003d6c3
0003d2a6
0003ce8d
0003ca76
0003c664
0003c254
0003be48
0003ba40
0003b63a
0003b238
0003ae3a
0003aa3f
0003a646
0003a252
00039e60
00039a72
00000085
00039687
000392a0
00038ebb
00038adb
000386fd
00038322
00037f4b
00037b76
000377a5
000373d7
0003700d
00036c45
00036881
000364bf
00036101
00035d46
0003598e
000355d9
00035227
00034e78
00034acc
00034724
0003437e
00033fdb
00033c3c
0003389f
00033505
0003316e
00032ddb
00032a4a
000326bc
00032331
00039687
000392a0
00038ebb
00038adb
000386fd
00038322
00037f4b
00037b76
000377a5
000373d7
0003700d
00036c45
00036881
000364bf
00036101
00035d46
0003598e
000355d9
00035227
00034e78
00034acc
00034724
0003437e
00033fdb
00033c3c
0003389f
00033505
0003316e
00032ddb
00032a4a
000326bc
00032331
00000086
00031fa9
00031c23
000318a1
00031522
000311a5
00030e2c
00030ab5
00030741
000303cf
00030061
0002fcf5
0002f98d
0002f626
0002f2c3
0002ef63
0002ec05
0002e8aa
0002e552
0002e1fc
0002dea9
0002db59
0002d80b
0002d4c0
0002d178
0002ce32
0002caef
0002c7ae
0002c471
0002c135
0002bdfc
0002bac6
0002b793
00031fa9
00031c23
000318a1
00031522
000311a5
00030e2c
00030ab5
00030741
000303cf
00030061
0002fcf5
0002f98d
0002f626
0002f2c3
0002ef63
0002ec05
0002e8aa
0002e552
0002e1fc
0002dea9
0002db59
0002d80b
0002d4c0
0002d178
0002ce32
0002caef
0002c7ae
0002c471
0002c135
0002bdfc
0002bac6
0002b793
00000087
0002b461
0002b133
0002ae06
0002aadd
0002a7b5
0002a490
0002a16e
00029e4d
00029b2f
00029813
000294f8
000291e0
00028ec8
00028bb2
0002889c
00028586
00028270
00027f57
00027c3b
0002791a
000275f1
000272be
00026f7e
00026c29
000268bb
0002652b
0002616d
00025d74
0002592c
0002547e
00024f49
00024965
0002b461
0002b133
0002ae06
0002aadd
0002a7b5
0002a490
0002a16e
00029e4d
00029b2f
00029813
000294f8
000291e0
00028ec8
00028bb2
0002889c
00028586
00028270
00027f57
00027c3b
0002791a
000275f1
000272be
00026f7e
00026c29
000268bb
0002652b
0002616d
00025d74
0002592c
0002547e
00024f49
00024965
00000088
0002429d
00023aae
0002313e
000225df
00021803
000206fb
0001f1e9
0001d7c5
0001b74f
00018f18
00015d81
000120cb
0000d72f
00007f03
000016e6
ffff9dfb
ffff1425
fffe7a48
fffdd26f
fffd1fe0
fffc6705
fffbad14
fffaf79d
fffa4bee
fff9ae7e
fff92286
fff8a9cb
fff844b1
fff7f274
fff7b17f
fff77fc6
fff75b0c
0002429d
00023aae
0002313e
000225df
00021803
000206fb
0001f1e9
0001d7c5
0001b74f
00018f18
00015d81
000120cb
0000d72f
00007f03
000016e6
ffff9dfb
ffff1425
fffe7a48
fffdd26f
fffd1fe0
fffc6705
fffbad14
fffaf79d
fffa4bee
fff9ae7e
fff92286
fff8a9cb
fff844b1
fff7f274
fff7b17f
fff77fc6
fff75b0c
00000089
fff7411a
fff72fe2
fff72592
fff7209f
fff71fbf
fff721e7
fff72645
fff72c33
fff73334
fff73aee
fff7431a
fff74b89
fff75417
fff75cb0
fff76543
fff76dc9
fff7763a
fff77e97
fff786df
fff78f12
fff79732
fff79f41
fff7a740
fff7af31
fff7b716
fff7beef
fff7c6bf
fff7ce85
fff7d642
fff7ddf8
fff7e5a7
fff7ed4e
fff7411a
fff72fe2
fff72592
fff7209f
fff71fbf
fff721e7
fff72645
fff72c33
fff73334
fff73aee
fff7431a
fff74b89
fff75417
fff75cb0
fff76543
fff76dc9
fff7763a
fff77e97
fff786df
fff78f12
fff79732
fff79f41
fff7a740
fff7af31
fff7b716
fff7beef
fff7c6bf
fff7ce85
fff7d642
fff7ddf8
fff7e5a7
fff7ed4e
0000008a
fff7f4ee
fff7fc88
fff8041c
fff80ba9
fff81330
fff81ab0
fff8222b
fff8299f
fff8310e
fff83876
fff83fd8
fff84734
fff84e8a
fff855da
fff85d25
fff86469
fff86ba7
fff872df
fff87a12
fff8813e
fff88865
fff88f85
fff896a0
fff89db5
fff8a4c4
fff8abcd
fff8b2d1
fff8b9cf
fff8c0c7
fff8c7b9
fff8cea6
fff8d58c
fff7f4ee
fff7fc88
fff8041c
fff80ba9
fff81330
fff81ab0
fff8222b
fff8299f
fff8310e
fff83876
fff83fd8
fff84734
fff84e8a
fff855da
fff85d25
fff86469
fff86ba7
fff872df
fff87a12
fff8813e
fff88865
fff88f85
fff896a0
fff89db5
fff8a4c4
fff8abcd
fff8b2d1
fff8b9cf
fff8c0c7
fff8c7b9
fff8cea6
fff8d58c
0000008b
fff8dc6e
fff8e349
fff8ea1f
fff8f0ef
fff8f7ba
fff8fe7f
fff9053e
fff90bf8
fff912ad
fff9195b
fff92005
fff926a8
fff92d47
fff933e0
fff93a73
fff94101
fff9478a
fff94e0d
fff9548b
fff95b03
fff96177
fff967e4
fff96e4d
fff974b0
fff97b0e
fff98167
fff987ba
fff98e09
fff99452
fff99a95
fff9a0d4
fff9a70e
fff8dc6e
fff8e349
fff8ea1f
fff8f0ef
fff8f7ba
fff8fe7f
fff9053e
fff90bf8
fff912ad
fff9195b
fff92005
fff926a8
fff92d47
fff933e0
fff93a73
fff94101
fff9478a
fff94e0d
fff9548b
fff95b03
fff96177
fff967e4
fff96e4d
fff974b0
fff97b0e
fff98167
fff987ba
fff98e09
fff99452
fff99a95
fff9a0d4
fff9a70e
0000008c
fff9ad42
fff9b371
fff9b99c
fff9bfc0
fff9c5e0
fff9cbfb
fff9d211
fff9d822
fff9de2e
fff9e434
fff9ea37
fff9f033
fff9f62b
fff9fc1e
fffa020c
fffa07f5
fffa0dda
fffa13b9
fffa1993
fffa1f69
fffa253a
fffa2b06
fffa30cd
fffa368f
fffa3c4d
fffa4206
fffa47ba
fffa4d69
fffa5314
fffa58ba
fffa5e5c
fffa63f8
fff9ad42
fff9b371
fff9b99c
fff9bfc0
fff9c5e0
fff9cbfb
fff9d211
fff9d822
fff9de2e
fff9e434
fff9ea37
fff9f033
fff9f62b
fff9fc1e
fffa020c
fffa07f5
fffa0dda
fffa13b9
fffa1993
fffa1f69
fffa253a
fffa2b06
fffa30cd
fffa368f
fffa3c4d
fffa4206
fffa47ba
fffa4d69
fffa5314
fffa58ba
fffa5e5c
fffa63f8
0000008d
fffa6990
fffa6f24
fffa74b2
fffa7a3c
fffa7fc2
fffa8543
fffa8abf
fffa9037
fffa95ab
fffa9b19
fffaa084
fffaa5e9
fffaab4b
fffab0a7
fffab600
fffabb54
fffac0a3
fffac5ee
fffacb35
fffad077
fffad5b5
fffadaef
fffae024
fffae555
fffaea82
fffaefaa
fffaf4ce
fffaf9ed
fffaff09
fffb0420
fffb0933
fffb0e42
fffa6990
fffa6f24
fffa74b2
fffa7a3c
fffa7fc2
fffa8543
fffa8abf
fffa9037
fffa95ab
fffa9b19
fffaa084
fffaa5e9
fffaab4b
fffab0a7
fffab600
fffabb54
fffac0a3
fffac5ee
fffacb35
fffad077
fffad5b5
fffadaef
fffae024
fffae555
fffaea82
fffaefaa
fffaf4ce
fffaf9ed
fffaff09
fffb0420
fffb0933
fffb0e42
0000008e
fffb134c
fffb1852
fffb1d55
fffb2253
fffb274d
fffb2c42
fffb3134
fffb3621
fffb3b0b
fffb3ff0
fffb44d1
fffb49ae
fffb4e87
fffb535c
fffb582d
fffb5cfa
fffb61c3
fffb6688
fffb6b49
fffb7006
fffb74bf
fffb7974
fffb7e25
fffb82d2
fffb877c
fffb8c21
fffb90c3
fffb9561
fffb99fb
fffb9e91
fffba323
fffba7b1
fffb134c
fffb1852
fffb1d55
fffb2253
fffb274d
fffb2c42
fffb3134
fffb3621
fffb3b0b
fffb3ff0
fffb44d1
fffb49ae
fffb4e87
fffb535c
fffb582d
fffb5cfa
fffb61c3
fffb6688
fffb6b49
fffb7006
fffb74bf
fffb7974
fffb7e25
fffb82d2
fffb877c
fffb8c21
fffb90c3
fffb9561
fffb99fb
fffb9e91
fffba323
fffba7b1
0000008f
fffbac3c
fffbb0c3
fffbb546
fffbb9c5
fffbbe41
fffbc2b8
fffbc72c
fffbcb9c
fffbd009
fffbd472
fffbd8d7
fffbdd38
fffbe196
fffbe5f0
fffbea47
fffbee9a
fffbf2e9
fffbf735
fffbfb7d
fffbffc2
fffc0403
fffc0840
fffc0c7a
fffc10b0
fffc14e3
fffc1912
fffc1d3e
fffc2166
fffc258b
fffc29ac
fffc2dca
fffc31e4
fffbac3c
fffbb0c3
fffbb546
fffbb9c5
fffbbe41
fffbc2b8
fffbc72c
fffbcb9c
fffbd009
fffbd472
fffbd8d7
fffbdd38
fffbe196
fffbe5f0
fffbea47
fffbee9a
fffbf2e9
fffbf735
fffbfb7d
fffbffc2
fffc0403
fffc0840
fffc0c7a
fffc10b0
fffc14e3
fffc1912
fffc1d3e
fffc2166
fffc258b
fffc29ac
fffc2dca
fffc31e4
00000090
fffc35fb
fffc3a0f
fffc3e1f
fffc422c
fffc4635
fffc4a3b
fffc4e3d
fffc523d
fffc5638
fffc5a31
fffc5e26
fffc6218
fffc6606
fffc69f2
fffc6dda
fffc71be
fffc75a0
fffc797e
fffc7d59
fffc8130
fffc8505
fffc88d6
fffc8ca4
fffc906f
fffc9437
fffc97fb
fffc9bbd
fffc9f7b
fffca336
fffca6ee
fffcaaa3
fffcae54
fffc35fb
fffc3a0f
fffc3e1f
fffc422c
fffc4635
fffc4a3b
fffc4e3d
fffc523d
fffc5638
fffc5a31
fffc5e26
fffc6218
fffc6606
fffc69f2
fffc6dda
fffc71be
fffc75a0
fffc797e
fffc7d59
fffc8130
fffc8505
fffc88d6
fffc8ca4
fffc906f
fffc9437
fffc97fb
fffc9bbd
fffc9f7b
fffca336
fffca6ee
fffcaaa3
fffcae54
00000091
fffcb203
fffcb5ae
fffcb957
fffcbcfc
fffcc09e
fffcc43e
fffcc7da
fffccb73
fffccf09
fffcd29c
fffcd62d
fffcd9ba
fffcdd44
fffce0cb
fffce450
fffce7d1
fffceb50
fffceecb
fffcf244
fffcf5b9
fffcf92c
fffcfc9c
fffd0009
fffd0373
fffd06da
fffd0a3f
fffd0da0
fffd10ff
fffd145b
fffd17b4
fffd1b0b
fffd1e5e
fffcb203
fffcb5ae
fffcb957
fffcbcfc
fffcc09e
fffcc43e
fffcc7da
fffccb73
fffccf09
fffcd29c
fffcd62d
fffcd9ba
fffcdd44
fffce0cb
fffce450
fffce7d1
fffceb50
fffceecb
fffcf244
fffcf5b9
fffcf92c
fffcfc9c
fffd0009
fffd0373
fffd06da
fffd0a3f
fffd0da0
fffd10ff
fffd145b
fffd17b4
fffd1b0b
fffd1e5e
00000092
fffd21af
fffd24fd
fffd2849
fffd2b91
fffd2ed7
fffd321a
fffd355b
fffd3898
fffd3bd3
fffd3f0c
fffd4241
fffd4574
fffd48a5
fffd4bd2
fffd4efe
fffd5226
fffd554c
fffd5870
fffd5b91
fffd5eaf
fffd61cb
fffd64e5
fffd67fd
fffd6b13
fffd6e27
fffd7139
fffd744a
fffd775a
fffd7a6a
fffd7d7a
fffd808c
fffd839f
fffd21af
fffd24fd
fffd2849
fffd2b91
fffd2ed7
fffd321a
fffd355b
fffd3898
fffd3bd3
fffd3f0c
fffd4241
fffd4574
fffd48a5
fffd4bd2
fffd4efe
fffd5226
fffd554c
fffd5870
fffd5b91
fffd5eaf
fffd61cb
fffd64e5
fffd67fd
fffd6b13
fffd6e27
fffd7139
fffd744a
fffd775a
fffd7a6a
fffd7d7a
fffd808c
fffd839f
00000093
fffd86b7
fffd89d4
fffd8cf9
fffd902a
fffd936a
fffd96c0
fffd9a33
fffd9dcb
fffda195
fffda5a2
fffdaa06
fffdaedd
fffdb44a
fffdba7b
fffdc1ac
fffdca29
fffdd453
fffde0aa
fffdefca
fffe0277
fffe19a3
fffe3671
fffe5a39
fffe8685
fffebd04
fffeff7f
ffff4fb4
ffffaf34
00001f28
0000a017
000131ac
0001d277
fffd86b7
fffd89d4
fffd8cf9
fffd902a
fffd936a
fffd96c0
fffd9a33
fffd9dcb
fffda195
fffda5a2
fffdaa06
fffdaedd
fffdb44a
fffdba7b
fffdc1ac
fffdca29
fffdd453
fffde0aa
fffdefca
fffe0277
fffe19a3
fffe3671
fffe5a39
fffe8685
fffebd04
fffeff7f
ffff4fb4
ffffaf34
00001f28
0000a017
000131ac
0001d277
00000094
00027fd8
000335fa
0003f007
0004a892
00055a1b
0005ffad
00069561
000718a8
00078869
0007e4d0
00082f08
000868e4
0008948c
0008b43e
0008ca1c
0008d81a
0008dfe9
0008e2f5
0008e26c
0008df3c
0008da23
0008d3b1
0008cc5d
0008c4a5
0008bd3a
0008b6ab
0008b0ed
0008aba5
0008a67e
0008a13a
00089bb1
000895d2
00027fd8
000335fa
0003f007
0004a892
00055a1b
0005ffad
00069561
000718a8
00078869
0007e4d0
00082f08
000868e4
0008948c
0008b43e
0008ca1c
0008d81a
0008dfe9
0008e2f5
0008e26c
0008df3c
0008da23
0008d3b1
0008cc5d
0008c4a5
0008bd3a
0008b6ab
0008b0ed
0008aba5
0008a67e
0008a13a
00089bb1
000895d2
00000095
00088f98
0008890b
0008822e
00087b10
000873bb
00086c3c
0008649d
00085ce7
00085520
00084d4f
00084578
00083da0
000835c7
00082df2
00082620
00081e54
0008168d
00080ecd
00080713
0007ff5f
0007f7b3
0007f00d
0007e86d
0007e0d4
0007d942
0007d1b6
0007ca30
0007c2b1
0007bb39
0007b3c6
0007ac5a
0007a4f4
00088f98
0008890b
0008822e
00087b10
000873bb
00086c3c
0008649d
00085ce7
00085520
00084d4f
00084578
00083da0
000835c7
00082df2
00082620
00081e54
0008168d
00080ecd
00080713
0007ff5f
0007f7b3
0007f00d
0007e86d
0007e0d4
0007d942
0007d1b6
0007ca30
0007c2b1
0007bb39
0007b3c6
0007ac5a
0007a4f4
00000096
00079d95
0007963b
00078ee8
0007879a
00078053
00077912
000771d7
00076aa2
00076373
00075c4a
00075527
00074e0a
000746f3
00073fe2
000738d6
000731d1
00072ad1
000723d8
00071ce4
000715f6
00070f0d
0007082b
0007014e
0006fa77
0006f3a6
0006ecda
0006e615
0006df54
0006d89a
0006d1e5
0006cb35
0006c48c
00079d95
0007963b
00078ee8
0007879a
00078053
00077912
000771d7
00076aa2
00076373
00075c4a
00075527
00074e0a
000746f3
00073fe2
000738d6
000731d1
00072ad1
000723d8
00071ce4
000715f6
00070f0d
0007082b
0007014e
0006fa77
0006f3a6
0006ecda
0006e615
0006df54
0006d89a
0006d1e5
0006cb35
0006c48c
00000097
0006bde8
0006b749
0006b0b0
0006aa1c
0006a38e
00069d06
00069683
00069005
0006898d
0006831a
00067cad
00067645
00066fe2
00066985
0006632d
00065cda
0006568d
00065045
00064a02
000643c4
00063d8c
00063759
0006312b
00062b03
000624df
00061ec1
000618a8
00061294
00060c85
0006067b
00060076
0005fa76
0006bde8
0006b749
0006b0b0
0006aa1c
0006a38e
00069d06
00069683
00069005
0006898d
0006831a
00067cad
00067645
00066fe2
00066985
0006632d
00065cda
0006568d
00065045
00064a02
000643c4
00063d8c
00063759
0006312b
00062b03
000624df
00061ec1
000618a8
00061294
00060c85
0006067b
00060076
0005fa76
00000098
0005f47b
0005ee85
0005e895
0005e2a9
0005dcc2
0005d6e1
0005d104
0005cb2e
0005c55c
0005bf8d
0005b9c4
0005b400
0005ae40
0005a886
0005a2d0
00059d1f
00059773
000591cb
00058c28
0005868a
000580f1
00057b5d
000575cd
00057042
00056abb
00056539
00055fbc
00055a44
000554d0
00054f60
000549f6
0005448f
0005f47b
0005ee85
0005e895
0005e2a9
0005dcc2
0005d6e1
0005d104
0005cb2e
0005c55c
0005bf8d
0005b9c4
0005b400
0005ae40
0005a886
0005a2d0
00059d1f
00059773
000591cb
00058c28
0005868a
000580f1
00057b5d
000575cd
00057042
00056abb
00056539
00055fbc
00055a44
000554d0
00054f60
000549f6
0005448f
00000099
00053f2e
000539d1
00053478
00052f24
000529d5
00052489
00051f43
00051a01
000514c3
00050f8a
00050a55
00050524
0004fff8
0004fad0
0004f5ad
0004f08e
0004eb73
0004e65d
0004e14b
0004dc3d
0004d733
0004d22e
0004cd2d
0004c830
0004c337
0004be43
0004b953
0004b467
0004af7f
0004aa9b
0004a5bb
0004a0e0
00053f2e
000539d1
00053478
00052f24
000529d5
00052489
00051f43
00051a01
000514c3
00050f8a
00050a55
00050524
0004fff8
0004fad0
0004f5ad
0004f08e
0004eb73
0004e65d
0004e14b
0004dc3d
0004d733
0004d22e
0004cd2d
0004c830
0004c337
0004be43
0004b953
0004b467
0004af7f
0004aa9b
0004a5bb
0004a0e0
0000009a
00049c09
00049735
00049266
00048d9b
000488d4
00048411
00047f52
00047a97
000475e0
0004712d
00046c7e
000467d3
0004632c
00045e89
000459ea
0004554f
000450b8
00044c24
00044795
00044309
00043e81
000439fd
0004357d
00043101
00042c88
00042814
000423a3
00041f36
00041acc
00041667
00041205
00040da7
00049c09
00049735
00049266
00048d9b
000488d4
00048411
00047f52
00047a97
000475e0
0004712d
00046c7e
000467d3
0004632c
00045e89
000459ea
0004554f
000450b8
00044c24
00044795
00044309
00043e81
000439fd
0004357d
00043101
00042c88
00042814
000423a3
00041f36
00041acc
00041667
00041205
00040da7
0000009b
0004094c
000404f5
000400a2
0003fc53
0003f807
0003f3bf
0003ef7b
0003eb3a
0003e6fd
0003e2c3
0003de8d
0003da5b
0003d62c
0003d201
0003cdd9
0003c9b5
0003c594
0003c178
0003bd5e
0003b948
0003b535
0003b126
0003ad1a
0003a912
0003a50d
0003a10c
00039d0e
00039913
0003951c
00039129
00038d38
0003894b
0004094c
000404f5
000400a2
0003fc53
0003f807
0003f3bf
0003ef7b
0003eb3a
0003e6fd
0003e2c3
0003de8d
0003da5b
0003d62c
0003d201
0003cdd9
0003c9b5
0003c594
0003c178
0003bd5e
0003b948
0003b535
0003b126
0003ad1a
0003a912
0003a50d
0003a10c
00039d0e
00039913
0003951c
00039129
00038d38
0003894b
0000009c
00038561
0003817b
00037d98
000379b8
000375dc
00037203
00036e2d
00036a5a
0003668b
000362bf
00035ef6
00035b31
0003576e
000353af
00034ff3
00034c3b
00034885
000344d3
00034123
00033d78
000339cf
00033629
00033286
00032ee7
00032b4a
000327b1
0003241b
00032087
00031cf7
0003196a
000315e0
00031259
00038561
0003817b
00037d98
000379b8
000375dc
00037203
00036e2d
00036a5a
0003668b
000362bf
00035ef6
00035b31
0003576e
000353af
00034ff3
00034c3b
00034885
000344d3
00034123
00033d78
000339cf
00033629
00033286
00032ee7
00032b4a
000327b1
0003241b
00032087
00031cf7
0003196a
000315e0
00031259
0000009d
00030ed5
00030b54
000307d6
0003045b
000300e3
0002fd6e
0002f9fc
0002f68c
0002f320
0002efb7
0002ec51
0002e8ed
0002e58d
0002e22f
0002ded4
0002db7c
0002d827
0002d4d5
0002d186
0002ce39
0002caef
0002c7a8
0002c464
0002c123
0002bde4
0002baa9
0002b76f
0002b439
0002b106
0002add5
0002aaa6
0002a77b
00030ed5
00030b54
000307d6
0003045b
000300e3
0002fd6e
0002f9fc
0002f68c
0002f320
0002efb7
0002ec51
0002e8ed
0002e58d
0002e22f
0002ded4
0002db7c
0002d827
0002d4d5
0002d186
0002ce39
0002caef
0002c7a8
0002c464
0002c123
0002bde4
0002baa9
0002b76f
0002b439
0002b106
0002add5
0002aaa6
0002a77b
0000009e
0002a451
0002a12b
00029e07
00029ae5
000297c5
000294a8
0002918c
00028e72
00028b59
00028840
00028529
00028211
00027ef7
00027bda
000278ba
00027593
00027263
00026f26
00026bd8
00026872
000264ec
0002613c
00025d55
00025924
00025492
00024f81
000249c7
00024334
00023b82
0002325e
0002275b
000219ee
0002a451
0002a12b
00029e07
00029ae5
000297c5
000294a8
0002918c
00028e72
00028b59
00028840
00028529
00028211
00027ef7
00027bda
000278ba
00027593
00027263
00026f26
00026bd8
00026872
000264ec
0002613c
00025d55
00025924
00025492
00024f81
000249c7
00024334
00023b82
0002325e
0002275b
000219ee
0000009f
00020969
0001f4f5
0001db8d
0001bbf5
000194c2
00016459
000128ff
0000e0ed
00008a77
00002437
ffffad43
ffff256c
fffe8d7b
fffde759
fffd3626
fffc7e21
fffbc465
fffb0e6b
fffa6183
fff9c238
fff933e8
fff8b884
fff850a2
fff7fba5
fff7b81a
fff7840a
fff75d42
fff7418e
fff72edf
fff7235c
fff71d6b
fff71bb4
00020969
0001f4f5
0001db8d
0001bbf5
000194c2
00016459
000128ff
0000e0ed
00008a77
00002437
ffffad43
ffff256c
fffe8d7b
fffde759
fffd3626
fffc7e21
fffbc465
fffb0e6b
fffa6183
fff9c238
fff933e8
fff8b884
fff850a2
fff7fba5
fff7b81a
fff7840a
fff75d42
fff7418e
fff72edf
fff7235c
fff71d6b
fff71bb4
000000a0
fff71d1b
fff720bc
fff725eb
fff72c25
fff7330c
fff73a5f
fff741f2
fff749a8
fff7516f
fff7593f
fff76111
fff768e3
fff770b5
fff77885
fff78055
fff78825
fff78ff4
fff797c2
fff79f8f
fff7a75a
fff7af24
fff7b6eb
fff7beaf
fff7c66f
fff7ce2a
fff7d5e1
fff7dd93
fff7e540
fff7ece6
fff7f488
fff7fc23
fff803b8
fff71d1b
fff720bc
fff725eb
fff72c25
fff7330c
fff73a5f
fff741f2
fff749a8
fff7516f
fff7593f
fff76111
fff768e3
fff770b5
fff77885
fff78055
fff78825
fff78ff4
fff797c2
fff79f8f
fff7a75a
fff7af24
fff7b6eb
fff7beaf
fff7c66f
fff7ce2a
fff7d5e1
fff7dd93
fff7e540
fff7ece6
fff7f488
fff7fc23
fff803b8
000000a1
fff80b47
fff812d0
fff81a52
fff821cf
fff82945
fff830b6
fff83820
fff83f83
fff846e1
fff84e39
fff8558a
fff85cd6
fff8641b
fff86b5b
fff87294
fff879c8
fff880f5
fff8881d
fff88f3f
fff8965b
fff89d71
fff8a482
fff8ab8c
fff8b291
fff8b98f
fff8c089
fff8c77c
fff8ce6a
fff8d552
fff8dc34
fff8e311
fff8e9e8
fff80b47
fff812d0
fff81a52
fff821cf
fff82945
fff830b6
fff83820
fff83f83
fff846e1
fff84e39
fff8558a
fff85cd6
fff8641b
fff86b5b
fff87294
fff879c8
fff880f5
fff8881d
fff88f3f
fff8965b
fff89d71
fff8a482
fff8ab8c
fff8b291
fff8b98f
fff8c089
fff8c77c
fff8ce6a
fff8d552
fff8dc34
fff8e311
fff8e9e8
000000a2
fff8f0b9
fff8f785
fff8fe4b
fff9050c
fff90bc6
fff9127c
fff9192c
fff91fd6
fff9267b
fff92d1a
fff933b4
fff93a49
fff940d8
fff94762
fff94de6
fff95465
fff95ade
fff96152
fff967c1
fff96e2b
fff9748f
fff97aee
fff98147
fff9879c
fff98deb
fff99435
fff99a7a
fff9a0ba
fff9a6f4
fff9ad2a
fff9b35a
fff9b985
fff8f0b9
fff8f785
fff8fe4b
fff9050c
fff90bc6
fff9127c
fff9192c
fff91fd6
fff9267b
fff92d1a
fff933b4
fff93a49
fff940d8
fff94762
fff94de6
fff95465
fff95ade
fff96152
fff967c1
fff96e2b
fff9748f
fff97aee
fff98147
fff9879c
fff98deb
fff99435
fff99a7a
fff9a0ba
fff9a6f4
fff9ad2a
fff9b35a
fff9b985
000000a3
fff9bfab
fff9c5cc
fff9cbe7
fff9d1fe
fff9d810
fff9de1d
fff9e424
fff9ea27
fff9f025
fff9f61e
fff9fc11
fffa0200
fffa07ea
fffa0dcf
fffa13af
fffa198b
fffa1f61
fffa2533
fffa2aff
fffa30c7
fffa368a
fffa3c49
fffa4202
fffa47b7
fffa4d67
fffa5313
fffa58ba
fffa5e5c
fffa63f9
fffa6992
fffa6f26
fffa74b6
fff9bfab
fff9c5cc
fff9cbe7
fff9d1fe
fff9d810
fff9de1d
fff9e424
fff9ea27
fff9f025
fff9f61e
fff9fc11
fffa0200
fffa07ea
fffa0dcf
fffa13af
fffa198b
fffa1f61
fffa2533
fffa2aff
fffa30c7
fffa368a
fffa3c49
fffa4202
fffa47b7
fffa4d67
fffa5313
fffa58ba
fffa5e5c
fffa63f9
fffa6992
fffa6f26
fffa74b6
000000a4
fffa7a40
fffa7fc7
fffa8548
fffa8ac6
fffa903e
fffa95b2
fffa9b22
fffaa08d
fffaa5f3
fffaab55
fffab0b3
fffab60c
fffabb60
fffac0b0
fffac5fc
fffacb44
fffad086
fffad5c5
fffadaff
fffae035
fffae567
fffaea94
fffaefbd
fffaf4e1
fffafa02
fffaff1e
fffb0436
fffb0949
fffb0e58
fffb1364
fffb186a
fffb1d6d
fffa7a40
fffa7fc7
fffa8548
fffa8ac6
fffa903e
fffa95b2
fffa9b22
fffaa08d
fffaa5f3
fffaab55
fffab0b3
fffab60c
fffabb60
fffac0b0
fffac5fc
fffacb44
fffad086
fffad5c5
fffadaff
fffae035
fffae567
fffaea94
fffaefbd
fffaf4e1
fffafa02
fffaff1e
fffb0436
fffb0949
fffb0e58
fffb1364
fffb186a
fffb1d6d
000000a5
fffb226c
fffb2766
fffb2c5c
fffb314e
fffb363c
fffb3b26
fffb400c
fffb44ee
fffb49cb
fffb4ea5
fffb537a
fffb584c
fffb5d19
fffb61e3
fffb66a8
fffb6b6a
fffb7027
fffb74e1
fffb7996
fffb7e48
fffb82f5
fffb879f
fffb8c45
fffb90e7
fffb9585
fffb9a20
fffb9eb6
fffba349
fffba7d7
fffbac62
fffbb0e9
fffbb56d
fffb226c
fffb2766
fffb2c5c
fffb314e
fffb363c
fffb3b26
fffb400c
fffb44ee
fffb49cb
fffb4ea5
fffb537a
fffb584c
fffb5d19
fffb61e3
fffb66a8
fffb6b6a
fffb7027
fffb74e1
fffb7996
fffb7e48
fffb82f5
fffb879f
fffb8c45
fffb90e7
fffb9585
fffb9a20
fffb9eb6
fffba349
fffba7d7
fffbac62
fffbb0e9
fffbb56d
000000a6
fffbb9ec
fffbbe68
fffbc2e0
fffbc754
fffbcbc5
fffbd032
fffbd49b
fffbd901
fffbdd62
fffbe1c0
fffbe61b
fffbea72
fffbeec5
fffbf314
fffbf760
fffbfba8
fffbffed
fffc042e
fffc086c
fffc0ca6
fffc10dc
fffc150f
fffc193e
fffc1d6a
fffc2193
fffc25b8
fffc29d9
fffc2df7
fffc3211
fffc3628
fffc3a3c
fffc3e4c
fffbb9ec
fffbbe68
fffbc2e0
fffbc754
fffbcbc5
fffbd032
fffbd49b
fffbd901
fffbdd62
fffbe1c0
fffbe61b
fffbea72
fffbeec5
fffbf314
fffbf760
fffbfba8
fffbffed
fffc042e
fffc086c
fffc0ca6
fffc10dc
fffc150f
fffc193e
fffc1d6a
fffc2193
fffc25b8
fffc29d9
fffc2df7
fffc3211
fffc3628
fffc3a3c
fffc3e4c
000000a7
fffc4259
fffc4662
fffc4a68
fffc4e6b
fffc526a
fffc5666
fffc5a5e
fffc5e53
fffc6245
fffc6633
fffc6a1e
fffc6e06
fffc71eb
fffc75cc
fffc79aa
fffc7d85
fffc815c
fffc8531
fffc8902
fffc8cd0
fffc909a
fffc9461
fffc9826
fffc9be7
fffc9fa4
fffca35f
fffca717
fffcaacb
fffcae7c
fffcb22b
fffcb5d6
fffcb97e
fffc4259
fffc4662
fffc4a68
fffc4e6b
fffc526a
fffc5666
fffc5a5e
fffc5e53
fffc6245
fffc6633
fffc6a1e
fffc6e06
fffc71eb
fffc75cc
fffc79aa
fffc7d85
fffc815c
fffc8531
fffc8902
fffc8cd0
fffc909a
fffc9461
fffc9826
fffc9be7
fffc9fa4
fffca35f
fffca717
fffcaacb
fffcae7c
fffcb22b
fffcb5d6
fffcb97e
000000a8
fffcbd22
fffcc0c4
fffcc463
fffcc7ff
fffccb97
fffccf2d
fffcd2bf
fffcd64f
fffcd9db
fffcdd65
fffce0eb
fffce46f
fffce7ef
fffceb6d
fffceee8
fffcf260
fffcf5d4
fffcf946
fffcfcb5
fffd0021
fffd038a
fffd06f0
fffd0a54
fffd0db4
fffd1112
fffd146d
fffd17c4
fffd1b19
fffd1e6c
fffd21bb
fffd2508
fffd2852
fffcbd22
fffcc0c4
fffcc463
fffcc7ff
fffccb97
fffccf2d
fffcd2bf
fffcd64f
fffcd9db
fffcdd65
fffce0eb
fffce46f
fffce7ef
fffceb6d
fffceee8
fffcf260
fffcf5d4
fffcf946
fffcfcb5
fffd0021
fffd038a
fffd06f0
fffd0a54
fffd0db4
fffd1112
fffd146d
fffd17c4
fffd1b19
fffd1e6c
fffd21bb
fffd2508
fffd2852
000000a9
fffd2b99
fffd2edd
fffd321e
fffd355d
fffd3899
fffd3bd2
fffd3f09
fffd423d
fffd456e
fffd489d
fffd4bc8
fffd4ef2
fffd5218
fffd553c
fffd585e
fffd5b7d
fffd5e9a
fffd61b5
fffd64cd
fffd67e4
fffd6af8
fffd6e0c
fffd711e
fffd7430
fffd7741
fffd7a54
fffd7d68
fffd8080
fffd839c
fffd86c0
fffd89ee
fffd8d2b
fffd2b99
fffd2edd
fffd321e
fffd355d
fffd3899
fffd3bd2
fffd3f09
fffd423d
fffd456e
fffd489d
fffd4bc8
fffd4ef2
fffd5218
fffd553c
fffd585e
fffd5b7d
fffd5e9a
fffd61b5
fffd64cd
fffd67e4
fffd6af8
fffd6e0c
fffd711e
fffd7430
fffd7741
fffd7a54
fffd7d68
fffd8080
fffd839c
fffd86c0
fffd89ee
fffd8d2b
000000aa
fffd907b
fffd93e6
fffd9774
fffd9b32
fffd9f2f
fffda37e
fffda83b
fffdad87
fffdb38e
fffdba8b
fffdc2c7
fffdcca1
fffdd891
fffde731
fffdf93f
fffe0fa5
fffe2b7e
fffe4e1a
fffe78f9
fffeadc4
fffeee3e
ffff3c28
ffff9915
00000642
00008450
00011311
0001b14a
00025c91
00031148
0003cac8
000483bc
000536a6
fffd907b
fffd93e6
fffd9774
fffd9b32
fffd9f2f
fffda37e
fffda83b
fffdad87
fffdb38e
fffdba8b
fffdc2c7
fffdcca1
fffdd891
fffde731
fffdf93f
fffe0fa5
fffe2b7e
fffe4e1a
fffe78f9
fffeadc4
fffeee3e
ffff3c28
ffff9915
00000642
00008450
00011311
0001b14a
00025c91
00031148
0003cac8
000483bc
000536a6
000000ab
0005de73
00067709
0006fd9c
000770d2
0007d0a0
00081e06
00085abe
000888e4
0008aab3
0008c255
0008d1c8
0008dac7
0008decd
0008df0e
0008dc86
0008d7f9
0008d1ff
0008cb0b
0008c372
0008bb73
0008b337
0008aade
0008a27c
00089a1c
000891c7
00088980
00088149
00087923
0008710c
00086903
00086108
00085918
0005de73
00067709
0006fd9c
000770d2
0007d0a0
00081e06
00085abe
000888e4
0008aab3
0008c255
0008d1c8
0008dac7
0008decd
0008df0e
0008dc86
0008d7f9
0008d1ff
0008cb0b
0008c372
0008bb73
0008b337
0008aade
0008a27c
00089a1c
000891c7
00088980
00088149
00087923
0008710c
00086903
00086108
00085918
000000ac
00085133
00084958
00084186
000839bc
000831f9
00082a3d
00082289
00081adb
00081333
00080b92
000803f7
0007fc62
0007f4d4
0007ed4c
0007e5ca
0007de4e
0007d6d8
0007cf68
0007c7fe
0007c09b
0007b93d
0007b1e6
0007aa94
0007a349
00079c03
000794c4
00078d8a
00078657
00077f29
00077802
000770e0
000769c4
00085133
00084958
00084186
000839bc
000831f9
00082a3d
00082289
00081adb
00081333
00080b92
000803f7
0007fc62
0007f4d4
0007ed4c
0007e5ca
0007de4e
0007d6d8
0007cf68
0007c7fe
0007c09b
0007b93d
0007b1e6
0007aa94
0007a349
00079c03
000794c4
00078d8a
00078657
00077f29
00077802
000770e0
000769c4
000000ad
000762ae
00075b9e
00075493
00074d8f
00074690
00073f97
000738a4
000731b6
00072ace
000723ec
00071d10
00071639
00070f67
0007089c
000701d6
0006fb16
0006f45b
0006eda6
0006e6f6
0006e04c
0006d9a7
0006d308
0006cc6e
0006c5da
0006bf4b
0006b8c2
0006b23e
0006abbf
0006a546
00069ed2
00069863
000691fa
000762ae
00075b9e
00075493
00074d8f
00074690
00073f97
000738a4
000731b6
00072ace
000723ec
00071d10
00071639
00070f67
0007089c
000701d6
0006fb16
0006f45b
0006eda6
0006e6f6
0006e04c
0006d9a7
0006d308
0006cc6e
0006c5da
0006bf4b
0006b8c2
0006b23e
0006abbf
0006a546
00069ed2
00069863
000691fa
000000ae
00068b96
00068537
00067ede
0006788a
0006723a
00066bf1
000665ac
00065f6d
00065933
000652fe
00064cce
000646a3
0006407d
00063a5d
00063441
00062e2b
00062819
0006220d
00061c06
00061603
00061006
00060a0e
0006041a
0005fe2c
0005f842
0005f25d
0005ec7d
0005e6a2
0005e0cc
0005dafb
0005d52f
0005cf67
00068b96
00068537
00067ede
0006788a
0006723a
00066bf1
000665ac
00065f6d
00065933
000652fe
00064cce
000646a3
0006407d
00063a5d
00063441
00062e2b
00062819
0006220d
00061c06
00061603
00061006
00060a0e
0006041a
0005fe2c
0005f842
0005f25d
0005ec7d
0005e6a2
0005e0cc
0005dafb
0005d52f
0005cf67
000000af
0005c9a4
0005c3e6
0005be2d
0005b878
0005b2c8
0005ad1d
0005a777
0005a1d5
00059c38
000596a0
0005910c
00058b7d
000585f2
0005806d
00057aeb
0005756f
00056ff6
00056a83
00056514
00055fa9
00055a43
000554e2
00054f85
00054a2c
000544d8
00053f88
00053a3d
000534f6
00052fb3
00052a75
0005253b
00052006
0005c9a4
0005c3e6
0005be2d
0005b878
0005b2c8
0005ad1d
0005a777
0005a1d5
00059c38
000596a0
0005910c
00058b7d
000585f2
0005806d
00057aeb
0005756f
00056ff6
00056a83
00056514
00055fa9
00055a43
000554e2
00054f85
00054a2c
000544d8
00053f88
00053a3d
000534f6
00052fb3
00052a75
0005253b
00052006
000000b0
00051ad5
000515a8
00051080
00050b5c
0005063c
00050120
0004fc09
0004f6f6
0004f1e7
0004ecdc
0004e7d6
0004e2d4
0004ddd6
0004d8dc
0004d3e6
0004cef4
0004ca07
0004c51e
0004c038
0004bb57
0004b67a
0004b1a1
0004accc
0004a7fb
0004a32e
00049e65
000499a0
000494df
00049023
00048b6a
000486b5
00048204
00051ad5
000515a8
00051080
00050b5c
0005063c
00050120
0004fc09
0004f6f6
0004f1e7
0004ecdc
0004e7d6
0004e2d4
0004ddd6
0004d8dc
0004d3e6
0004cef4
0004ca07
0004c51e
0004c038
0004bb57
0004b67a
0004b1a1
0004accc
0004a7fb
0004a32e
00049e65
000499a0
000494df
00049023
00048b6a
000486b5
00048204
000000b1
00047d56
000478ad
00047408
00046f66
00046ac9
0004662f
00046199
00045d07
00045879
000453ee
00044f68
00044ae5
00044666
000441eb
00043d73
000438ff
0004348f
00043023
00042bba
00042756
000422f4
00041e97
00041a3d
000415e7
00041194
00040d45
000408fa
000404b2
0004006e
0003fc2d
0003f7f0
0003f3b7
00047d56
000478ad
00047408
00046f66
00046ac9
0004662f
00046199
00045d07
00045879
000453ee
00044f68
00044ae5
00044666
000441eb
00043d73
000438ff
0004348f
00043023
00042bba
00042756
000422f4
00041e97
00041a3d
000415e7
00041194
00040d45
000408fa
000404b2
0004006e
0003fc2d
0003f7f0
0003f3b7
000000b2
0003ef81
0003eb4f
0003e720
0003e2f5
0003decd
0003daa9
0003d688
0003d26b
0003ce51
0003ca3a
0003c627
0003c218
0003be0c
0003ba03
0003b5fe
0003b1fc
0003adfd
0003aa02
0003a60a
0003a216
00039e24
00039a37
0003964c
00039265
00038e81
00038aa0
000386c3
000382e9
00037f12
00037b3e
0003776e
000373a1
0003ef81
0003eb4f
0003e720
0003e2f5
0003decd
0003daa9
0003d688
0003d26b
0003ce51
0003ca3a
0003c627
0003c218
0003be0c
0003ba03
0003b5fe
0003b1fc
0003adfd
0003aa02
0003a60a
0003a216
00039e24
00039a37
0003964c
00039265
00038e81
00038aa0
000386c3
000382e9
00037f12
00037b3e
0003776e
000373a1
000000b3
00036fd7
00036c10
0003684c
0003648c
000360cf
00035d15
0003595e
000355aa
000351fa
00034e4c
00034aa2
000346fa
00034356
00033fb5
00033c17
0003387c
000334e4
0003314f
00032dbd
00032a2e
000326a3
0003231a
00031f94
00031c11
00031891
00031514
0003119a
00030e23
00030aaf
0003073e
000303d0
00030065
00036fd7
00036c10
0003684c
0003648c
000360cf
00035d15
0003595e
000355aa
000351fa
00034e4c
00034aa2
000346fa
00034356
00033fb5
00033c17
0003387c
000334e4
0003314f
00032dbd
00032a2e
000326a3
0003231a
00031f94
00031c11
00031891
00031514
0003119a
00030e23
00030aaf
0003073e
000303d0
00030065
000000b4
0002fcfc
0002f997
0002f634
0002f2d4
0002ef77
0002ec1d
0002e8c6
0002e572
0002e220
0002ded2
0002db86
0002d83d
0002d4f7
0002d1b3
0002ce72
0002cb34
0002c7f9
0002c4c1
0002c18b
0002be58
0002bb28
0002b7fa
0002b4cf
0002b1a7
0002ae81
0002ab5e
0002a83d
0002a51f
0002a204
00029eea
00029bd4
000298bf
0002fcfc
0002f997
0002f634
0002f2d4
0002ef77
0002ec1d
0002e8c6
0002e572
0002e220
0002ded2
0002db86
0002d83d
0002d4f7
0002d1b3
0002ce72
0002cb34
0002c7f9
0002c4c1
0002c18b
0002be58
0002bb28
0002b7fa
0002b4cf
0002b1a7
0002ae81
0002ab5e
0002a83d
0002a51f
0002a204
00029eea
00029bd4
000298bf
000000b5
000295ac
0002929b
00028f8c
00028c7e
00028971
00028665
00028358
0002804a
00027d39
00027a25
0002770b
000273e8
000270b9
00026d79
00026a23
000266ae
00026311
00025f3e
00025b24
000256ab
000251b7
00024c21
000245b6
00023e37
00023551
00022a9a
00021d8a
00020d79
0001f997
0001e0e1
0001c226
00019bfd
000295ac
0002929b
00028f8c
00028c7e
00028971
00028665
00028358
0002804a
00027d39
00027a25
0002770b
000273e8
000270b9
00026d79
00026a23
000266ae
00026311
00025f3e
00025b24
000256ab
000251b7
00024c21
000245b6
00023e37
00023551
00022a9a
00021d8a
00020d79
0001f997
0001e0e1
0001c226
00019bfd
000000b6
00016cd2
000132e8
0000ec79
000097cb
00003369
ffffbe4f
ffff382f
fffea1ac
fffdfc8a
fffd4bca
fffc9395
fffbd901
fffb2199
fffa72ca
fff9d14e
fff940b1
fff8c311
fff85921
fff8025d
fff7bd57
fff78816
fff76063
fff743fe
fff730ce
fff724f2
fff71ec9
fff71cfd
fff71e73
fff7224d
fff727db
fff72e97
fff7361e
00016cd2
000132e8
0000ec79
000097cb
00003369
ffffbe4f
ffff382f
fffea1ac
fffdfc8a
fffd4bca
fffc9395
fffbd901
fffb2199
fffa72ca
fff9d14e
fff940b1
fff8c311
fff85921
fff8025d
fff7bd57
fff78816
fff76063
fff743fe
fff730ce
fff724f2
fff71ec9
fff71cfd
fff71e73
fff7224d
fff727db
fff72e97
fff7361e
000000b7
fff73e27
fff7467d
fff74efa
fff75787
fff76013
fff76894
fff77103
fff7795e
fff781a6
fff789d9
fff791fb
fff79a0b
fff7a20c
fff7aa00
fff7b1e7
fff7b9c4
fff7c196
fff7c960
fff7d121
fff7d8da
fff7e08d
fff7e838
fff7efdc
fff7f77a
fff7ff12
fff806a3
fff80e2e
fff815b2
fff81d31
fff824a9
fff82c1c
fff83388
fff73e27
fff7467d
fff74efa
fff75787
fff76013
fff76894
fff77103
fff7795e
fff781a6
fff789d9
fff791fb
fff79a0b
fff7a20c
fff7aa00
fff7b1e7
fff7b9c4
fff7c196
fff7c960
fff7d121
fff7d8da
fff7e08d
fff7e838
fff7efdc
fff7f77a
fff7ff12
fff806a3
fff80e2e
fff815b2
fff81d31
fff824a9
fff82c1c
fff83388
000000b8
fff83aef
fff8424f
fff849a9
fff850fd
fff8584b
fff85f93
fff866d5
fff86e12
fff87548
fff87c78
fff883a3
fff88ac7
fff891e6
fff898fe
fff8a012
fff8a71f
fff8ae26
fff8b528
fff8bc23
fff8c319
fff8ca0a
fff8d0f4
fff8d7d9
fff8deb9
fff8e592
fff8ec66
fff8f334
fff8f9fd
fff900c0
fff9077e
fff90e36
fff914e8
fff83aef
fff8424f
fff849a9
fff850fd
fff8584b
fff85f93
fff866d5
fff86e12
fff87548
fff87c78
fff883a3
fff88ac7
fff891e6
fff898fe
fff8a012
fff8a71f
fff8ae26
fff8b528
fff8bc23
fff8c319
fff8ca0a
fff8d0f4
fff8d7d9
fff8deb9
fff8e592
fff8ec66
fff8f334
fff8f9fd
fff900c0
fff9077e
fff90e36
fff914e8
000000b9
fff91b95
fff9223c
fff928de
fff92f7b
fff93612
fff93ca3
fff94330
fff949b6
fff95038
fff956b3
fff95d2a
fff9639b
fff96a08
fff9706e
fff976d0
fff97d2c
fff98383
fff989d4
fff99021
fff99668
fff99caa
fff9a2e7
fff9a91f
fff9af51
fff9b57f
fff9bba7
fff9c1ca
fff9c7e8
fff9ce02
fff9d416
fff9da25
fff9e02f
fff91b95
fff9223c
fff928de
fff92f7b
fff93612
fff93ca3
fff94330
fff949b6
fff95038
fff956b3
fff95d2a
fff9639b
fff96a08
fff9706e
fff976d0
fff97d2c
fff98383
fff989d4
fff99021
fff99668
fff99caa
fff9a2e7
fff9a91f
fff9af51
fff9b57f
fff9bba7
fff9c1ca
fff9c7e8
fff9ce02
fff9d416
fff9da25
fff9e02f
000000ba
fff9e634
fff9ec34
fff9f22f
fff9f825
fff9fe16
fffa0402
fffa09ea
fffa0fcc
fffa15aa
fffa1b83
fffa2157
fffa2726
fffa2cf0
fffa32b6
fffa3876
fffa3e32
fffa43ea
fffa499c
fffa4f4a
fffa54f3
fffa5a97
fffa6037
fffa65d2
fffa6b68
fffa70fa
fffa7687
fffa7c0f
fffa8193
fffa8713
fffa8c8d
fffa9204
fffa9775
fff9e634
fff9ec34
fff9f22f
fff9f825
fff9fe16
fffa0402
fffa09ea
fffa0fcc
fffa15aa
fffa1b83
fffa2157
fffa2726
fffa2cf0
fffa32b6
fffa3876
fffa3e32
fffa43ea
fffa499c
fffa4f4a
fffa54f3
fffa5a97
fffa6037
fffa65d2
fffa6b68
fffa70fa
fffa7687
fffa7c0f
fffa8193
fffa8713
fffa8c8d
fffa9204
fffa9775
000000bb
fffa9ce2
fffaa24b
fffaa7af
fffaad0f
fffab26a
fffab7c1
fffabd13
fffac261
fffac7aa
fffaccef
fffad230
fffad76c
fffadca4
fffae1d8
fffae707
fffaec32
fffaf159
fffaf67b
fffafb99
fffb00b3
fffb05c9
fffb0ada
fffb0fe7
fffb14f0
fffb19f5
fffb1ef5
fffb23f2
fffb28ea
fffb2dde
fffb32ce
fffb37ba
fffb3ca2
fffa9ce2
fffaa24b
fffaa7af
fffaad0f
fffab26a
fffab7c1
fffabd13
fffac261
fffac7aa
fffaccef
fffad230
fffad76c
fffadca4
fffae1d8
fffae707
fffaec32
fffaf159
fffaf67b
fffafb99
fffb00b3
fffb05c9
fffb0ada
fffb0fe7
fffb14f0
fffb19f5
fffb1ef5
fffb23f2
fffb28ea
fffb2dde
fffb32ce
fffb37ba
fffb3ca2
000000bc
fffb4186
fffb4665
fffb4b41
fffb5018
fffb54ec
fffb59bb
fffb5e87
fffb634e
fffb6811
fffb6cd1
fffb718c
fffb7644
fffb7af7
fffb7fa7
fffb8453
fffb88fa
fffb8d9e
fffb923e
fffb96db
fffb9b73
fffba007
fffba498
fffba925
fffbadae
fffbb233
fffbb6b5
fffbbb32
fffbbfac
fffbc422
fffbc895
fffbcd04
fffbd16e
fffb4186
fffb4665
fffb4b41
fffb5018
fffb54ec
fffb59bb
fffb5e87
fffb634e
fffb6811
fffb6cd1
fffb718c
fffb7644
fffb7af7
fffb7fa7
fffb8453
fffb88fa
fffb8d9e
fffb923e
fffb96db
fffb9b73
fffba007
fffba498
fffba925
fffbadae
fffbb233
fffbb6b5
fffbbb32
fffbbfac
fffbc422
fffbc895
fffbcd04
fffbd16e
000000bd
fffbd5d6
fffbda39
fffbde99
fffbe2f5
fffbe74e
fffbeba3
fffbeff4
fffbf442
fffbf88c
fffbfcd3
fffc0116
fffc0555
fffc0991
fffc0dc9
fffc11fe
fffc162f
fffc1a5c
fffc1e86
fffc22ad
fffc26d0
fffc2af0
fffc2f0c
fffc3325
fffc373a
fffc3b4c
fffc3f5a
fffc4366
fffc476d
fffc4b71
fffc4f72
fffc5370
fffc576a
fffbd5d6
fffbda39
fffbde99
fffbe2f5
fffbe74e
fffbeba3
fffbeff4
fffbf442
fffbf88c
fffbfcd3
fffc0116
fffc0555
fffc0991
fffc0dc9
fffc11fe
fffc162f
fffc1a5c
fffc1e86
fffc22ad
fffc26d0
fffc2af0
fffc2f0c
fffc3325
fffc373a
fffc3b4c
fffc3f5a
fffc4366
fffc476d
fffc4b71
fffc4f72
fffc5370
fffc576a
000000be
fffc5b61
fffc5f54
fffc6344
fffc6731
fffc6b1a
fffc6f00
fffc72e3
fffc76c3
fffc7a9f
fffc7e78
fffc824e
fffc8621
fffc89f0
fffc8dbd
fffc9186
fffc954b
fffc990e
fffc9ccd
fffca08a
fffca443
fffca7f9
fffcabac
fffcaf5b
fffcb308
fffcb6b2
fffcba58
fffcbdfb
fffcc19b
fffcc539
fffcc8d2
fffccc6a
fffccffe
fffc5b61
fffc5f54
fffc6344
fffc6731
fffc6b1a
fffc6f00
fffc72e3
fffc76c3
fffc7a9f
fffc7e78
fffc824e
fffc8621
fffc89f0
fffc8dbd
fffc9186
fffc954b
fffc990e
fffc9ccd
fffca08a
fffca443
fffca7f9
fffcabac
fffcaf5b
fffcb308
fffcb6b2
fffcba58
fffcbdfb
fffcc19b
fffcc539
fffcc8d2
fffccc6a
fffccffe
000000bf
fffcd38f
fffcd71d
fffcdaa8
fffcde30
fffce1b5
fffce536
fffce8b6
fffcec32
fffcefab
fffcf321
fffcf694
fffcfa04
fffcfd72
fffd00dc
fffd0444
fffd07a8
fffd0b0a
fffd0e69
fffd11c5
fffd151f
fffd1875
fffd1bc8
fffd1f19
fffd2267
fffd25b2
fffd28fb
fffd2c40
fffd2f83
fffd32c3
fffd3600
fffd393b
fffd3c72
fffcd38f
fffcd71d
fffcdaa8
fffcde30
fffce1b5
fffce536
fffce8b6
fffcec32
fffcefab
fffcf321
fffcf694
fffcfa04
fffcfd72
fffd00dc
fffd0444
fffd07a8
fffd0b0a
fffd0e69
fffd11c5
fffd151f
fffd1875
fffd1bc8
fffd1f19
fffd2267
fffd25b2
fffd28fb
fffd2c40
fffd2f83
fffd32c3
fffd3600
fffd393b
fffd3c72
000000c0
fffd3fa7
fffd42da
fffd4609
fffd4936
fffd4c61
fffd4f88
fffd52ad
fffd55cf
fffd58f0
fffd5c0d
fffd5f28
fffd6240
fffd6557
fffd686b
fffd6b7d
fffd6e8e
fffd719d
fffd74aa
fffd77b8
fffd7ac4
fffd7dd2
fffd80e1
fffd83f4
fffd870b
fffd8a29
fffd8d51
fffd9087
fffd93d0
fffd9734
fffd9ab9
fffd9e6d
fffda25d
fffd3fa7
fffd42da
fffd4609
fffd4936
fffd4c61
fffd4f88
fffd52ad
fffd55cf
fffd58f0
fffd5c0d
fffd5f28
fffd6240
fffd6557
fffd686b
fffd6b7d
fffd6e8e
fffd719d
fffd74aa
fffd77b8
fffd7ac4
fffd7dd2
fffd80e1
fffd83f4
fffd870b
fffd8a29
fffd8d51
fffd9087
fffd93d0
fffd9734
fffd9ab9
fffd9e6d
fffda25d
000000c1
fffda69f
fffdab4b
fffdb082
fffdb670
fffdbd4e
fffdc562
fffdcf09
fffddab9
fffde909
fffdfab1
fffe1099
fffe2bd6
fffe4db6
fffe77b5
fffeab7d
fffeead2
ffff377b
ffff9317
fffffeee
00007bb7
00010958
0001a6ac
00025160
000305e7
0003bfa3
0004793f
00052d31
0005d651
0006706a
0006f893
00076d56
0007ce94
fffda69f
fffdab4b
fffdb082
fffdb670
fffdbd4e
fffdc562
fffdcf09
fffddab9
fffde909
fffdfab1
fffe1099
fffe2bd6
fffe4db6
fffe77b5
fffeab7d
fffeead2
ffff377b
ffff9317
fffffeee
00007bb7
00010958
0001a6ac
00025160
000305e7
0003bfa3
0004793f
00052d31
0005d651
0006706a
0006f893
00076d56
0007ce94
000000c2
00081d41
00085b10
00088a19
0008ac9b
0008c4c4
0008d494
0008ddcf
0008e1f2
0008e239
0008dfa3
0008daf9
0008d4d6
0008cdb3
0008c5e5
0008bdae
0008b53b
0008acad
0008a417
00089b89
00089309
00088a9c
00088244
00087a01
000871d2
000869b6
000861aa
000859ae
000851be
000849dc
00084204
00083a36
00083271
00081d41
00085b10
00088a19
0008ac9b
0008c4c4
0008d494
0008ddcf
0008e1f2
0008e239
0008dfa3
0008daf9
0008d4d6
0008cdb3
0008c5e5
0008bdae
0008b53b
0008acad
0008a417
00089b89
00089309
00088a9c
00088244
00087a01
000871d2
000869b6
000861aa
000859ae
000851be
000849dc
00084204
00083a36
00083271
000000c3
00082ab5
00082300
00081b53
000813ac
00080c0d
00080473
0007fce1
0007f554
0007edce
0007e64e
0007ded4
0007d760
0007cff3
0007c88b
0007c12a
0007b9ce
0007b278
0007ab29
0007a3df
00079c9c
0007955e
00078e26
000786f5
00077fc9
000778a3
00077183
00076a69
00076354
00075c46
0007553d
00074e3a
0007473d
00082ab5
00082300
00081b53
000813ac
00080c0d
00080473
0007fce1
0007f554
0007edce
0007e64e
0007ded4
0007d760
0007cff3
0007c88b
0007c12a
0007b9ce
0007b278
0007ab29
0007a3df
00079c9c
0007955e
00078e26
000786f5
00077fc9
000778a3
00077183
00076a69
00076354
00075c46
0007553d
00074e3a
0007473d
000000c4
00074046
00073954
00073268
00072b82
000724a1
00071dc6
000716f1
00071021
00070957
00070293
0006fbd4
0006f51a
0006ee67
0006e7b8
0006e110
0006da6c
0006d3cf
0006cd36
0006c6a4
0006c016
0006b98e
0006b30b
0006ac8e
0006a616
00069fa4
00069936
000692ce
00068c6b
0006860e
00067fb6
00067963
00067315
00074046
00073954
00073268
00072b82
000724a1
00071dc6
000716f1
00071021
00070957
00070293
0006fbd4
0006f51a
0006ee67
0006e7b8
0006e110
0006da6c
0006d3cf
0006cd36
0006c6a4
0006c016
0006b98e
0006b30b
0006ac8e
0006a616
00069fa4
00069936
000692ce
00068c6b
0006860e
00067fb6
00067963
00067315
000000c5
00066ccd
0006668a
0006604b
00065a12
000653df
00064db0
00064786
00064162
00063b42
00063528
00062f13
00062902
000622f7
00061cf1
000616f0
000610f3
00060afc
00060509
0005ff1c
0005f933
0005f350
0005ed71
0005e797
0005e1c2
0005dbf1
0005d626
0005d05f
0005ca9d
0005c4e0
0005bf28
0005b974
0005b3c5
00066ccd
0006668a
0006604b
00065a12
000653df
00064db0
00064786
00064162
00063b42
00063528
00062f13
00062902
000622f7
00061cf1
000616f0
000610f3
00060afc
00060509
0005ff1c
0005f933
0005f350
0005ed71
0005e797
0005e1c2
0005dbf1
0005d626
0005d05f
0005ca9d
0005c4e0
0005bf28
0005b974
0005b3c5
000000c6
0005ae1b
0005a875
0005a2d5
00059d38
000597a1
0005920e
00058c80
000586f6
00058171
00057bf1
00057675
000570fe
00056b8b
0005661d
000560b3
00055b4d
000555ed
00055090
00054b39
000545e5
00054096
00053b4c
00053605
000530c4
00052b86
0005264d
00052118
00051be8
000516bc
00051194
00050c71
00050751
0005ae1b
0005a875
0005a2d5
00059d38
000597a1
0005920e
00058c80
000586f6
00058171
00057bf1
00057675
000570fe
00056b8b
0005661d
000560b3
00055b4d
000555ed
00055090
00054b39
000545e5
00054096
00053b4c
00053605
000530c4
00052b86
0005264d
00052118
00051be8
000516bc
00051194
00050c71
00050751
000000c7
00050236
0004fd20
0004f80d
0004f2ff
0004edf5
0004e8ef
0004e3ee
0004def0
0004d9f7
0004d502
0004d011
0004cb24
0004c63b
0004c156
0004bc76
0004b799
0004b2c0
0004adec
0004a91c
0004a44f
00049f87
00049ac2
00049602
00049145
00048c8d
000487d8
00048328
00047e7b
000479d2
0004752d
0004708c
00046bef
00050236
0004fd20
0004f80d
0004f2ff
0004edf5
0004e8ef
0004e3ee
0004def0
0004d9f7
0004d502
0004d011
0004cb24
0004c63b
0004c156
0004bc76
0004b799
0004b2c0
0004adec
0004a91c
0004a44f
00049f87
00049ac2
00049602
00049145
00048c8d
000487d8
00048328
00047e7b
000479d2
0004752d
0004708c
00046bef
000000c8
00046755
000462c0
00045e2e
000459a0
00045516
00045090
00044c0e
0004478f
00044314
00043e9d
00043a2a
000435ba
0004314e
00042ce6
00042881
00042420
00041fc3
00041b69
00041714
000412c1
00040e73
00040a28
000405e0
0004019c
0003fd5c
0003f91f
0003f4e6
0003f0b0
0003ec7e
0003e850
0003e425
0003dffd
00046755
000462c0
00045e2e
000459a0
00045516
00045090
00044c0e
0004478f
00044314
00043e9d
00043a2a
000435ba
0004314e
00042ce6
00042881
00042420
00041fc3
00041b69
00041714
000412c1
00040e73
00040a28
000405e0
0004019c
0003fd5c
0003f91f
0003f4e6
0003f0b0
0003ec7e
0003e850
0003e425
0003dffd
000000c9
0003dbd9
0003d7b9
0003d39b
0003cf82
0003cb6c
0003c759
0003c34a
0003bf3e
0003bb35
0003b730
0003b32e
0003af30
0003ab35
0003a73d
0003a349
00039f58
00039b6a
0003977f
00039398
00038fb5
00038bd4
000387f7
0003841d
00038046
00037c73
000378a2
000374d5
0003710b
00036d45
00036981
000365c1
00036204
0003dbd9
0003d7b9
0003d39b
0003cf82
0003cb6c
0003c759
0003c34a
0003bf3e
0003bb35
0003b730
0003b32e
0003af30
0003ab35
0003a73d
0003a349
00039f58
00039b6a
0003977f
00039398
00038fb5
00038bd4
000387f7
0003841d
00038046
00037c73
000378a2
000374d5
0003710b
00036d45
00036981
000365c1
00036204
000000ca
00035e4a
00035a93
000356df
0003532f
00034f81
00034bd7
00034830
0003448c
000340eb
00033d4c
000339b2
0003361a
00033285
00032ef3
00032b64
000327d8
00032450
000320ca
00031d47
000319c7
0003164a
000312d0
00030f59
00030be5
00030874
00030506
0003019b
0002fe32
0002facd
0002f76a
0002f40a
0002f0ae
00035e4a
00035a93
000356df
0003532f
00034f81
00034bd7
00034830
0003448c
000340eb
00033d4c
000339b2
0003361a
00033285
00032ef3
00032b64
000327d8
00032450
000320ca
00031d47
000319c7
0003164a
000312d0
00030f59
00030be5
00030874
00030506
0003019b
0002fe32
0002facd
0002f76a
0002f40a
0002f0ae
000000cb
0002ed54
0002e9fc
0002e6a8
0002e357
0002e008
0002dcbc
0002d973
0002d62d
0002d2e9
0002cfa8
0002cc6a
0002c92f
0002c5f7
0002c2c1
0002bf8e
0002bc5d
0002b930
0002b605
0002b2dc
0002afb7
0002ac94
0002a973
0002a655
0002a339
0002a020
00029d09
000299f5
000296e2
000293d2
000290c3
00028db5
00028aa8
0002ed54
0002e9fc
0002e6a8
0002e357
0002e008
0002dcbc
0002d973
0002d62d
0002d2e9
0002cfa8
0002cc6a
0002c92f
0002c5f7
0002c2c1
0002bf8e
0002bc5d
0002b930
0002b605
0002b2dc
0002afb7
0002ac94
0002a973
0002a655
0002a339
0002a020
00029d09
000299f5
000296e2
000293d2
000290c3
00028db5
00028aa8
000000cc
0002879c
0002848f
00028182
00027e72
00027b5e
00027845
00027523
000271f6
00026eb9
00026b65
000267f4
0002645b
0002608f
00025c7c
0002580e
00025327
00024da2
0002474e
00023fed
0002372d
00022ca6
00021fd3
0002100f
0001fc8c
0001e44c
0001c61e
0001a09e
00017238
00013930
0000f3bb
0000a01d
00003cd6
0002879c
0002848f
00028182
00027e72
00027b5e
00027845
00027523
000271f6
00026eb9
00026b65
000267f4
0002645b
0002608f
00025c7c
0002580e
00025327
00024da2
0002474e
00023fed
0002372d
00022ca6
00021fd3
0002100f
0001fc8c
0001e44c
0001c61e
0001a09e
00017238
00013930
0000f3bb
0000a01d
00003cd6
000000cd
ffffc8d8
ffff43c3
fffeae29
fffe09b9
fffd5962
fffca13e
fffbe65d
fffb2e4c
fffa7e84
fff9dbd4
fff949e0
fff8cae2
fff85fa2
fff807a9
fff7c197
fff78b75
fff7630a
fff74616
fff73279
fff7264d
fff71fee
fff71dfe
fff71f60
fff72330
fff728be
fff72f7f
fff7370f
fff73f24
fff74788
fff75013
fff758ad
fff76145
ffffc8d8
ffff43c3
fffeae29
fffe09b9
fffd5962
fffca13e
fffbe65d
fffb2e4c
fffa7e84
fff9dbd4
fff949e0
fff8cae2
fff85fa2
fff807a9
fff7c197
fff78b75
fff7630a
fff74616
fff73279
fff7264d
fff71fee
fff71dfe
fff71f60
fff72330
fff728be
fff72f7f
fff7370f
fff73f24
fff74788
fff75013
fff758ad
fff76145
000000ce
fff769d1
fff7724a
fff77aae
fff782fd
fff78b37
fff7935d
fff79b72
fff7a376
fff7ab6c
fff7b354
fff7bb32
fff7c304
fff7cace
fff7d28e
fff7da47
fff7e1f8
fff7e9a2
fff7f145
fff7f8e1
fff80077
fff80806
fff80f90
fff81713
fff81e90
fff82606
fff82d77
fff834e2
fff83c46
fff843a5
fff84afd
fff85250
fff8599c
fff769d1
fff7724a
fff77aae
fff782fd
fff78b37
fff7935d
fff79b72
fff7a376
fff7ab6c
fff7b354
fff7bb32
fff7c304
fff7cace
fff7d28e
fff7da47
fff7e1f8
fff7e9a2
fff7f145
fff7f8e1
fff80077
fff80806
fff80f90
fff81713
fff81e90
fff82606
fff82d77
fff834e2
fff83c46
fff843a5
fff84afd
fff85250
fff8599c
000000cf
fff860e3
fff86823
fff86f5e
fff87692
fff87dc1
fff884ea
fff88c0d
fff8932a
fff89a41
fff8a153
fff8a85e
fff8af64
fff8b664
fff8bd5e
fff8c453
fff8cb42
fff8d22a
fff8d90e
fff8dfec
fff8e6c4
fff8ed96
fff8f463
fff8fb2a
fff901ec
fff908a8
fff90f5e
fff9160f
fff91cbb
fff92360
fff92a01
fff9309c
fff93732
fff860e3
fff86823
fff86f5e
fff87692
fff87dc1
fff884ea
fff88c0d
fff8932a
fff89a41
fff8a153
fff8a85e
fff8af64
fff8b664
fff8bd5e
fff8c453
fff8cb42
fff8d22a
fff8d90e
fff8dfec
fff8e6c4
fff8ed96
fff8f463
fff8fb2a
fff901ec
fff908a8
fff90f5e
fff9160f
fff91cbb
fff92360
fff92a01
fff9309c
fff93732
000000d0
fff93dc2
fff9444c
fff94ad2
fff95152
fff957cc
fff95e42
fff964b1
fff96b1c
fff97181
fff977e1
fff97e3c
fff98492
fff98ae2
fff9912d
fff99772
fff99db3
fff9a3ef
fff9aa25
fff9b056
fff9b683
fff9bca9
fff9c2cc
fff9c8e8
fff9cf00
fff9d513
fff9db21
fff9e129
fff9e72d
fff9ed2c
fff9f326
fff9f91a
fff9ff0a
fff93dc2
fff9444c
fff94ad2
fff95152
fff957cc
fff95e42
fff964b1
fff96b1c
fff97181
fff977e1
fff97e3c
fff98492
fff98ae2
fff9912d
fff99772
fff99db3
fff9a3ef
fff9aa25
fff9b056
fff9b683
fff9bca9
fff9c2cc
fff9c8e8
fff9cf00
fff9d513
fff9db21
fff9e129
fff9e72d
fff9ed2c
fff9f326
fff9f91a
fff9ff0a
000000d1
fffa04f5
fffa0adc
fffa10bc
fffa1699
fffa1c70
fffa2243
fffa2811
fffa2dda
fffa339e
fffa395e
fffa3f19
fffa44cf
fffa4a80
fffa502c
fffa55d4
fffa5b77
fffa6115
fffa66af
fffa6c44
fffa71d5
fffa7761
fffa7ce8
fffa826b
fffa87e9
fffa8d63
fffa92d8
fffa9848
fffa9db4
fffaa31c
fffaa87f
fffaaddd
fffab337
fffa04f5
fffa0adc
fffa10bc
fffa1699
fffa1c70
fffa2243
fffa2811
fffa2dda
fffa339e
fffa395e
fffa3f19
fffa44cf
fffa4a80
fffa502c
fffa55d4
fffa5b77
fffa6115
fffa66af
fffa6c44
fffa71d5
fffa7761
fffa7ce8
fffa826b
fffa87e9
fffa8d63
fffa92d8
fffa9848
fffa9db4
fffaa31c
fffaa87f
fffaaddd
fffab337
000000d2
fffab88d
fffabdde
fffac32a
fffac873
fffacdb7
fffad2f6
fffad832
fffadd68
fffae29b
fffae7c9
fffaecf3
fffaf219
fffaf73a
fffafc57
fffb0170
fffb0684
fffb0b95
fffb10a1
fffb15a9
fffb1aad
fffb1fac
fffb24a7
fffb299e
fffb2e92
fffb3380
fffb386b
fffb3d52
fffb4235
fffb4713
fffb4bee
fffb50c4
fffb5597
fffab88d
fffabdde
fffac32a
fffac873
fffacdb7
fffad2f6
fffad832
fffadd68
fffae29b
fffae7c9
fffaecf3
fffaf219
fffaf73a
fffafc57
fffb0170
fffb0684
fffb0b95
fffb10a1
fffb15a9
fffb1aad
fffb1fac
fffb24a7
fffb299e
fffb2e92
fffb3380
fffb386b
fffb3d52
fffb4235
fffb4713
fffb4bee
fffb50c4
fffb5597
000000d3
fffb5a65
fffb5f2f
fffb63f6
fffb68b8
fffb6d77
fffb7231
fffb76e7
fffb7b9a
fffb8049
fffb84f4
fffb899a
fffb8e3d
fffb92dc
fffb9778
fffb9c0f
fffba0a2
fffba532
fffba9be
fffbae46
fffbb2ca
fffbb74b
fffbbbc8
fffbc040
fffbc4b6
fffbc927
fffbcd95
fffbd1ff
fffbd666
fffbdac8
fffbdf27
fffbe383
fffbe7da
fffb5a65
fffb5f2f
fffb63f6
fffb68b8
fffb6d77
fffb7231
fffb76e7
fffb7b9a
fffb8049
fffb84f4
fffb899a
fffb8e3d
fffb92dc
fffb9778
fffb9c0f
fffba0a2
fffba532
fffba9be
fffbae46
fffbb2ca
fffbb74b
fffbbbc8
fffbc040
fffbc4b6
fffbc927
fffbcd95
fffbd1ff
fffbd666
fffbdac8
fffbdf27
fffbe383
fffbe7da
000000d4
fffbec2e
fffbf07f
fffbf4cc
fffbf915
fffbfd5a
fffc019d
fffc05db
fffc0a16
fffc0e4d
fffc1281
fffc16b1
fffc1ade
fffc1f07
fffc232d
fffc274f
fffc2b6e
fffc2f89
fffc33a1
fffc37b6
fffc3bc7
fffc3fd4
fffc43df
fffc47e5
fffc4be9
fffc4fe9
fffc53e5
fffc57df
fffc5bd5
fffc5fc7
fffc63b7
fffc67a2
fffc6b8b
fffbec2e
fffbf07f
fffbf4cc
fffbf915
fffbfd5a
fffc019d
fffc05db
fffc0a16
fffc0e4d
fffc1281
fffc16b1
fffc1ade
fffc1f07
fffc232d
fffc274f
fffc2b6e
fffc2f89
fffc33a1
fffc37b6
fffc3bc7
fffc3fd4
fffc43df
fffc47e5
fffc4be9
fffc4fe9
fffc53e5
fffc57df
fffc5bd5
fffc5fc7
fffc63b7
fffc67a2
fffc6b8b
000000d5
fffc6f71
fffc7353
fffc7732
fffc7b0d
fffc7ee6
fffc82bb
fffc868d
fffc8a5b
fffc8e27
fffc91ef
fffc95b4
fffc9976
fffc9d34
fffca0f0
fffca4a8
fffca85d
fffcac0f
fffcafbe
fffcb36a
fffcb713
fffcbab8
fffcbe5b
fffcc1fa
fffcc597
fffcc930
fffcccc7
fffcd05a
fffcd3ea
fffcd778
fffcdb02
fffcde89
fffce20d
fffc6f71
fffc7353
fffc7732
fffc7b0d
fffc7ee6
fffc82bb
fffc868d
fffc8a5b
fffc8e27
fffc91ef
fffc95b4
fffc9976
fffc9d34
fffca0f0
fffca4a8
fffca85d
fffcac0f
fffcafbe
fffcb36a
fffcb713
fffcbab8
fffcbe5b
fffcc1fa
fffcc597
fffcc930
fffcccc7
fffcd05a
fffcd3ea
fffcd778
fffcdb02
fffcde89
fffce20d
000000d6
fffce58e
fffce90d
fffcec88
fffcf001
fffcf376
fffcf6e9
fffcfa58
fffcfdc5
fffd012f
fffd0496
fffd07f9
fffd0b5b
fffd0eb9
fffd1214
fffd156d
fffd18c3
fffd1c15
fffd1f66
fffd22b3
fffd25fd
fffd2945
fffd2c8a
fffd2fcc
fffd330b
fffd3648
fffd3982
fffd3cb8
fffd3fed
fffd431e
fffd464d
fffd497a
fffd4ca3
fffce58e
fffce90d
fffcec88
fffcf001
fffcf376
fffcf6e9
fffcfa58
fffcfdc5
fffd012f
fffd0496
fffd07f9
fffd0b5b
fffd0eb9
fffd1214
fffd156d
fffd18c3
fffd1c15
fffd1f66
fffd22b3
fffd25fd
fffd2945
fffd2c8a
fffd2fcc
fffd330b
fffd3648
fffd3982
fffd3cb8
fffd3fed
fffd431e
fffd464d
fffd497a
fffd4ca3
000000d7
fffd4fca
fffd52ef
fffd5610
fffd5930
fffd5c4c
fffd5f67
fffd627e
fffd6594
fffd68a7
fffd6bb9
fffd6ec9
fffd71d7
fffd74e4
fffd77f0
fffd7afc
fffd7e09
fffd8117
fffd8428
fffd873d
fffd8a5a
fffd8d80
fffd90b4
fffd93fa
fffd975a
fffd9adb
fffd9e89
fffda273
fffda6ab
fffdab4b
fffdb074
fffdb64f
fffdbd15
fffd4fca
fffd52ef
fffd5610
fffd5930
fffd5c4c
fffd5f67
fffd627e
fffd6594
fffd68a7
fffd6bb9
fffd6ec9
fffd71d7
fffd74e4
fffd77f0
fffd7afc
fffd7e09
fffd8117
fffd8428
fffd873d
fffd8a5a
fffd8d80
fffd90b4
fffd93fa
fffd975a
fffd9adb
fffd9e89
fffda273
fffda6ab
fffdab4b
fffdb074
fffdb64f
fffdbd15
000000d8
fffdc50b
fffdce8c
fffdda0c
fffde81f
fffdf97d
fffe0f09
fffe29d7
fffe4b31
fffe7490
fffea79d
fffee61c
ffff31d7
ffff8c71
fffff73d
000072fa
0000ff9f
00019c1a
0002462a
0002fa53
0003b404
00046dee
00052282
0005cc8d
000667c4
0006f128
0007672c
0007c99e
00081965
0008582b
00088806
0008ab34
0008c3e8
fffdc50b
fffdce8c
fffdda0c
fffde81f
fffdf97d
fffe0f09
fffe29d7
fffe4b31
fffe7490
fffea79d
fffee61c
ffff31d7
ffff8c71
fffff73d
000072fa
0000ff9f
00019c1a
0002462a
0002fa53
0003b404
00046dee
00052282
0005cc8d
000667c4
0006f128
0007672c
0007c99e
00081965
0008582b
00088806
0008ab34
0008c3e8
000000d9
0008d425
0008ddb1
0008e212
0008e284
0008e00d
0008db77
0008d560
0008ce42
0008c676
0008be3f
0008b5c9
0008ad37
0008a49e
00089c0b
00089386
00088b15
000882b9
00087a79
00087289
00086b60
0008655a
00086043
00085ba8
0008572d
0008528a
00084d96
0008483e
0008427d
00083c5c
000835e4
00082f20
0008281f
0008d425
0008ddb1
0008e212
0008e284
0008e00d
0008db77
0008d560
0008ce42
0008c676
0008be3f
0008b5c9
0008ad37
0008a49e
00089c0b
00089386
00088b15
000882b9
00087a79
00087289
00086b60
0008655a
00086043
00085ba8
0008572d
0008528a
00084d96
0008483e
0008427d
00083c5c
000835e4
00082f20
0008281f
000000da
000820ee
00081998
00081228
00080aa4
00080313
0007fb7b
0007f3e1
0007ec45
0007e4ac
0007dd16
0007d586
0007cdfa
0007c675
0007bef5
0007b77c
0007b00a
0007a89e
0007a139
000799da
00079281
00078b2f
000783e3
00077c9d
0007755e
00076e25
000766f1
00075fc4
0007589d
0007517b
00074a60
0007434b
00073c3c
000820ee
00081998
00081228
00080aa4
00080313
0007fb7b
0007f3e1
0007ec45
0007e4ac
0007dd16
0007d586
0007cdfa
0007c675
0007bef5
0007b77c
0007b00a
0007a89e
0007a139
000799da
00079281
00078b2f
000783e3
00077c9d
0007755e
00076e25
000766f1
00075fc4
0007589d
0007517b
00074a60
0007434b
00073c3c
000000db
00073532
00072e2f
00072731
00072039
00071947
0007125b
00070b74
00070494
0006fdb9
0006f6e4
0006f014
0006e94a
0006e286
0006dbc8
0006d50f
0006ce5c
0006c7ae
0006c106
0006ba64
0006b3c7
0006ad30
0006a69e
0006a012
0006998b
0006930a
00068c8e
00068617
00067fa6
0006793b
000672d5
00066c74
00066618
00073532
00072e2f
00072731
00072039
00071947
0007125b
00070b74
00070494
0006fdb9
0006f6e4
0006f014
0006e94a
0006e286
0006dbc8
0006d50f
0006ce5c
0006c7ae
0006c106
0006ba64
0006b3c7
0006ad30
0006a69e
0006a012
0006998b
0006930a
00068c8e
00068617
00067fa6
0006793b
000672d5
00066c74
00066618
000000dc
00065fc2
00065971
00065325
00064cdf
0006469e
00064063
00063a2c
000633fb
00062dce
000627a7
00062186
00061b69
00061551
00060f3f
00060932
0006032a
0005fd26
0005f728
0005f12f
0005eb3b
0005e54c
0005df62
0005d97d
0005d39d
0005cdc2
0005c7ec
0005c21a
0005bc4e
0005b686
0005b0c4
0005ab06
0005a54d
00065fc2
00065971
00065325
00064cdf
0006469e
00064063
00063a2c
000633fb
00062dce
000627a7
00062186
00061b69
00061551
00060f3f
00060932
0006032a
0005fd26
0005f728
0005f12f
0005eb3b
0005e54c
0005df62
0005d97d
0005d39d
0005cdc2
0005c7ec
0005c21a
0005bc4e
0005b686
0005b0c4
0005ab06
0005a54d
000000dd
00059f99
000599ea
00059440
00058e9c
000588fa
0005835e
00057dc7
00057834
000572a6
00056d1c
00056797
00056217
00055c9c
00055725
000551b2
00054c45
000546dc
00054177
00053c17
000536bc
00053165
00052c12
000526c4
0005217b
00051c36
000516f5
000511b9
00050c81
0005074e
0005021f
0004fcf5
0004f7ce
00059f99
000599ea
00059440
00058e9c
000588fa
0005835e
00057dc7
00057834
000572a6
00056d1c
00056797
00056217
00055c9c
00055725
000551b2
00054c45
000546dc
00054177
00053c17
000536bc
00053165
00052c12
000526c4
0005217b
00051c36
000516f5
000511b9
00050c81
0005074e
0005021f
0004fcf5
0004f7ce
000000de
0004f2ad
0004ed8f
0004e876
0004e361
0004de51
0004d944
0004d43c
0004cf39
0004ca39
0004c53e
0004c047
0004bb54
0004b666
0004b17b
0004ac95
0004a7b3
0004a2d5
00049dfb
00049925
00049453
00048f86
00048abc
000485f7
00048135
00047c78
000477bf
00047309
00046e58
000469aa
00046501
0004605b
00045bba
0004f2ad
0004ed8f
0004e876
0004e361
0004de51
0004d944
0004d43c
0004cf39
0004ca39
0004c53e
0004c047
0004bb54
0004b666
0004b17b
0004ac95
0004a7b3
0004a2d5
00049dfb
00049925
00049453
00048f86
00048abc
000485f7
00048135
00047c78
000477bf
00047309
00046e58
000469aa
00046501
0004605b
00045bba
000000df
0004571c
00045283
00044ded
0004495b
000444cd
00044043
00043bbd
0004373b
000432bc
00042e41
000429ca
00042557
000420e8
00041c7c
00041814
000413b0
00040f50
00040af3
0004069a
00040245
0003fdf4
0003f9a6
0003f55c
0003f115
0003ecd2
0003e893
0003e458
0003e020
0003dbeb
0003d7ba
0003d38d
0003cf63
0004571c
00045283
00044ded
0004495b
000444cd
00044043
00043bbd
0004373b
000432bc
00042e41
000429ca
00042557
000420e8
00041c7c
00041814
000413b0
00040f50
00040af3
0004069a
00040245
0003fdf4
0003f9a6
0003f55c
0003f115
0003ecd2
0003e893
0003e458
0003e020
0003dbeb
0003d7ba
0003d38d
0003cf63
000000e0
0003cb3d
0003c71b
0003c2fc
0003bee0
0003bac8
0003b6b4
0003b2a2
0003ae95
0003aa8b
0003a684
0003a281
00039e81
00039a85
0003968c
00039296
00038ea4
00038ab5
000386ca
000382e1
00037efd
00037b1b
0003773d
00037362
00036f8b
00036bb7
000367e6
00036418
0003604e
00035c87
000358c3
00035502
00035144
0003cb3d
0003c71b
0003c2fc
0003bee0
0003bac8
0003b6b4
0003b2a2
0003ae95
0003aa8b
0003a684
0003a281
00039e81
00039a85
0003968c
00039296
00038ea4
00038ab5
000386ca
000382e1
00037efd
00037b1b
0003773d
00037362
00036f8b
00036bb7
000367e6
00036418
0003604e
00035c87
000358c3
00035502
00035144
000000e1
00034d8a
000349d3
0003461f
0003426f
00033ec1
00033b17
00033770
000333cc
0003302b
00032c8d
000328f2
0003255a
000321c6
00031e34
00031aa6
0003171b
00031392
0003100d
00030c8b
0003090c
0003058f
00030216
0002fea0
0002fb2d
0002f7bc
0002f44f
0002f0e5
0002ed7e
0002ea19
0002e6b8
0002e359
0002dffd
00034d8a
000349d3
0003461f
0003426f
00033ec1
00033b17
00033770
000333cc
0003302b
00032c8d
000328f2
0003255a
000321c6
00031e34
00031aa6
0003171b
00031392
0003100d
00030c8b
0003090c
0003058f
00030216
0002fea0
0002fb2d
0002f7bc
0002f44f
0002f0e5
0002ed7e
0002ea19
0002e6b8
0002e359
0002dffd
000000e2
0002dca4
0002d94e
0002d5fb
0002d2ab
0002cf5e
0002cc13
0002c8cb
0002c587
0002c245
0002bf05
0002bbc9
0002b88f
0002b558
0002b224
0002aef3
0002abc4
0002a898
0002a56e
0002a247
00029f23
00029c01
000298e1
000295c3
000292a7
00028f8e
00028c75
0002895e
00028647
00028331
00028019
00027cff
000279e2
0002dca4
0002d94e
0002d5fb
0002d2ab
0002cf5e
0002cc13
0002c8cb
0002c587
0002c245
0002bf05
0002bbc9
0002b88f
0002b558
0002b224
0002aef3
0002abc4
0002a898
0002a56e
0002a247
00029f23
00029c01
000298e1
000295c3
000292a7
00028f8e
00028c75
0002895e
00028647
00028331
00028019
00027cff
000279e2
000000e3
000276c0
00027396
00027060
00026d1b
000269c1
0002664b
000262ae
00025edf
00025ace
00025664
00025186
00024c0f
000245cf
00023e8a
000235f0
00022b9e
00021f11
00020fa9
0001fc9c
0001e4f2
0001c782
0001a2f0
000175ad
00013e05
0000fa34
0000a880
00004763
ffffd5c7
ffff533c
fffec034
fffe1e3b
fffd700d
000276c0
00027396
00027060
00026d1b
000269c1
0002664b
000262ae
00025edf
00025ace
00025664
00025186
00024c0f
000245cf
00023e8a
000235f0
00022b9e
00021f11
00020fa9
0001fc9c
0001e4f2
0001c782
0001a2f0
000175ad
00013e05
0000fa34
0000a880
00004763
ffffd5c7
ffff533c
fffec034
fffe1e3b
fffd700d
000000e4
fffcb997
fffbffb6
fffb47d8
fffa976a
fff9f345
fff95f2f
fff8dd94
fff86f70
fff81482
fff7cb91
fff792c7
fff767fc
fff748f7
fff7339c
fff725ff
fff71e74
fff71b97
fff71c3f
fff71f80
fff724a2
fff72b16
fff7326d
fff73a5a
fff742a1
fff74b16
fff7539b
fff75c13
fff7646a
fff76c91
fff77484
fff77c41
fff783cf
fffcb997
fffbffb6
fffb47d8
fffa976a
fff9f345
fff95f2f
fff8dd94
fff86f70
fff81482
fff7cb91
fff792c7
fff767fc
fff748f7
fff7339c
fff725ff
fff71e74
fff71b97
fff71c3f
fff71f80
fff724a2
fff72b16
fff7326d
fff73a5a
fff742a1
fff74b16
fff7539b
fff75c13
fff7646a
fff76c91
fff77484
fff77c41
fff783cf
000000e5
fff78b34
fff7927c
fff799b1
fff7a0db
fff7a802
fff7af2d
fff7b660
fff7bd9d
fff7c4e6
fff7cc3a
fff7d399
fff7db03
fff7e274
fff7e9ec
fff7f168
fff7f8e8
fff80068
fff807e9
fff80f68
fff816e4
fff81e5e
fff825d3
fff82d43
fff834ae
fff83c15
fff84375
fff84acf
fff85224
fff85973
fff860bb
fff867fe
fff86f3a
fff78b34
fff7927c
fff799b1
fff7a0db
fff7a802
fff7af2d
fff7b660
fff7bd9d
fff7c4e6
fff7cc3a
fff7d399
fff7db03
fff7e274
fff7e9ec
fff7f168
fff7f8e8
fff80068
fff807e9
fff80f68
fff816e4
fff81e5e
fff825d3
fff82d43
fff834ae
fff83c15
fff84375
fff84acf
fff85224
fff85973
fff860bb
fff867fe
fff86f3a
000000e6
fff87671
fff87da1
fff884cc
fff88bf0
fff8930f
fff89a27
fff8a13a
fff8a847
fff8af4e
fff8b650
fff8bd4b
fff8c441
fff8cb31
fff8d21b
fff8d900
fff8dfdf
fff8e6b8
fff8ed8c
fff8f45a
fff8fb22
fff901e5
fff908a2
fff90f5a
fff9160c
fff91cb9
fff92360
fff92a02
fff9309e
fff93735
fff93dc6
fff94452
fff94ad8
fff87671
fff87da1
fff884cc
fff88bf0
fff8930f
fff89a27
fff8a13a
fff8a847
fff8af4e
fff8b650
fff8bd4b
fff8c441
fff8cb31
fff8d21b
fff8d900
fff8dfdf
fff8e6b8
fff8ed8c
fff8f45a
fff8fb22
fff901e5
fff908a2
fff90f5a
fff9160c
fff91cb9
fff92360
fff92a02
fff9309e
fff93735
fff93dc6
fff94452
fff94ad8
000000e7
fff95159
fff957d5
fff95e4b
fff964bc
fff96b28
fff9718e
fff977f0
fff97e4b
fff984a2
fff98af3
fff99140
fff99787
fff99dc8
fff9a405
fff9aa3c
fff9b06f
fff9b69c
fff9bcc4
fff9c2e7
fff9c905
fff9cf1e
fff9d531
fff9db40
fff9e14a
fff9e74f
fff9ed4f
fff9f349
fff9f93f
fff9ff30
fffa051c
fffa0b03
fffa10e6
fff95159
fff957d5
fff95e4b
fff964bc
fff96b28
fff9718e
fff977f0
fff97e4b
fff984a2
fff98af3
fff99140
fff99787
fff99dc8
fff9a405
fff9aa3c
fff9b06f
fff9b69c
fff9bcc4
fff9c2e7
fff9c905
fff9cf1e
fff9d531
fff9db40
fff9e14a
fff9e74f
fff9ed4f
fff9f349
fff9f93f
fff9ff30
fffa051c
fffa0b03
fffa10e6
000000e8
fffa16c3
fffa1c9b
fffa226f
fffa283e
fffa2e08
fffa33cd
fffa398e
fffa3f49
fffa4500
fffa4ab2
fffa505f
fffa5608
fffa5bac
fffa614b
fffa66e6
fffa6c7c
fffa720d
fffa779a
fffa7d22
fffa82a6
fffa8825
fffa8d9f
fffa9315
fffa9886
fffa9df3
fffaa35b
fffaa8bf
fffaae1f
fffab379
fffab8d0
fffabe22
fffac370
fffa16c3
fffa1c9b
fffa226f
fffa283e
fffa2e08
fffa33cd
fffa398e
fffa3f49
fffa4500
fffa4ab2
fffa505f
fffa5608
fffa5bac
fffa614b
fffa66e6
fffa6c7c
fffa720d
fffa779a
fffa7d22
fffa82a6
fffa8825
fffa8d9f
fffa9315
fffa9886
fffa9df3
fffaa35b
fffaa8bf
fffaae1f
fffab379
fffab8d0
fffabe22
fffac370
000000e9
fffac8b9
fffacdfd
fffad33e
fffad87a
fffaddb2
fffae2e5
fffae814
fffaed3f
fffaf265
fffaf787
fffafca5
fffb01be
fffb06d4
fffb0be5
fffb10f2
fffb15fa
fffb1aff
fffb1fff
fffb24fb
fffb29f3
fffb2ee7
fffb33d6
fffb38c2
fffb3da9
fffb428d
fffb476c
fffb4c47
fffb511e
fffb55f2
fffb5ac1
fffb5f8c
fffb6453
fffac8b9
fffacdfd
fffad33e
fffad87a
fffaddb2
fffae2e5
fffae814
fffaed3f
fffaf265
fffaf787
fffafca5
fffb01be
fffb06d4
fffb0be5
fffb10f2
fffb15fa
fffb1aff
fffb1fff
fffb24fb
fffb29f3
fffb2ee7
fffb33d6
fffb38c2
fffb3da9
fffb428d
fffb476c
fffb4c47
fffb511e
fffb55f2
fffb5ac1
fffb5f8c
fffb6453
000000ea
fffb6916
fffb6dd5
fffb7290
fffb7747
fffb7bfb
fffb80aa
fffb8555
fffb89fd
fffb8ea0
fffb9340
fffb97dc
fffb9c74
fffba108
fffba598
fffbaa25
fffbaeae
fffbb332
fffbb7b4
fffbbc31
fffbc0aa
fffbc520
fffbc993
fffbce01
fffbd26c
fffbd6d2
fffbdb36
fffbdf95
fffbe3f1
fffbe84a
fffbec9e
fffbf0ef
fffbf53d
fffb6916
fffb6dd5
fffb7290
fffb7747
fffb7bfb
fffb80aa
fffb8555
fffb89fd
fffb8ea0
fffb9340
fffb97dc
fffb9c74
fffba108
fffba598
fffbaa25
fffbaeae
fffbb332
fffbb7b4
fffbbc31
fffbc0aa
fffbc520
fffbc993
fffbce01
fffbd26c
fffbd6d2
fffbdb36
fffbdf95
fffbe3f1
fffbe84a
fffbec9e
fffbf0ef
fffbf53d
000000eb
fffbf986
fffbfdcc
fffc020f
fffc064e
fffc0a89
fffc0ec1
fffc12f6
fffc1727
fffc1b54
fffc1f7e
fffc23a4
fffc27c7
fffc2be6
fffc3002
fffc341a
fffc382f
fffc3c41
fffc404f
fffc4459
fffc4861
fffc4c65
fffc5065
fffc5462
fffc585c
fffc5c52
fffc6046
fffc6435
fffc6822
fffc6c0b
fffc6ff1
fffc73d3
fffc77b2
fffbf986
fffbfdcc
fffc020f
fffc064e
fffc0a89
fffc0ec1
fffc12f6
fffc1727
fffc1b54
fffc1f7e
fffc23a4
fffc27c7
fffc2be6
fffc3002
fffc341a
fffc382f
fffc3c41
fffc404f
fffc4459
fffc4861
fffc4c65
fffc5065
fffc5462
fffc585c
fffc5c52
fffc6046
fffc6435
fffc6822
fffc6c0b
fffc6ff1
fffc73d3
fffc77b2
000000ec
fffc7b8e
fffc7f67
fffc833d
fffc870f
fffc8ade
fffc8eaa
fffc9273
fffc9638
fffc99fa
fffc9db9
fffca175
fffca52e
fffca8e4
fffcac96
fffcb045
fffcb3f2
fffcb79b
fffcbb41
fffcbee4
fffcc284
fffcc621
fffcc9ba
fffccd51
fffcd0e5
fffcd475
fffcd803
fffcdb8e
fffcdf15
fffce29a
fffce61b
fffce99a
fffced16
fffc7b8e
fffc7f67
fffc833d
fffc870f
fffc8ade
fffc8eaa
fffc9273
fffc9638
fffc99fa
fffc9db9
fffca175
fffca52e
fffca8e4
fffcac96
fffcb045
fffcb3f2
fffcb79b
fffcbb41
fffcbee4
fffcc284
fffcc621
fffcc9ba
fffccd51
fffcd0e5
fffcd475
fffcd803
fffcdb8e
fffcdf15
fffce29a
fffce61b
fffce99a
fffced16
000000ed
fffcf08e
fffcf404
fffcf777
fffcfae7
fffcfe54
fffd01be
fffd0525
fffd088a
fffd0beb
fffd0f4a
fffd12a5
fffd15fe
fffd1954
fffd1ca7
fffd1ff8
fffd2345
fffd2690
fffd29d8
fffd2d1d
fffd305f
fffd339f
fffd36dc
fffd3a16
fffd3d4d
fffd4082
fffd43b4
fffd46e3
fffd4a10
fffd4d3a
fffd5061
fffd5386
fffd56a8
fffcf08e
fffcf404
fffcf777
fffcfae7
fffcfe54
fffd01be
fffd0525
fffd088a
fffd0beb
fffd0f4a
fffd12a5
fffd15fe
fffd1954
fffd1ca7
fffd1ff8
fffd2345
fffd2690
fffd29d8
fffd2d1d
fffd305f
fffd339f
fffd36dc
fffd3a16
fffd3d4d
fffd4082
fffd43b4
fffd46e3
fffd4a10
fffd4d3a
fffd5061
fffd5386
fffd56a8
000000ee
fffd59c8
fffd5ce5
fffd6000
fffd6319
fffd6630
fffd6945
fffd6c58
fffd6f6b
fffd727c
fffd758d
fffd789e
fffd7bb1
fffd7ec6
fffd81e0
fffd8500
fffd882a
fffd8b60
fffd8ea7
fffd9207
fffd9587
fffd9932
fffd9d16
fffda145
fffda5d8
fffdaaef
fffdb0b1
fffdb754
fffdbf1c
fffdc860
fffdd391
fffde13d
fffdf215
fffd59c8
fffd5ce5
fffd6000
fffd6319
fffd6630
fffd6945
fffd6c58
fffd6f6b
fffd727c
fffd758d
fffd789e
fffd7bb1
fffd7ec6
fffd81e0
fffd8500
fffd882a
fffd8b60
fffd8ea7
fffd9207
fffd9587
fffd9932
fffd9d16
fffda145
fffda5d8
fffdaaef
fffdb0b1
fffdb754
fffdbf1c
fffdc860
fffdd391
fffde13d
fffdf215
000000ef
fffe06f3
fffe20e6
fffe412b
fffe6931
fffe9a99
fffed71e
ffff2085
ffff7878
ffffe053
000058f1
0000e26e
00017be8
0002235b
0002d589
00038e18
000447de
0004fd5a
0005a944
00064728
0006d3c7
00074d4f
0007b34e
0008067b
0008485a
00087af0
0008a074
0008bb18
0008cce8
0008d7b7
0008dd13
0008de47
0008dc62
fffe06f3
fffe20e6
fffe412b
fffe6931
fffe9a99
fffed71e
ffff2085
ffff7878
ffffe053
000058f1
0000e26e
00017be8
0002235b
0002d589
00038e18
000447de
0004fd5a
0005a944
00064728
0006d3c7
00074d4f
0007b34e
0008067b
0008485a
00087af0
0008a074
0008bb18
0008cce8
0008d7b7
0008dd13
0008de47
0008dc62
000000f0
0008d83a
0008d274
0008cb94
0008c3f8
0008bbe8
0008b397
0008ab2a
0008a2b8
00089a50
000891fc
000889bf
0008819a
0008798e
00087196
000869b1
000861dc
00085a14
00085255
00084a9f
000842f0
00083b46
0008339f
00082bfd
0008245e
00081cc3
0008152a
00080d95
00080604
0007fe77
0007f6ee
0007ef69
0007e7e9
0008d83a
0008d274
0008cb94
0008c3f8
0008bbe8
0008b397
0008ab2a
0008a2b8
00089a50
000891fc
000889bf
0008819a
0008798e
00087196
000869b1
000861dc
00085a14
00085255
00084a9f
000842f0
00083b46
0008339f
00082bfd
0008245e
00081cc3
0008152a
00080d95
00080604
0007fe77
0007f6ee
0007ef69
0007e7e9
000000f1
0007e06f
0007d8f9
0007d189
0007ca1e
0007c2b9
0007bb5a
0007b401
0007acad
0007a560
00079e18
000796d6
00078f9a
00078865
00078135
00077a0b
000772e7
00076bc9
000764b1
00075d9f
00075693
00074f8c
0007488b
00074190
00073a9b
000733ab
00072cc2
000725de
00071eff
00071827
00071153
00070a86
000703be
0007e06f
0007d8f9
0007d189
0007ca1e
0007c2b9
0007bb5a
0007b401
0007acad
0007a560
00079e18
000796d6
00078f9a
00078865
00078135
00077a0b
000772e7
00076bc9
000764b1
00075d9f
00075693
00074f8c
0007488b
00074190
00073a9b
000733ab
00072cc2
000725de
00071eff
00071827
00071153
00070a86
000703be
000000f2
0006fcfc
0006f63f
0006ef88
0006e8d7
0006e22a
0006db84
0006d4e3
0006ce47
0006c7b1
0006c121
0006ba95
0006b40f
0006ad8f
0006a714
0006a09e
00069a2e
000693c3
00068d5d
000686fc
000680a1
00067a4b
000673fa
00066daf
00066769
00066128
00065aec
000654b5
00064e83
00064857
0006422f
00063c0d
000635f0
0006fcfc
0006f63f
0006ef88
0006e8d7
0006e22a
0006db84
0006d4e3
0006ce47
0006c7b1
0006c121
0006ba95
0006b40f
0006ad8f
0006a714
0006a09e
00069a2e
000693c3
00068d5d
000686fc
000680a1
00067a4b
000673fa
00066daf
00066769
00066128
00065aec
000654b5
00064e83
00064857
0006422f
00063c0d
000635f0
000000f3
00062fd8
000629c5
000623b7
00061dae
000617aa
000611ab
00060bb1
000605bb
0005ffcb
0005f9e0
0005f3f9
0005ee18
0005e83b
0005e264
0005dc91
0005d6c3
0005d0f9
0005cb35
0005c575
0005bfba
0005ba04
0005b453
0005aea6
0005a8fe
0005a35b
00059dbc
00059823
0005928d
00058cfd
00058771
000581e9
00057c66
00062fd8
000629c5
000623b7
00061dae
000617aa
000611ab
00060bb1
000605bb
0005ffcb
0005f9e0
0005f3f9
0005ee18
0005e83b
0005e264
0005dc91
0005d6c3
0005d0f9
0005cb35
0005c575
0005bfba
0005ba04
0005b453
0005aea6
0005a8fe
0005a35b
00059dbc
00059823
0005928d
00058cfd
00058771
000581e9
00057c66
000000f4
000576e8
0005716f
00056bfa
00056689
0005611d
00055bb5
00055652
000550f4
00054b9a
00054644
000540f3
00053ba6
0005365e
0005311a
00052bda
0005269f
00052168
00051c36
00051708
000511de
00050cb8
00050797
0005027a
0004fd61
0004f84d
0004f33c
0004ee30
0004e928
0004e425
0004df25
0004da2a
0004d533
000576e8
0005716f
00056bfa
00056689
0005611d
00055bb5
00055652
000550f4
00054b9a
00054644
000540f3
00053ba6
0005365e
0005311a
00052bda
0005269f
00052168
00051c36
00051708
000511de
00050cb8
00050797
0005027a
0004fd61
0004f84d
0004f33c
0004ee30
0004e928
0004e425
0004df25
0004da2a
0004d533
000000f5
0004d040
0004cb51
0004c667
0004c180
0004bc9d
0004b7bf
0004b2e5
0004ae0e
0004a93c
0004a46e
00049fa4
00049ade
0004961b
0004915d
00048ca3
000487ec
0004833a
00047e8c
000479e1
0004753a
00047098
00046bf9
0004675e
000462c7
00045e33
000459a4
00045518
00045090
00044c0c
0004478c
00044310
00043e97
0004d040
0004cb51
0004c667
0004c180
0004bc9d
0004b7bf
0004b2e5
0004ae0e
0004a93c
0004a46e
00049fa4
00049ade
0004961b
0004915d
00048ca3
000487ec
0004833a
00047e8c
000479e1
0004753a
00047098
00046bf9
0004675e
000462c7
00045e33
000459a4
00045518
00045090
00044c0c
0004478c
00044310
00043e97
000000f6
00043a22
000435b1
00043143
00042cda
00042873
00042411
00041fb2
00041b57
00041700
000412ac
00040e5c
00040a0f
000405c6
00040181
0003fd3f
0003f901
0003f4c7
0003f090
0003ec5c
0003e82c
0003e400
0003dfd7
0003dbb2
0003d790
0003d371
0003cf56
0003cb3f
0003c72b
0003c31a
0003bf0d
0003bb03
0003b6fd
00043a22
000435b1
00043143
00042cda
00042873
00042411
00041fb2
00041b57
00041700
000412ac
00040e5c
00040a0f
000405c6
00040181
0003fd3f
0003f901
0003f4c7
0003f090
0003ec5c
0003e82c
0003e400
0003dfd7
0003dbb2
0003d790
0003d371
0003cf56
0003cb3f
0003c72b
0003c31a
0003bf0d
0003bb03
0003b6fd
000000f7
0003b2fa
0003aefa
0003aafe
0003a705
0003a30f
00039f1d
00039b2e
00039743
0003935a
00038f75
00038b94
000387b6
000383da
00038002
00037c2e
0003785c
0003748e
000370c3
00036cfc
00036937
00036576
000361b7
00035dfc
00035a44
00035690
000352de
00034f30
00034b84
000347dc
00034437
00034095
00033cf6
0003b2fa
0003aefa
0003aafe
0003a705
0003a30f
00039f1d
00039b2e
00039743
0003935a
00038f75
00038b94
000387b6
000383da
00038002
00037c2e
0003785c
0003748e
000370c3
00036cfc
00036937
00036576
000361b7
00035dfc
00035a44
00035690
000352de
00034f30
00034b84
000347dc
00034437
00034095
00033cf6
000000f8
0003395a
000335c1
0003322b
00032e98
00032b09
0003277c
000323f2
0003206c
00031ce8
00031967
000315e9
0003126e
00030ef7
00030b82
00030810
000304a1
00030135
0002fdcb
0002fa65
0002f701
0002f3a1
0002f043
0002ece8
0002e990
0002e63b
0002e2e9
0002df99
0002dc4d
0002d903
0002d5bc
0002d278
0002cf36
0003395a
000335c1
0003322b
00032e98
00032b09
0003277c
000323f2
0003206c
00031ce8
00031967
000315e9
0003126e
00030ef7
00030b82
00030810
000304a1
00030135
0002fdcb
0002fa65
0002f701
0002f3a1
0002f043
0002ece8
0002e990
0002e63b
0002e2e9
0002df99
0002dc4d
0002d903
0002d5bc
0002d278
0002cf36
000000f9
0002cbf7
0002c8bb
0002c582
0002c24c
0002bf18
0002bbe7
0002b8b9
0002b58d
0002b264
0002af3d
0002ac1a
0002a8f8
0002a5da
0002a2be
00029fa4
00029c8d
00029977
00029664
00029353
00029044
00028d36
00028a29
0002871d
00028411
00028104
00027df5
00027ae2
000277cb
000274ac
00027182
00026e49
00026afc
0002cbf7
0002c8bb
0002c582
0002c24c
0002bf18
0002bbe7
0002b8b9
0002b58d
0002b264
0002af3d
0002ac1a
0002a8f8
0002a5da
0002a2be
00029fa4
00029c8d
00029977
00029664
00029353
00029044
00028d36
00028a29
0002871d
00028411
00028104
00027df5
00027ae2
000277cb
000274ac
00027182
00026e49
00026afc
000000fa
00026793
00026405
00026046
00025c47
000257f1
0002532a
00024dce
000247b0
00024094
0002382e
00022e1c
000221e0
000212de
00020053
0001e94d
0001ccaa
0001a912
00017d00
000146c1
0001048e
0000b4a8
0000557b
ffffe5d8
ffff6531
fffed3d4
fffe3323
fffd85b9
fffccf64
fffc14f9
fffb5bea
fffaa9c2
fffa0382
00026793
00026405
00026046
00025c47
000257f1
0002532a
00024dce
000247b0
00024094
0002382e
00022e1c
000221e0
000212de
00020053
0001e94d
0001ccaa
0001a912
00017d00
000146c1
0001048e
0000b4a8
0000557b
ffffe5d8
ffff6531
fffed3d4
fffe3323
fffd85b9
fffccf64
fffc14f9
fffb5bea
fffaa9c2
fffa0382
000000fb
fff96d22
fff8e93b
fff878f1
fff81c1c
fff7d191
fff7977b
fff76bae
fff74be8
fff73600
fff72801
fff72037
fff71d30
fff71dc1
fff720f7
fff72615
fff72c86
fff733dd
fff73bc9
fff7440e
fff74c84
fff7550e
fff75d98
fff76616
fff76e84
fff776dc
fff77f20
fff7874e
fff78f69
fff79773
fff79f6e
fff7a75a
fff7af3a
fff96d22
fff8e93b
fff878f1
fff81c1c
fff7d191
fff7977b
fff76bae
fff74be8
fff73600
fff72801
fff72037
fff71d30
fff71dc1
fff720f7
fff72615
fff72c86
fff733dd
fff73bc9
fff7440e
fff74c84
fff7550e
fff75d98
fff76616
fff76e84
fff776dc
fff77f20
fff7874e
fff78f69
fff79773
fff79f6e
fff7a75a
fff7af3a
000000fc
fff7b710
fff7bedd
fff7c6a1
fff7ce5d
fff7d613
fff7ddc2
fff7e56b
fff7ed0d
fff7f4aa
fff7fc41
fff803d2
fff80b5d
fff812e3
fff81a63
fff821dc
fff82950
fff830be
fff83826
fff83f88
fff846e5
fff84e3b
fff8558b
fff85cd5
fff8641a
fff86b58
fff87290
fff879c3
fff880ef
fff88816
fff88f36
fff89651
fff89d66
fff7b710
fff7bedd
fff7c6a1
fff7ce5d
fff7d613
fff7ddc2
fff7e56b
fff7ed0d
fff7f4aa
fff7fc41
fff803d2
fff80b5d
fff812e3
fff81a63
fff821dc
fff82950
fff830be
fff83826
fff83f88
fff846e5
fff84e3b
fff8558b
fff85cd5
fff8641a
fff86b58
fff87290
fff879c3
fff880ef
fff88816
fff88f36
fff89651
fff89d66
000000fd
fff8a476
fff8ab7f
fff8b283
fff8b980
fff8c078
fff8c76b
fff8ce57
fff8d53e
fff8dc1f
fff8e2fb
fff8e9d1
fff8f0a1
fff8f76c
fff8fe31
fff904f0
fff90baa
fff9125e
fff9190d
fff91fb7
fff9265b
fff92cf9
fff93392
fff93a25
fff940b3
fff9473c
fff94dbf
fff9543d
fff95ab6
fff96129
fff96797
fff96dff
fff97462
fff8a476
fff8ab7f
fff8b283
fff8b980
fff8c078
fff8c76b
fff8ce57
fff8d53e
fff8dc1f
fff8e2fb
fff8e9d1
fff8f0a1
fff8f76c
fff8fe31
fff904f0
fff90baa
fff9125e
fff9190d
fff91fb7
fff9265b
fff92cf9
fff93392
fff93a25
fff940b3
fff9473c
fff94dbf
fff9543d
fff95ab6
fff96129
fff96797
fff96dff
fff97462
000000fe
fff97ac0
fff98119
fff9876c
fff98dbb
fff99404
fff99a48
fff9a086
fff9a6c0
fff9acf4
fff9b323
fff9b94e
fff9bf73
fff9c592
fff9cbae
fff9d1c3
fff9d7d4
fff9dde0
fff9e3e7
fff9e9e8
fff9efe5
fff9f5dd
fff9fbd0
fffa01be
fffa07a7
fffa0d8b
fffa136b
fffa1945
fffa1f1b
fffa24ec
fffa2ab8
fffa307f
fffa3641
fff97ac0
fff98119
fff9876c
fff98dbb
fff99404
fff99a48
fff9a086
fff9a6c0
fff9acf4
fff9b323
fff9b94e
fff9bf73
fff9c592
fff9cbae
fff9d1c3
fff9d7d4
fff9dde0
fff9e3e7
fff9e9e8
fff9efe5
fff9f5dd
fff9fbd0
fffa01be
fffa07a7
fffa0d8b
fffa136b
fffa1945
fffa1f1b
fffa24ec
fffa2ab8
fffa307f
fffa3641
000000ff
fffa3bff
fffa41b8
fffa476c
fffa4d1b
fffa52c6
fffa586c
fffa5e0d
fffa63aa
fffa6941
fffa6ed5
fffa7463
fffa79ee
fffa7f73
fffa84f4
fffa8a70
fffa8fe8
fffa955b
fffa9aca
fffaa034
fffaa59a
fffaaafb
fffab058
fffab5b0
fffabb04
fffac053
fffac59f
fffacae5
fffad027
fffad565
fffada9f
fffadfd4
fffae505
fffa3bff
fffa41b8
fffa476c
fffa4d1b
fffa52c6
fffa586c
fffa5e0d
fffa63aa
fffa6941
fffa6ed5
fffa7463
fffa79ee
fffa7f73
fffa84f4
fffa8a70
fffa8fe8
fffa955b
fffa9aca
fffaa034
fffaa59a
fffaaafb
fffab058
fffab5b0
fffabb04
fffac053
fffac59f
fffacae5
fffad027
fffad565
fffada9f
fffadfd4
fffae505
00000100
fffaea31
fffaef59
fffaf47d
fffaf99d
fffafeb8
fffb03cf
fffb08e2
fffb0df1
fffb12fb
fffb1802
fffb1d03
fffb2201
fffb26fb
fffb2bf1
fffb30e2
fffb35cf
fffb3ab9
fffb3f9e
fffb447f
fffb495c
fffb4e34
fffb5309
fffb57da
fffb5ca7
fffb6170
fffb6635
fffb6af5
fffb6fb2
fffb746b
fffb7920
fffb7dd1
fffb827e
fffaea31
fffaef59
fffaf47d
fffaf99d
fffafeb8
fffb03cf
fffb08e2
fffb0df1
fffb12fb
fffb1802
fffb1d03
fffb2201
fffb26fb
fffb2bf1
fffb30e2
fffb35cf
fffb3ab9
fffb3f9e
fffb447f
fffb495c
fffb4e34
fffb5309
fffb57da
fffb5ca7
fffb6170
fffb6635
fffb6af5
fffb6fb2
fffb746b
fffb7920
fffb7dd1
fffb827e
00000101
fffb8727
fffb8bcd
fffb906e
fffb950c
fffb99a5
fffb9e3b
fffba2cd
fffba75b
fffbabe5
fffbb06c
fffbb4ef
fffbb96e
fffbbde9
fffbc261
fffbc6d4
fffbcb44
fffbcfb1
fffbd419
fffbd87e
fffbdcdf
fffbe13d
fffbe597
fffbe9ed
fffbee40
fffbf28e
fffbf6da
fffbfb22
fffbff66
fffc03a6
fffc07e3
fffc0c1d
fffc1053
fffb8727
fffb8bcd
fffb906e
fffb950c
fffb99a5
fffb9e3b
fffba2cd
fffba75b
fffbabe5
fffbb06c
fffbb4ef
fffbb96e
fffbbde9
fffbc261
fffbc6d4
fffbcb44
fffbcfb1
fffbd419
fffbd87e
fffbdcdf
fffbe13d
fffbe597
fffbe9ed
fffbee40
fffbf28e
fffbf6da
fffbfb22
fffbff66
fffc03a6
fffc07e3
fffc0c1d
fffc1053
00000102
fffc1485
fffc18b4
fffc1cdf
fffc2107
fffc252b
fffc294c
fffc2d6a
fffc3184
fffc359a
fffc39ad
fffc3dbd
fffc41c9
fffc45d2
fffc49d7
fffc4dd9
fffc51d8
fffc55d3
fffc59cb
fffc5dc0
fffc61b1
fffc659f
fffc698a
fffc6d71
fffc7155
fffc7536
fffc7913
fffc7cee
fffc80c5
fffc8498
fffc8869
fffc8c36
fffc9000
fffc1485
fffc18b4
fffc1cdf
fffc2107
fffc252b
fffc294c
fffc2d6a
fffc3184
fffc359a
fffc39ad
fffc3dbd
fffc41c9
fffc45d2
fffc49d7
fffc4dd9
fffc51d8
fffc55d3
fffc59cb
fffc5dc0
fffc61b1
fffc659f
fffc698a
fffc6d71
fffc7155
fffc7536
fffc7913
fffc7cee
fffc80c5
fffc8498
fffc8869
fffc8c36
fffc9000
00000103
fffc93c7
fffc978b
fffc9b4b
fffc9f09
fffca2c3
fffca67a
fffcaa2e
fffcaddf
fffcb18c
fffcb537
fffcb8de
fffcbc83
fffcc024
fffcc3c2
fffcc75e
fffccaf6
fffcce8b
fffcd21d
fffcd5ac
fffcd938
fffcdcc1
fffce047
fffce3ca
fffce74a
fffceac7
fffcee41
fffcf1b8
fffcf52d
fffcf89e
fffcfc0c
fffcff78
fffd02e0
fffc93c7
fffc978b
fffc9b4b
fffc9f09
fffca2c3
fffca67a
fffcaa2e
fffcaddf
fffcb18c
fffcb537
fffcb8de
fffcbc83
fffcc024
fffcc3c2
fffcc75e
fffccaf6
fffcce8b
fffcd21d
fffcd5ac
fffcd938
fffcdcc1
fffce047
fffce3ca
fffce74a
fffceac7
fffcee41
fffcf1b8
fffcf52d
fffcf89e
fffcfc0c
fffcff78
fffd02e0
00000104
fffd0646
fffd09a9
fffd0d09
fffd1066
fffd13c0
fffd1717
fffd1a6c
fffd1dbe
fffd210c
fffd2459
fffd27a2
fffd2ae8
fffd2e2c
fffd316d
fffd34ab
fffd37e6
fffd3b1f
fffd3e55
fffd4188
fffd44b9
fffd47e6
fffd4b12
fffd4e3a
fffd5160
fffd5483
fffd57a4
fffd5ac2
fffd5dde
fffd60f7
fffd640f
fffd6723
fffd6a36
fffd0646
fffd09a9
fffd0d09
fffd1066
fffd13c0
fffd1717
fffd1a6c
fffd1dbe
fffd210c
fffd2459
fffd27a2
fffd2ae8
fffd2e2c
fffd316d
fffd34ab
fffd37e6
fffd3b1f
fffd3e55
fffd4188
fffd44b9
fffd47e6
fffd4b12
fffd4e3a
fffd5160
fffd5483
fffd57a4
fffd5ac2
fffd5dde
fffd60f7
fffd640f
fffd6723
fffd6a36
00000105
fffd6d47
fffd7056
fffd7364
fffd7672
fffd797e
fffd7c8c
fffd7f9a
fffd82ab
fffd85c0
fffd88dc
fffd8c00
fffd8f31
fffd9273
fffd95cc
fffd9945
fffd9ce8
fffda0c3
fffda4e8
fffda96d
fffdae73
fffdb420
fffdbaa8
fffdc24e
fffdcb67
fffdd65f
fffde3c3
fffdf43f
fffe08a9
fffe220b
fffe419e
fffe68d0
fffe993d
fffd6d47
fffd7056
fffd7364
fffd7672
fffd797e
fffd7c8c
fffd7f9a
fffd82ab
fffd85c0
fffd88dc
fffd8c00
fffd8f31
fffd9273
fffd95cc
fffd9945
fffd9ce8
fffda0c3
fffda4e8
fffda96d
fffdae73
fffdb420
fffdbaa8
fffdc24e
fffdcb67
fffdd65f
fffde3c3
fffdf43f
fffe08a9
fffe220b
fffe419e
fffe68d0
fffe993d
00000106
fffed4a3
ffff1ccc
ffff7369
ffffd9e4
0000512a
0000d96c
000171df
00021894
0002ca63
00038300
00043d43
0004f3a2
0005a0c6
0006401d
0006ce4d
00074967
0007b0e4
00080568
00084872
00087c02
0008a250
0008bd94
0008cfdf
0008db0b
0008e0ac
0008e211
0008e04e
0008dc3c
0008d683
0008cfa8
0008c809
0008bfef
fffed4a3
ffff1ccc
ffff7369
ffffd9e4
0000512a
0000d96c
000171df
00021894
0002ca63
00038300
00043d43
0004f3a2
0005a0c6
0006401d
0006ce4d
00074967
0007b0e4
00080568
00084872
00087c02
0008a250
0008bd94
0008cfdf
0008db0b
0008e0ac
0008e211
0008e04e
0008dc3c
0008d683
0008cfa8
0008c809
0008bfef
00000107
0008b78d
0008af06
0008a673
00089de4
00089561
00088cf2
00088496
00087c50
0008741e
00086c00
000863f2
00085bf4
00085404
00084c20
00084448
00083c79
000834b4
00082cf7
00082541
00081d93
000815eb
00080e4a
000806b0
0007ff1c
0007f78e
0007f006
0007e884
0007e109
0007d993
0007d224
0007caba
0007c357
0008b78d
0008af06
0008a673
00089de4
00089561
00088cf2
00088496
00087c50
0008741e
00086c00
000863f2
00085bf4
00085404
00084c20
00084448
00083c79
000834b4
00082cf7
00082541
00081d93
000815eb
00080e4a
000806b0
0007ff1c
0007f78e
0007f006
0007e884
0007e109
0007d993
0007d224
0007caba
0007c357
00000108
0007bbf9
0007b4a2
0007ad51
0007a605
00079ec0
00079780
00079047
00078913
000781e5
00077abe
0007739c
00076c80
00076569
00075e59
0007574e
0007504a
0007494a
00074251
00073b5e
00073470
00072d88
000726a6
00071fc9
000718f2
00071220
00070b55
0007048e
0006fdce
0006f712
0006f05d
0006e9ad
0006e302
0007bbf9
0007b4a2
0007ad51
0007a605
00079ec0
00079780
00079047
00078913
000781e5
00077abe
0007739c
00076c80
00076569
00075e59
0007574e
0007504a
0007494a
00074251
00073b5e
00073470
00072d88
000726a6
00071fc9
000718f2
00071220
00070b55
0007048e
0006fdce
0006f712
0006f05d
0006e9ad
0006e302
00000109
0006dc5e
0006d5be
0006cf24
0006c88f
0006c200
0006bb76
0006b4f2
0006ae73
0006a7f9
0006a185
00069b16
000694ac
00068e48
000687e9
0006818f
00067b3b
000674eb
00066ea1
0006685c
0006621c
00065be1
000655ac
00064f7c
00064951
0006432a
00063d0a
000636ed
000630d7
00062ac5
000624b8
00061eb0
000618ad
0006dc5e
0006d5be
0006cf24
0006c88f
0006c200
0006bb76
0006b4f2
0006ae73
0006a7f9
0006a185
00069b16
000694ac
00068e48
000687e9
0006818f
00067b3b
000674eb
00066ea1
0006685c
0006621c
00065be1
000655ac
00064f7c
00064951
0006432a
00063d0a
000636ed
000630d7
00062ac5
000624b8
00061eb0
000618ad
0000010a
000612af
00060cb6
000606c2
000600d3
0005fae9
0005f504
0005ef23
0005e948
0005e371
0005dd9f
0005d7d2
0005d20a
0005cc47
0005c688
0005c0ce
0005bb19
0005b569
0005afbd
0005aa16
0005a474
00059ed6
0005993d
000593a9
00058e19
0005888e
00058307
00057d85
00057808
0005728f
00056d1b
000567ab
00056240
000612af
00060cb6
000606c2
000600d3
0005fae9
0005f504
0005ef23
0005e948
0005e371
0005dd9f
0005d7d2
0005d20a
0005cc47
0005c688
0005c0ce
0005bb19
0005b569
0005afbd
0005aa16
0005a474
00059ed6
0005993d
000593a9
00058e19
0005888e
00058307
00057d85
00057808
0005728f
00056d1b
000567ab
00056240
0000010b
00055cda
00055778
0005521a
00054cc1
0005476c
0005421b
00053ccf
00053788
00053244
00052d06
000527cb
00052295
00051d63
00051836
0005130d
00050de8
000508c7
000503ab
0004fe93
0004f97f
0004f470
0004ef64
0004ea5d
0004e55a
0004e05b
0004db61
0004d66a
0004d178
0004cc8a
0004c7a0
0004c2ba
0004bdd8
00055cda
00055778
0005521a
00054cc1
0005476c
0005421b
00053ccf
00053788
00053244
00052d06
000527cb
00052295
00051d63
00051836
0005130d
00050de8
000508c7
000503ab
0004fe93
0004f97f
0004f470
0004ef64
0004ea5d
0004e55a
0004e05b
0004db61
0004d66a
0004d178
0004cc8a
0004c7a0
0004c2ba
0004bdd8
0000010c
0004b8fa
0004b420
0004af4a
0004aa79
0004a5ab
0004a0e1
00049c1b
0004975a
0004929c
00048de2
0004892c
0004847b
00047fcc
00047b23
0004767c
000471da
00046d3c
000468a1
0004640a
00045f78
00045ae8
0004565d
000451d6
00044d52
000448d2
00044456
00043fde
00043b6a
000436f8
0004328c
00042e22
000429bc
0004b8fa
0004b420
0004af4a
0004aa79
0004a5ab
0004a0e1
00049c1b
0004975a
0004929c
00048de2
0004892c
0004847b
00047fcc
00047b23
0004767c
000471da
00046d3c
000468a1
0004640a
00045f78
00045ae8
0004565d
000451d6
00044d52
000448d2
00044456
00043fde
00043b6a
000436f8
0004328c
00042e22
000429bc
0000010d
0004255a
000420fc
00041ca1
0004184a
000413f7
00040fa7
00040b5a
00040712
000402cd
0003fe8c
0003fa4e
0003f614
0003f1dd
0003edaa
0003e97a
0003e54e
0003e125
0003dd00
0003d8de
0003d4c0
0003d0a5
0003cc8e
0003c87a
0003c46a
0003c05d
0003bc53
0003b84d
0003b44a
0003b04b
0003ac4f
0003a856
0003a461
0004255a
000420fc
00041ca1
0004184a
000413f7
00040fa7
00040b5a
00040712
000402cd
0003fe8c
0003fa4e
0003f614
0003f1dd
0003edaa
0003e97a
0003e54e
0003e125
0003dd00
0003d8de
0003d4c0
0003d0a5
0003cc8e
0003c87a
0003c46a
0003c05d
0003bc53
0003b84d
0003b44a
0003b04b
0003ac4f
0003a856
0003a461
0000010e
0003a06e
00039c80
00039894
000394ac
000390c7
00038ce6
00038908
0003852d
00038155
00037d80
000379af
000375e1
00037216
00036e4f
00036a8a
000366c9
0003630a
00035f50
00035b98
000357e3
00035432
00035083
00034cd8
00034930
0003458a
000341e9
00033e49
00033aae
00033715
0003337f
00032fec
00032c5d
0003a06e
00039c80
00039894
000394ac
000390c7
00038ce6
00038908
0003852d
00038155
00037d80
000379af
000375e1
00037216
00036e4f
00036a8a
000366c9
0003630a
00035f50
00035b98
000357e3
00035432
00035083
00034cd8
00034930
0003458a
000341e9
00033e49
00033aae
00033715
0003337f
00032fec
00032c5d
0000010f
000328d0
00032546
000321bf
00031e3c
00031abb
0003173d
000313c2
0003104a
00030cd5
00030963
000305f4
00030288
0002ff1f
0002fbb8
0002f855
0002f4f4
0002f196
0002ee3c
0002eae3
0002e78e
0002e43c
0002e0ec
0002dd9f
0002da56
0002d70e
0002d3ca
0002d088
0002cd4a
0002ca0d
0002c6d4
0002c39e
0002c06a
000328d0
00032546
000321bf
00031e3c
00031abb
0003173d
000313c2
0003104a
00030cd5
00030963
000305f4
00030288
0002ff1f
0002fbb8
0002f855
0002f4f4
0002f196
0002ee3c
0002eae3
0002e78e
0002e43c
0002e0ec
0002dd9f
0002da56
0002d70e
0002d3ca
0002d088
0002cd4a
0002ca0d
0002c6d4
0002c39e
0002c06a
00000110
0002bd38
0002ba0a
0002b6de
0002b3b5
0002b08e
0002ad6b
0002aa49
0002a72b
0002a40e
0002a0f5
00029ddd
00029ac8
000297b5
000294a4
00029194
00028e86
00028b79
0002886d
00028561
00028254
00027f45
00027c33
0002791c
000275fe
000272d4
00026f9d
00026c51
000268eb
00026561
000261a7
00025dad
00025960
0002bd38
0002ba0a
0002b6de
0002b3b5
0002b08e
0002ad6b
0002aa49
0002a72b
0002a40e
0002a0f5
00029ddd
00029ac8
000297b5
000294a4
00029194
00028e86
00028b79
0002886d
00028561
00028254
00027f45
00027c33
0002791c
000275fe
000272d4
00026f9d
00026c51
000268eb
00026561
000261a7
00025dad
00025960
00000111
000254a4
00024f57
0002494d
0002424a
00023a06
00023020
0002241c
00021561
0002032e
0001ec95
0001d077
0001ad80
0001822a
00014cc5
00010b88
0000bcae
00005e9d
fffff01c
ffff708c
fffee02b
fffe4046
fffd9365
fffcdd45
fffc22b0
fffb6919
fffab612
fffa0eb0
fff97702
fff8f1ba
fff88016
fff821fe
fff7d652
000254a4
00024f57
0002494d
0002424a
00023a06
00023020
0002241c
00021561
0002032e
0001ec95
0001d077
0001ad80
0001822a
00014cc5
00010b88
0000bcae
00005e9d
fffff01c
ffff708c
fffee02b
fffe4046
fffd9365
fffcdd45
fffc22b0
fffb6919
fffab612
fffa0eb0
fff97702
fff8f1ba
fff88016
fff821fe
fff7d652
00000112
fff79b44
fff76ea9
fff74e3c
fff737d1
fff7296e
fff72158
fff71e1a
fff71e84
fff721a1
fff726af
fff72d19
fff7346f
fff73c5f
fff744ad
fff74d2e
fff755c4
fff75e5e
fff766ee
fff76f6c
fff777d6
fff7802b
fff7886a
fff79096
fff798af
fff7a0b7
fff7a8b1
fff7b09d
fff7b87d
fff7c052
fff7c81e
fff7cfe1
fff7d79c
fff79b44
fff76ea9
fff74e3c
fff737d1
fff7296e
fff72158
fff71e1a
fff71e84
fff721a1
fff726af
fff72d19
fff7346f
fff73c5f
fff744ad
fff74d2e
fff755c4
fff75e5e
fff766ee
fff76f6c
fff777d6
fff7802b
fff7886a
fff79096
fff798af
fff7a0b7
fff7a8b1
fff7b09d
fff7b87d
fff7c052
fff7c81e
fff7cfe1
fff7d79c
00000113
fff7df4e
fff7e6fa
fff7ee9f
fff7f63e
fff7fdd5
fff80567
fff80cf2
fff81477
fff81bf6
fff8236f
fff82ae1
fff8324e
fff839b4
fff84115
fff8486f
fff84fc4
fff85712
fff85e5b
fff8659d
fff86cda
fff87410
fff87b41
fff8826c
fff88991
fff890b0
fff897c9
fff89edc
fff8a5ea
fff8acf1
fff8b3f3
fff8baf0
fff8c1e6
fff7df4e
fff7e6fa
fff7ee9f
fff7f63e
fff7fdd5
fff80567
fff80cf2
fff81477
fff81bf6
fff8236f
fff82ae1
fff8324e
fff839b4
fff84115
fff8486f
fff84fc4
fff85712
fff85e5b
fff8659d
fff86cda
fff87410
fff87b41
fff8826c
fff88991
fff890b0
fff897c9
fff89edc
fff8a5ea
fff8acf1
fff8b3f3
fff8baf0
fff8c1e6
00000114
fff8c8d7
fff8cfc2
fff8d6a7
fff8dd86
fff8e460
fff8eb35
fff8f203
fff8f8cc
fff8ff90
fff9064e
fff90d06
fff913b9
fff91a66
fff9210e
fff927b0
fff92e4d
fff934e4
fff93b76
fff94203
fff9488a
fff94f0c
fff95588
fff95bff
fff96271
fff968dd
fff96f44
fff975a6
fff97c02
fff98259
fff988ac
fff98ef8
fff99540
fff8c8d7
fff8cfc2
fff8d6a7
fff8dd86
fff8e460
fff8eb35
fff8f203
fff8f8cc
fff8ff90
fff9064e
fff90d06
fff913b9
fff91a66
fff9210e
fff927b0
fff92e4d
fff934e4
fff93b76
fff94203
fff9488a
fff94f0c
fff95588
fff95bff
fff96271
fff968dd
fff96f44
fff975a6
fff97c02
fff98259
fff988ac
fff98ef8
fff99540
00000115
fff99b82
fff9a1bf
fff9a7f8
fff9ae2b
fff9b458
fff9ba81
fff9c0a5
fff9c6c3
fff9ccdd
fff9d2f1
fff9d900
fff9df0b
fff9e510
fff9eb11
fff9f10c
fff9f703
fff9fcf4
fffa02e1
fffa08c9
fffa0eab
fffa1489
fffa1a62
fffa2037
fffa2606
fffa2bd1
fffa3197
fffa3758
fffa3d14
fffa42cc
fffa487e
fffa4e2c
fffa53d6
fff99b82
fff9a1bf
fff9a7f8
fff9ae2b
fff9b458
fff9ba81
fff9c0a5
fff9c6c3
fff9ccdd
fff9d2f1
fff9d900
fff9df0b
fff9e510
fff9eb11
fff9f10c
fff9f703
fff9fcf4
fffa02e1
fffa08c9
fffa0eab
fffa1489
fffa1a62
fffa2037
fffa2606
fffa2bd1
fffa3197
fffa3758
fffa3d14
fffa42cc
fffa487e
fffa4e2c
fffa53d6
00000116
fffa597a
fffa5f1a
fffa64b6
fffa6a4d
fffa6fdf
fffa756c
fffa7af5
fffa8079
fffa85f9
fffa8b74
fffa90ea
fffa965c
fffa9bca
fffaa133
fffaa697
fffaabf7
fffab153
fffab6aa
fffabbfc
fffac14b
fffac694
fffacbda
fffad11b
fffad658
fffadb90
fffae0c4
fffae5f4
fffaeb1f
fffaf046
fffaf568
fffafa87
fffaffa1
fffa597a
fffa5f1a
fffa64b6
fffa6a4d
fffa6fdf
fffa756c
fffa7af5
fffa8079
fffa85f9
fffa8b74
fffa90ea
fffa965c
fffa9bca
fffaa133
fffaa697
fffaabf7
fffab153
fffab6aa
fffabbfc
fffac14b
fffac694
fffacbda
fffad11b
fffad658
fffadb90
fffae0c4
fffae5f4
fffaeb1f
fffaf046
fffaf568
fffafa87
fffaffa1
00000117
fffb04b7
fffb09c9
fffb0ed6
fffb13df
fffb18e5
fffb1de5
fffb22e2
fffb27db
fffb2ccf
fffb31c0
fffb36ac
fffb3b94
fffb4078
fffb4558
fffb4a34
fffb4f0c
fffb53df
fffb58af
fffb5d7b
fffb6242
fffb6706
fffb6bc6
fffb7082
fffb753a
fffb79ee
fffb7e9d
fffb8349
fffb87f2
fffb8c96
fffb9136
fffb95d3
fffb9a6b
fffb04b7
fffb09c9
fffb0ed6
fffb13df
fffb18e5
fffb1de5
fffb22e2
fffb27db
fffb2ccf
fffb31c0
fffb36ac
fffb3b94
fffb4078
fffb4558
fffb4a34
fffb4f0c
fffb53df
fffb58af
fffb5d7b
fffb6242
fffb6706
fffb6bc6
fffb7082
fffb753a
fffb79ee
fffb7e9d
fffb8349
fffb87f2
fffb8c96
fffb9136
fffb95d3
fffb9a6b
00000118
fffb9f00
fffba391
fffba81e
fffbaca8
fffbb12d
fffbb5af
fffbba2d
fffbbea7
fffbc31e
fffbc790
fffbcbff
fffbd06b
fffbd4d2
fffbd936
fffbdd96
fffbe1f3
fffbe64c
fffbeaa1
fffbeef3
fffbf341
fffbf78b
fffbfbd2
fffc0015
fffc0455
fffc0891
fffc0cca
fffc10ff
fffc1530
fffc195e
fffc1d88
fffc21af
fffc25d3
fffb9f00
fffba391
fffba81e
fffbaca8
fffbb12d
fffbb5af
fffbba2d
fffbbea7
fffbc31e
fffbc790
fffbcbff
fffbd06b
fffbd4d2
fffbd936
fffbdd96
fffbe1f3
fffbe64c
fffbeaa1
fffbeef3
fffbf341
fffbf78b
fffbfbd2
fffc0015
fffc0455
fffc0891
fffc0cca
fffc10ff
fffc1530
fffc195e
fffc1d88
fffc21af
fffc25d3
00000119
fffc29f3
fffc2e0f
fffc3228
fffc363e
fffc3a50
fffc3e5f
fffc426a
fffc4672
fffc4a76
fffc4e78
fffc5275
fffc5670
fffc5a67
fffc5e5b
fffc624b
fffc6638
fffc6a22
fffc6e08
fffc71ec
fffc75cc
fffc79a8
fffc7d82
fffc8158
fffc852b
fffc88fa
fffc8cc7
fffc9090
fffc9456
fffc9819
fffc9bd9
fffc9f95
fffca34f
fffc29f3
fffc2e0f
fffc3228
fffc363e
fffc3a50
fffc3e5f
fffc426a
fffc4672
fffc4a76
fffc4e78
fffc5275
fffc5670
fffc5a67
fffc5e5b
fffc624b
fffc6638
fffc6a22
fffc6e08
fffc71ec
fffc75cc
fffc79a8
fffc7d82
fffc8158
fffc852b
fffc88fa
fffc8cc7
fffc9090
fffc9456
fffc9819
fffc9bd9
fffc9f95
fffca34f
0000011a
fffca705
fffcaab8
fffcae68
fffcb215
fffcb5bf
fffcb966
fffcbd09
fffcc0aa
fffcc447
fffcc7e2
fffccb79
fffccf0d
fffcd29e
fffcd62d
fffcd9b8
fffcdd40
fffce0c5
fffce448
fffce7c7
fffceb43
fffceebd
fffcf233
fffcf5a7
fffcf917
fffcfc85
fffcffef
fffd0357
fffd06bc
fffd0a1e
fffd0d7e
fffd10da
fffd1434
fffca705
fffcaab8
fffcae68
fffcb215
fffcb5bf
fffcb966
fffcbd09
fffcc0aa
fffcc447
fffcc7e2
fffccb79
fffccf0d
fffcd29e
fffcd62d
fffcd9b8
fffcdd40
fffce0c5
fffce448
fffce7c7
fffceb43
fffceebd
fffcf233
fffcf5a7
fffcf917
fffcfc85
fffcffef
fffd0357
fffd06bc
fffd0a1e
fffd0d7e
fffd10da
fffd1434
0000011b
fffd178a
fffd1ade
fffd1e2f
fffd217d
fffd24c9
fffd2811
fffd2b57
fffd2e9a
fffd31da
fffd3518
fffd3852
fffd3b8a
fffd3ec0
fffd41f2
fffd4522
fffd484f
fffd4b7a
fffd4ea1
fffd51c7
fffd54e9
fffd5809
fffd5b27
fffd5e42
fffd615b
fffd6471
fffd6785
fffd6a97
fffd6da7
fffd70b6
fffd73c3
fffd76d0
fffd79dc
fffd178a
fffd1ade
fffd1e2f
fffd217d
fffd24c9
fffd2811
fffd2b57
fffd2e9a
fffd31da
fffd3518
fffd3852
fffd3b8a
fffd3ec0
fffd41f2
fffd4522
fffd484f
fffd4b7a
fffd4ea1
fffd51c7
fffd54e9
fffd5809
fffd5b27
fffd5e42
fffd615b
fffd6471
fffd6785
fffd6a97
fffd6da7
fffd70b6
fffd73c3
fffd76d0
fffd79dc
0000011c
fffd7ce8
fffd7ff6
fffd8306
fffd861a
fffd8933
fffd8c56
fffd8f85
fffd92c5
fffd961b
fffd9990
fffd9d2e
fffda103
fffda51f
fffda99a
fffdae93
fffdb42f
fffdbaa2
fffdc22c
fffdcb22
fffdd5ee
fffde31a
fffdf350
fffe0766
fffe205f
fffe3f73
fffe660c
fffe95c6
fffed05e
ffff17a0
ffff6d3f
ffffd2ae
000048e4
fffd7ce8
fffd7ff6
fffd8306
fffd861a
fffd8933
fffd8c56
fffd8f85
fffd92c5
fffd961b
fffd9990
fffd9d2e
fffda103
fffda51f
fffda99a
fffdae93
fffdb42f
fffdbaa2
fffdc22c
fffdcb22
fffdd5ee
fffde31a
fffdf350
fffe0766
fffe205f
fffe3f73
fffe660c
fffe95c6
fffed05e
ffff17a0
ffff6d3f
ffffd2ae
000048e4
0000011d
0000d01f
000167a9
00020da5
0002befb
0003776e
000431e0
0004e8c7
000596c0
00063729
0006c690
000742ef
0007abab
00080157
00084568
000879db
0008a0e6
0008bcc4
0008cf89
0008db14
0008e0fb
0008e294
0008e0f6
0008dcfd
0008d754
0008d081
0008c8e6
0008c0cc
0008b866
0008afdb
0008a742
00089eac
00089623
0000d01f
000167a9
00020da5
0002befb
0003776e
000431e0
0004e8c7
000596c0
00063729
0006c690
000742ef
0007abab
00080157
00084568
000879db
0008a0e6
0008bcc4
0008cf89
0008db14
0008e0fb
0008e294
0008e0f6
0008dcfd
0008d754
0008d081
0008c8e6
0008c0cc
0008b866
0008afdb
0008a742
00089eac
00089623
0000011e
00088dac
0008854a
00087cfd
000874c4
00086ca1
000864b0
00085d56
00085709
000851c7
00084d26
000848c0
00084446
00083f83
00083a60
000834d3
00082ee1
00082894
000821f6
00081b17
00081402
00080cc5
00080569
0007fdf7
0007f677
0007eeee
0007e760
0007dfd1
0007d843
0007d0b8
0007c932
0007c1b0
0007ba35
00088dac
0008854a
00087cfd
000874c4
00086ca1
000864b0
00085d56
00085709
000851c7
00084d26
000848c0
00084446
00083f83
00083a60
000834d3
00082ee1
00082894
000821f6
00081b17
00081402
00080cc5
00080569
0007fdf7
0007f677
0007eeee
0007e760
0007dfd1
0007d843
0007d0b8
0007c932
0007c1b0
0007ba35
0000011f
0007b2bf
0007ab50
0007a3e8
00079c86
0007952a
00078dd5
00078686
00077f3d
000777fb
000770bf
00076989
00076259
00075b30
0007540c
00074cee
000745d7
00073ec5
000737b9
000730b3
000729b3
000722b9
00071bc4
000714d6
00070ded
0007070a
0007002d
0006f955
0006f284
0006ebb7
0006e4f1
0006de30
0006d775
0007b2bf
0007ab50
0007a3e8
00079c86
0007952a
00078dd5
00078686
00077f3d
000777fb
000770bf
00076989
00076259
00075b30
0007540c
00074cee
000745d7
00073ec5
000737b9
000730b3
000729b3
000722b9
00071bc4
000714d6
00070ded
0007070a
0007002d
0006f955
0006f284
0006ebb7
0006e4f1
0006de30
0006d775
00000120
0006d0c0
0006ca10
0006c366
0006bcc1
0006b622
0006af89
0006a8f5
0006a266
00069bdd
0006955a
00068edc
00068863
000681f0
00067b82
0006751a
00066eb7
00066859
00066201
00065bae
00065560
00064f18
000648d5
00064297
00063c5e
0006362b
00062ffd
000629d4
000623b0
00061d91
00061778
00061163
00060b54
0006d0c0
0006ca10
0006c366
0006bcc1
0006b622
0006af89
0006a8f5
0006a266
00069bdd
0006955a
00068edc
00068863
000681f0
00067b82
0006751a
00066eb7
00066859
00066201
00065bae
00065560
00064f18
000648d5
00064297
00063c5e
0006362b
00062ffd
000629d4
000623b0
00061d91
00061778
00061163
00060b54
00000121
0006054a
0005ff44
0005f944
0005f349
0005ed53
0005e762
0005e176
0005db8f
0005d5ad
0005cfd0
0005c9f8
0005c425
0005be56
0005b88d
0005b2c8
0005ad08
0005a74e
0005a197
00059be6
0005963a
00059092
00058af0
00058554
00057fba
00057a25
00057496
00056f0a
00056983
00056401
00055e84
0005590b
00055397
0006054a
0005ff44
0005f944
0005f349
0005ed53
0005e762
0005e176
0005db8f
0005d5ad
0005cfd0
0005c9f8
0005c425
0005be56
0005b88d
0005b2c8
0005ad08
0005a74e
0005a197
00059be6
0005963a
00059092
00058af0
00058554
00057fba
00057a25
00057496
00056f0a
00056983
00056401
00055e84
0005590b
00055397
00000122
00054e28
000548bd
00054356
00053df4
00053897
0005333f
00052dea
0005289b
0005234f
00051e09
000518c6
00051388
00050e4f
0005091a
000503e9
0004febd
0004f995
0004f472
0004ef53
0004ea38
0004e521
0004e00f
0004db01
0004d5f8
0004d0f2
0004cbf1
0004c6f4
0004c1fb
0004bd07
0004b817
0004b32b
0004ae43
00054e28
000548bd
00054356
00053df4
00053897
0005333f
00052dea
0005289b
0005234f
00051e09
000518c6
00051388
00050e4f
0005091a
000503e9
0004febd
0004f995
0004f472
0004ef53
0004ea38
0004e521
0004e00f
0004db01
0004d5f8
0004d0f2
0004cbf1
0004c6f4
0004c1fb
0004bd07
0004b817
0004b32b
0004ae43
00000123
0004a95f
0004a47f
00049fa4
00049acc
000495f9
0004912a
00048c5f
00048798
000482d5
00047e16
0004795b
000474a4
00046ff1
00046b42
00046697
000461f0
00045d4d
000458ae
00045413
00044f7c
00044ae8
00044659
000441cd
00043d46
000438c2
00043442
00042fc5
00042b4d
000426d8
00042268
00041dfb
00041991
0004a95f
0004a47f
00049fa4
00049acc
000495f9
0004912a
00048c5f
00048798
000482d5
00047e16
0004795b
000474a4
00046ff1
00046b42
00046697
000461f0
00045d4d
000458ae
00045413
00044f7c
00044ae8
00044659
000441cd
00043d46
000438c2
00043442
00042fc5
00042b4d
000426d8
00042268
00041dfb
00041991
00000124
0004152c
000410ca
00040c6c
00040812
000403bb
0003ff68
0003fb19
0003f6cd
0003f285
0003ee41
0003ea00
0003e5c3
0003e18a
0003dd54
0003d922
0003d4f3
0003d0c8
0003cca1
0003c87d
0003c45c
0003c040
0003bc26
0003b810
0003b3fe
0003afef
0003abe4
0003a7dc
0003a3d7
00039fd6
00039bd8
000397de
000393e7
0004152c
000410ca
00040c6c
00040812
000403bb
0003ff68
0003fb19
0003f6cd
0003f285
0003ee41
0003ea00
0003e5c3
0003e18a
0003dd54
0003d922
0003d4f3
0003d0c8
0003cca1
0003c87d
0003c45c
0003c040
0003bc26
0003b810
0003b3fe
0003afef
0003abe4
0003a7dc
0003a3d7
00039fd6
00039bd8
000397de
000393e7
00000125
00038ff4
00038c03
00038817
0003842d
00038047
00037c65
00037885
000374a9
000370d0
00036cfb
00036929
0003655a
0003618e
00035dc6
00035a01
0003563f
00035280
00034ec5
00034b0c
00034757
000343a6
00033ff7
00033c4b
000338a3
000334fd
0003315b
00032dbc
00032a20
00032688
000322f2
00031f5f
00031bd0
00038ff4
00038c03
00038817
0003842d
00038047
00037c65
00037885
000374a9
000370d0
00036cfb
00036929
0003655a
0003618e
00035dc6
00035a01
0003563f
00035280
00034ec5
00034b0c
00034757
000343a6
00033ff7
00033c4b
000338a3
000334fd
0003315b
00032dbc
00032a20
00032688
000322f2
00031f5f
00031bd0
00000126
00031843
000314ba
00031133
00030db0
00030a30
000306b2
00030338
0002ffc1
0002fc4c
0002f8db
0002f56c
0002f201
0002ee98
0002eb33
0002e7d0
0002e470
0002e114
0002ddba
0002da63
0002d70e
0002d3bd
0002d06f
0002cd23
0002c9da
0002c695
0002c351
0002c011
0002bcd4
0002b999
0002b661
0002b32c
0002aff9
00031843
000314ba
00031133
00030db0
00030a30
000306b2
00030338
0002ffc1
0002fc4c
0002f8db
0002f56c
0002f201
0002ee98
0002eb33
0002e7d0
0002e470
0002e114
0002ddba
0002da63
0002d70e
0002d3bd
0002d06f
0002cd23
0002c9da
0002c695
0002c351
0002c011
0002bcd4
0002b999
0002b661
0002b32c
0002aff9
00000127
0002acca
0002a99c
0002a672
0002a34a
0002a024
00029d01
000299e1
000296c2
000293a6
0002908b
00028d73
00028a5b
00028744
0002842d
00028116
00027dfd
00027ae1
000277c0
00027499
00027167
00026e28
00026ad5
00026769
000263da
0002601d
00025c23
000257d8
00025323
00024de2
000247ea
00024101
000238df
0002acca
0002a99c
0002a672
0002a34a
0002a024
00029d01
000299e1
000296c2
000293a6
0002908b
00028d73
00028a5b
00028744
0002842d
00028116
00027dfd
00027ae1
000277c0
00027499
00027167
00026e28
00026ad5
00026769
000263da
0002601d
00025c23
000257d8
00025323
00024de2
000247ea
00024101
000238df
00000128
00022f28
00022364
000214fd
00020337
0001ed2a
0001d1be
0001afa4
00018561
0001514a
0001119d
0000c497
0000689f
fffffc73
ffff7f67
fffef19d
fffe5441
fffda9ac
fffcf569
fffc3c13
fffb82f5
fffacf8d
fffa26f3
fff98d53
fff9058c
fff89110
fff82ffd
fff7e163
fff7a394
fff7747a
fff751e0
fff73999
fff729a8
00022f28
00022364
000214fd
00020337
0001ed2a
0001d1be
0001afa4
00018561
0001514a
0001119d
0000c497
0000689f
fffffc73
ffff7f67
fffef19d
fffe5441
fffda9ac
fffcf569
fffc3c13
fffb82f5
fffacf8d
fffa26f3
fff98d53
fff9058c
fff89110
fff82ffd
fff7e163
fff7a394
fff7747a
fff751e0
fff73999
fff729a8
00000129
fff7204f
fff71c10
fff71baf
fff71e2e
fff722c5
fff728d8
fff72fef
fff737b2
fff73fe0
fff7484c
fff750d5
fff75964
fff761e8
fff76a52
fff77294
fff77aa5
fff7827f
fff78a25
fff7919a
fff798e8
fff7a018
fff7a734
fff7ae47
fff7b556
fff7bc6a
fff7c386
fff7caae
fff7d1e2
fff7d923
fff7e070
fff7e7c8
fff7ef29
fff7204f
fff71c10
fff71baf
fff71e2e
fff722c5
fff728d8
fff72fef
fff737b2
fff73fe0
fff7484c
fff750d5
fff75964
fff761e8
fff76a52
fff77294
fff77aa5
fff7827f
fff78a25
fff7919a
fff798e8
fff7a018
fff7a734
fff7ae47
fff7b556
fff7bc6a
fff7c386
fff7caae
fff7d1e2
fff7d923
fff7e070
fff7e7c8
fff7ef29
0000012a
fff7f692
fff7fe00
fff80572
fff80ce6
fff8145a
fff81bce
fff8233f
fff82aad
fff83217
fff8397d
fff840de
fff8483a
fff84f90
fff856e1
fff85e2b
fff86570
fff86caf
fff873e7
fff87b1a
fff88247
fff8896d
fff8908e
fff897a9
fff89ebe
fff8a5cd
fff8acd6
fff8b3d9
fff8bad7
fff8c1cf
fff8c8c1
fff8cfad
fff8d694
fff7f692
fff7fe00
fff80572
fff80ce6
fff8145a
fff81bce
fff8233f
fff82aad
fff83217
fff8397d
fff840de
fff8483a
fff84f90
fff856e1
fff85e2b
fff86570
fff86caf
fff873e7
fff87b1a
fff88247
fff8896d
fff8908e
fff897a9
fff89ebe
fff8a5cd
fff8acd6
fff8b3d9
fff8bad7
fff8c1cf
fff8c8c1
fff8cfad
fff8d694
0000012b
fff8dd74
fff8e450
fff8eb25
fff8f1f5
fff8f8c0
fff8ff84
fff90644
fff90cfd
fff913b1
fff91a60
fff92109
fff927ac
fff92e4a
fff934e3
fff93b76
fff94204
fff9488c
fff94f0f
fff9558d
fff95c05
fff96278
fff968e5
fff96f4d
fff975b0
fff97c0e
fff98266
fff988ba
fff98f07
fff99550
fff99b94
fff9a1d2
fff9a80b
fff8dd74
fff8e450
fff8eb25
fff8f1f5
fff8f8c0
fff8ff84
fff90644
fff90cfd
fff913b1
fff91a60
fff92109
fff927ac
fff92e4a
fff934e3
fff93b76
fff94204
fff9488c
fff94f0f
fff9558d
fff95c05
fff96278
fff968e5
fff96f4d
fff975b0
fff97c0e
fff98266
fff988ba
fff98f07
fff99550
fff99b94
fff9a1d2
fff9a80b
0000012c
fff9ae3f
fff9b46e
fff9ba98
fff9c0bd
fff9c6dd
fff9ccf7
fff9d30d
fff9d91d
fff9df29
fff9e52f
fff9eb31
fff9f12d
fff9f725
fff9fd17
fffa0305
fffa08ee
fffa0ed2
fffa14b1
fffa1a8b
fffa2060
fffa2631
fffa2bfc
fffa31c3
fffa3785
fffa3d42
fffa42fb
fffa48af
fffa4e5e
fffa5408
fffa59ae
fffa5f4e
fffa64eb
fff9ae3f
fff9b46e
fff9ba98
fff9c0bd
fff9c6dd
fff9ccf7
fff9d30d
fff9d91d
fff9df29
fff9e52f
fff9eb31
fff9f12d
fff9f725
fff9fd17
fffa0305
fffa08ee
fffa0ed2
fffa14b1
fffa1a8b
fffa2060
fffa2631
fffa2bfc
fffa31c3
fffa3785
fffa3d42
fffa42fb
fffa48af
fffa4e5e
fffa5408
fffa59ae
fffa5f4e
fffa64eb
0000012d
fffa6a82
fffa7015
fffa75a4
fffa7b2d
fffa80b2
fffa8633
fffa8baf
fffa9126
fffa9699
fffa9c07
fffaa171
fffaa6d7
fffaac38
fffab194
fffab6ec
fffabc3f
fffac18f
fffac6d9
fffacc20
fffad161
fffad69f
fffadbd8
fffae10d
fffae63d
fffaeb6a
fffaf091
fffaf5b5
fffafad4
fffaffef
fffb0506
fffb0a19
fffb0f27
fffa6a82
fffa7015
fffa75a4
fffa7b2d
fffa80b2
fffa8633
fffa8baf
fffa9126
fffa9699
fffa9c07
fffaa171
fffaa6d7
fffaac38
fffab194
fffab6ec
fffabc3f
fffac18f
fffac6d9
fffacc20
fffad161
fffad69f
fffadbd8
fffae10d
fffae63d
fffaeb6a
fffaf091
fffaf5b5
fffafad4
fffaffef
fffb0506
fffb0a19
fffb0f27
0000012e
fffb1431
fffb1937
fffb1e38
fffb2336
fffb282f
fffb2d25
fffb3216
fffb3703
fffb3bec
fffb40d0
fffb45b1
fffb4a8d
fffb4f66
fffb543b
fffb590b
fffb5dd7
fffb62a0
fffb6764
fffb6c25
fffb70e1
fffb759a
fffb7a4e
fffb7eff
fffb83ac
fffb8855
fffb8cfa
fffb919b
fffb9638
fffb9ad1
fffb9f67
fffba3f8
fffba886
fffb1431
fffb1937
fffb1e38
fffb2336
fffb282f
fffb2d25
fffb3216
fffb3703
fffb3bec
fffb40d0
fffb45b1
fffb4a8d
fffb4f66
fffb543b
fffb590b
fffb5dd7
fffb62a0
fffb6764
fffb6c25
fffb70e1
fffb759a
fffb7a4e
fffb7eff
fffb83ac
fffb8855
fffb8cfa
fffb919b
fffb9638
fffb9ad1
fffb9f67
fffba3f8
fffba886
0000012f
fffbad10
fffbb196
fffbb619
fffbba97
fffbbf12
fffbc389
fffbc7fd
fffbcc6c
fffbd0d8
fffbd541
fffbd9a5
fffbde06
fffbe263
fffbe6bd
fffbeb13
fffbef65
fffbf3b4
fffbf7fe
fffbfc46
fffc008a
fffc04ca
fffc0907
fffc0d40
fffc1175
fffc15a7
fffc19d6
fffc1e01
fffc2228
fffc264c
fffc2a6d
fffc2e8a
fffc32a3
fffbad10
fffbb196
fffbb619
fffbba97
fffbbf12
fffbc389
fffbc7fd
fffbcc6c
fffbd0d8
fffbd541
fffbd9a5
fffbde06
fffbe263
fffbe6bd
fffbeb13
fffbef65
fffbf3b4
fffbf7fe
fffbfc46
fffc008a
fffc04ca
fffc0907
fffc0d40
fffc1175
fffc15a7
fffc19d6
fffc1e01
fffc2228
fffc264c
fffc2a6d
fffc2e8a
fffc32a3
00000130
fffc36b9
fffc3acc
fffc3edb
fffc42e7
fffc46f0
fffc4af5
fffc4ef6
fffc52f5
fffc56f0
fffc5ae7
fffc5edb
fffc62cc
fffc66ba
fffc6aa4
fffc6e8b
fffc726f
fffc764f
fffc7a2c
fffc7e06
fffc81dd
fffc85b0
fffc8980
fffc8d4d
fffc9117
fffc94de
fffc98a1
fffc9c61
fffca01e
fffca3d8
fffca78f
fffcab42
fffcaef3
fffc36b9
fffc3acc
fffc3edb
fffc42e7
fffc46f0
fffc4af5
fffc4ef6
fffc52f5
fffc56f0
fffc5ae7
fffc5edb
fffc62cc
fffc66ba
fffc6aa4
fffc6e8b
fffc726f
fffc764f
fffc7a2c
fffc7e06
fffc81dd
fffc85b0
fffc8980
fffc8d4d
fffc9117
fffc94de
fffc98a1
fffc9c61
fffca01e
fffca3d8
fffca78f
fffcab42
fffcaef3
00000131
fffcb2a0
fffcb64a
fffcb9f1
fffcbd95
fffcc136
fffcc4d4
fffcc86f
fffccc07
fffccf9b
fffcd32d
fffcd6bc
fffcda47
fffcddd0
fffce156
fffce4d8
fffce858
fffcebd5
fffcef4e
fffcf2c5
fffcf639
fffcf9aa
fffcfd18
fffd0083
fffd03eb
fffd0751
fffd0ab3
fffd0e13
fffd116f
fffd14c9
fffd1820
fffd1b74
fffd1ec5
fffcb2a0
fffcb64a
fffcb9f1
fffcbd95
fffcc136
fffcc4d4
fffcc86f
fffccc07
fffccf9b
fffcd32d
fffcd6bc
fffcda47
fffcddd0
fffce156
fffce4d8
fffce858
fffcebd5
fffcef4e
fffcf2c5
fffcf639
fffcf9aa
fffcfd18
fffd0083
fffd03eb
fffd0751
fffd0ab3
fffd0e13
fffd116f
fffd14c9
fffd1820
fffd1b74
fffd1ec5
00000132
fffd2214
fffd2560
fffd28a9
fffd2bef
fffd2f32
fffd3273
fffd35b0
fffd38eb
fffd3c24
fffd3f59
fffd428c
fffd45bc
fffd48ea
fffd4c15
fffd4f3d
fffd5263
fffd5586
fffd58a6
fffd5bc5
fffd5ee0
fffd61fa
fffd6512
fffd6827
fffd6b3b
fffd6e4e
fffd715f
fffd7470
fffd7782
fffd7a94
fffd7da8
fffd80c0
fffd83de
fffd2214
fffd2560
fffd28a9
fffd2bef
fffd2f32
fffd3273
fffd35b0
fffd38eb
fffd3c24
fffd3f59
fffd428c
fffd45bc
fffd48ea
fffd4c15
fffd4f3d
fffd5263
fffd5586
fffd58a6
fffd5bc5
fffd5ee0
fffd61fa
fffd6512
fffd6827
fffd6b3b
fffd6e4e
fffd715f
fffd7470
fffd7782
fffd7a94
fffd7da8
fffd80c0
fffd83de
00000133
fffd8704
fffd8a36
fffd8d77
fffd90ce
fffd9443
fffd97de
fffd9bae
fffd9fc3
fffda433
fffda91a
fffdaea0
fffdb4f3
fffdbc54
fffdc512
fffdcf95
fffddc61
fffdec1b
fffdff91
fffe17bd
fffe35ce
fffe5b25
fffe8951
fffec208
ffff0710
ffff5a1f
ffffbcaf
00002fce
0000b3da
0001484c
0001eb80
00029a9d
000351a2
fffd8704
fffd8a36
fffd8d77
fffd90ce
fffd9443
fffd97de
fffd9bae
fffd9fc3
fffda433
fffda91a
fffdaea0
fffdb4f3
fffdbc54
fffdc512
fffdcf95
fffddc61
fffdec1b
fffdff91
fffe17bd
fffe35ce
fffe5b25
fffe8951
fffec208
ffff0710
ffff5a1f
ffffbcaf
00002fce
0000b3da
0001484c
0001eb80
00029a9d
000351a2
00000134
00040b9b
0004c314
000572a3
00061581
0006a800
000727d8
00079429
0007ed50
0008349b
00086bec
00089570
0008b361
0008c7db
0008d4c1
0008dbbb
0008de2a
0008dd2c
0008d9ab
0008d45b
0008cdc7
0008c65a
0008be61
0008b617
0008ada3
0008a523
00089ca9
00089440
00088bf0
000883ba
00087b9e
0008739c
00086bb0
00040b9b
0004c314
000572a3
00061581
0006a800
000727d8
00079429
0007ed50
0008349b
00086bec
00089570
0008b361
0008c7db
0008d4c1
0008dbbb
0008de2a
0008dd2c
0008d9ab
0008d45b
0008cdc7
0008c65a
0008be61
0008b617
0008ada3
0008a523
00089ca9
00089440
00088bf0
000883ba
00087b9e
0008739c
00086bb0
00000135
000863d8
00085c10
00085455
00084ca5
000844fc
00083d5b
000835be
00082e24
0008268e
00081efb
00081769
00080fdb
0008084f
000800c6
0007f941
0007f1bf
0007ea41
0007e2c7
0007db52
0007d3e2
0007cc77
0007c511
0007bdb1
0007b656
0007af01
0007a7b2
0007a068
00079925
000791e7
00078ab0
0007837e
00077c52
000863d8
00085c10
00085455
00084ca5
000844fc
00083d5b
000835be
00082e24
0008268e
00081efb
00081769
00080fdb
0008084f
000800c6
0007f941
0007f1bf
0007ea41
0007e2c7
0007db52
0007d3e2
0007cc77
0007c511
0007bdb1
0007b656
0007af01
0007a7b2
0007a068
00079925
000791e7
00078ab0
0007837e
00077c52
00000136
0007752c
00076e0c
000766f2
00075fde
000758d0
000751c7
00074ac4
000743c8
00073cd0
000735df
00072ef3
0007280d
0007212d
00071a53
0007137e
00070cae
000705e5
0006ff20
0006f862
0006f1a9
0006eaf6
0006e448
0006dd9f
0006d6fd
0006d05f
0006c9c7
0006c335
0006bca8
0006b620
0006af9e
0006a921
0006a2aa
0007752c
00076e0c
000766f2
00075fde
000758d0
000751c7
00074ac4
000743c8
00073cd0
000735df
00072ef3
0007280d
0007212d
00071a53
0007137e
00070cae
000705e5
0006ff20
0006f862
0006f1a9
0006eaf6
0006e448
0006dd9f
0006d6fd
0006d05f
0006c9c7
0006c335
0006bca8
0006b620
0006af9e
0006a921
0006a2aa
00000137
00069c37
000695cb
00068f63
00068901
000682a4
00067c4c
000675fa
00066fad
00066965
00066322
00065ce4
000656ac
00065079
00064a4a
00064421
00063dfd
000637de
000631c5
00062bb0
000625a0
00061f96
00061990
0006138f
00060d94
0006079d
000601ab
0005fbbe
0005f5d6
0005eff3
0005ea15
0005e43b
0005de67
00069c37
000695cb
00068f63
00068901
000682a4
00067c4c
000675fa
00066fad
00066965
00066322
00065ce4
000656ac
00065079
00064a4a
00064421
00063dfd
000637de
000631c5
00062bb0
000625a0
00061f96
00061990
0006138f
00060d94
0006079d
000601ab
0005fbbe
0005f5d6
0005eff3
0005ea15
0005e43b
0005de67
00000138
0005d897
0005d2cc
0005cd06
0005c745
0005c189
0005bbd1
0005b61e
0005b070
0005aac6
0005a522
00059f82
000599e6
0005944f
00058ebd
00058930
000583a7
00057e22
000578a3
00057328
00056db1
0005683f
000562d2
00055d68
00055804
000552a4
00054d48
000547f1
0005429f
00053d50
00053807
000532c1
00052d80
0005d897
0005d2cc
0005cd06
0005c745
0005c189
0005bbd1
0005b61e
0005b070
0005aac6
0005a522
00059f82
000599e6
0005944f
00058ebd
00058930
000583a7
00057e22
000578a3
00057328
00056db1
0005683f
000562d2
00055d68
00055804
000552a4
00054d48
000547f1
0005429f
00053d50
00053807
000532c1
00052d80
00000139
00052844
0005230b
00051dd8
000518a8
0005137d
00050e56
00050933
00050415
0004fefa
0004f9e4
0004f4d3
0004efc5
0004eabc
0004e5b7
0004e0b7
0004dbba
0004d6c2
0004d1cd
0004ccdd
0004c7f1
0004c309
0004be25
0004b945
0004b46a
0004af92
0004aabe
0004a5ef
0004a123
00049c5c
00049798
000492d9
00048e1d
00052844
0005230b
00051dd8
000518a8
0005137d
00050e56
00050933
00050415
0004fefa
0004f9e4
0004f4d3
0004efc5
0004eabc
0004e5b7
0004e0b7
0004dbba
0004d6c2
0004d1cd
0004ccdd
0004c7f1
0004c309
0004be25
0004b945
0004b46a
0004af92
0004aabe
0004a5ef
0004a123
00049c5c
00049798
000492d9
00048e1d
0000013a
00048966
000484b2
00048002
00047b56
000476ae
0004720b
00046d6a
000468ce
00046436
00045fa1
00045b11
00045684
000451fb
00044d75
000448f4
00044476
00043ffc
00043b86
00043713
000432a5
00042e3a
000429d2
0004256f
0004210f
00041cb3
0004185a
00041405
00040fb4
00040b66
0004071c
000402d6
0003fe93
00048966
000484b2
00048002
00047b56
000476ae
0004720b
00046d6a
000468ce
00046436
00045fa1
00045b11
00045684
000451fb
00044d75
000448f4
00044476
00043ffc
00043b86
00043713
000432a5
00042e3a
000429d2
0004256f
0004210f
00041cb3
0004185a
00041405
00040fb4
00040b66
0004071c
000402d6
0003fe93
0000013b
0003fa53
0003f618
0003f1e0
0003edab
0003e97a
0003e54c
0003e122
0003dcfc
0003d8d9
0003d4b9
0003d09d
0003cc84
0003c86f
0003c45d
0003c04f
0003bc44
0003b83d
0003b439
0003b038
0003ac3b
0003a841
0003a44a
0003a057
00039c67
0003987a
00039491
000390ab
00038cc8
000388e8
0003850c
00038133
00037d5e
0003fa53
0003f618
0003f1e0
0003edab
0003e97a
0003e54c
0003e122
0003dcfc
0003d8d9
0003d4b9
0003d09d
0003cc84
0003c86f
0003c45d
0003c04f
0003bc44
0003b83d
0003b439
0003b038
0003ac3b
0003a841
0003a44a
0003a057
00039c67
0003987a
00039491
000390ab
00038cc8
000388e8
0003850c
00038133
00037d5e
0000013c
0003798b
000375bc
000371f0
00036e27
00036a62
0003669f
000362e0
00035f24
00035b6b
000357b5
00035403
00035053
00034ca7
000348fd
00034557
000341b4
00033e14
00033a77
000336dd
00033347
00032fb3
00032c22
00032894
0003250a
00032182
00031dfd
00031a7c
000316fd
00031381
00031008
00030c92
0003091f
0003798b
000375bc
000371f0
00036e27
00036a62
0003669f
000362e0
00035f24
00035b6b
000357b5
00035403
00035053
00034ca7
000348fd
00034557
000341b4
00033e14
00033a77
000336dd
00033347
00032fb3
00032c22
00032894
0003250a
00032182
00031dfd
00031a7c
000316fd
00031381
00031008
00030c92
0003091f
0000013d
000305af
00030242
0002fed8
0002fb71
0002f80d
0002f4ab
0002f14c
0002edf1
0002ea98
0002e742
0002e3ef
0002e09e
0002dd50
0002da06
0002d6be
0002d378
0002d036
0002ccf6
0002c9ba
0002c67f
0002c348
0002c013
0002bce2
0002b9b2
0002b686
0002b35c
0002b035
0002ad10
0002a9ee
0002a6cf
0002a3b2
0002a097
000305af
00030242
0002fed8
0002fb71
0002f80d
0002f4ab
0002f14c
0002edf1
0002ea98
0002e742
0002e3ef
0002e09e
0002dd50
0002da06
0002d6be
0002d378
0002d036
0002ccf6
0002c9ba
0002c67f
0002c348
0002c013
0002bce2
0002b9b2
0002b686
0002b35c
0002b035
0002ad10
0002a9ee
0002a6cf
0002a3b2
0002a097
0000013e
00029d7f
00029a69
00029756
00029444
00029134
00028e26
00028b19
0002880c
00028500
000281f3
00027ee5
00027bd4
000278be
000275a2
0002727c
00026f48
00026c02
000268a4
00026523
00026176
00025d8d
00025956
000254b7
00024f90
000249b7
000242f4
00023b03
00023188
00022610
00021808
000206bb
0001f147
00029d7f
00029a69
00029756
00029444
00029134
00028e26
00028b19
0002880c
00028500
000281f3
00027ee5
00027bd4
000278be
000275a2
0002727c
00026f48
00026c02
000268a4
00026523
00026176
00025d8d
00025956
000254b7
00024f90
000249b7
000242f4
00023b03
00023188
00022610
00021808
000206bb
0001f147
0000013f
0001d699
0001b56d
00018c4a
0001598b
00011b6d
0000d029
00007619
00000be9
ffff90cd
ffff04c6
fffe68d8
fffdbf34
fffd0b49
fffc519f
fffb9782
fffae286
fffa37ea
fff99c07
fff911ee
fff89b3a
fff83828
fff7e7d8
fff7a8a2
fff7786f
fff75500
fff73c1d
fff72bc0
fff7221d
fff71daf
fff71d34
fff71fa6
fff7243a
0001d699
0001b56d
00018c4a
0001598b
00011b6d
0000d029
00007619
00000be9
ffff90cd
ffff04c6
fffe68d8
fffdbf34
fffd0b49
fffc519f
fffb9782
fffae286
fffa37ea
fff99c07
fff911ee
fff89b3a
fff83828
fff7e7d8
fff7a8a2
fff7786f
fff75500
fff73c1d
fff72bc0
fff7221d
fff71daf
fff71d34
fff71fa6
fff7243a
00000140
fff72a4d
fff73167
fff7392d
fff7415e
fff749cc
fff75254
fff75ae3
fff76368
fff76bdd
fff7743d
fff77c88
fff784bd
fff78cdd
fff794eb
fff79ce8
fff7a4d7
fff7acb8
fff7b48f
fff7bc5b
fff7c420
fff7cbdc
fff7d391
fff7db3f
fff7e2e8
fff7ea8a
fff7f227
fff7f9be
fff80150
fff808dc
fff81063
fff817e3
fff81f5e
fff72a4d
fff73167
fff7392d
fff7415e
fff749cc
fff75254
fff75ae3
fff76368
fff76bdd
fff7743d
fff77c88
fff784bd
fff78cdd
fff794eb
fff79ce8
fff7a4d7
fff7acb8
fff7b48f
fff7bc5b
fff7c420
fff7cbdc
fff7d391
fff7db3f
fff7e2e8
fff7ea8a
fff7f227
fff7f9be
fff80150
fff808dc
fff81063
fff817e3
fff81f5e
00000141
fff826d4
fff82e43
fff835ad
fff83d11
fff8446f
fff84bc7
fff85319
fff85a65
fff861ab
fff868eb
fff87026
fff8775a
fff87e89
fff885b1
fff88cd4
fff893f1
fff89b08
fff8a219
fff8a924
fff8b02a
fff8b729
fff8be23
fff8c518
fff8cc06
fff8d2ef
fff8d9d2
fff8e0af
fff8e787
fff8ee59
fff8f526
fff8fbec
fff902ae
fff826d4
fff82e43
fff835ad
fff83d11
fff8446f
fff84bc7
fff85319
fff85a65
fff861ab
fff868eb
fff87026
fff8775a
fff87e89
fff885b1
fff88cd4
fff893f1
fff89b08
fff8a219
fff8a924
fff8b02a
fff8b729
fff8be23
fff8c518
fff8cc06
fff8d2ef
fff8d9d2
fff8e0af
fff8e787
fff8ee59
fff8f526
fff8fbec
fff902ae
00000142
fff9096a
fff91020
fff916d0
fff91d7b
fff92421
fff92ac1
fff9315c
fff937f1
fff93e81
fff9450b
fff94b91
fff95210
fff9588b
fff95eff
fff9656f
fff96bd9
fff9723e
fff9789e
fff97ef8
fff9854e
fff98b9e
fff991e8
fff9982e
fff99e6e
fff9a4aa
fff9aae0
fff9b111
fff9b73c
fff9bd63
fff9c385
fff9c9a1
fff9cfb9
fff9096a
fff91020
fff916d0
fff91d7b
fff92421
fff92ac1
fff9315c
fff937f1
fff93e81
fff9450b
fff94b91
fff95210
fff9588b
fff95eff
fff9656f
fff96bd9
fff9723e
fff9789e
fff97ef8
fff9854e
fff98b9e
fff991e8
fff9982e
fff99e6e
fff9a4aa
fff9aae0
fff9b111
fff9b73c
fff9bd63
fff9c385
fff9c9a1
fff9cfb9
00000143
fff9d5cb
fff9dbd9
fff9e1e1
fff9e7e5
fff9ede3
fff9f3dc
fff9f9d1
fff9ffc1
fffa05ab
fffa0b91
fffa1172
fffa174e
fffa1d26
fffa22f8
fffa28c5
fffa2e8e
fffa3452
fffa3a11
fffa3fcc
fffa4581
fffa4b32
fffa50df
fffa5686
fffa5c29
fffa61c7
fffa6760
fffa6cf5
fffa7286
fffa7811
fffa7d98
fffa831b
fffa8898
fff9d5cb
fff9dbd9
fff9e1e1
fff9e7e5
fff9ede3
fff9f3dc
fff9f9d1
fff9ffc1
fffa05ab
fffa0b91
fffa1172
fffa174e
fffa1d26
fffa22f8
fffa28c5
fffa2e8e
fffa3452
fffa3a11
fffa3fcc
fffa4581
fffa4b32
fffa50df
fffa5686
fffa5c29
fffa61c7
fffa6760
fffa6cf5
fffa7286
fffa7811
fffa7d98
fffa831b
fffa8898
00000144
fffa8e12
fffa9386
fffa98f7
fffa9e62
fffaa3ca
fffaa92c
fffaae8a
fffab3e4
fffab93a
fffabe8a
fffac3d7
fffac91f
ffface63
fffad3a2
fffad8dd
fffade13
fffae346
fffae874
fffaed9d
fffaf2c2
fffaf7e4
fffafd00
fffb0219
fffb072d
fffb0c3d
fffb1149
fffb1650
fffb1b54
fffb2053
fffb254e
fffb2a45
fffb2f38
fffa8e12
fffa9386
fffa98f7
fffa9e62
fffaa3ca
fffaa92c
fffaae8a
fffab3e4
fffab93a
fffabe8a
fffac3d7
fffac91f
ffface63
fffad3a2
fffad8dd
fffade13
fffae346
fffae874
fffaed9d
fffaf2c2
fffaf7e4
fffafd00
fffb0219
fffb072d
fffb0c3d
fffb1149
fffb1650
fffb1b54
fffb2053
fffb254e
fffb2a45
fffb2f38
00000145
fffb3427
fffb3911
fffb3df8
fffb42da
fffb47b8
fffb4c92
fffb5169
fffb563b
fffb5b09
fffb5fd3
fffb6499
fffb695b
fffb6e19
fffb72d3
fffb778a
fffb7c3c
fffb80eb
fffb8595
fffb8a3c
fffb8ede
fffb937d
fffb9818
fffb9caf
fffba142
fffba5d2
fffbaa5d
fffbaee5
fffbb369
fffbb7ea
fffbbc66
fffbc0df
fffbc553
fffb3427
fffb3911
fffb3df8
fffb42da
fffb47b8
fffb4c92
fffb5169
fffb563b
fffb5b09
fffb5fd3
fffb6499
fffb695b
fffb6e19
fffb72d3
fffb778a
fffb7c3c
fffb80eb
fffb8595
fffb8a3c
fffb8ede
fffb937d
fffb9818
fffb9caf
fffba142
fffba5d2
fffbaa5d
fffbaee5
fffbb369
fffbb7ea
fffbbc66
fffbc0df
fffbc553
00000146
fffbc9c5
fffbce32
fffbd29c
fffbd702
fffbdb65
fffbdfc3
fffbe41f
fffbe876
fffbecca
fffbf11a
fffbf567
fffbf9b0
fffbfdf5
fffc0237
fffc0675
fffc0aaf
fffc0ee7
fffc131a
fffc174a
fffc1b76
fffc1fa0
fffc23c5
fffc27e7
fffc2c06
fffc3021
fffc3438
fffc384d
fffc3c5d
fffc406b
fffc4474
fffc487b
fffc4c7e
fffbc9c5
fffbce32
fffbd29c
fffbd702
fffbdb65
fffbdfc3
fffbe41f
fffbe876
fffbecca
fffbf11a
fffbf567
fffbf9b0
fffbfdf5
fffc0237
fffc0675
fffc0aaf
fffc0ee7
fffc131a
fffc174a
fffc1b76
fffc1fa0
fffc23c5
fffc27e7
fffc2c06
fffc3021
fffc3438
fffc384d
fffc3c5d
fffc406b
fffc4474
fffc487b
fffc4c7e
00000147
fffc507e
fffc547a
fffc5874
fffc5c69
fffc605c
fffc644a
fffc6836
fffc6c1f
fffc7004
fffc73e6
fffc77c4
fffc7ba0
fffc7f78
fffc834c
fffc871e
fffc8aec
fffc8eb8
fffc9280
fffc9644
fffc9a06
fffc9dc5
fffca180
fffca538
fffca8ed
fffcac9f
fffcb04d
fffcb3f9
fffcb7a1
fffcbb47
fffcbee9
fffcc288
fffcc624
fffc507e
fffc547a
fffc5874
fffc5c69
fffc605c
fffc644a
fffc6836
fffc6c1f
fffc7004
fffc73e6
fffc77c4
fffc7ba0
fffc7f78
fffc834c
fffc871e
fffc8aec
fffc8eb8
fffc9280
fffc9644
fffc9a06
fffc9dc5
fffca180
fffca538
fffca8ed
fffcac9f
fffcb04d
fffcb3f9
fffcb7a1
fffcbb47
fffcbee9
fffcc288
fffcc624
00000148
fffcc9be
fffccd54
fffcd0e7
fffcd477
fffcd804
fffcdb8e
fffcdf15
fffce299
fffce61a
fffce998
fffced13
fffcf08b
fffcf400
fffcf772
fffcfae2
fffcfe4e
fffd01b8
fffd051e
fffd0882
fffd0be3
fffd0f41
fffd129c
fffd15f5
fffd194a
fffd1c9d
fffd1fec
fffd233a
fffd2684
fffd29cb
fffd2d10
fffd3052
fffd3391
fffcc9be
fffccd54
fffcd0e7
fffcd477
fffcd804
fffcdb8e
fffcdf15
fffce299
fffce61a
fffce998
fffced13
fffcf08b
fffcf400
fffcf772
fffcfae2
fffcfe4e
fffd01b8
fffd051e
fffd0882
fffd0be3
fffd0f41
fffd129c
fffd15f5
fffd194a
fffd1c9d
fffd1fec
fffd233a
fffd2684
fffd29cb
fffd2d10
fffd3052
fffd3391
00000149
fffd36cd
fffd3a06
fffd3d3d
fffd4071
fffd43a3
fffd46d1
fffd49fe
fffd4d27
fffd504e
fffd5372
fffd5693
fffd59b2
fffd5ccf
fffd5fe9
fffd6301
fffd6616
fffd692a
fffd6c3b
fffd6f4b
fffd725a
fffd7567
fffd7874
fffd7b81
fffd7e8f
fffd819f
fffd84b3
fffd87cc
fffd8aed
fffd8e19
fffd9155
fffd94a6
fffd9814
fffd36cd
fffd3a06
fffd3d3d
fffd4071
fffd43a3
fffd46d1
fffd49fe
fffd4d27
fffd504e
fffd5372
fffd5693
fffd59b2
fffd5ccf
fffd5fe9
fffd6301
fffd6616
fffd692a
fffd6c3b
fffd6f4b
fffd725a
fffd7567
fffd7874
fffd7b81
fffd7e8f
fffd819f
fffd84b3
fffd87cc
fffd8aed
fffd8e19
fffd9155
fffd94a6
fffd9814
0000014a
fffd9ba8
fffd9f6f
fffda379
fffda7dc
fffdacb4
fffdb226
fffdb861
fffdbfa2
fffdc838
fffdd287
fffddf0f
fffdee75
fffe017e
fffe1923
fffe368d
fffe5b1a
fffe8857
fffebffa
ffff03cc
ffff558a
ffffb6bb
0000287d
0000ab42
00013e98
0001e0f4
00028f94
00034682
000400d5
0004b912
000569c3
00060e05
0006a210
fffd9ba8
fffd9f6f
fffda379
fffda7dc
fffdacb4
fffdb226
fffdb861
fffdbfa2
fffdc838
fffdd287
fffddf0f
fffdee75
fffe017e
fffe1923
fffe368d
fffe5b1a
fffe8857
fffebffa
ffff03cc
ffff558a
ffffb6bb
0000287d
0000ab42
00013e98
0001e0f4
00028f94
00034682
000400d5
0004b912
000569c3
00060e05
0006a210
0000014b
0007237e
00079156
0007ebe4
00083468
00086cc2
0008971f
0008b5bd
0008cabd
0008d809
0008df4e
0008e1f2
0008e11b
0008ddb3
0008d873
0008d1e8
0008ca80
0008c286
0008ba36
0008b1b7
0008a926
0008a094
0008980d
00088f96
00088735
00087ee8
000876b0
00086e8c
0008667a
00085e78
00085684
00084e9e
000846c2
0007237e
00079156
0007ebe4
00083468
00086cc2
0008971f
0008b5bd
0008cabd
0008d809
0008df4e
0008e1f2
0008e11b
0008ddb3
0008d873
0008d1e8
0008ca80
0008c286
0008ba36
0008b1b7
0008a926
0008a094
0008980d
00088f96
00088735
00087ee8
000876b0
00086e8c
0008667a
00085e78
00085684
00084e9e
000846c2
0000014c
00083ef2
0008372a
00082f6b
000827b4
00082004
0008185a
000810b8
0008091c
00080186
0007f9f7
0007f26d
0007eaea
0007e36d
0007dbf5
0007d484
0007cd18
0007c5b3
0007be54
0007b6fb
0007afa7
0007a85a
0007a112
000799d1
00079295
00078b60
00078430
00077d07
000775e3
00076ec5
000767ad
0007609a
0007598e
00083ef2
0008372a
00082f6b
000827b4
00082004
0008185a
000810b8
0008091c
00080186
0007f9f7
0007f26d
0007eaea
0007e36d
0007dbf5
0007d484
0007cd18
0007c5b3
0007be54
0007b6fb
0007afa7
0007a85a
0007a112
000799d1
00079295
00078b60
00078430
00077d07
000775e3
00076ec5
000767ad
0007609a
0007598e
0000014d
00075287
00074b86
0007448b
00073d96
000736a6
00072fbc
000728d8
000721fa
00071b21
0007144d
00070d80
000706b8
0006fff5
0006f938
0006f281
0006ebcf
0006e523
0006de7c
0006d7db
0006d13f
0006caa9
0006c418
0006bd8c
0006b706
0006b085
0006aa0a
0006a394
00069d23
000696b8
00069052
000689f1
00068395
00075287
00074b86
0007448b
00073d96
000736a6
00072fbc
000728d8
000721fa
00071b21
0007144d
00070d80
000706b8
0006fff5
0006f938
0006f281
0006ebcf
0006e523
0006de7c
0006d7db
0006d13f
0006caa9
0006c418
0006bd8c
0006b706
0006b085
0006aa0a
0006a394
00069d23
000696b8
00069052
000689f1
00068395
0000014e
00067d3f
000676ee
000670a2
00066a5c
0006641a
00065dde
000657a7
00065175
00064b48
00064520
00063efd
000638e0
000632c7
00062cb4
000626a5
0006209c
00061a97
00061498
00060e9d
000608a8
000602b7
0005fccb
0005f6e4
0005f102
0005eb25
0005e54d
0005df7a
0005d9ab
0005d3e1
0005ce1c
0005c85c
0005c2a1
00067d3f
000676ee
000670a2
00066a5c
0006641a
00065dde
000657a7
00065175
00064b48
00064520
00063efd
000638e0
000632c7
00062cb4
000626a5
0006209c
00061a97
00061498
00060e9d
000608a8
000602b7
0005fccb
0005f6e4
0005f102
0005eb25
0005e54d
0005df7a
0005d9ab
0005d3e1
0005ce1c
0005c85c
0005c2a1
0000014f
0005bcea
0005b738
0005b18b
0005abe2
0005a63e
0005a09f
00059b05
0005956f
00058fde
00058a51
000584c9
00057f46
000579c7
0005744d
00056ed7
00056966
000563f9
00055e91
0005592e
000553ce
00054e74
0005491e
000543cc
00053e7e
00053935
000533f1
00052eb0
00052975
0005243d
00051f0a
000519db
000514b1
0005bcea
0005b738
0005b18b
0005abe2
0005a63e
0005a09f
00059b05
0005956f
00058fde
00058a51
000584c9
00057f46
000579c7
0005744d
00056ed7
00056966
000563f9
00055e91
0005592e
000553ce
00054e74
0005491e
000543cc
00053e7e
00053935
000533f1
00052eb0
00052975
0005243d
00051f0a
000519db
000514b1
00000150
00050f8a
00050a68
0005054b
00050031
0004fb1c
0004f60b
0004f0ff
0004ebf6
0004e6f2
0004e1f1
0004dcf5
0004d7fe
0004d30a
0004ce1a
0004c92f
0004c448
0004bf64
0004ba85
0004b5aa
0004b0d3
0004ac00
0004a731
0004a266
00049d9f
000498dc
0004941d
00048f62
00048aab
000485f8
00048148
00047c9d
000477f6
00050f8a
00050a68
0005054b
00050031
0004fb1c
0004f60b
0004f0ff
0004ebf6
0004e6f2
0004e1f1
0004dcf5
0004d7fe
0004d30a
0004ce1a
0004c92f
0004c448
0004bf64
0004ba85
0004b5aa
0004b0d3
0004ac00
0004a731
0004a266
00049d9f
000498dc
0004941d
00048f62
00048aab
000485f8
00048148
00047c9d
000477f6
00000151
00047352
00046eb3
00046a17
0004657f
000460eb
00045c5a
000457ce
00045345
00044ec1
00044a3f
000445c2
00044149
00043cd3
00043861
000433f2
00042f88
00042b21
000426be
0004225e
00041e02
000419aa
00041555
00041104
00040cb7
0004086d
00040427
0003ffe4
0003fba6
0003f76a
0003f332
0003eefe
0003eacd
00047352
00046eb3
00046a17
0004657f
000460eb
00045c5a
000457ce
00045345
00044ec1
00044a3f
000445c2
00044149
00043cd3
00043861
000433f2
00042f88
00042b21
000426be
0004225e
00041e02
000419aa
00041555
00041104
00040cb7
0004086d
00040427
0003ffe4
0003fba6
0003f76a
0003f332
0003eefe
0003eacd
00000152
0003e6a0
0003e276
0003de50
0003da2d
0003d60e
0003d1f2
0003cdd9
0003c9c4
0003c5b3
0003c1a5
0003bd9a
0003b993
0003b58f
0003b18e
0003ad91
0003a997
0003a5a1
0003a1ae
00039dbe
000399d1
000395e8
00039202
00038e20
00038a40
00038664
0003828c
00037eb6
00037ae4
00037715
00037349
00036f80
00036bba
0003e6a0
0003e276
0003de50
0003da2d
0003d60e
0003d1f2
0003cdd9
0003c9c4
0003c5b3
0003c1a5
0003bd9a
0003b993
0003b58f
0003b18e
0003ad91
0003a997
0003a5a1
0003a1ae
00039dbe
000399d1
000395e8
00039202
00038e20
00038a40
00038664
0003828c
00037eb6
00037ae4
00037715
00037349
00036f80
00036bba
00000153
000367f8
00036439
0003607d
00035cc4
0003590e
0003555c
000351ad
00034e00
00034a57
000346b1
0003430e
00033f6e
00033bd1
00033837
000334a0
0003310d
00032d7c
000329ee
00032664
000322dc
00031f57
00031bd5
00031857
000314db
00031162
00030dec
00030a79
00030709
0003039c
00030032
0002fcca
0002f966
000367f8
00036439
0003607d
00035cc4
0003590e
0003555c
000351ad
00034e00
00034a57
000346b1
0003430e
00033f6e
00033bd1
00033837
000334a0
0003310d
00032d7c
000329ee
00032664
000322dc
00031f57
00031bd5
00031857
000314db
00031162
00030dec
00030a79
00030709
0003039c
00030032
0002fcca
0002f966
00000154
0002f604
0002f2a6
0002ef4a
0002ebf1
0002e89b
0002e548
0002e1f7
0002dea9
0002db5e
0002d817
0002d4d1
0002d18f
0002ce4f
0002cb12
0002c7d8
0002c4a0
0002c16c
0002be3a
0002bb0a
0002b7de
0002b4b4
0002b18c
0002ae67
0002ab45
0002a826
0002a509
0002a1ee
00029ed6
00029bc0
000298ac
0002959a
0002928a
0002f604
0002f2a6
0002ef4a
0002ebf1
0002e89b
0002e548
0002e1f7
0002dea9
0002db5e
0002d817
0002d4d1
0002d18f
0002ce4f
0002cb12
0002c7d8
0002c4a0
0002c16c
0002be3a
0002bb0a
0002b7de
0002b4b4
0002b18c
0002ae67
0002ab45
0002a826
0002a509
0002a1ee
00029ed6
00029bc0
000298ac
0002959a
0002928a
00000155
00028f7c
00028c6f
00028962
00028656
0002834a
0002803c
00027d2b
00027a16
000276fa
000273d5
000270a2
00026d5e
00026a01
00026684
000262db
00025ef8
00025ac8
00025634
0002511a
00024b53
000244a8
00023cd6
00023384
0002283f
00021a79
0002097f
0001f471
0001da41
0001b9ac
0001913c
00015f4e
0001221c
00028f7c
00028c6f
00028962
00028656
0002834a
0002803c
00027d2b
00027a16
000276fa
000273d5
000270a2
00026d5e
00026a01
00026684
000262db
00025ef8
00025ac8
00025634
0002511a
00024b53
000244a8
00023cd6
00023384
0002283f
00021a79
0002097f
0001f471
0001da41
0001b9ac
0001913c
00015f4e
0001221c
00000156
0000d7de
00007ee8
000015d9
ffff9bda
ffff10da
fffe75c9
fffdccc6
fffd192c
fffc5f77
fffba4f0
fffaef2f
fffa4383
fff9a65c
fff91ae6
fff8a2d3
fff83e75
fff7ecf8
fff7acbd
fff77baf
fff7578d
fff73e1c
fff72d50
fff7235a
fff71eae
fff71e06
fff7205a
fff724d9
fff72ae0
fff731f3
fff739b9
fff741ee
fff74a63
0000d7de
00007ee8
000015d9
ffff9bda
ffff10da
fffe75c9
fffdccc6
fffd192c
fffc5f77
fffba4f0
fffaef2f
fffa4383
fff9a65c
fff91ae6
fff8a2d3
fff83e75
fff7ecf8
fff7acbd
fff77baf
fff7578d
fff73e1c
fff72d50
fff7235a
fff71eae
fff71e06
fff7205a
fff724d9
fff72ae0
fff731f3
fff739b9
fff741ee
fff74a63
00000157
fff752f5
fff75b8f
fff76423
fff76ca8
fff77518
fff77d73
fff785ba
fff78deb
fff7960a
fff79e17
fff7a615
fff7ae05
fff7b5e9
fff7bdc1
fff7c590
fff7cd55
fff7d512
fff7dcc8
fff7e475
fff7ec1c
fff7f3bd
fff7fb57
fff802ea
fff80a77
fff811fe
fff8197f
fff820f9
fff8286e
fff82fdd
fff83745
fff83ea7
fff84604
fff752f5
fff75b8f
fff76423
fff76ca8
fff77518
fff77d73
fff785ba
fff78deb
fff7960a
fff79e17
fff7a615
fff7ae05
fff7b5e9
fff7bdc1
fff7c590
fff7cd55
fff7d512
fff7dcc8
fff7e475
fff7ec1c
fff7f3bd
fff7fb57
fff802ea
fff80a77
fff811fe
fff8197f
fff820f9
fff8286e
fff82fdd
fff83745
fff83ea7
fff84604
00000158
fff84d5a
fff854ab
fff85bf5
fff8633a
fff86a78
fff871b1
fff878e3
fff88010
fff88737
fff88e58
fff89573
fff89c88
fff8a397
fff8aaa1
fff8b1a5
fff8b8a3
fff8bf9b
fff8c68e
fff8cd7b
fff8d462
fff8db43
fff8e21f
fff8e8f5
fff8efc6
fff8f690
fff8fd56
fff90415
fff90ad0
fff91184
fff91833
fff91edd
fff92581
fff84d5a
fff854ab
fff85bf5
fff8633a
fff86a78
fff871b1
fff878e3
fff88010
fff88737
fff88e58
fff89573
fff89c88
fff8a397
fff8aaa1
fff8b1a5
fff8b8a3
fff8bf9b
fff8c68e
fff8cd7b
fff8d462
fff8db43
fff8e21f
fff8e8f5
fff8efc6
fff8f690
fff8fd56
fff90415
fff90ad0
fff91184
fff91833
fff91edd
fff92581
00000159
fff92c1f
fff932b9
fff9394c
fff93fdb
fff94664
fff94ce7
fff95365
fff959de
fff96051
fff966bf
fff96d28
fff9738c
fff979ea
fff98043
fff98696
fff98ce5
fff9932e
fff99972
fff99fb1
fff9a5eb
fff9ac20
fff9b24f
fff9b879
fff9be9f
fff9c4bf
fff9cada
fff9d0f0
fff9d701
fff9dd0d
fff9e314
fff9e916
fff9ef13
fff92c1f
fff932b9
fff9394c
fff93fdb
fff94664
fff94ce7
fff95365
fff959de
fff96051
fff966bf
fff96d28
fff9738c
fff979ea
fff98043
fff98696
fff98ce5
fff9932e
fff99972
fff99fb1
fff9a5eb
fff9ac20
fff9b24f
fff9b879
fff9be9f
fff9c4bf
fff9cada
fff9d0f0
fff9d701
fff9dd0d
fff9e314
fff9e916
fff9ef13
0000015a
fff9f50b
fff9fafe
fffa00ed
fffa06d6
fffa0cbb
fffa129a
fffa1875
fffa1e4b
fffa241c
fffa29e8
fffa2faf
fffa3572
fffa3b30
fffa40e9
fffa469d
fffa4c4d
fffa51f8
fffa579e
fffa5d3f
fffa62dc
fffa6874
fffa6e08
fffa7397
fffa7921
fffa7ea7
fffa8428
fffa89a5
fffa8f1d
fffa9490
fffa99ff
fffa9f69
fffaa4cf
fff9f50b
fff9fafe
fffa00ed
fffa06d6
fffa0cbb
fffa129a
fffa1875
fffa1e4b
fffa241c
fffa29e8
fffa2faf
fffa3572
fffa3b30
fffa40e9
fffa469d
fffa4c4d
fffa51f8
fffa579e
fffa5d3f
fffa62dc
fffa6874
fffa6e08
fffa7397
fffa7921
fffa7ea7
fffa8428
fffa89a5
fffa8f1d
fffa9490
fffa99ff
fffa9f69
fffaa4cf
0000015b
fffaaa31
fffaaf8e
fffab4e6
fffaba3b
fffabf8a
fffac4d6
fffaca1c
fffacf5f
fffad49d
fffad9d7
fffadf0c
fffae43d
fffae96a
fffaee92
fffaf3b6
fffaf8d6
fffafdf2
fffb0309
fffb081c
fffb0d2b
fffb1236
fffb173c
fffb1c3e
fffb213c
fffb2636
fffb2b2c
fffb301e
fffb350c
fffb39f5
fffb3eda
fffb43bb
fffb4899
fffaaa31
fffaaf8e
fffab4e6
fffaba3b
fffabf8a
fffac4d6
fffaca1c
fffacf5f
fffad49d
fffad9d7
fffadf0c
fffae43d
fffae96a
fffaee92
fffaf3b6
fffaf8d6
fffafdf2
fffb0309
fffb081c
fffb0d2b
fffb1236
fffb173c
fffb1c3e
fffb213c
fffb2636
fffb2b2c
fffb301e
fffb350c
fffb39f5
fffb3eda
fffb43bb
fffb4899
0000015c
fffb4d72
fffb5247
fffb5718
fffb5be5
fffb60ae
fffb6573
fffb6a34
fffb6ef1
fffb73aa
fffb7860
fffb7d11
fffb81be
fffb8667
fffb8b0d
fffb8fae
fffb944c
fffb98e6
fffb9d7c
fffba20f
fffba69d
fffbab27
fffbafae
fffbb431
fffbb8b1
fffbbd2c
fffbc1a4
fffbc618
fffbca88
fffbcef4
fffbd35d
fffbd7c2
fffbdc24
fffb4d72
fffb5247
fffb5718
fffb5be5
fffb60ae
fffb6573
fffb6a34
fffb6ef1
fffb73aa
fffb7860
fffb7d11
fffb81be
fffb8667
fffb8b0d
fffb8fae
fffb944c
fffb98e6
fffb9d7c
fffba20f
fffba69d
fffbab27
fffbafae
fffbb431
fffbb8b1
fffbbd2c
fffbc1a4
fffbc618
fffbca88
fffbcef4
fffbd35d
fffbd7c2
fffbdc24
0000015d
fffbe081
fffbe4dc
fffbe932
fffbed85
fffbf1d4
fffbf620
fffbfa68
fffbfeac
fffc02ed
fffc072a
fffc0b64
fffc0f9a
fffc13cd
fffc17fc
fffc1c27
fffc204f
fffc2474
fffc2895
fffc2cb2
fffc30cd
fffc34e3
fffc38f7
fffc3d06
fffc4113
fffc451c
fffc4922
fffc4d24
fffc5123
fffc551e
fffc5917
fffc5d0b
fffc60fd
fffbe081
fffbe4dc
fffbe932
fffbed85
fffbf1d4
fffbf620
fffbfa68
fffbfeac
fffc02ed
fffc072a
fffc0b64
fffc0f9a
fffc13cd
fffc17fc
fffc1c27
fffc204f
fffc2474
fffc2895
fffc2cb2
fffc30cd
fffc34e3
fffc38f7
fffc3d06
fffc4113
fffc451c
fffc4922
fffc4d24
fffc5123
fffc551e
fffc5917
fffc5d0b
fffc60fd
0000015e
fffc64eb
fffc68d6
fffc6cbd
fffc70a2
fffc7483
fffc7861
fffc7c3b
fffc8012
fffc83e6
fffc87b7
fffc8b84
fffc8f4f
fffc9316
fffc96da
fffc9a9a
fffc9e58
fffca212
fffca5ca
fffca97e
fffcad2f
fffcb0dd
fffcb488
fffcb82f
fffcbbd4
fffcbf76
fffcc314
fffcc6af
fffcca48
fffccddd
fffcd16f
fffcd4fe
fffcd88b
fffc64eb
fffc68d6
fffc6cbd
fffc70a2
fffc7483
fffc7861
fffc7c3b
fffc8012
fffc83e6
fffc87b7
fffc8b84
fffc8f4f
fffc9316
fffc96da
fffc9a9a
fffc9e58
fffca212
fffca5ca
fffca97e
fffcad2f
fffcb0dd
fffcb488
fffcb82f
fffcbbd4
fffcbf76
fffcc314
fffcc6af
fffcca48
fffccddd
fffcd16f
fffcd4fe
fffcd88b
0000015f
fffcdc14
fffcdf9a
fffce31d
fffce69e
fffcea1b
fffced95
fffcf10d
fffcf481
fffcf7f3
fffcfb61
fffcfecd
fffd0236
fffd059c
fffd08ff
fffd0c5f
fffd0fbc
fffd1317
fffd166e
fffd19c3
fffd1d15
fffd2064
fffd23b0
fffd26fa
fffd2a41
fffd2d84
fffd30c6
fffd3404
fffd3740
fffd3a78
fffd3daf
fffd40e2
fffd4413
fffcdc14
fffcdf9a
fffce31d
fffce69e
fffcea1b
fffced95
fffcf10d
fffcf481
fffcf7f3
fffcfb61
fffcfecd
fffd0236
fffd059c
fffd08ff
fffd0c5f
fffd0fbc
fffd1317
fffd166e
fffd19c3
fffd1d15
fffd2064
fffd23b0
fffd26fa
fffd2a41
fffd2d84
fffd30c6
fffd3404
fffd3740
fffd3a78
fffd3daf
fffd40e2
fffd4413
00000160
fffd4741
fffd4a6c
fffd4d95
fffd50bb
fffd53de
fffd56ff
fffd5a1d
fffd5d3a
fffd6053
fffd636a
fffd667f
fffd6992
fffd6ca2
fffd6fb2
fffd72bf
fffd75cc
fffd78d8
fffd7be4
fffd7ef1
fffd8200
fffd8513
fffd882a
fffd8b4a
fffd8e74
fffd91ae
fffd94fc
fffd9866
fffd9bf6
fffd9fb7
fffda3ba
fffda813
fffdacdf
fffd4741
fffd4a6c
fffd4d95
fffd50bb
fffd53de
fffd56ff
fffd5a1d
fffd5d3a
fffd6053
fffd636a
fffd667f
fffd6992
fffd6ca2
fffd6fb2
fffd72bf
fffd75cc
fffd78d8
fffd7be4
fffd7ef1
fffd8200
fffd8513
fffd882a
fffd8b4a
fffd8e74
fffd91ae
fffd94fc
fffd9866
fffd9bf6
fffd9fb7
fffda3ba
fffda813
fffdacdf
00000161
fffdb241
fffdb868
fffdbf8f
fffdc804
fffdd22a
fffdde7f
fffdeda4
fffe005d
fffe17a0
fffe3493
fffe5890
fffe8522
fffebc00
fffefef2
ffff4fb8
ffffafe1
00002093
0000a24d
000134af
0001d640
0002844f
00033af9
0003f55e
0004ae08
00055f76
000604b9
000699f2
00071ca2
00078bbd
0007e77b
00083112
00086a5c
fffdb241
fffdb868
fffdbf8f
fffdc804
fffdd22a
fffdde7f
fffdeda4
fffe005d
fffe17a0
fffe3493
fffe5890
fffe8522
fffebc00
fffefef2
ffff4fb8
ffffafe1
00002093
0000a24d
000134af
0001d640
0002844f
00033af9
0003f55e
0004ae08
00055f76
000604b9
000699f2
00071ca2
00078bbd
0007e77b
00083112
00086a5c
00000162
00089583
0008b4c6
0008ca4a
0008d7fd
0008df91
0008e26f
0008e1c2
0008de77
0008d94a
0008d2cc
0008cb68
0008c371
0008bb20
0008b29e
0008aa07
0008a16f
000898e1
00089063
000887fa
00087fa7
00087768
00086f3d
00086725
00085f1d
00085724
00084f38
00084759
00083f84
000837b9
00082ff6
0008283c
0008208b
00089583
0008b4c6
0008ca4a
0008d7fd
0008df91
0008e26f
0008e1c2
0008de77
0008d94a
0008d2cc
0008cb68
0008c371
0008bb20
0008b29e
0008aa07
0008a16f
000898e1
00089063
000887fa
00087fa7
00087768
00086f3d
00086725
00085f1d
00085724
00084f38
00084759
00083f84
000837b9
00082ff6
0008283c
0008208b
00000163
00081908
0008121d
00080c3d
0008075d
0008030e
0007fef0
0007fab4
0007f62b
0007f13f
0007ebe7
0007e62a
0007e012
0007d9aa
0007d300
0007cc23
0007c51d
0007bdf9
0007b6c0
0007af78
0007a828
0007a0d4
0007997e
00079229
00078ad8
0007838b
00077c43
00077500
00076dc4
0007668d
00075f5d
00075833
00075110
00081908
0008121d
00080c3d
0008075d
0008030e
0007fef0
0007fab4
0007f62b
0007f13f
0007ebe7
0007e62a
0007e012
0007d9aa
0007d300
0007cc23
0007c51d
0007bdf9
0007b6c0
0007af78
0007a828
0007a0d4
0007997e
00079229
00078ad8
0007838b
00077c43
00077500
00076dc4
0007668d
00075f5d
00075833
00075110
00000164
000749f3
000742dc
00073bcb
000734c0
00072dbb
000726bd
00071fc4
000718d1
000711e4
00070afd
0007041b
0006fd40
0006f66a
0006ef9a
0006e8cf
0006e20b
0006db4c
0006d492
0006cdde
0006c730
0006c088
0006b9e4
0006b347
0006acaf
0006a61d
00069f90
00069909
00069287
00068c0a
00068593
00067f22
000678b5
000749f3
000742dc
00073bcb
000734c0
00072dbb
000726bd
00071fc4
000718d1
000711e4
00070afd
0007041b
0006fd40
0006f66a
0006ef9a
0006e8cf
0006e20b
0006db4c
0006d492
0006cdde
0006c730
0006c088
0006b9e4
0006b347
0006acaf
0006a61d
00069f90
00069909
00069287
00068c0a
00068593
00067f22
000678b5
00000165
0006724f
00066bed
00066591
00065f3a
000658e9
0006529d
00064c56
00064614
00063fd8
000639a1
0006336f
00062d42
0006271b
000620f9
00061adc
000614c4
00060eb1
000608a3
0006029a
0005fc97
0005f698
0005f09e
0005eaaa
0005e4bb
0005ded0
0005d8ea
0005d30a
0005cd2e
0005c758
0005c186
0005bbb9
0005b5f1
0006724f
00066bed
00066591
00065f3a
000658e9
0006529d
00064c56
00064614
00063fd8
000639a1
0006336f
00062d42
0006271b
000620f9
00061adc
000614c4
00060eb1
000608a3
0006029a
0005fc97
0005f698
0005f09e
0005eaaa
0005e4bb
0005ded0
0005d8ea
0005d30a
0005cd2e
0005c758
0005c186
0005bbb9
0005b5f1
00000166
0005b02e
0005aa70
0005a4b6
00059f02
00059952
000593a7
00058e01
0005885f
000582c3
00057d2a
00057797
00057209
00056c7f
000566fa
00056179
00055bfd
00055688
00055116
00054ba8
0005463e
000540da
00053b79
0005361d
000530c6
00052b73
00052625
000520db
00051b96
00051655
00051118
00050be0
000506ad
0005b02e
0005aa70
0005a4b6
00059f02
00059952
000593a7
00058e01
0005885f
000582c3
00057d2a
00057797
00057209
00056c7f
000566fa
00056179
00055bfd
00055688
00055116
00054ba8
0005463e
000540da
00053b79
0005361d
000530c6
00052b73
00052625
000520db
00051b96
00051655
00051118
00050be0
000506ad
00000167
0005017e
0004fc53
0004f72c
0004f20a
0004ecec
0004e7d3
0004e2be
0004ddad
0004d8a0
0004d398
0004ce94
0004c995
0004c499
0004bfa2
0004baaf
0004b5c0
0004b0d5
0004abee
0004a70c
0004a22e
00049d54
0004987e
000493ac
00048ede
00048a14
0004854e
0004808d
00047bcf
00047716
00047260
00046daf
00046901
0005017e
0004fc53
0004f72c
0004f20a
0004ecec
0004e7d3
0004e2be
0004ddad
0004d8a0
0004d398
0004ce94
0004c995
0004c499
0004bfa2
0004baaf
0004b5c0
0004b0d5
0004abee
0004a70c
0004a22e
00049d54
0004987e
000493ac
00048ede
00048a14
0004854e
0004808d
00047bcf
00047716
00047260
00046daf
00046901
00000168
00046457
00045fb2
00045b10
00045672
000451d8
00044d42
000448b1
00044422
00043f98
00043b12
0004368f
00043210
00042d95
0004291e
000424ab
0004203c
00041bd0
00041768
00041304
00040ea3
00040a46
000405ed
00040198
0003fd46
0003f8f8
0003f4ae
0003f068
0003ec24
0003e7e5
0003e3a9
0003df71
0003db3d
00046457
00045fb2
00045b10
00045672
000451d8
00044d42
000448b1
00044422
00043f98
00043b12
0004368f
00043210
00042d95
0004291e
000424ab
0004203c
00041bd0
00041768
00041304
00040ea3
00040a46
000405ed
00040198
0003fd46
0003f8f8
0003f4ae
0003f068
0003ec24
0003e7e5
0003e3a9
0003df71
0003db3d
00000169
0003d70c
0003d2de
0003ceb5
0003ca8e
0003c66c
0003c24c
0003be31
0003ba19
0003b604
0003b1f3
0003ade5
0003a9db
0003a5d4
0003a1d1
00039dd1
000399d5
000395dc
000391e6
00038df4
00038a05
00038619
00038231
00037e4c
00037a6b
0003768d
000372b2
00036eda
00036b06
00036735
00036367
00035f9d
00035bd5
0003d70c
0003d2de
0003ceb5
0003ca8e
0003c66c
0003c24c
0003be31
0003ba19
0003b604
0003b1f3
0003ade5
0003a9db
0003a5d4
0003a1d1
00039dd1
000399d5
000395dc
000391e6
00038df4
00038a05
00038619
00038231
00037e4c
00037a6b
0003768d
000372b2
00036eda
00036b06
00036735
00036367
00035f9d
00035bd5
0000016a
00035812
00035451
00035093
00034cd9
00034922
0003456e
000341bd
00033e10
00033a66
000336be
0003331a
00032f79
00032bdb
00032840
000324a9
00032114
00031d83
000319f4
00031669
000312e1
00030f5c
00030bd9
0003085a
000304de
00030165
0002fdef
0002fa7b
0002f70b
0002f39e
0002f034
0002eccc
0002e968
00035812
00035451
00035093
00034cd9
00034922
0003456e
000341bd
00033e10
00033a66
000336be
0003331a
00032f79
00032bdb
00032840
000324a9
00032114
00031d83
000319f4
00031669
000312e1
00030f5c
00030bd9
0003085a
000304de
00030165
0002fdef
0002fa7b
0002f70b
0002f39e
0002f034
0002eccc
0002e968
0000016b
0002e606
0002e2a7
0002df4c
0002dbf3
0002d89d
0002d54a
0002d1fa
0002ceac
0002cb62
0002c81a
0002c4d5
0002c193
0002be54
0002bb18
0002b7de
0002b4a7
0002b173
0002ae42
0002ab13
0002a7e7
0002a4bd
0002a196
00029e72
00029b4f
0002982f
00029512
000291f6
00028edc
00028bc3
000288ab
00028594
0002827c
0002e606
0002e2a7
0002df4c
0002dbf3
0002d89d
0002d54a
0002d1fa
0002ceac
0002cb62
0002c81a
0002c4d5
0002c193
0002be54
0002bb18
0002b7de
0002b4a7
0002b173
0002ae42
0002ab13
0002a7e7
0002a4bd
0002a196
00029e72
00029b4f
0002982f
00029512
000291f6
00028edc
00028bc3
000288ab
00028594
0002827c
0000016c
00027f63
00027c48
00027928
00027602
000272d4
00026f99
00026c4c
000268e9
00026565
000261b8
00025dd2
000259a4
00025515
00025005
00024a4d
000243b9
00023c06
000232de
000227d4
00021a5c
000209c6
0001f53a
0001dbb1
0001bbed
00019481
000163d1
0001281f
0000dfa6
000088bb
000021f9
ffffaa7b
ffff221c
00027f63
00027c48
00027928
00027602
000272d4
00026f99
00026c4c
000268e9
00026565
000261b8
00025dd2
000259a4
00025515
00025005
00024a4d
000243b9
00023c06
000232de
000227d4
00021a5c
000209c6
0001f53a
0001dbb1
0001bbed
00019481
000163d1
0001281f
0000dfa6
000088bb
000021f9
ffffaa7b
ffff221c
0000016d
fffe89aa
fffde31a
fffd3194
fffc7960
fffbbf9d
fffb09c6
fffa5d26
fff9be41
fff93069
fff8b588
fff84e26
fff7f9a3
fff7b686
fff782d3
fff75c5a
fff740e7
fff72e6b
fff72312
fff71d48
fff71bbe
fff71d62
fff7215a
fff726fd
fff72dc8
fff73559
fff73d69
fff745c4
fff74e45
fff756d5
fff75f61
fff767e2
fff77050
fffe89aa
fffde31a
fffd3194
fffc7960
fffbbf9d
fffb09c6
fffa5d26
fff9be41
fff93069
fff8b588
fff84e26
fff7f9a3
fff7b686
fff782d3
fff75c5a
fff740e7
fff72e6b
fff72312
fff71d48
fff71bbe
fff71d62
fff7215a
fff726fd
fff72dc8
fff73559
fff73d69
fff745c4
fff74e45
fff756d5
fff75f61
fff767e2
fff77050
0000016e
fff778aa
fff780ef
fff78920
fff7913d
fff79949
fff7a144
fff7a930
fff7b10a
fff7b8cc
fff7c06e
fff7c7ea
fff7cf3b
fff7d664
fff7dd69
fff7e451
fff7eb24
fff7f1ec
fff7f8b0
fff7ff76
fff80645
fff80d20
fff81408
fff81afe
fff82203
fff82915
fff83032
fff83759
fff83e88
fff845bb
fff84cf4
fff8542d
fff85b68
fff778aa
fff780ef
fff78920
fff7913d
fff79949
fff7a144
fff7a930
fff7b10a
fff7b8cc
fff7c06e
fff7c7ea
fff7cf3b
fff7d664
fff7dd69
fff7e451
fff7eb24
fff7f1ec
fff7f8b0
fff7ff76
fff80645
fff80d20
fff81408
fff81afe
fff82203
fff82915
fff83032
fff83759
fff83e88
fff845bb
fff84cf4
fff8542d
fff85b68
0000016f
fff862a1
fff869d9
fff8710d
fff8783e
fff87f6a
fff88692
fff88db5
fff894d2
fff89be9
fff8a2fc
fff8aa07
fff8b10e
fff8b80e
fff8bf09
fff8c5fe
fff8cced
fff8d3d6
fff8dab9
fff8e197
fff8e86f
fff8ef41
fff8f60e
fff8fcd5
fff90396
fff90a52
fff91108
fff917b9
fff91e64
fff9250a
fff92baa
fff93245
fff938da
fff862a1
fff869d9
fff8710d
fff8783e
fff87f6a
fff88692
fff88db5
fff894d2
fff89be9
fff8a2fc
fff8aa07
fff8b10e
fff8b80e
fff8bf09
fff8c5fe
fff8cced
fff8d3d6
fff8dab9
fff8e197
fff8e86f
fff8ef41
fff8f60e
fff8fcd5
fff90396
fff90a52
fff91108
fff917b9
fff91e64
fff9250a
fff92baa
fff93245
fff938da
00000170
fff93f6a
fff945f5
fff94c79
fff952f9
fff95973
fff95fe9
fff96658
fff96cc3
fff97328
fff97988
fff97fe2
fff98637
fff98c87
fff992d2
fff99917
fff99f58
fff9a593
fff9abc9
fff9b1fa
fff9b826
fff9be4d
fff9c46f
fff9ca8b
fff9d0a3
fff9d6b5
fff9dcc3
fff9e2cb
fff9e8cf
fff9eecd
fff9f4c7
fff9fabb
fffa00ab
fff93f6a
fff945f5
fff94c79
fff952f9
fff95973
fff95fe9
fff96658
fff96cc3
fff97328
fff97988
fff97fe2
fff98637
fff98c87
fff992d2
fff99917
fff99f58
fff9a593
fff9abc9
fff9b1fa
fff9b826
fff9be4d
fff9c46f
fff9ca8b
fff9d0a3
fff9d6b5
fff9dcc3
fff9e2cb
fff9e8cf
fff9eecd
fff9f4c7
fff9fabb
fffa00ab
00000171
fffa0695
fffa0c7c
fffa125c
fffa1839
fffa1e0f
fffa23e2
fffa29b0
fffa2f78
fffa353c
fffa3afc
fffa40b6
fffa466c
fffa4c1c
fffa51c9
fffa5770
fffa5d13
fffa62b1
fffa684b
fffa6ddf
fffa7370
fffa78fb
fffa7e82
fffa8405
fffa8983
fffa8efb
fffa9470
fffa99e0
fffa9f4c
fffaa4b3
fffaaa16
fffaaf74
fffab4ce
fffa0695
fffa0c7c
fffa125c
fffa1839
fffa1e0f
fffa23e2
fffa29b0
fffa2f78
fffa353c
fffa3afc
fffa40b6
fffa466c
fffa4c1c
fffa51c9
fffa5770
fffa5d13
fffa62b1
fffa684b
fffa6ddf
fffa7370
fffa78fb
fffa7e82
fffa8405
fffa8983
fffa8efb
fffa9470
fffa99e0
fffa9f4c
fffaa4b3
fffaaa16
fffaaf74
fffab4ce
00000172
fffaba23
fffabf74
fffac4c0
fffaca08
fffacf4b
fffad48b
fffad9c6
fffadefc
fffae42e
fffae95c
fffaee86
fffaf3ab
fffaf8cc
fffafde9
fffb0301
fffb0815
fffb0d25
fffb1231
fffb1739
fffb1c3c
fffb213b
fffb2636
fffb2b2d
fffb3020
fffb350e
fffb39f9
fffb3edf
fffb43c2
fffb48a0
fffb4d7a
fffb5250
fffb5722
fffaba23
fffabf74
fffac4c0
fffaca08
fffacf4b
fffad48b
fffad9c6
fffadefc
fffae42e
fffae95c
fffaee86
fffaf3ab
fffaf8cc
fffafde9
fffb0301
fffb0815
fffb0d25
fffb1231
fffb1739
fffb1c3c
fffb213b
fffb2636
fffb2b2d
fffb3020
fffb350e
fffb39f9
fffb3edf
fffb43c2
fffb48a0
fffb4d7a
fffb5250
fffb5722
00000173
fffb5bf0
fffb60ba
fffb6580
fffb6a42
fffb6f00
fffb73bb
fffb7871
fffb7d23
fffb81d1
fffb867c
fffb8b22
fffb8fc5
fffb9463
fffb98fe
fffb9d95
fffba228
fffba6b8
fffbab43
fffbafcb
fffbb44f
fffbb8cf
fffbbd4b
fffbc1c4
fffbc639
fffbcaaa
fffbcf17
fffbd381
fffbd7e7
fffbdc49
fffbe0a8
fffbe503
fffbe95a
fffb5bf0
fffb60ba
fffb6580
fffb6a42
fffb6f00
fffb73bb
fffb7871
fffb7d23
fffb81d1
fffb867c
fffb8b22
fffb8fc5
fffb9463
fffb98fe
fffb9d95
fffba228
fffba6b8
fffbab43
fffbafcb
fffbb44f
fffbb8cf
fffbbd4b
fffbc1c4
fffbc639
fffbcaaa
fffbcf17
fffbd381
fffbd7e7
fffbdc49
fffbe0a8
fffbe503
fffbe95a
00000174
fffbedae
fffbf1fe
fffbf64a
fffbfa94
fffbfed8
fffc031a
fffc0758
fffc0b93
fffc0fca
fffc13fd
fffc182d
fffc1c5a
fffc2082
fffc24a8
fffc28ca
fffc2ce8
fffc3103
fffc351b
fffc392f
fffc3d3f
fffc414c
fffc4556
fffc495d
fffc4d60
fffc515f
fffc555c
fffc5954
fffc5d4a
fffc613c
fffc652b
fffc6917
fffc6cff
fffbedae
fffbf1fe
fffbf64a
fffbfa94
fffbfed8
fffc031a
fffc0758
fffc0b93
fffc0fca
fffc13fd
fffc182d
fffc1c5a
fffc2082
fffc24a8
fffc28ca
fffc2ce8
fffc3103
fffc351b
fffc392f
fffc3d3f
fffc414c
fffc4556
fffc495d
fffc4d60
fffc515f
fffc555c
fffc5954
fffc5d4a
fffc613c
fffc652b
fffc6917
fffc6cff
00000175
fffc70e4
fffc74c6
fffc78a4
fffc7c7f
fffc8057
fffc842c
fffc87fd
fffc8bcc
fffc8f96
fffc935e
fffc9723
fffc9ae4
fffc9ea3
fffca25e
fffca616
fffca9cb
fffcad7c
fffcb12b
fffcb4d6
fffcb87f
fffcbc24
fffcbfc6
fffcc365
fffcc701
fffcca9a
fffcce30
fffcd1c3
fffcd553
fffcd8df
fffcdc69
fffcdff0
fffce374
fffc70e4
fffc74c6
fffc78a4
fffc7c7f
fffc8057
fffc842c
fffc87fd
fffc8bcc
fffc8f96
fffc935e
fffc9723
fffc9ae4
fffc9ea3
fffca25e
fffca616
fffca9cb
fffcad7c
fffcb12b
fffcb4d6
fffcb87f
fffcbc24
fffcbfc6
fffcc365
fffcc701
fffcca9a
fffcce30
fffcd1c3
fffcd553
fffcd8df
fffcdc69
fffcdff0
fffce374
00000176
fffce6f5
fffcea73
fffceded
fffcf166
fffcf4da
fffcf84d
fffcfbbc
fffcff28
fffd0291
fffd05f8
fffd095b
fffd0cbc
fffd101a
fffd1375
fffd16cd
fffd1a22
fffd1d75
fffd20c5
fffd2411
fffd275b
fffd2aa2
fffd2de7
fffd3128
fffd3467
fffd37a3
fffd3add
fffd3e13
fffd4148
fffd4479
fffd47a7
fffd4ad3
fffd4dfd
fffce6f5
fffcea73
fffceded
fffcf166
fffcf4da
fffcf84d
fffcfbbc
fffcff28
fffd0291
fffd05f8
fffd095b
fffd0cbc
fffd101a
fffd1375
fffd16cd
fffd1a22
fffd1d75
fffd20c5
fffd2411
fffd275b
fffd2aa2
fffd2de7
fffd3128
fffd3467
fffd37a3
fffd3add
fffd3e13
fffd4148
fffd4479
fffd47a7
fffd4ad3
fffd4dfd
00000177
fffd5123
fffd544b
fffd5779
fffd5aae
fffd5ddd
fffd6108
fffd6434
fffd675c
fffd6a83
fffd6da8
fffd70cb
fffd73ef
fffd7711
fffd7a35
fffd7d5a
fffd8083
fffd83b0
fffd86e5
fffd8a23
fffd8d71
fffd90d1
fffd944c
fffd97ea
fffd9bb8
fffd9fc5
fffda425
fffda8f2
fffdae4f
fffdb468
fffdbb78
fffdc3c8
fffdcdb7
fffd5123
fffd544b
fffd5779
fffd5aae
fffd5ddd
fffd6108
fffd6434
fffd675c
fffd6a83
fffd6da8
fffd70cb
fffd73ef
fffd7711
fffd7a35
fffd7d5a
fffd8083
fffd83b0
fffd86e5
fffd8a23
fffd8d71
fffd90d1
fffd944c
fffd97ea
fffd9bb8
fffd9fc5
fffda425
fffda8f2
fffdae4f
fffdb468
fffdbb78
fffdc3c8
fffdcdb7
00000178
fffdd9c0
fffde87b
fffdfaa8
fffe1131
fffe2d33
fffe4ffe
fffe7b11
fffeb017
fffef0d0
ffff3efc
ffff9c2d
00000997
000087db
000116bf
0001b505
00026039
000314b9
0003cddd
0004864d
00053891
0005df9f
00067765
0006fd26
00076f8d
0007ce99
00081b4f
0008576d
0008850b
0008a663
0008bd9e
0008ccb3
0008d55d
fffdd9c0
fffde87b
fffdfaa8
fffe1131
fffe2d33
fffe4ffe
fffe7b11
fffeb017
fffef0d0
ffff3efc
ffff9c2d
00000997
000087db
000116bf
0001b505
00026039
000314b9
0003cddd
0004864d
00053891
0005df9f
00067765
0006fd26
00076f8d
0007ce99
00081b4f
0008576d
0008850b
0008a663
0008bd9e
0008ccb3
0008d55d
00000179
0008d911
0008d904
0008d630
0008d156
0008cb10
0008c3d2
0008bbef
0008b3a7
0008ab27
0008a28c
000899ec
00089153
000888ca
00088054
000877f4
00086faa
00086777
00085f59
00085751
00084f5f
00084780
00083fb4
000837fb
00083052
000828b7
00082129
000819a6
0008122b
00080ab7
00080348
0007fbdd
0007f474
0008d911
0008d904
0008d630
0008d156
0008cb10
0008c3d2
0008bbef
0008b3a7
0008ab27
0008a28c
000899ec
00089153
000888ca
00088054
000877f4
00086faa
00086777
00085f59
00085751
00084f5f
00084780
00083fb4
000837fb
00083052
000828b7
00082129
000819a6
0008122b
00080ab7
00080348
0007fbdd
0007f474
0000017a
0007ed0e
0007e5a9
0007de45
0007d6e3
0007cf81
0007c821
0007c0c3
0007b967
0007b20e
0007aab7
0007a364
00079c15
000794ca
00078d83
00078642
00077f05
000777ce
0007709c
0007696f
00076248
00075b27
0007540b
00074cf5
000745e5
00073edb
000737d7
000730d8
000729e0
000722ed
00071c00
00071518
00070e36
0007ed0e
0007e5a9
0007de45
0007d6e3
0007cf81
0007c821
0007c0c3
0007b967
0007b20e
0007aab7
0007a364
00079c15
000794ca
00078d83
00078642
00077f05
000777ce
0007709c
0007696f
00076248
00075b27
0007540b
00074cf5
000745e5
00073edb
000737d7
000730d8
000729e0
000722ed
00071c00
00071518
00070e36
0000017b
0007075a
00070084
0006f9b4
0006f2ea
0006ec24
0006e564
0006deaa
0006d7f6
0006d147
0006ca9d
0006c3f9
0006bd5b
0006b6c2
0006b02e
0006a9a0
0006a317
00069c94
00069616
00068f9e
0006892b
000682bd
00067c54
000675f1
00066f93
0006693b
000662e7
00065c99
00065650
0006500d
000649ce
00064395
00063d61
0007075a
00070084
0006f9b4
0006f2ea
0006ec24
0006e564
0006deaa
0006d7f6
0006d147
0006ca9d
0006c3f9
0006bd5b
0006b6c2
0006b02e
0006a9a0
0006a317
00069c94
00069616
00068f9e
0006892b
000682bd
00067c54
000675f1
00066f93
0006693b
000662e7
00065c99
00065650
0006500d
000649ce
00064395
00063d61
0000017c
00063732
00063108
00062ae3
000624c3
00061ea9
00061893
00061283
00060c78
00060671
00060070
0005fa74
0005f47c
0005ee8a
0005e89c
0005e2b4
0005dcd0
0005d6f1
0005d117
0005cb42
0005c572
0005bfa7
0005b9e0
0005b41f
0005ae62
0005a8aa
0005a2f6
00059d48
0005979e
000591f8
00058c58
000586bc
00058125
00063732
00063108
00062ae3
000624c3
00061ea9
00061893
00061283
00060c78
00060671
00060070
0005fa74
0005f47c
0005ee8a
0005e89c
0005e2b4
0005dcd0
0005d6f1
0005d117
0005cb42
0005c572
0005bfa7
0005b9e0
0005b41f
0005ae62
0005a8aa
0005a2f6
00059d48
0005979e
000591f8
00058c58
000586bc
00058125
0000017d
00057b93
00057605
0005707c
00056af7
00056577
00055ffc
00055a85
00055513
00054fa5
00054a3c
000544d7
00053f77
00053a1b
000534c4
00052f71
00052a23
000524d9
00051f93
00051a52
00051515
00050fdd
00050aa9
00050579
0005004e
0004fb27
0004f604
0004f0e6
0004ebcc
0004e6b6
0004e1a4
0004dc97
0004d78e
00057b93
00057605
0005707c
00056af7
00056577
00055ffc
00055a85
00055513
00054fa5
00054a3c
000544d7
00053f77
00053a1b
000534c4
00052f71
00052a23
000524d9
00051f93
00051a52
00051515
00050fdd
00050aa9
00050579
0005004e
0004fb27
0004f604
0004f0e6
0004ebcc
0004e6b6
0004e1a4
0004dc97
0004d78e
0000017e
0004d289
0004cd88
0004c88c
0004c394
0004bea0
0004b9b0
0004b4c4
0004afdc
0004aaf9
0004a619
0004a13e
00049c66
00049793
000492c4
00048df8
00048931
0004846e
00047faf
00047af3
0004763c
00047189
00046cd9
0004682e
00046386
00045ee3
00045a43
000455a7
0004510f
00044c7b
000447eb
0004435e
00043ed6
0004d289
0004cd88
0004c88c
0004c394
0004bea0
0004b9b0
0004b4c4
0004afdc
0004aaf9
0004a619
0004a13e
00049c66
00049793
000492c4
00048df8
00048931
0004846e
00047faf
00047af3
0004763c
00047189
00046cd9
0004682e
00046386
00045ee3
00045a43
000455a7
0004510f
00044c7b
000447eb
0004435e
00043ed6
0000017f
00043a51
000435d0
00043152
00042cd8
00042863
000423f1
00041f83
00041b18
000416b1
0004124e
00040def
00040993
0004053b
000400e7
0003fc96
0003f849
0003f400
0003efba
0003eb78
0003e739
0003e2fe
0003dec6
0003da92
0003d662
0003d235
0003ce0c
0003c9e6
0003c5c4
0003c1a5
0003bd89
0003b972
0003b55d
00043a51
000435d0
00043152
00042cd8
00042863
000423f1
00041f83
00041b18
000416b1
0004124e
00040def
00040993
0004053b
000400e7
0003fc96
0003f849
0003f400
0003efba
0003eb78
0003e739
0003e2fe
0003dec6
0003da92
0003d662
0003d235
0003ce0c
0003c9e6
0003c5c4
0003c1a5
0003bd89
0003b972
0003b55d
00000180
0003b14c
0003ad3e
0003a934
0003a52d
0003a12a
00039d2a
0003992e
00039534
0003913f
00038d4c
0003895d
00038571
00038189
00037da4
000379c2
000375e3
00037208
00036e30
00036a5b
0003668a
000362bb
00035ef0
00035b29
00035764
000353a2
00034fe4
00034c29
00034871
000344bc
0003410b
00033d5c
000339b1
0003b14c
0003ad3e
0003a934
0003a52d
0003a12a
00039d2a
0003992e
00039534
0003913f
00038d4c
0003895d
00038571
00038189
00037da4
000379c2
000375e3
00037208
00036e30
00036a5b
0003668a
000362bb
00035ef0
00035b29
00035764
000353a2
00034fe4
00034c29
00034871
000344bc
0003410b
00033d5c
000339b1
00000181
00033609
00033264
00032ec2
00032b23
00032787
000323ee
00032058
00031cc6
00031936
000315aa
00031220
00030e99
00030b16
00030795
00030418
0003009d
0002fd25
0002f9b1
0002f63f
0002f2d0
0002ef64
0002ebfb
0002e895
0002e532
0002e1d1
0002de74
0002db19
0002d7c2
0002d46d
0002d11b
0002cdcc
0002ca80
00033609
00033264
00032ec2
00032b23
00032787
000323ee
00032058
00031cc6
00031936
000315aa
00031220
00030e99
00030b16
00030795
00030418
0003009d
0002fd25
0002f9b1
0002f63f
0002f2d0
0002ef64
0002ebfb
0002e895
0002e532
0002e1d1
0002de74
0002db19
0002d7c2
0002d46d
0002d11b
0002cdcc
0002ca80
00000182
0002c736
0002c3f0
0002c0ac
0002bd6b
0002ba2d
0002b6f1
0002b3b8
0002b082
0002ad4f
0002aa1d
0002a6ed
0002a3bf
0002a094
00029d6a
00029a42
0002971d
000293f9
000290d8
00028db9
00028a9c
00028780
00028467
0002814f
00027e39
00027b23
0002780f
000274f9
000271e3
00026ecb
00026bae
0002688c
00026562
0002c736
0002c3f0
0002c0ac
0002bd6b
0002ba2d
0002b6f1
0002b3b8
0002b082
0002ad4f
0002aa1d
0002a6ed
0002a3bf
0002a094
00029d6a
00029a42
0002971d
000293f9
000290d8
00028db9
00028a9c
00028780
00028467
0002814f
00027e39
00027b23
0002780f
000274f9
000271e3
00026ecb
00026bae
0002688c
00026562
00000183
0002622c
00025ee5
00025b88
0002580e
0002546b
00025094
00024c76
000247fb
00024306
00023d72
0002370b
00022f94
000226bb
00021c16
00020f21
0001ff36
0001eb87
0001d317
0001b4b8
00018f0c
00016082
0001276b
0000e208
00008eaf
00002bf2
ffffb8dc
ffff3525
fffea174
fffdff8d
fffd5266
fffc9e16
fffbe799
0002622c
00025ee5
00025b88
0002580e
0002546b
00025094
00024c76
000247fb
00024306
00023d72
0002370b
00022f94
000226bb
00021c16
00020f21
0001ff36
0001eb87
0001d317
0001b4b8
00018f0c
00016082
0001276b
0000e208
00008eaf
00002bf2
ffffb8dc
ffff3525
fffea174
fffdff8d
fffd5266
fffc9e16
fffbe799
00000184
fffb3459
fffa899f
fff9ec02
fff95ef2
fff8e478
fff87d3e
fff828bd
fff7e58e
fff7b1c2
fff78b30
fff76fa5
fff75d16
fff751ad
fff74bd7
fff74a42
fff74bdb
fff74fca
fff75564
fff75c26
fff763ae
fff76bb4
fff77404
fff77c7a
fff784fe
fff78d7f
fff795f3
fff79e55
fff7a6a1
fff7aed7
fff7b6f7
fff7bf02
fff7c6fa
fffb3459
fffa899f
fff9ec02
fff95ef2
fff8e478
fff87d3e
fff828bd
fff7e58e
fff7b1c2
fff78b30
fff76fa5
fff75d16
fff751ad
fff74bd7
fff74a42
fff74bdb
fff74fca
fff75564
fff75c26
fff763ae
fff76bb4
fff77404
fff77c7a
fff784fe
fff78d7f
fff795f3
fff79e55
fff7a6a1
fff7aed7
fff7b6f7
fff7bf02
fff7c6fa
00000185
fff7cee0
fff7d6b6
fff7de7e
fff7e639
fff7edea
fff7f590
fff7fd2d
fff804c3
fff80c51
fff813d9
fff81b5a
fff822d7
fff82a4d
fff831c0
fff8392d
fff84095
fff847f9
fff84f58
fff856b1
fff85e06
fff86556
fff86ca2
fff873e7
fff87b28
fff88263
fff88999
fff890c9
fff897f4
fff89f19
fff8a638
fff8ad52
fff8b466
fff7cee0
fff7d6b6
fff7de7e
fff7e639
fff7edea
fff7f590
fff7fd2d
fff804c3
fff80c51
fff813d9
fff81b5a
fff822d7
fff82a4d
fff831c0
fff8392d
fff84095
fff847f9
fff84f58
fff856b1
fff85e06
fff86556
fff86ca2
fff873e7
fff87b28
fff88263
fff88999
fff890c9
fff897f4
fff89f19
fff8a638
fff8ad52
fff8b466
00000186
fff8bb74
fff8c27d
fff8c97f
fff8d07c
fff8d773
fff8de65
fff8e551
fff8ec37
fff8f317
fff8f9f2
fff900c7
fff90796
fff90e60
fff91524
fff91be3
fff9229c
fff9294f
fff92ffd
fff936a5
fff93d48
fff943e6
fff94a7e
fff95110
fff9579d
fff95e25
fff964a7
fff96b24
fff9719b
fff9780d
fff97e7a
fff984e1
fff98b44
fff8bb74
fff8c27d
fff8c97f
fff8d07c
fff8d773
fff8de65
fff8e551
fff8ec37
fff8f317
fff8f9f2
fff900c7
fff90796
fff90e60
fff91524
fff91be3
fff9229c
fff9294f
fff92ffd
fff936a5
fff93d48
fff943e6
fff94a7e
fff95110
fff9579d
fff95e25
fff964a7
fff96b24
fff9719b
fff9780d
fff97e7a
fff984e1
fff98b44
00000187
fff991a1
fff997f8
fff99e4b
fff9a498
fff9aae0
fff9b123
fff9b760
fff9bd99
fff9c3cc
fff9c9fa
fff9d023
fff9d647
fff9dc65
fff9e27f
fff9e894
fff9eea3
fff9f4ae
fff9fab4
fffa00b4
fffa06b0
fffa0ca6
fffa1298
fffa1884
fffa1e6c
fffa244f
fffa2a2d
fffa3006
fffa35db
fffa3baa
fffa4175
fffa473a
fffa4cfb
fff991a1
fff997f8
fff99e4b
fff9a498
fff9aae0
fff9b123
fff9b760
fff9bd99
fff9c3cc
fff9c9fa
fff9d023
fff9d647
fff9dc65
fff9e27f
fff9e894
fff9eea3
fff9f4ae
fff9fab4
fffa00b4
fffa06b0
fffa0ca6
fffa1298
fffa1884
fffa1e6c
fffa244f
fffa2a2d
fffa3006
fffa35db
fffa3baa
fffa4175
fffa473a
fffa4cfb
00000188
fffa52b8
fffa586f
fffa5e22
fffa63d0
fffa6979
fffa6f1e
fffa74bd
fffa7a59
fffa7fef
fffa8581
fffa8b0e
fffa9097
fffa961b
fffa9b9a
fffaa115
fffaa68b
fffaabfd
fffab16a
fffab6d3
fffabc37
fffac197
fffac6f2
fffacc48
fffad19b
fffad6e9
fffadc32
fffae177
fffae6b8
fffaebf4
fffaf12c
fffaf65f
fffafb8e
fffa52b8
fffa586f
fffa5e22
fffa63d0
fffa6979
fffa6f1e
fffa74bd
fffa7a59
fffa7fef
fffa8581
fffa8b0e
fffa9097
fffa961b
fffa9b9a
fffaa115
fffaa68b
fffaabfd
fffab16a
fffab6d3
fffabc37
fffac197
fffac6f2
fffacc48
fffad19b
fffad6e9
fffadc32
fffae177
fffae6b8
fffaebf4
fffaf12c
fffaf65f
fffafb8e
00000189
fffb00b9
fffb05e0
fffb0b02
fffb1020
fffb1539
fffb1a4f
fffb1f60
fffb246d
fffb2976
fffb2e7a
fffb337a
fffb3877
fffb3d6e
fffb4262
fffb4752
fffb4c3d
fffb5125
fffb5608
fffb5ae7
fffb5fc2
fffb649a
fffb696d
fffb6e3c
fffb7307
fffb77cd
fffb7c90
fffb814f
fffb860a
fffb8ac1
fffb8f75
fffb9424
fffb98cf
fffb00b9
fffb05e0
fffb0b02
fffb1020
fffb1539
fffb1a4f
fffb1f60
fffb246d
fffb2976
fffb2e7a
fffb337a
fffb3877
fffb3d6e
fffb4262
fffb4752
fffb4c3d
fffb5125
fffb5608
fffb5ae7
fffb5fc2
fffb649a
fffb696d
fffb6e3c
fffb7307
fffb77cd
fffb7c90
fffb814f
fffb860a
fffb8ac1
fffb8f75
fffb9424
fffb98cf
0000018a
fffb9d76
fffba219
fffba6b8
fffbab54
fffbafec
fffbb47f
fffbb90f
fffbbd9c
fffbc224
fffbc6a9
fffbcb29
fffbcfa6
fffbd420
fffbd895
fffbdd07
fffbe175
fffbe5df
fffbea46
fffbeea8
fffbf308
fffbf763
fffbfbbb
fffc000f
fffc0460
fffc08ad
fffc0cf6
fffc113c
fffc157e
fffc19bc
fffc1df7
fffc222e
fffc2662
fffb9d76
fffba219
fffba6b8
fffbab54
fffbafec
fffbb47f
fffbb90f
fffbbd9c
fffbc224
fffbc6a9
fffbcb29
fffbcfa6
fffbd420
fffbd895
fffbdd07
fffbe175
fffbe5df
fffbea46
fffbeea8
fffbf308
fffbf763
fffbfbbb
fffc000f
fffc0460
fffc08ad
fffc0cf6
fffc113c
fffc157e
fffc19bc
fffc1df7
fffc222e
fffc2662
0000018b
fffc2a92
fffc2ebf
fffc32e9
fffc370f
fffc3b31
fffc3f50
fffc436b
fffc4783
fffc4b97
fffc4fa8
fffc53b5
fffc57bf
fffc5bc6
fffc5fc9
fffc63c9
fffc67c6
fffc6bbf
fffc6fb4
fffc73a7
fffc7796
fffc7b82
fffc7f6a
fffc834f
fffc8731
fffc8b0f
fffc8eeb
fffc92c3
fffc9697
fffc9a69
fffc9e37
fffca202
fffca5ca
fffc2a92
fffc2ebf
fffc32e9
fffc370f
fffc3b31
fffc3f50
fffc436b
fffc4783
fffc4b97
fffc4fa8
fffc53b5
fffc57bf
fffc5bc6
fffc5fc9
fffc63c9
fffc67c6
fffc6bbf
fffc6fb4
fffc73a7
fffc7796
fffc7b82
fffc7f6a
fffc834f
fffc8731
fffc8b0f
fffc8eeb
fffc92c3
fffc9697
fffc9a69
fffc9e37
fffca202
fffca5ca
0000018c
fffca98f
fffcad50
fffcb10e
fffcb4ca
fffcb881
fffcbc36
fffcbfe8
fffcc396
fffcc742
fffccaea
fffcce8f
fffcd231
fffcd5d0
fffcd96c
fffcdd05
fffce09b
fffce42d
fffce7bd
fffceb4a
fffceed3
fffcf25a
fffcf5de
fffcf95e
fffcfcdc
fffd0056
fffd03ce
fffd0743
fffd0ab5
fffd0e24
fffd1190
fffd14f9
fffd185f
fffca98f
fffcad50
fffcb10e
fffcb4ca
fffcb881
fffcbc36
fffcbfe8
fffcc396
fffcc742
fffccaea
fffcce8f
fffcd231
fffcd5d0
fffcd96c
fffcdd05
fffce09b
fffce42d
fffce7bd
fffceb4a
fffceed3
fffcf25a
fffcf5de
fffcf95e
fffcfcdc
fffd0056
fffd03ce
fffd0743
fffd0ab5
fffd0e24
fffd1190
fffd14f9
fffd185f
0000018d
fffd1bc2
fffd1f23
fffd2280
fffd25da
fffd2932
fffd2c87
fffd2fd9
fffd3329
fffd3675
fffd39bf
fffd3d05
fffd4049
fffd438a
fffd46c9
fffd4a04
fffd4d3d
fffd5074
fffd53a7
fffd56d8
fffd5a07
fffd5d32
fffd605c
fffd6383
fffd66a7
fffd69c9
fffd6ce8
fffd7005
fffd731f
fffd7637
fffd794d
fffd7c60
fffd7f71
fffd1bc2
fffd1f23
fffd2280
fffd25da
fffd2932
fffd2c87
fffd2fd9
fffd3329
fffd3675
fffd39bf
fffd3d05
fffd4049
fffd438a
fffd46c9
fffd4a04
fffd4d3d
fffd5074
fffd53a7
fffd56d8
fffd5a07
fffd5d32
fffd605c
fffd6383
fffd66a7
fffd69c9
fffd6ce8
fffd7005
fffd731f
fffd7637
fffd794d
fffd7c60
fffd7f71
0000018e
fffd8280
fffd858c
fffd8896
fffd8b9f
fffd8ea7
fffd91ad
fffd94b2
fffd97b8
fffd9abd
fffd9dc5
fffda0d0
fffda3df
fffda6f5
fffdaa14
fffdad42
fffdb082
fffdb3db
fffdb757
fffdbaff
fffdbee3
fffdc317
fffdc7b3
fffdccd7
fffdd2ae
fffdd96e
fffde15c
fffdead5
fffdf648
fffe0446
fffe1582
fffe2ad8
fffe4553
fffd8280
fffd858c
fffd8896
fffd8b9f
fffd8ea7
fffd91ad
fffd94b2
fffd97b8
fffd9abd
fffd9dc5
fffda0d0
fffda3df
fffda6f5
fffdaa14
fffdad42
fffdb082
fffdb3db
fffdb757
fffdbaff
fffdbee3
fffdc317
fffdc7b3
fffdccd7
fffdd2ae
fffdd96e
fffde15c
fffdead5
fffdf648
fffe0446
fffe1582
fffe2ad8
fffe4553
0000018f
fffe662d
fffe8ed0
fffec0cc
fffefdc9
ffff476e
ffff9f3b
0000065c
00007d6f
0001044f
000199dd
00023be1
0002e701
000396ed
000446aa
0004f114
00059160
000623a0
0006a519
00071467
00077160
0007bcdb
0007f863
000825e7
0008477b
00085f27
00086ecd
00087816
00087c6e
00087d02
00087ac5
0008767a
000870b9
fffe662d
fffe8ed0
fffec0cc
fffefdc9
ffff476e
ffff9f3b
0000065c
00007d6f
0001044f
000199dd
00023be1
0002e701
000396ed
000446aa
0004f114
00059160
000623a0
0006a519
00071467
00077160
0007bcdb
0007f863
000825e7
0008477b
00085f27
00086ecd
00087816
00087c6e
00087d02
00087ac5
0008767a
000870b9
00000190
000869f3
00086280
00085aa0
00085280
00084a40
000841f7
000839b1
00083178
00082951
0008213e
0008193f
00081154
0008097b
000801b3
0007f9fb
0007f250
0007eab2
0007e31e
0007db95
0007d414
0007cc9c
0007c52b
0007bdc1
0007b65d
0007af00
0007a7a9
0007a058
0007990c
000791c7
00078a86
0007834c
00077c17
000869f3
00086280
00085aa0
00085280
00084a40
000841f7
000839b1
00083178
00082951
0008213e
0008193f
00081154
0008097b
000801b3
0007f9fb
0007f250
0007eab2
0007e31e
0007db95
0007d414
0007cc9c
0007c52b
0007bdc1
0007b65d
0007af00
0007a7a9
0007a058
0007990c
000791c7
00078a86
0007834c
00077c17
00000191
000774e8
00076dbe
0007669a
00075f7c
00075863
00075150
00074a42
0007433a
00073c38
0007353c
00072e45
00072754
00072068
00071982
000712a2
00070bc8
000704f3
0006fe24
0006f75a
0006f096
0006e9d8
0006e31f
0006dc6c
0006d5be
0006cf16
0006c873
0006c1d6
0006bb3e
0006b4ac
0006ae1f
0006a798
0006a115
000774e8
00076dbe
0007669a
00075f7c
00075863
00075150
00074a42
0007433a
00073c38
0007353c
00072e45
00072754
00072068
00071982
000712a2
00070bc8
000704f3
0006fe24
0006f75a
0006f096
0006e9d8
0006e31f
0006dc6c
0006d5be
0006cf16
0006c873
0006c1d6
0006bb3e
0006b4ac
0006ae1f
0006a798
0006a115
00000192
00069a99
00069421
00068daf
00068742
000680da
00067a78
0006741c
00066dc4
00066772
00066125
00065add
0006549a
00064e5d
00064824
000641f1
00063bc3
0006359a
00062f76
00062958
0006233e
00061d2a
0006171a
00061110
00060b0a
0006050a
0005ff0e
0005f918
0005f326
0005ed39
0005e751
0005e16e
0005db90
00069a99
00069421
00068daf
00068742
000680da
00067a78
0006741c
00066dc4
00066772
00066125
00065add
0006549a
00064e5d
00064824
000641f1
00063bc3
0006359a
00062f76
00062958
0006233e
00061d2a
0006171a
00061110
00060b0a
0006050a
0005ff0e
0005f918
0005f326
0005ed39
0005e751
0005e16e
0005db90
00000193
0005d5b7
0005cfe3
0005ca13
0005c448
0005be83
0005b8c2
0005b306
0005ad4e
0005a79b
0005a1ed
00059c44
0005969f
00059100
00058b64
000585ce
0005803c
00057aaf
00057526
00056fa2
00056a22
000564a7
00055f31
000559bf
00055452
00054ee9
00054985
00054425
00053eca
00053973
00053421
00052ed3
00052989
0005d5b7
0005cfe3
0005ca13
0005c448
0005be83
0005b8c2
0005b306
0005ad4e
0005a79b
0005a1ed
00059c44
0005969f
00059100
00058b64
000585ce
0005803c
00057aaf
00057526
00056fa2
00056a22
000564a7
00055f31
000559bf
00055452
00054ee9
00054985
00054425
00053eca
00053973
00053421
00052ed3
00052989
00000194
00052444
00051f03
000519c7
0005148f
00050f5c
00050a2c
00050501
0004ffdb
0004fab8
0004f59a
0004f080
0004eb6b
0004e65a
0004e14c
0004dc44
0004d73f
0004d23f
0004cd42
0004c84a
0004c356
0004be66
0004b97b
0004b493
0004afaf
0004aad0
0004a5f5
0004a11e
00049c4a
0004977b
000492b0
00048de9
00048925
00052444
00051f03
000519c7
0005148f
00050f5c
00050a2c
00050501
0004ffdb
0004fab8
0004f59a
0004f080
0004eb6b
0004e65a
0004e14c
0004dc44
0004d73f
0004d23f
0004cd42
0004c84a
0004c356
0004be66
0004b97b
0004b493
0004afaf
0004aad0
0004a5f5
0004a11e
00049c4a
0004977b
000492b0
00048de9
00048925
00000195
00048466
00047fab
00047af5
00047642
00047192
00046ce7
0004683f
0004639c
00045efc
00045a60
000455c8
00045134
00044ca4
00044818
0004438f
00043f0a
00043a89
0004360c
00043193
00042d1d
000428ab
0004243d
00041fd2
00041b6c
00041708
000412a9
00040e4d
000409f5
000405a1
00040150
0003fd03
0003f8b9
00048466
00047fab
00047af5
00047642
00047192
00046ce7
0004683f
0004639c
00045efc
00045a60
000455c8
00045134
00044ca4
00044818
0004438f
00043f0a
00043a89
0004360c
00043193
00042d1d
000428ab
0004243d
00041fd2
00041b6c
00041708
000412a9
00040e4d
000409f5
000405a1
00040150
0003fd03
0003f8b9
00000196
0003f473
0003f031
0003ebf1
0003e7b6
0003e37f
0003df4a
0003db1a
0003d6ed
0003d2c3
0003ce9d
0003ca7b
0003c65c
0003c240
0003be28
0003ba13
0003b602
0003b1f4
0003adea
0003a9e3
0003a5e0
0003a1df
00039de3
000399e9
000395f3
00039200
00038e11
00038a25
0003863c
00038257
00037e75
00037a96
000376ba
0003f473
0003f031
0003ebf1
0003e7b6
0003e37f
0003df4a
0003db1a
0003d6ed
0003d2c3
0003ce9d
0003ca7b
0003c65c
0003c240
0003be28
0003ba13
0003b602
0003b1f4
0003adea
0003a9e3
0003a5e0
0003a1df
00039de3
000399e9
000395f3
00039200
00038e11
00038a25
0003863c
00038257
00037e75
00037a96
000376ba
00000197
000372e2
00036f0d
00036b3b
0003676c
000363a1
00035fd8
00035c13
00035852
00035493
000350d8
00034d1f
0003496a
000345b8
00034209
00033e5d
00033ab5
0003370f
0003336d
00032fce
00032c31
00032898
00032502
0003216f
00031ddf
00031a52
000316c8
00031341
00030fbd
00030c3b
000308bd
00030542
000301ca
000372e2
00036f0d
00036b3b
0003676c
000363a1
00035fd8
00035c13
00035852
00035493
000350d8
00034d1f
0003496a
000345b8
00034209
00033e5d
00033ab5
0003370f
0003336d
00032fce
00032c31
00032898
00032502
0003216f
00031ddf
00031a52
000316c8
00031341
00030fbd
00030c3b
000308bd
00030542
000301ca
00000198
0002fe55
0002fae3
0002f773
0002f407
0002f09e
0002ed37
0002e9d3
0002e672
0002e315
0002dfba
0002dc61
0002d90c
0002d5b9
0002d26a
0002cf1d
0002cbd3
0002c88c
0002c547
0002c206
0002bec7
0002bb8a
0002b851
0002b51b
0002b1e7
0002aeb6
0002ab87
0002a85b
0002a532
0002a20c
00029ee8
00029bc7
000298a9
0002fe55
0002fae3
0002f773
0002f407
0002f09e
0002ed37
0002e9d3
0002e672
0002e315
0002dfba
0002dc61
0002d90c
0002d5b9
0002d26a
0002cf1d
0002cbd3
0002c88c
0002c547
0002c206
0002bec7
0002bb8a
0002b851
0002b51b
0002b1e7
0002aeb6
0002ab87
0002a85b
0002a532
0002a20c
00029ee8
00029bc7
000298a9
00000199
0002958d
00029274
00028f5e
00028c4a
00028938
00028629
0002831d
00028013
00027d0b
00027a06
00027704
00027404
00027106
00026e0a
00026b11
00026819
00026524
00026230
00025f3d
00025c4b
00025959
00025668
00025375
0002507f
00024d86
00024a88
00024780
0002446e
0002414b
00023e12
00023abc
0002373e
0002958d
00029274
00028f5e
00028c4a
00028938
00028629
0002831d
00028013
00027d0b
00027a06
00027704
00027404
00027106
00026e0a
00026b11
00026819
00026524
00026230
00025f3d
00025c4b
00025959
00025668
00025375
0002507f
00024d86
00024a88
00024780
0002446e
0002414b
00023e12
00023abc
0002373e
0000019a
0002338d
00022f97
00022b46
0002267f
0002211d
00021af1
000213be
00020b38
000200fa
0001f488
0001e549
0001d27c
0001bb37
00019e67
00017ac8
00014ef2
0001195c
0000d873
00008ab7
00002edf
ffffc40e
ffff4a00
fffec144
fffe2b63
fffd8af4
fffce38e
fffc3998
fffb91e6
fffaf140
fffa5be4
fff9d51a
fff95efa
0002338d
00022f97
00022b46
0002267f
0002211d
00021af1
000213be
00020b38
000200fa
0001f488
0001e549
0001d27c
0001bb37
00019e67
00017ac8
00014ef2
0001195c
0000d873
00008ab7
00002edf
ffffc40e
ffff4a00
fffec144
fffe2b63
fffd8af4
fffce38e
fffc3998
fffb91e6
fffaf140
fffa5be4
fff9d51a
fff95efa
0000019b
fff8fa5e
fff8a70d
fff863f5
fff82f79
fff807b3
fff7eaae
fff7d684
fff7c97f
fff7c21f
fff7bf1e
fff7bf6f
fff7c239
fff7c6d1
fff7ccb0
fff7d371
fff7dac8
fff7e27d
fff7ea69
fff7f26e
fff7fa7a
fff80281
fff80a7c
fff81266
fff81a3d
fff82202
fff829b4
fff83156
fff838e8
fff8406c
fff847e3
fff84f4f
fff856b0
fff8fa5e
fff8a70d
fff863f5
fff82f79
fff807b3
fff7eaae
fff7d684
fff7c97f
fff7c21f
fff7bf1e
fff7bf6f
fff7c239
fff7c6d1
fff7ccb0
fff7d371
fff7dac8
fff7e27d
fff7ea69
fff7f26e
fff7fa7a
fff80281
fff80a7c
fff81266
fff81a3d
fff82202
fff829b4
fff83156
fff838e8
fff8406c
fff847e3
fff84f4f
fff856b0
0000019c
fff85e09
fff86558
fff86ca0
fff873e0
fff87b1a
fff8824d
fff8897a
fff890a0
fff897c1
fff89edc
fff8a5f0
fff8ad00
fff8b409
fff8bb0d
fff8c20b
fff8c903
fff8cff6
fff8d6e3
fff8ddcb
fff8e4ad
fff8eb89
fff8f260
fff8f931
fff8fffd
fff906c3
fff90d83
fff9143e
fff91af3
fff921a3
fff9284d
fff92ef2
fff93591
fff85e09
fff86558
fff86ca0
fff873e0
fff87b1a
fff8824d
fff8897a
fff890a0
fff897c1
fff89edc
fff8a5f0
fff8ad00
fff8b409
fff8bb0d
fff8c20b
fff8c903
fff8cff6
fff8d6e3
fff8ddcb
fff8e4ad
fff8eb89
fff8f260
fff8f931
fff8fffd
fff906c3
fff90d83
fff9143e
fff91af3
fff921a3
fff9284d
fff92ef2
fff93591
0000019d
fff93c2b
fff942bf
fff9494d
fff94fd7
fff9565b
fff95cda
fff96353
fff969c7
fff97035
fff9769f
fff97d03
fff98362
fff989bb
fff99010
fff9965f
fff99ca8
fff9a2ed
fff9a92c
fff9af67
fff9b59c
fff9bbcc
fff9c1f6
fff9c81c
fff9ce3d
fff9d459
fff9da6f
fff9e080
fff9e68d
fff9ec94
fff9f297
fff9f894
fff9fe8d
fff93c2b
fff942bf
fff9494d
fff94fd7
fff9565b
fff95cda
fff96353
fff969c7
fff97035
fff9769f
fff97d03
fff98362
fff989bb
fff99010
fff9965f
fff99ca8
fff9a2ed
fff9a92c
fff9af67
fff9b59c
fff9bbcc
fff9c1f6
fff9c81c
fff9ce3d
fff9d459
fff9da6f
fff9e080
fff9e68d
fff9ec94
fff9f297
fff9f894
fff9fe8d
0000019e
fffa0480
fffa0a6f
fffa1059
fffa163e
fffa1c1e
fffa21f9
fffa27cf
fffa2da1
fffa336d
fffa3935
fffa3ef8
fffa44b6
fffa4a6f
fffa5024
fffa55d4
fffa5b7f
fffa6126
fffa66c8
fffa6c65
fffa71fd
fffa7791
fffa7d20
fffa82ab
fffa8831
fffa8db2
fffa932f
fffa98a7
fffa9e1b
fffaa38a
fffaa8f5
fffaae5b
fffab3bc
fffa0480
fffa0a6f
fffa1059
fffa163e
fffa1c1e
fffa21f9
fffa27cf
fffa2da1
fffa336d
fffa3935
fffa3ef8
fffa44b6
fffa4a6f
fffa5024
fffa55d4
fffa5b7f
fffa6126
fffa66c8
fffa6c65
fffa71fd
fffa7791
fffa7d20
fffa82ab
fffa8831
fffa8db2
fffa932f
fffa98a7
fffa9e1b
fffaa38a
fffaa8f5
fffaae5b
fffab3bc
0000019f
fffab919
fffabe72
fffac3c6
fffac916
ffface62
fffad3a9
fffad8eb
fffade2a
fffae363
fffae899
fffaedca
fffaf2f7
fffaf81f
fffafd44
fffb0264
fffb077f
fffb0c97
fffb11aa
fffb16b9
fffb1bc4
fffb20ca
fffb25cc
fffb2aca
fffb2fc4
fffb34ba
fffb39ac
fffb3e99
fffb4383
fffb4868
fffb4d4a
fffb5227
fffb5700
fffab919
fffabe72
fffac3c6
fffac916
ffface62
fffad3a9
fffad8eb
fffade2a
fffae363
fffae899
fffaedca
fffaf2f7
fffaf81f
fffafd44
fffb0264
fffb077f
fffb0c97
fffb11aa
fffb16b9
fffb1bc4
fffb20ca
fffb25cc
fffb2aca
fffb2fc4
fffb34ba
fffb39ac
fffb3e99
fffb4383
fffb4868
fffb4d4a
fffb5227
fffb5700
000001a0
fffb5bd5
fffb60a6
fffb6573
fffb6a3c
fffb6f01
fffb73c2
fffb787f
fffb7d38
fffb81ed
fffb869e
fffb8b4b
fffb8ff5
fffb949a
fffb993b
fffb9dd9
fffba273
fffba709
fffbab9b
fffbb029
fffbb4b4
fffbb93a
fffbbdbd
fffbc23c
fffbc6b7
fffbcb2f
fffbcfa3
fffbd413
fffbd87f
fffbdce8
fffbe14d
fffbe5ae
fffbea0c
fffb5bd5
fffb60a6
fffb6573
fffb6a3c
fffb6f01
fffb73c2
fffb787f
fffb7d38
fffb81ed
fffb869e
fffb8b4b
fffb8ff5
fffb949a
fffb993b
fffb9dd9
fffba273
fffba709
fffbab9b
fffbb029
fffbb4b4
fffbb93a
fffbbdbd
fffbc23c
fffbc6b7
fffbcb2f
fffbcfa3
fffbd413
fffbd87f
fffbdce8
fffbe14d
fffbe5ae
fffbea0c
000001a1
fffbee66
fffbf2bc
fffbf70e
fffbfb5c
fffbffa8
fffc03f0
fffc0834
fffc0c74
fffc10b1
fffc14eb
fffc1920
fffc1d53
fffc2182
fffc25ad
fffc29d5
fffc2df9
fffc321a
fffc3637
fffc3a51
fffc3e67
fffc427a
fffc468a
fffc4a96
fffc4e9f
fffc52a4
fffc56a6
fffc5aa4
fffc5ea0
fffc6297
fffc668c
fffc6a7d
fffc6e6b
fffbee66
fffbf2bc
fffbf70e
fffbfb5c
fffbffa8
fffc03f0
fffc0834
fffc0c74
fffc10b1
fffc14eb
fffc1920
fffc1d53
fffc2182
fffc25ad
fffc29d5
fffc2df9
fffc321a
fffc3637
fffc3a51
fffc3e67
fffc427a
fffc468a
fffc4a96
fffc4e9f
fffc52a4
fffc56a6
fffc5aa4
fffc5ea0
fffc6297
fffc668c
fffc6a7d
fffc6e6b
000001a2
fffc7255
fffc763d
fffc7a21
fffc7e01
fffc81df
fffc85b9
fffc8990
fffc8d63
fffc9134
fffc9501
fffc98cb
fffc9c91
fffca055
fffca415
fffca7d2
fffcab8c
fffcaf43
fffcb2f7
fffcb6a7
fffcba55
fffcbdff
fffcc1a7
fffcc54b
fffcc8ec
fffccc8a
fffcd025
fffcd3bc
fffcd751
fffcdae3
fffcde72
fffce1fe
fffce586
fffc7255
fffc763d
fffc7a21
fffc7e01
fffc81df
fffc85b9
fffc8990
fffc8d63
fffc9134
fffc9501
fffc98cb
fffc9c91
fffca055
fffca415
fffca7d2
fffcab8c
fffcaf43
fffcb2f7
fffcb6a7
fffcba55
fffcbdff
fffcc1a7
fffcc54b
fffcc8ec
fffccc8a
fffcd025
fffcd3bc
fffcd751
fffcdae3
fffcde72
fffce1fe
fffce586
000001a3
fffce90c
fffcec8f
fffcf00e
fffcf38b
fffcf705
fffcfa7c
fffcfdf0
fffd0161
fffd04cf
fffd083a
fffd0ba2
fffd0f08
fffd126a
fffd15ca
fffd1927
fffd1c80
fffd1fd8
fffd232c
fffd267d
fffd29cc
fffd2d17
fffd3060
fffd33a6
fffd36ea
fffd3a2a
fffd3d68
fffd40a3
fffd43db
fffd4711
fffd4a43
fffd4d73
fffd50a1
fffce90c
fffcec8f
fffcf00e
fffcf38b
fffcf705
fffcfa7c
fffcfdf0
fffd0161
fffd04cf
fffd083a
fffd0ba2
fffd0f08
fffd126a
fffd15ca
fffd1927
fffd1c80
fffd1fd8
fffd232c
fffd267d
fffd29cc
fffd2d17
fffd3060
fffd33a6
fffd36ea
fffd3a2a
fffd3d68
fffd40a3
fffd43db
fffd4711
fffd4a43
fffd4d73
fffd50a1
000001a4
fffd53cb
fffd56f3
fffd5a18
fffd5d3a
fffd605a
fffd6377
fffd6692
fffd69aa
fffd6cbf
fffd6fd2
fffd72e2
fffd75ef
fffd78fa
fffd7c02
fffd7f08
fffd820b
fffd850b
fffd8809
fffd8b05
fffd8dfe
fffd90f4
fffd93e8
fffd96da
fffd99c9
fffd9cb6
fffd9fa1
fffda289
fffda570
fffda854
fffdab36
fffdae17
fffdb0f7
fffd53cb
fffd56f3
fffd5a18
fffd5d3a
fffd605a
fffd6377
fffd6692
fffd69aa
fffd6cbf
fffd6fd2
fffd72e2
fffd75ef
fffd78fa
fffd7c02
fffd7f08
fffd820b
fffd850b
fffd8809
fffd8b05
fffd8dfe
fffd90f4
fffd93e8
fffd96da
fffd99c9
fffd9cb6
fffd9fa1
fffda289
fffda570
fffda854
fffdab36
fffdae17
fffdb0f7
000001a5
fffdb3d5
fffdb6b3
fffdb992
fffdbc71
fffdbf51
fffdc235
fffdc51e
fffdc80e
fffdcb08
fffdce10
fffdd12b
fffdd460
fffdd7b8
fffddb3d
fffddefe
fffde30e
fffde786
fffdec86
fffdf234
fffdf8c7
fffe0081
fffe09b7
fffe14d3
fffe2259
fffe32ef
fffe475c
fffe6090
fffe7fa2
fffea5d1
fffed47f
ffff0d1c
ffff5118
fffdb3d5
fffdb6b3
fffdb992
fffdbc71
fffdbf51
fffdc235
fffdc51e
fffdc80e
fffdcb08
fffdce10
fffdd12b
fffdd460
fffdd7b8
fffddb3d
fffddefe
fffde30e
fffde786
fffdec86
fffdf234
fffdf8c7
fffe0081
fffe09b7
fffe14d3
fffe2259
fffe32ef
fffe475c
fffe6090
fffe7fa2
fffea5d1
fffed47f
ffff0d1c
ffff5118
000001a6
ffffa1c2
0000001c
00006cb8
0000e77f
00016f89
00020301
00029f1f
0003403e
0003e222
0004804e
0005167c
0005a108
00061d3f
00068989
0006e565
00073140
00076e36
00079dd6
0007c1e4
0007dc2c
0007ee64
0007fa1b
000800a9
00080336
000802b5
0007ffe9
0007fb71
0007f5c7
0007ef46
0007e835
0007e0c9
0007d927
ffffa1c2
0000001c
00006cb8
0000e77f
00016f89
00020301
00029f1f
0003403e
0003e222
0004804e
0005167c
0005a108
00061d3f
00068989
0006e565
00073140
00076e36
00079dd6
0007c1e4
0007dc2c
0007ee64
0007fa1b
000800a9
00080336
000802b5
0007ffe9
0007fb71
0007f5c7
0007ef46
0007e835
0007e0c9
0007d927
000001a7
0007d16a
0007c9a2
0007c1de
0007ba24
0007b278
0007aadd
0007a352
00079bd8
0007946e
00078d13
000785c5
00077e83
0007774c
00077020
000768fc
000761e0
00075acd
000753c0
00074cbb
000745cd
00073f47
000739a1
00073505
0007311f
00072d89
000729f2
00072624
000721ff
00071d76
0007188a
00071341
00070da6
0007d16a
0007c9a2
0007c1de
0007ba24
0007b278
0007aadd
0007a352
00079bd8
0007946e
00078d13
000785c5
00077e83
0007774c
00077020
000768fc
000761e0
00075acd
000753c0
00074cbb
000745cd
00073f47
000739a1
00073505
0007311f
00072d89
000729f2
00072624
000721ff
00071d76
0007188a
00071341
00070da6
000001a8
000707c5
000701ac
0006fb65
0006f4fb
0006ee77
0006e7e0
0006e13e
0006da93
0006d3e5
0006cd36
0006c688
0006bfdd
0006b936
0006b293
0006abf6
0006a55e
00069ecb
0006983e
000691b7
00068b35
000684b9
00067e43
000677d3
00067168
00066b03
000664a3
00065e48
000657f3
000651a4
00064b59
00064514
00063ed5
000707c5
000701ac
0006fb65
0006f4fb
0006ee77
0006e7e0
0006e13e
0006da93
0006d3e5
0006cd36
0006c688
0006bfdd
0006b936
0006b293
0006abf6
0006a55e
00069ecb
0006983e
000691b7
00068b35
000684b9
00067e43
000677d3
00067168
00066b03
000664a3
00065e48
000657f3
000651a4
00064b59
00064514
00063ed5
000001a9
0006389a
00063265
00062c34
00062609
00061fe4
000619c3
000613a8
00060d92
00060781
00060175
0005fb6e
0005f56d
0005ef70
0005e978
0005e386
0005dd98
0005d7af
0005d1cc
0005cbed
0005c613
0005c03f
0005ba6f
0005b4a4
0005aede
0005a91c
0005a360
00059da9
000597f6
00059248
00058c9f
000586fb
0005815b
0006389a
00063265
00062c34
00062609
00061fe4
000619c3
000613a8
00060d92
00060781
00060175
0005fb6e
0005f56d
0005ef70
0005e978
0005e386
0005dd98
0005d7af
0005d1cc
0005cbed
0005c613
0005c03f
0005ba6f
0005b4a4
0005aede
0005a91c
0005a360
00059da9
000597f6
00059248
00058c9f
000586fb
0005815b
000001aa
00057bc1
0005762a
00057099
00056b0c
00056584
00056001
00055a82
00055508
00054f93
00054a22
000544b6
00053f4f
000539ec
0005348d
00052f33
000529de
0005248d
00051f41
000519f9
000514b5
00050f76
00050a3c
00050506
0004ffd4
0004faa7
0004f57e
0004f059
0004eb39
0004e61d
0004e106
0004dbf3
0004d6e4
00057bc1
0005762a
00057099
00056b0c
00056584
00056001
00055a82
00055508
00054f93
00054a22
000544b6
00053f4f
000539ec
0005348d
00052f33
000529de
0005248d
00051f41
000519f9
000514b5
00050f76
00050a3c
00050506
0004ffd4
0004faa7
0004f57e
0004f059
0004eb39
0004e61d
0004e106
0004dbf3
0004d6e4
000001ab
0004d1d9
0004ccd3
0004c7d1
0004c2d3
0004bdd9
0004b8e4
0004b3f3
0004af06
0004aa1d
0004a538
0004a058
00049b7c
000496a4
000491cf
00048d00
00048834
0004836c
00047ea8
000479e8
0004752d
00047075
00046bc1
00046712
00046266
00045dbe
0004591b
0004547b
00044fdf
00044b47
000446b3
00044223
00043d97
0004d1d9
0004ccd3
0004c7d1
0004c2d3
0004bdd9
0004b8e4
0004b3f3
0004af06
0004aa1d
0004a538
0004a058
00049b7c
000496a4
000491cf
00048d00
00048834
0004836c
00047ea8
000479e8
0004752d
00047075
00046bc1
00046712
00046266
00045dbe
0004591b
0004547b
00044fdf
00044b47
000446b3
00044223
00043d97
000001ac
0004390e
0004348a
0004300a
00042b8d
00042714
0004229f
00041e2e
000419c0
00041556
000410f0
00040c8e
00040830
000403d5
0003ff7e
0003fb2a
0003f6db
0003f28f
0003ee46
0003ea02
0003e5c1
0003e183
0003dd4a
0003d913
0003d4e1
0003d0b2
0003cc87
0003c85f
0003c43a
0003c01a
0003bbfc
0003b7e3
0003b3cc
0004390e
0004348a
0004300a
00042b8d
00042714
0004229f
00041e2e
000419c0
00041556
000410f0
00040c8e
00040830
000403d5
0003ff7e
0003fb2a
0003f6db
0003f28f
0003ee46
0003ea02
0003e5c1
0003e183
0003dd4a
0003d913
0003d4e1
0003d0b2
0003cc87
0003c85f
0003c43a
0003c01a
0003bbfc
0003b7e3
0003b3cc
000001ad
0003afba
0003abaa
0003a79e
0003a396
00039f91
00039b90
00039792
00039397
00038fa0
00038bad
000387bc
000383cf
00037fe6
00037bff
0003781c
0003743d
00037061
00036c88
000368b2
000364e0
00036111
00035d45
0003597c
000355b7
000351f5
00034e36
00034a7b
000346c2
0003430d
00033f5b
00033bac
00033801
0003afba
0003abaa
0003a79e
0003a396
00039f91
00039b90
00039792
00039397
00038fa0
00038bad
000387bc
000383cf
00037fe6
00037bff
0003781c
0003743d
00037061
00036c88
000368b2
000364e0
00036111
00035d45
0003597c
000355b7
000351f5
00034e36
00034a7b
000346c2
0003430d
00033f5b
00033bac
00033801
000001ae
00033458
000330b3
00032d11
00032971
000325d6
0003223d
00031ea7
00031b14
00031785
000313f8
0003106f
00030ce8
00030965
000305e5
00030267
0002feed
0002fb76
0002f801
0002f490
0002f122
0002edb6
0002ea4e
0002e6e8
0002e386
0002e026
0002dcc9
0002d970
0002d619
0002d2c5
0002cf73
0002cc25
0002c8da
00033458
000330b3
00032d11
00032971
000325d6
0003223d
00031ea7
00031b14
00031785
000313f8
0003106f
00030ce8
00030965
000305e5
00030267
0002feed
0002fb76
0002f801
0002f490
0002f122
0002edb6
0002ea4e
0002e6e8
0002e386
0002e026
0002dcc9
0002d970
0002d619
0002d2c5
0002cf73
0002cc25
0002c8da
000001af
0002c591
0002c24b
0002bf09
0002bbc9
0002b88b
0002b551
0002b219
0002aee4
0002abb2
0002a883
0002a556
0002a22d
00029f06
00029be1
000298c0
000295a1
00029285
00028f6b
00028c54
00028940
0002862f
00028320
00028014
00027d0a
00027a03
000276ff
000273fe
000270fe
00026e02
00026b08
00026811
0002651c
0002c591
0002c24b
0002bf09
0002bbc9
0002b88b
0002b551
0002b219
0002aee4
0002abb2
0002a883
0002a556
0002a22d
00029f06
00029be1
000298c0
000295a1
00029285
00028f6b
00028c54
00028940
0002862f
00028320
00028014
00027d0a
00027a03
000276ff
000273fe
000270fe
00026e02
00026b08
00026811
0002651c
000001b0
0002622a
00025f3a
00025c4e
00025963
0002567b
00025395
000250b1
00024dd0
00024af1
00024813
00024538
0002425f
00023f87
00023cb0
000239da
00023704
0002342e
00023156
00022e7c
00022b9e
000228b9
000225cc
000222d2
00021fc8
00021ca7
00021968
00021601
00021267
00020e88
00020a4e
0002059e
00020057
0002622a
00025f3a
00025c4e
00025963
0002567b
00025395
000250b1
00024dd0
00024af1
00024813
00024538
0002425f
00023f87
00023cb0
000239da
00023704
0002342e
00023156
00022e7c
00022b9e
000228b9
000225cc
000222d2
00021fc8
00021ca7
00021968
00021601
00021267
00020e88
00020a4e
0002059e
00020057
000001b1
0001fa4a
0001f341
0001eaf4
0001e108
0001d50e
0001c67b
0001b4a7
00019ec7
000183ee
00016309
00013ae5
00010a37
0000cfae
00008a05
00003822
ffffd941
ffff6d15
fffef3f3
fffe6ef8
fffde019
fffd4a1f
fffcb088
fffc174a
fffb8275
fffaf5d3
fffa748d
fffa00ea
fff99c34
fff946c0
fff90016
fff8c728
fff89a88
0001fa4a
0001f341
0001eaf4
0001e108
0001d50e
0001c67b
0001b4a7
00019ec7
000183ee
00016309
00013ae5
00010a37
0000cfae
00008a05
00003822
ffffd941
ffff6d15
fffef3f3
fffe6ef8
fffde019
fffd4a1f
fffcb088
fffc174a
fffb8275
fffaf5d3
fffa748d
fffa00ea
fff99c34
fff946c0
fff90016
fff8c728
fff89a88
000001b2
fff87899
fff85fb9
fff84e59
fff8430f
fff83c9d
fff839f7
fff83a3c
fff83cb3
fff840cd
fff84614
fff84c30
fff852dd
fff859ea
fff86133
fff8689c
fff87013
fff8778b
fff87efe
fff88665
fff88dbd
fff89506
fff89c40
fff8a36c
fff8aa8a
fff8b19a
fff8b89f
fff8bf96
fff8c679
fff8cd41
fff8d3e6
fff8da62
fff8e0b5
fff87899
fff85fb9
fff84e59
fff8430f
fff83c9d
fff839f7
fff83a3c
fff83cb3
fff840cd
fff84614
fff84c30
fff852dd
fff859ea
fff86133
fff8689c
fff87013
fff8778b
fff87efe
fff88665
fff88dbd
fff89506
fff89c40
fff8a36c
fff8aa8a
fff8b19a
fff8b89f
fff8bf96
fff8c679
fff8cd41
fff8d3e6
fff8da62
fff8e0b5
000001b3
fff8e6e0
fff8ecea
fff8f2da
fff8f8bc
fff8fe95
fff9046d
fff90a4c
fff91034
fff9162a
fff91c2f
fff92244
fff92868
fff92e9a
fff934d8
fff93b21
fff94172
fff947ca
fff94e27
fff95486
fff95ae8
fff96149
fff967a9
fff96e07
fff97463
fff97abb
fff9810f
fff9875f
fff98dab
fff993f1
fff99a33
fff9a06f
fff9a6a7
fff8e6e0
fff8ecea
fff8f2da
fff8f8bc
fff8fe95
fff9046d
fff90a4c
fff91034
fff9162a
fff91c2f
fff92244
fff92868
fff92e9a
fff934d8
fff93b21
fff94172
fff947ca
fff94e27
fff95486
fff95ae8
fff96149
fff967a9
fff96e07
fff97463
fff97abb
fff9810f
fff9875f
fff98dab
fff993f1
fff99a33
fff9a06f
fff9a6a7
000001b4
fff9acd9
fff9b306
fff9b92e
fff9bf50
fff9c56e
fff9cb86
fff9d19a
fff9d7a8
fff9ddb1
fff9e3b6
fff9e9b5
fff9efaf
fff9f5a4
fff9fb95
fffa0180
fffa0767
fffa0d48
fffa1325
fffa18fd
fffa1ed0
fffa249e
fffa2a68
fffa302d
fffa35ec
fffa3ba7
fffa415e
fffa470f
fffa4cbc
fffa5264
fffa5808
fffa5da7
fffa6341
fff9acd9
fff9b306
fff9b92e
fff9bf50
fff9c56e
fff9cb86
fff9d19a
fff9d7a8
fff9ddb1
fff9e3b6
fff9e9b5
fff9efaf
fff9f5a4
fff9fb95
fffa0180
fffa0767
fffa0d48
fffa1325
fffa18fd
fffa1ed0
fffa249e
fffa2a68
fffa302d
fffa35ec
fffa3ba7
fffa415e
fffa470f
fffa4cbc
fffa5264
fffa5808
fffa5da7
fffa6341
000001b5
fffa68d6
fffa6e67
fffa73f4
fffa797c
fffa7eff
fffa847d
fffa89f7
fffa8f6c
fffa94dd
fffa9a4a
fffa9fb1
fffaa515
fffaaa74
fffaafce
fffab524
fffaba75
fffabfc2
fffac50b
fffaca4f
fffacf8f
fffad4cb
fffada02
fffadf35
fffae464
fffae98e
fffaeeb4
fffaf3d5
fffaf8f3
fffafe0c
fffb0321
fffb0831
fffb0d3e
fffa68d6
fffa6e67
fffa73f4
fffa797c
fffa7eff
fffa847d
fffa89f7
fffa8f6c
fffa94dd
fffa9a4a
fffa9fb1
fffaa515
fffaaa74
fffaafce
fffab524
fffaba75
fffabfc2
fffac50b
fffaca4f
fffacf8f
fffad4cb
fffada02
fffadf35
fffae464
fffae98e
fffaeeb4
fffaf3d5
fffaf8f3
fffafe0c
fffb0321
fffb0831
fffb0d3e
000001b6
fffb1246
fffb174a
fffb1c4a
fffb2146
fffb263d
fffb2b30
fffb3020
fffb350b
fffb39f2
fffb3ed5
fffb43b4
fffb488f
fffb4d65
fffb5238
fffb5707
fffb5bd2
fffb6098
fffb655b
fffb6a1a
fffb6ed4
fffb738b
fffb783e
fffb7ced
fffb8198
fffb863f
fffb8ae3
fffb8f82
fffb941e
fffb98b5
fffb9d49
fffba1d9
fffba665
fffb1246
fffb174a
fffb1c4a
fffb2146
fffb263d
fffb2b30
fffb3020
fffb350b
fffb39f2
fffb3ed5
fffb43b4
fffb488f
fffb4d65
fffb5238
fffb5707
fffb5bd2
fffb6098
fffb655b
fffb6a1a
fffb6ed4
fffb738b
fffb783e
fffb7ced
fffb8198
fffb863f
fffb8ae3
fffb8f82
fffb941e
fffb98b5
fffb9d49
fffba1d9
fffba665
000001b7
fffbaaee
fffbaf72
fffbb3f3
fffbb86f
fffbbce9
fffbc15e
fffbc5d0
fffbca3e
fffbcea8
fffbd30f
fffbd772
fffbdbd1
fffbe02d
fffbe485
fffbe8d9
fffbed2a
fffbf177
fffbf5c0
fffbfa06
fffbfe48
fffc0287
fffc06c2
fffc0af9
fffc0f2d
fffc135e
fffc178b
fffc1bb4
fffc1fda
fffc23fd
fffc281c
fffc2c37
fffc304f
fffbaaee
fffbaf72
fffbb3f3
fffbb86f
fffbbce9
fffbc15e
fffbc5d0
fffbca3e
fffbcea8
fffbd30f
fffbd772
fffbdbd1
fffbe02d
fffbe485
fffbe8d9
fffbed2a
fffbf177
fffbf5c0
fffbfa06
fffbfe48
fffc0287
fffc06c2
fffc0af9
fffc0f2d
fffc135e
fffc178b
fffc1bb4
fffc1fda
fffc23fd
fffc281c
fffc2c37
fffc304f
000001b8
fffc3464
fffc3876
fffc3c84
fffc408f
fffc4495
fffc4899
fffc4c99
fffc5096
fffc5490
fffc5886
fffc5c79
fffc6068
fffc6454
fffc683d
fffc6c23
fffc7005
fffc73e4
fffc77c0
fffc7b99
fffc7f6e
fffc8340
fffc870f
fffc8ada
fffc8ea3
fffc9268
fffc962a
fffc99e9
fffc9da5
fffca15d
fffca513
fffca8c5
fffcac74
fffc3464
fffc3876
fffc3c84
fffc408f
fffc4495
fffc4899
fffc4c99
fffc5096
fffc5490
fffc5886
fffc5c79
fffc6068
fffc6454
fffc683d
fffc6c23
fffc7005
fffc73e4
fffc77c0
fffc7b99
fffc7f6e
fffc8340
fffc870f
fffc8ada
fffc8ea3
fffc9268
fffc962a
fffc99e9
fffc9da5
fffca15d
fffca513
fffca8c5
fffcac74
000001b9
fffcb020
fffcb3c9
fffcb76f
fffcbb12
fffcbeb2
fffcc24f
fffcc5e8
fffcc97f
fffccd12
fffcd0a3
fffcd430
fffcd7ba
fffcdb42
fffcdec6
fffce248
fffce5c6
fffce942
fffcecbb
fffcf030
fffcf3a3
fffcf713
fffcfa81
fffcfdec
fffd0152
fffd04b6
fffd0818
fffd0b76
fffd0ed2
fffd122a
fffd1580
fffd18d3
fffd1c23
fffcb020
fffcb3c9
fffcb76f
fffcbb12
fffcbeb2
fffcc24f
fffcc5e8
fffcc97f
fffccd12
fffcd0a3
fffcd430
fffcd7ba
fffcdb42
fffcdec6
fffce248
fffce5c6
fffce942
fffcecbb
fffcf030
fffcf3a3
fffcf713
fffcfa81
fffcfdec
fffd0152
fffd04b6
fffd0818
fffd0b76
fffd0ed2
fffd122a
fffd1580
fffd18d3
fffd1c23
000001ba
fffd1f71
fffd22bb
fffd2603
fffd2948
fffd2c8a
fffd2fca
fffd3307
fffd3640
fffd3978
fffd3cac
fffd3fde
fffd430d
fffd4639
fffd4963
fffd4c89
fffd4fae
fffd52cf
fffd55ee
fffd590a
fffd5c24
fffd5f3b
fffd624f
fffd6561
fffd6870
fffd6b7c
fffd6e86
fffd718d
fffd7492
fffd7794
fffd7a93
fffd7d90
fffd808a
fffd1f71
fffd22bb
fffd2603
fffd2948
fffd2c8a
fffd2fca
fffd3307
fffd3640
fffd3978
fffd3cac
fffd3fde
fffd430d
fffd4639
fffd4963
fffd4c89
fffd4fae
fffd52cf
fffd55ee
fffd590a
fffd5c24
fffd5f3b
fffd624f
fffd6561
fffd6870
fffd6b7c
fffd6e86
fffd718d
fffd7492
fffd7794
fffd7a93
fffd7d90
fffd808a
000001bb
fffd8382
fffd8677
fffd896a
fffd8c5a
fffd8f48
fffd9233
fffd951c
fffd9802
fffd9ae6
fffd9dc7
fffda0a6
fffda382
fffda65c
fffda933
fffdac08
fffdaedb
fffdb1ac
fffdb47a
fffdb746
fffdba0f
fffdbcd7
fffdbf9c
fffdc260
fffdc521
fffdc7e1
fffdcaa0
fffdcd5d
fffdd01a
fffdd2d6
fffdd593
fffdd850
fffddb10
fffd8382
fffd8677
fffd896a
fffd8c5a
fffd8f48
fffd9233
fffd951c
fffd9802
fffd9ae6
fffd9dc7
fffda0a6
fffda382
fffda65c
fffda933
fffdac08
fffdaedb
fffdb1ac
fffdb47a
fffdb746
fffdba0f
fffdbcd7
fffdbf9c
fffdc260
fffdc521
fffdc7e1
fffdcaa0
fffdcd5d
fffdd01a
fffdd2d6
fffdd593
fffdd850
fffddb10
000001bc
fffdddd4
fffde09d
fffde36f
fffde64b
fffde935
fffdec33
fffdef4c
fffdf289
fffdf5f3
fffdf99a
fffdfd90
fffe01eb
fffe06ca
fffe0c53
fffe12b5
fffe1a2c
fffe2304
fffe2d99
fffe3a61
fffe49e8
fffe5cd5
fffe73f3
fffe902b
fffeb283
fffedc1f
ffff0e30
ffff49e8
ffff9063
ffffe28b
000040f2
0000abb5
0001224f
fffdddd4
fffde09d
fffde36f
fffde64b
fffde935
fffdec33
fffdef4c
fffdf289
fffdf5f3
fffdf99a
fffdfd90
fffe01eb
fffe06ca
fffe0c53
fffe12b5
fffe1a2c
fffe2304
fffe2d99
fffe3a61
fffe49e8
fffe5cd5
fffe73f3
fffe902b
fffeb283
fffedc1f
ffff0e30
ffff49e8
ffff9063
ffffe28b
000040f2
0000abb5
0001224f
000001bd
0001a385
00022d56
0002bd07
00034f44
0003e061
00046ca8
0004f0b5
000569c3
0005d5da
000633ec
000683c0
0006c5d4
0006fb29
00072511
0007450a
00075c91
00076d16
000777e5
00077e22
000780c7
000780a5
00077e67
00077a95
0007759c
00076fd0
00076972
000762b2
00075bb5
00075494
00074d62
0007462a
00073ef7
0001a385
00022d56
0002bd07
00034f44
0003e061
00046ca8
0004f0b5
000569c3
0005d5da
000633ec
000683c0
0006c5d4
0006fb29
00072511
0007450a
00075c91
00076d16
000777e5
00077e22
000780c7
000780a5
00077e67
00077a95
0007759c
00076fd0
00076972
000762b2
00075bb5
00075494
00074d62
0007462a
00073ef7
000001be
000737cd
000730af
0007299f
0007229f
00071baf
000714d1
00070e06
0007074c
000700a5
0006fa0f
0006f38a
0006ed14
0006e6ac
0006e04f
0006d9fc
0006d3b0
0006cd69
0006c727
0006c0e7
0006baa9
0006b46b
0006ae2d
0006a7ee
0006a1b0
00069b70
00069531
00068ef1
000688b2
00068275
00067c38
000675fe
00066fc6
000737cd
000730af
0007299f
0007229f
00071baf
000714d1
00070e06
0007074c
000700a5
0006fa0f
0006f38a
0006ed14
0006e6ac
0006e04f
0006d9fc
0006d3b0
0006cd69
0006c727
0006c0e7
0006baa9
0006b46b
0006ae2d
0006a7ee
0006a1b0
00069b70
00069531
00068ef1
000688b2
00068275
00067c38
000675fe
00066fc6
000001bf
00066990
0006635e
00065d30
00065706
000650df
00064abc
0006449e
00063e85
00063870
00063260
00062c55
0006264e
0006204d
00061a50
00061459
00060e66
00060878
00060290
0005fcac
0005f6cd
0005f0f3
0005eb1e
0005e54d
0005df82
0005d9bb
0005d3f9
0005ce3c
0005c884
0005c2d0
0005bd21
0005b777
0005b1d1
00066990
0006635e
00065d30
00065706
000650df
00064abc
0006449e
00063e85
00063870
00063260
00062c55
0006264e
0006204d
00061a50
00061459
00060e66
00060878
00060290
0005fcac
0005f6cd
0005f0f3
0005eb1e
0005e54d
0005df82
0005d9bb
0005d3f9
0005ce3c
0005c884
0005c2d0
0005bd21
0005b777
0005b1d1
000001c0
0005ac30
0005a694
0005a0fc
00059b69
000595db
00059051
00058acc
0005854c
00057fd0
00057a59
000574e6
00056f78
00056a0e
000564a9
00055f48
000559ec
00055494
00054f40
000549f1
000544a7
00053f61
00053a1f
000534e1
00052fa8
00052a74
00052543
00052017
00051aef
000515cc
000510ad
00050b92
0005067b
0005ac30
0005a694
0005a0fc
00059b69
000595db
00059051
00058acc
0005854c
00057fd0
00057a59
000574e6
00056f78
00056a0e
000564a9
00055f48
000559ec
00055494
00054f40
000549f1
000544a7
00053f61
00053a1f
000534e1
00052fa8
00052a74
00052543
00052017
00051aef
000515cc
000510ad
00050b92
0005067b
000001c1
00050169
0004fc5a
0004f750
0004f24a
0004ed49
0004e84b
0004e352
0004de5d
0004d96c
0004d47f
0004cf96
0004cab1
0004c5d1
0004c0f4
0004bc1c
0004b747
0004b277
0004adaa
0004a8e2
0004a41e
00049f5d
00049aa1
000495e8
00049134
00048c83
000487d6
0004832d
00047e89
000479e8
0004754a
000470b1
00046c1b
00050169
0004fc5a
0004f750
0004f24a
0004ed49
0004e84b
0004e352
0004de5d
0004d96c
0004d47f
0004cf96
0004cab1
0004c5d1
0004c0f4
0004bc1c
0004b747
0004b277
0004adaa
0004a8e2
0004a41e
00049f5d
00049aa1
000495e8
00049134
00048c83
000487d6
0004832d
00047e89
000479e8
0004754a
000470b1
00046c1b
000001c2
0004678a
000462fc
00045e72
000459ec
0004556a
000450eb
00044c70
000447f9
00044386
00043f16
00043aaa
00043642
000431dd
00042d7c
0004291f
000424c6
00042070
00041c1d
000417cf
00041384
00040f3c
00040af8
000406b8
0004027b
0003fe42
0003fa0d
0003f5db
0003f1ac
0003ed81
0003e95a
0003e536
0003e115
0004678a
000462fc
00045e72
000459ec
0004556a
000450eb
00044c70
000447f9
00044386
00043f16
00043aaa
00043642
000431dd
00042d7c
0004291f
000424c6
00042070
00041c1d
000417cf
00041384
00040f3c
00040af8
000406b8
0004027b
0003fe42
0003fa0d
0003f5db
0003f1ac
0003ed81
0003e95a
0003e536
0003e115
000001c3
0003dcf8
0003d8de
0003d4c9
0003d0b6
0003cca7
0003c89b
0003c492
0003c08d
0003bc8c
0003b88d
0003b492
0003b09a
0003aca6
0003a8b5
0003a4c7
0003a0dd
00039cf6
00039912
00039532
00039155
00038d7b
000389a4
000385d0
00038200
00037e33
00037a69
000376a3
000372df
00036f1f
00036b62
000367a8
000363f1
0003dcf8
0003d8de
0003d4c9
0003d0b6
0003cca7
0003c89b
0003c492
0003c08d
0003bc8c
0003b88d
0003b492
0003b09a
0003aca6
0003a8b5
0003a4c7
0003a0dd
00039cf6
00039912
00039532
00039155
00038d7b
000389a4
000385d0
00038200
00037e33
00037a69
000376a3
000372df
00036f1f
00036b62
000367a8
000363f1
000001c4
0003603d
00035c8d
000358df
00035534
0003518d
00034de9
00034a48
000346aa
0003430f
00033f77
00033be2
00033850
000334c2
00033136
00032dad
00032a27
000326a4
00032324
00031fa8
00031c2e
000318b7
00031543
000311d2
00030e63
00030af8
00030790
0003042a
000300c7
0002fd68
0002fa0b
0002f6b1
0002f359
0003603d
00035c8d
000358df
00035534
0003518d
00034de9
00034a48
000346aa
0003430f
00033f77
00033be2
00033850
000334c2
00033136
00032dad
00032a27
000326a4
00032324
00031fa8
00031c2e
000318b7
00031543
000311d2
00030e63
00030af8
00030790
0003042a
000300c7
0002fd68
0002fa0b
0002f6b1
0002f359
000001c5
0002f005
0002ecb3
0002e964
0002e618
0002e2cf
0002df89
0002dc46
0002d905
0002d5c7
0002d28b
0002cf53
0002cc1d
0002c8ea
0002c5ba
0002c28c
0002bf61
0002bc39
0002b914
0002b5f1
0002b2d1
0002afb3
0002ac98
0002a980
0002a66b
0002a358
0002a048
00029d3a
00029a2f
00029726
00029420
0002911d
00028e1c
0002f005
0002ecb3
0002e964
0002e618
0002e2cf
0002df89
0002dc46
0002d905
0002d5c7
0002d28b
0002cf53
0002cc1d
0002c8ea
0002c5ba
0002c28c
0002bf61
0002bc39
0002b914
0002b5f1
0002b2d1
0002afb3
0002ac98
0002a980
0002a66b
0002a358
0002a048
00029d3a
00029a2f
00029726
00029420
0002911d
00028e1c
000001c6
00028b1e
00028823
0002852a
00028233
00027f3f
00027c4e
0002795f
00027672
00027389
000270a1
00026dbc
00026ada
000267fa
0002651c
00026241
00025f68
00025c92
000259be
000256ed
0002541e
00025152
00024e87
00024bc0
000248fa
00024637
00024376
000240b8
00023dfc
00023b42
0002388b
000235d5
00023322
00028b1e
00028823
0002852a
00028233
00027f3f
00027c4e
0002795f
00027672
00027389
000270a1
00026dbc
00026ada
000267fa
0002651c
00026241
00025f68
00025c92
000259be
000256ed
0002541e
00025152
00024e87
00024bc0
000248fa
00024637
00024376
000240b8
00023dfc
00023b42
0002388b
000235d5
00023322
000001c7
00023071
00022dc3
00022b16
0002286c
000225c2
0002231b
00022075
00021dd0
00021b2c
00021888
000215e4
0002133f
00021098
00020dee
00020b3f
00020889
000205c9
000202fb
0002001c
0001fd26
0001fa0f
0001f6d0
0001f35c
0001efa3
0001eb90
0001e70b
0001e1f3
0001dc20
0001d55f
0001cd71
0001c409
0001b8c4
00023071
00022dc3
00022b16
0002286c
000225c2
0002231b
00022075
00021dd0
00021b2c
00021888
000215e4
0002133f
00021098
00020dee
00020b3f
00020889
000205c9
000202fb
0002001c
0001fd26
0001fa0f
0001f6d0
0001f35c
0001efa3
0001eb90
0001e70b
0001e1f3
0001dc20
0001d55f
0001cd71
0001c409
0001b8c4
000001c8
0001ab2e
00019ab8
000186bb
00016e71
000150f8
00012d54
00010274
0000cf3e
0000929e
00004b9b
fffff977
ffff9bcc
ffff32a9
fffebeb9
fffe4151
fffdbc79
fffd32dd
fffca7a8
fffc1e46
fffb9a1a
fffb1e2b
fffaace9
fffa4803
fff9f052
fff9a5f3
fff96861
fff936a7
fff90f87
fff8f1a1
fff8db94
fff8cc10
fff8c1e0
0001ab2e
00019ab8
000186bb
00016e71
000150f8
00012d54
00010274
0000cf3e
0000929e
00004b9b
fffff977
ffff9bcc
ffff32a9
fffebeb9
fffe4151
fffdbc79
fffd32dd
fffca7a8
fffc1e46
fffb9a1a
fffb1e2b
fffaace9
fffa4803
fff9f052
fff9a5f3
fff96861
fff936a7
fff90f87
fff8f1a1
fff8db94
fff8cc10
fff8c1e0
000001c9
fff8bbfb
fff8b976
fff8b992
fff8bbb0
fff8bf50
fff8c40c
fff8c995
fff8cfac
fff8d626
fff8dcde
fff8e3bb
fff8eaac
fff8f1a3
fff8f898
fff8ff85
fff90666
fff90d3a
fff913ff
fff91ab5
fff9215d
fff927f7
fff92e84
fff93506
fff93b7c
fff941e9
fff9484d
fff94ea9
fff954fe
fff95b4d
fff96196
fff967db
fff96e1b
fff8bbfb
fff8b976
fff8b992
fff8bbb0
fff8bf50
fff8c40c
fff8c995
fff8cfac
fff8d626
fff8dcde
fff8e3bb
fff8eaac
fff8f1a3
fff8f898
fff8ff85
fff90666
fff90d3a
fff913ff
fff91ab5
fff9215d
fff927f7
fff92e84
fff93506
fff93b7c
fff941e9
fff9484d
fff94ea9
fff954fe
fff95b4d
fff96196
fff967db
fff96e1b
000001ca
fff97457
fff97a8f
fff980c4
fff986f5
fff98d23
fff9934d
fff99974
fff99f98
fff9a5b8
fff9abd4
fff9b1ed
fff9b802
fff9be12
fff9c41e
fff9ca26
fff9d02a
fff9d629
fff9dc24
fff9e21a
fff9e80c
fff9edf9
fff9f3e1
fff9f9c4
fff9ffa3
fffa057d
fffa0b52
fffa1122
fffa16ed
fffa1cb4
fffa2276
fffa2833
fffa2deb
fff97457
fff97a8f
fff980c4
fff986f5
fff98d23
fff9934d
fff99974
fff99f98
fff9a5b8
fff9abd4
fff9b1ed
fff9b802
fff9be12
fff9c41e
fff9ca26
fff9d02a
fff9d629
fff9dc24
fff9e21a
fff9e80c
fff9edf9
fff9f3e1
fff9f9c4
fff9ffa3
fffa057d
fffa0b52
fffa1122
fffa16ed
fffa1cb4
fffa2276
fffa2833
fffa2deb
000001cb
fffa339f
fffa394e
fffa3ef9
fffa449f
fffa4a40
fffa4fdc
fffa5574
fffa5b06
fffa6095
fffa661f
fffa6ba4
fffa7124
fffa76a1
fffa7c18
fffa818b
fffa86f9
fffa8c63
fffa91c9
fffa972a
fffa9c87
fffaa1df
fffaa732
fffaac82
fffab1cc
fffab713
fffabc55
fffac193
fffac6cc
fffacc01
fffad132
fffad65e
fffadb87
fffa339f
fffa394e
fffa3ef9
fffa449f
fffa4a40
fffa4fdc
fffa5574
fffa5b06
fffa6095
fffa661f
fffa6ba4
fffa7124
fffa76a1
fffa7c18
fffa818b
fffa86f9
fffa8c63
fffa91c9
fffa972a
fffa9c87
fffaa1df
fffaa732
fffaac82
fffab1cc
fffab713
fffabc55
fffac193
fffac6cc
fffacc01
fffad132
fffad65e
fffadb87
000001cc
fffae0aa
fffae5ca
fffaeae6
fffaeffd
fffaf510
fffafa1e
fffaff29
fffb042f
fffb0931
fffb0e2f
fffb1329
fffb181e
fffb1d10
fffb21fd
fffb26e7
fffb2bcc
fffb30ad
fffb358a
fffb3a63
fffb3f38
fffb4409
fffb48d6
fffb4d9f
fffb5264
fffb5725
fffb5be2
fffb609b
fffb6551
fffb6a02
fffb6eaf
fffb7359
fffb77fe
fffae0aa
fffae5ca
fffaeae6
fffaeffd
fffaf510
fffafa1e
fffaff29
fffb042f
fffb0931
fffb0e2f
fffb1329
fffb181e
fffb1d10
fffb21fd
fffb26e7
fffb2bcc
fffb30ad
fffb358a
fffb3a63
fffb3f38
fffb4409
fffb48d6
fffb4d9f
fffb5264
fffb5725
fffb5be2
fffb609b
fffb6551
fffb6a02
fffb6eaf
fffb7359
fffb77fe
000001cd
fffb7ca0
fffb813e
fffb85d8
fffb8a6e
fffb8f00
fffb938f
fffb981a
fffb9ca1
fffba124
fffba5a3
fffbaa1f
fffbae97
fffbb30b
fffbb77b
fffbbbe8
fffbc051
fffbc4b7
fffbc918
fffbcd76
fffbd1d1
fffbd627
fffbda7b
fffbdeca
fffbe316
fffbe75e
fffbeba3
fffbefe4
fffbf422
fffbf85c
fffbfc92
fffc00c5
fffc04f5
fffb7ca0
fffb813e
fffb85d8
fffb8a6e
fffb8f00
fffb938f
fffb981a
fffb9ca1
fffba124
fffba5a3
fffbaa1f
fffbae97
fffbb30b
fffbb77b
fffbbbe8
fffbc051
fffbc4b7
fffbc918
fffbcd76
fffbd1d1
fffbd627
fffbda7b
fffbdeca
fffbe316
fffbe75e
fffbeba3
fffbefe4
fffbf422
fffbf85c
fffbfc92
fffc00c5
fffc04f5
000001ce
fffc0921
fffc0d49
fffc116e
fffc158f
fffc19ad
fffc1dc8
fffc21df
fffc25f3
fffc2a03
fffc2e10
fffc3219
fffc361f
fffc3a22
fffc3e21
fffc421d
fffc4616
fffc4a0b
fffc4dfd
fffc51ec
fffc55d7
fffc59c0
fffc5da4
fffc6186
fffc6564
fffc693f
fffc6d17
fffc70ec
fffc74bd
fffc788b
fffc7c56
fffc801e
fffc83e2
fffc0921
fffc0d49
fffc116e
fffc158f
fffc19ad
fffc1dc8
fffc21df
fffc25f3
fffc2a03
fffc2e10
fffc3219
fffc361f
fffc3a22
fffc3e21
fffc421d
fffc4616
fffc4a0b
fffc4dfd
fffc51ec
fffc55d7
fffc59c0
fffc5da4
fffc6186
fffc6564
fffc693f
fffc6d17
fffc70ec
fffc74bd
fffc788b
fffc7c56
fffc801e
fffc83e2
000001cf
fffc87a4
fffc8b62
fffc8f1e
fffc92d6
fffc968b
fffc9a3c
fffc9deb
fffca196
fffca53f
fffca8e4
fffcac87
fffcb026
fffcb3c2
fffcb75b
fffcbaf1
fffcbe84
fffcc214
fffcc5a1
fffcc92b
fffcccb2
fffcd036
fffcd3b8
fffcd736
fffcdab1
fffcde29
fffce19f
fffce511
fffce880
fffcebed
fffcef57
fffcf2be
fffcf621
fffc87a4
fffc8b62
fffc8f1e
fffc92d6
fffc968b
fffc9a3c
fffc9deb
fffca196
fffca53f
fffca8e4
fffcac87
fffcb026
fffcb3c2
fffcb75b
fffcbaf1
fffcbe84
fffcc214
fffcc5a1
fffcc92b
fffcccb2
fffcd036
fffcd3b8
fffcd736
fffcdab1
fffcde29
fffce19f
fffce511
fffce880
fffcebed
fffcef57
fffcf2be
fffcf621
000001d0
fffcf983
fffcfce1
fffd003c
fffd0395
fffd06eb
fffd0a3d
fffd0d8d
fffd10db
fffd1425
fffd176d
fffd1ab2
fffd1df4
fffd2133
fffd2470
fffd27aa
fffd2ae1
fffd2e15
fffd3147
fffd3476
fffd37a2
fffd3acc
fffd3df3
fffd4117
fffd4439
fffd4757
fffd4a74
fffd4d8d
fffd50a4
fffd53b9
fffd56ca
fffd59d9
fffd5ce6
fffcf983
fffcfce1
fffd003c
fffd0395
fffd06eb
fffd0a3d
fffd0d8d
fffd10db
fffd1425
fffd176d
fffd1ab2
fffd1df4
fffd2133
fffd2470
fffd27aa
fffd2ae1
fffd2e15
fffd3147
fffd3476
fffd37a2
fffd3acc
fffd3df3
fffd4117
fffd4439
fffd4757
fffd4a74
fffd4d8d
fffd50a4
fffd53b9
fffd56ca
fffd59d9
fffd5ce6
000001d1
fffd5ff0
fffd62f7
fffd65fc
fffd68fe
fffd6bfe
fffd6efb
fffd71f5
fffd74ed
fffd77e3
fffd7ad6
fffd7dc6
fffd80b4
fffd839f
fffd8688
fffd896f
fffd8c53
fffd8f34
fffd9213
fffd94f0
fffd97ca
fffd9aa2
fffd9d77
fffda04a
fffda31a
fffda5e8
fffda8b4
fffdab7d
fffdae44
fffdb109
fffdb3cb
fffdb68b
fffdb948
fffd5ff0
fffd62f7
fffd65fc
fffd68fe
fffd6bfe
fffd6efb
fffd71f5
fffd74ed
fffd77e3
fffd7ad6
fffd7dc6
fffd80b4
fffd839f
fffd8688
fffd896f
fffd8c53
fffd8f34
fffd9213
fffd94f0
fffd97ca
fffd9aa2
fffd9d77
fffda04a
fffda31a
fffda5e8
fffda8b4
fffdab7d
fffdae44
fffdb109
fffdb3cb
fffdb68b
fffdb948
000001d2
fffdbc03
fffdbebc
fffdc172
fffdc426
fffdc6d8
fffdc987
fffdcc35
fffdcee0
fffdd188
fffdd42f
fffdd6d3
fffdd975
fffddc15
fffddeb3
fffde14f
fffde3e9
fffde681
fffde917
fffdebac
fffdee3f
fffdf0d1
fffdf363
fffdf5f3
fffdf884
fffdfb16
fffdfdaa
fffe0040
fffe02db
fffe057c
fffe0826
fffe0adc
fffe0da2
fffdbc03
fffdbebc
fffdc172
fffdc426
fffdc6d8
fffdc987
fffdcc35
fffdcee0
fffdd188
fffdd42f
fffdd6d3
fffdd975
fffddc15
fffddeb3
fffde14f
fffde3e9
fffde681
fffde917
fffdebac
fffdee3f
fffdf0d1
fffdf363
fffdf5f3
fffdf884
fffdfb16
fffdfdaa
fffe0040
fffe02db
fffe057c
fffe0826
fffe0adc
fffe0da2
000001d3
fffe107d
fffe1373
fffe168e
fffe19d8
fffe1d5d
fffe2130
fffe2565
fffe2a19
fffe2f6c
fffe3589
fffe3ca4
fffe4501
fffe4eed
fffe5aca
fffe690e
fffe7a46
fffe8f15
fffea83b
fffec690
fffeeb01
ffff1689
ffff4a2a
ffff86d8
ffffcd64
00001e65
00007a1b
0000e051
00015047
0001c89e
0002475b
0002c9f9
00034d88
fffe107d
fffe1373
fffe168e
fffe19d8
fffe1d5d
fffe2130
fffe2565
fffe2a19
fffe2f6c
fffe3589
fffe3ca4
fffe4501
fffe4eed
fffe5aca
fffe690e
fffe7a46
fffe8f15
fffea83b
fffec690
fffeeb01
ffff1689
ffff4a2a
ffff86d8
ffffcd64
00001e65
00007a1b
0000e051
00015047
0001c89e
0002475b
0002c9f9
00034d88
000001d4
0003ceee
00044b23
0004bf75
000529c2
00058893
0005db2c
00062176
00065be8
00068b61
0006b0fc
0006cdf5
0006e38c
0006f2f3
0006fd44
00070376
00070661
000706ba
00070516
000701f0
0006fdaa
0006f892
0006f2e2
0006ecca
0006e66d
0006dfe3
0006d940
0006d292
0006cbe2
0006c535
0006be91
0006b7f7
0006b169
0003ceee
00044b23
0004bf75
000529c2
00058893
0005db2c
00062176
00065be8
00068b61
0006b0fc
0006cdf5
0006e38c
0006f2f3
0006fd44
00070376
00070661
000706ba
00070516
000701f0
0006fdaa
0006f892
0006f2e2
0006ecca
0006e66d
0006dfe3
0006d940
0006d292
0006cbe2
0006c535
0006be91
0006b7f7
0006b169
000001d5
0006aae6
0006a470
00069e04
000697a4
0006914d
00068aff
000684ba
00067e7c
00067846
00067216
00066beb
000665c7
00065fa8
0006598e
00065379
00064d69
0006475d
00064156
00063b53
00063555
00062f5b
00062965
00062374
00061d88
000617a0
000611bc
00060bdd
00060602
0006002d
0005fa5b
0005f48f
0005eec7
0006aae6
0006a470
00069e04
000697a4
0006914d
00068aff
000684ba
00067e7c
00067846
00067216
00066beb
000665c7
00065fa8
0006598e
00065379
00064d69
0006475d
00064156
00063b53
00063555
00062f5b
00062965
00062374
00061d88
000617a0
000611bc
00060bdd
00060602
0006002d
0005fa5b
0005f48f
0005eec7
000001d6
0005e903
0005e345
0005dd8b
0005d7d6
0005d225
0005cc79
0005c6d2
0005c12f
0005bb91
0005b5f8
0005b063
0005aad3
0005a547
00059fc0
00059a3d
000594bf
00058f46
000589d1
00058461
00057ef5
0005798e
0005742b
00056ecc
00056972
0005641d
00055ecc
0005597f
00055437
00054ef3
000549b3
00054478
00053f41
0005e903
0005e345
0005dd8b
0005d7d6
0005d225
0005cc79
0005c6d2
0005c12f
0005bb91
0005b5f8
0005b063
0005aad3
0005a547
00059fc0
00059a3d
000594bf
00058f46
000589d1
00058461
00057ef5
0005798e
0005742b
00056ecc
00056972
0005641d
00055ecc
0005597f
00055437
00054ef3
000549b3
00054478
00053f41
000001d7
00053a0e
000534e0
00052fb6
00052a90
0005256e
00052051
00051b38
00051624
00051113
00050c07
000506ff
000501fb
0004fcfb
0004f7ff
0004f308
0004ee14
0004e925
0004e43a
0004df53
0004da70
0004d591
0004d0b6
0004cbdf
0004c70c
0004c23d
0004bd73
0004b8ac
0004b3e9
0004af2a
0004aa6f
0004a5b8
0004a105
00053a0e
000534e0
00052fb6
00052a90
0005256e
00052051
00051b38
00051624
00051113
00050c07
000506ff
000501fb
0004fcfb
0004f7ff
0004f308
0004ee14
0004e925
0004e43a
0004df53
0004da70
0004d591
0004d0b6
0004cbdf
0004c70c
0004c23d
0004bd73
0004b8ac
0004b3e9
0004af2a
0004aa6f
0004a5b8
0004a105
000001d8
00049c56
000497aa
00049303
00048e5f
000489bf
00048524
0004808c
00047bf7
00047767
000472da
00046e52
000469cd
0004654b
000460ce
00045c54
000457de
0004536c
00044efd
00044a92
0004462b
000441c8
00043d68
0004390b
000434b3
0004305e
00042c0c
000427bf
00042375
00041f2e
00041aeb
000416ac
00041270
00049c56
000497aa
00049303
00048e5f
000489bf
00048524
0004808c
00047bf7
00047767
000472da
00046e52
000469cd
0004654b
000460ce
00045c54
000457de
0004536c
00044efd
00044a92
0004462b
000441c8
00043d68
0004390b
000434b3
0004305e
00042c0c
000427bf
00042375
00041f2e
00041aeb
000416ac
00041270
000001d9
00040e37
00040a03
000405d2
000401a4
0003fd79
0003f953
0003f52f
0003f10f
0003ecf3
0003e8da
0003e4c4
0003e0b2
0003dca3
0003d898
0003d490
0003d08b
0003cc8a
0003c88c
0003c492
0003c09c
0003bca8
0003b8b7
0003b4ca
0003b0e0
0003acfa
0003a916
0003a536
0003a159
00039d80
000399a9
000395d6
00039206
00040e37
00040a03
000405d2
000401a4
0003fd79
0003f953
0003f52f
0003f10f
0003ecf3
0003e8da
0003e4c4
0003e0b2
0003dca3
0003d898
0003d490
0003d08b
0003cc8a
0003c88c
0003c492
0003c09c
0003bca8
0003b8b7
0003b4ca
0003b0e0
0003acfa
0003a916
0003a536
0003a159
00039d80
000399a9
000395d6
00039206
000001da
00038e39
00038a70
000386aa
000382e7
00037f27
00037b6a
000377b0
000373f9
00037046
00036c95
000368e8
0003653e
00036197
00035df3
00035a52
000356b4
00035319
00034f81
00034bec
0003485a
000344cb
00034140
00033db7
00033a31
000336ae
0003332e
00032fb1
00032c37
000328c0
0003254c
000321da
00031e6c
00038e39
00038a70
000386aa
000382e7
00037f27
00037b6a
000377b0
000373f9
00037046
00036c95
000368e8
0003653e
00036197
00035df3
00035a52
000356b4
00035319
00034f81
00034bec
0003485a
000344cb
00034140
00033db7
00033a31
000336ae
0003332e
00032fb1
00032c37
000328c0
0003254c
000321da
00031e6c
000001db
00031b00
00031798
00031432
000310cf
00030d6f
00030a12
000306b7
00030360
0003000b
0002fcba
0002f96a
0002f61e
0002f2d5
0002ef8e
0002ec4a
0002e909
0002e5cb
0002e28f
0002df56
0002dc20
0002d8ec
0002d5bc
0002d28e
0002cf62
0002cc3a
0002c914
0002c5f0
0002c2d0
0002bfb2
0002bc96
0002b97e
0002b667
00031b00
00031798
00031432
000310cf
00030d6f
00030a12
000306b7
00030360
0003000b
0002fcba
0002f96a
0002f61e
0002f2d5
0002ef8e
0002ec4a
0002e909
0002e5cb
0002e28f
0002df56
0002dc20
0002d8ec
0002d5bc
0002d28e
0002cf62
0002cc3a
0002c914
0002c5f0
0002c2d0
0002bfb2
0002bc96
0002b97e
0002b667
000001dc
0002b354
0002b043
0002ad35
0002aa29
0002a720
0002a419
0002a116
00029e14
00029b15
00029819
0002951f
00029228
00028f33
00028c41
00028951
00028664
0002837a
00028091
00027dac
00027ac8
000277e8
00027509
0002722d
00026f54
00026c7d
000269a8
000266d6
00026406
00026139
00025e6e
00025ba5
000258df
0002b354
0002b043
0002ad35
0002aa29
0002a720
0002a419
0002a116
00029e14
00029b15
00029819
0002951f
00029228
00028f33
00028c41
00028951
00028664
0002837a
00028091
00027dac
00027ac8
000277e8
00027509
0002722d
00026f54
00026c7d
000269a8
000266d6
00026406
00026139
00025e6e
00025ba5
000258df
000001dd
0002561b
00025359
0002509a
00024dde
00024b23
0002486b
000245b5
00024302
00024051
00023da2
00023af5
0002384b
000235a3
000232fd
0002305a
00022db8
00022b19
0002287d
000225e2
0002234a
000220b4
00021e20
00021b8e
000218fe
00021671
000213e5
0002115c
00020ed4
00020c4e
000209cb
00020749
000204c8
0002561b
00025359
0002509a
00024dde
00024b23
0002486b
000245b5
00024302
00024051
00023da2
00023af5
0002384b
000235a3
000232fd
0002305a
00022db8
00022b19
0002287d
000225e2
0002234a
000220b4
00021e20
00021b8e
000218fe
00021671
000213e5
0002115c
00020ed4
00020c4e
000209cb
00020749
000204c8
000001de
00020249
0001ffcb
0001fd4d
0001fad0
0001f853
0001f5d6
0001f357
0001f0d5
0001ee4f
0001ebc4
0001e931
0001e694
0001e3e8
0001e129
0001de52
0001db5b
0001d83c
0001d4e8
0001d150
0001cd63
0001c90b
0001c42b
0001be9d
0001b838
0001b0c5
0001a800
00019d9a
00019131
00018250
0001706e
00015aec
00014110
00020249
0001ffcb
0001fd4d
0001fad0
0001f853
0001f5d6
0001f357
0001f0d5
0001ee4f
0001ebc4
0001e931
0001e694
0001e3e8
0001e129
0001de52
0001db5b
0001d83c
0001d4e8
0001d150
0001cd63
0001c90b
0001c42b
0001be9d
0001b838
0001b0c5
0001a800
00019d9a
00019131
00018250
0001706e
00015aec
00014110
000001df
00012211
0000fd11
0000d128
00009d6f
00006112
00001b5d
ffffcbdd
ffff7270
ffff0f63
fffea385
fffe3035
fffdb758
fffd3b52
fffcbed6
fffc44bd
fffbcfc4
fffb6254
fffafe56
fffaa514
fffa5734
fffa14c5
fff9dd5a
fff9b029
fff98c31
fff97051
fff95b65
fff94c54
fff94219
fff93bcf
fff938ad
fff9380a
fff93957
00012211
0000fd11
0000d128
00009d6f
00006112
00001b5d
ffffcbdd
ffff7270
ffff0f63
fffea385
fffe3035
fffdb758
fffd3b52
fffcbed6
fffc44bd
fffbcfc4
fffb6254
fffafe56
fffaa514
fffa5734
fffa14c5
fff9dd5a
fff9b029
fff98c31
fff97051
fff95b65
fff94c54
fff94219
fff93bcf
fff938ad
fff9380a
fff93957
000001e0
fff93c1f
fff94006
fff944c2
fff94a18
fff94fda
fff955e6
fff95c23
fff9627d
fff968e7
fff96f57
fff975c6
fff97c2f
fff98291
fff988ea
fff98f38
fff9957c
fff99bb6
fff9a1e6
fff9a80d
fff9ae2c
fff9b443
fff9ba52
fff9c05b
fff9c65d
fff9cc58
fff9d24f
fff9d83f
fff9de2a
fff9e411
fff9e9f2
fff9efce
fff9f5a6
fff93c1f
fff94006
fff944c2
fff94a18
fff94fda
fff955e6
fff95c23
fff9627d
fff968e7
fff96f57
fff975c6
fff97c2f
fff98291
fff988ea
fff98f38
fff9957c
fff99bb6
fff9a1e6
fff9a80d
fff9ae2c
fff9b443
fff9ba52
fff9c05b
fff9c65d
fff9cc58
fff9d24f
fff9d83f
fff9de2a
fff9e411
fff9e9f2
fff9efce
fff9f5a6
000001e1
fff9fb78
fffa0146
fffa0710
fffa0cd4
fffa1294
fffa1850
fffa1e07
fffa23b9
fffa2967
fffa2f10
fffa34b5
fffa3a55
fffa3ff0
fffa4587
fffa4b19
fffa50a7
fffa5630
fffa5bb5
fffa6135
fffa66b1
fffa6c28
fffa719a
fffa7708
fffa7c72
fffa81d7
fffa8738
fffa8c94
fffa91ec
fffa973f
fffa9c8e
fffaa1d9
fffaa71f
fff9fb78
fffa0146
fffa0710
fffa0cd4
fffa1294
fffa1850
fffa1e07
fffa23b9
fffa2967
fffa2f10
fffa34b5
fffa3a55
fffa3ff0
fffa4587
fffa4b19
fffa50a7
fffa5630
fffa5bb5
fffa6135
fffa66b1
fffa6c28
fffa719a
fffa7708
fffa7c72
fffa81d7
fffa8738
fffa8c94
fffa91ec
fffa973f
fffa9c8e
fffaa1d9
fffaa71f
000001e2
fffaac61
fffab19f
fffab6d8
fffabc0d
fffac13e
fffac66a
fffacb92
fffad0b6
fffad5d5
fffadaf0
fffae007
fffae51a
fffaea28
fffaef33
fffaf439
fffaf93b
fffafe39
fffb0333
fffb0828
fffb0d1a
fffb1207
fffb16f1
fffb1bd6
fffb20b7
fffb2594
fffb2a6d
fffb2f42
fffb3413
fffb38e0
fffb3da9
fffb426e
fffb4730
fffaac61
fffab19f
fffab6d8
fffabc0d
fffac13e
fffac66a
fffacb92
fffad0b6
fffad5d5
fffadaf0
fffae007
fffae51a
fffaea28
fffaef33
fffaf439
fffaf93b
fffafe39
fffb0333
fffb0828
fffb0d1a
fffb1207
fffb16f1
fffb1bd6
fffb20b7
fffb2594
fffb2a6d
fffb2f42
fffb3413
fffb38e0
fffb3da9
fffb426e
fffb4730
000001e3
fffb4bed
fffb50a6
fffb555c
fffb5a0d
fffb5ebb
fffb6364
fffb680a
fffb6cac
fffb714a
fffb75e4
fffb7a7a
fffb7f0d
fffb839c
fffb8827
fffb8cae
fffb9131
fffb95b1
fffb9a2d
fffb9ea5
fffba31a
fffba78a
fffbabf7
fffbb061
fffbb4c7
fffbb929
fffbbd87
fffbc1e2
fffbc639
fffbca8c
fffbcedc
fffbd328
fffbd771
fffb4bed
fffb50a6
fffb555c
fffb5a0d
fffb5ebb
fffb6364
fffb680a
fffb6cac
fffb714a
fffb75e4
fffb7a7a
fffb7f0d
fffb839c
fffb8827
fffb8cae
fffb9131
fffb95b1
fffb9a2d
fffb9ea5
fffba31a
fffba78a
fffbabf7
fffbb061
fffbb4c7
fffbb929
fffbbd87
fffbc1e2
fffbc639
fffbca8c
fffbcedc
fffbd328
fffbd771
000001e4
fffbdbb6
fffbdff8
fffbe436
fffbe870
fffbeca7
fffbf0db
fffbf50b
fffbf937
fffbfd60
fffc0186
fffc05a8
fffc09c6
fffc0de1
fffc11f9
fffc160d
fffc1a1e
fffc1e2c
fffc2236
fffc263c
fffc2a40
fffc2e40
fffc323c
fffc3636
fffc3a2c
fffc3e1e
fffc420e
fffc45fa
fffc49e2
fffc4dc8
fffc51aa
fffc5589
fffc5965
fffbdbb6
fffbdff8
fffbe436
fffbe870
fffbeca7
fffbf0db
fffbf50b
fffbf937
fffbfd60
fffc0186
fffc05a8
fffc09c6
fffc0de1
fffc11f9
fffc160d
fffc1a1e
fffc1e2c
fffc2236
fffc263c
fffc2a40
fffc2e40
fffc323c
fffc3636
fffc3a2c
fffc3e1e
fffc420e
fffc45fa
fffc49e2
fffc4dc8
fffc51aa
fffc5589
fffc5965
000001e5
fffc5d3d
fffc6112
fffc64e4
fffc68b3
fffc6c7e
fffc7047
fffc740c
fffc77ce
fffc7b8d
fffc7f49
fffc8302
fffc86b7
fffc8a6a
fffc8e19
fffc91c5
fffc956e
fffc9914
fffc9cb7
fffca057
fffca3f4
fffca78e
fffcab25
fffcaeb9
fffcb24a
fffcb5d8
fffcb963
fffcbcea
fffcc06f
fffcc3f1
fffcc770
fffccaec
fffcce66
fffc5d3d
fffc6112
fffc64e4
fffc68b3
fffc6c7e
fffc7047
fffc740c
fffc77ce
fffc7b8d
fffc7f49
fffc8302
fffc86b7
fffc8a6a
fffc8e19
fffc91c5
fffc956e
fffc9914
fffc9cb7
fffca057
fffca3f4
fffca78e
fffcab25
fffcaeb9
fffcb24a
fffcb5d8
fffcb963
fffcbcea
fffcc06f
fffcc3f1
fffcc770
fffccaec
fffcce66
000001e6
fffcd1dc
fffcd54f
fffcd8c0
fffcdc2e
fffcdf98
fffce300
fffce665
fffce9c7
fffced26
fffcf082
fffcf3dc
fffcf732
fffcfa86
fffcfdd8
fffd0127
fffd0473
fffd07bb
fffd0b01
fffd0e44
fffd1184
fffd14c2
fffd17fd
fffd1b35
fffd1e6b
fffd219d
fffd24cd
fffd27fa
fffd2b25
fffd2e4d
fffd3172
fffd3495
fffd37b5
fffcd1dc
fffcd54f
fffcd8c0
fffcdc2e
fffcdf98
fffce300
fffce665
fffce9c7
fffced26
fffcf082
fffcf3dc
fffcf732
fffcfa86
fffcfdd8
fffd0127
fffd0473
fffd07bb
fffd0b01
fffd0e44
fffd1184
fffd14c2
fffd17fd
fffd1b35
fffd1e6b
fffd219d
fffd24cd
fffd27fa
fffd2b25
fffd2e4d
fffd3172
fffd3495
fffd37b5
000001e7
fffd3ad2
fffd3ded
fffd4105
fffd441b
fffd472d
fffd4a3e
fffd4d4b
fffd5056
fffd535f
fffd5665
fffd5968
fffd5c69
fffd5f67
fffd6263
fffd655c
fffd6852
fffd6b46
fffd6e38
fffd7127
fffd7414
fffd76fe
fffd79e6
fffd7ccb
fffd7fad
fffd828e
fffd856b
fffd8847
fffd8b20
fffd8df6
fffd90ca
fffd939c
fffd966b
fffd3ad2
fffd3ded
fffd4105
fffd441b
fffd472d
fffd4a3e
fffd4d4b
fffd5056
fffd535f
fffd5665
fffd5968
fffd5c69
fffd5f67
fffd6263
fffd655c
fffd6852
fffd6b46
fffd6e38
fffd7127
fffd7414
fffd76fe
fffd79e6
fffd7ccb
fffd7fad
fffd828e
fffd856b
fffd8847
fffd8b20
fffd8df6
fffd90ca
fffd939c
fffd966b
000001e8
fffd9938
fffd9c03
fffd9ecb
fffda191
fffda454
fffda715
fffda9d4
fffdac90
fffdaf4a
fffdb202
fffdb4b7
fffdb76a
fffdba1b
fffdbcca
fffdbf76
fffdc220
fffdc4c7
fffdc76d
fffdca10
fffdccb1
fffdcf4f
fffdd1ec
fffdd486
fffdd71e
fffdd9b3
fffddc47
fffdded8
fffde167
fffde3f4
fffde67f
fffde907
fffdeb8e
fffd9938
fffd9c03
fffd9ecb
fffda191
fffda454
fffda715
fffda9d4
fffdac90
fffdaf4a
fffdb202
fffdb4b7
fffdb76a
fffdba1b
fffdbcca
fffdbf76
fffdc220
fffdc4c7
fffdc76d
fffdca10
fffdccb1
fffdcf4f
fffdd1ec
fffdd486
fffdd71e
fffdd9b3
fffddc47
fffdded8
fffde167
fffde3f4
fffde67f
fffde907
fffdeb8e
000001e9
fffdee12
fffdf094
fffdf314
fffdf592
fffdf80e
fffdfa87
fffdfcff
fffdff75
fffe01e9
fffe045b
fffe06cb
fffe093a
fffe0ba7
fffe0e13
fffe107e
fffe12e8
fffe1551
fffe17bb
fffe1a25
fffe1c90
fffe1efd
fffe216e
fffe23e4
fffe2661
fffe28e7
fffe2b7a
fffe2e1d
fffe30d5
fffe33a9
fffe36a1
fffe39c5
fffe3d24
fffdee12
fffdf094
fffdf314
fffdf592
fffdf80e
fffdfa87
fffdfcff
fffdff75
fffe01e9
fffe045b
fffe06cb
fffe093a
fffe0ba7
fffe0e13
fffe107e
fffe12e8
fffe1551
fffe17bb
fffe1a25
fffe1c90
fffe1efd
fffe216e
fffe23e4
fffe2661
fffe28e7
fffe2b7a
fffe2e1d
fffe30d5
fffe33a9
fffe36a1
fffe39c5
fffe3d24
000001ea
fffe40cb
fffe44cf
fffe4947
fffe4e51
fffe5410
fffe5ab3
fffe626e
fffe6b84
fffe7647
fffe8315
fffe925f
fffea4ab
fffeba8f
fffed4b8
fffef3e4
ffff18dc
ffff4472
ffff7773
ffffb296
fffff66f
00004357
00009959
0000f818
00015ec3
0001cc0f
00023e34
0002b308
00032818
00039ad8
000408d8
00046fef
0004ce67
fffe40cb
fffe44cf
fffe4947
fffe4e51
fffe5410
fffe5ab3
fffe626e
fffe6b84
fffe7647
fffe8315
fffe925f
fffea4ab
fffeba8f
fffed4b8
fffef3e4
ffff18dc
ffff4472
ffff7773
ffffb296
fffff66f
00004357
00009959
0000f818
00015ec3
0001cc0f
00023e34
0002b308
00032818
00039ad8
000408d8
00046fef
0004ce67
000001eb
00052313
00056d55
0005ad14
0005e2a7
00060eb6
00063222
00064de9
00066311
0006729a
00067d6f
00068468
00068841
0006899a
000688fb
000686d6
00068386
00067f53
00067a7a
00067528
00066f81
000669a0
00066399
00065d7b
00065751
00065124
00064af7
000644d0
00063eaf
00063896
00063287
00062c80
00062682
00052313
00056d55
0005ad14
0005e2a7
00060eb6
00063222
00064de9
00066311
0006729a
00067d6f
00068468
00068841
0006899a
000688fb
000686d6
00068386
00067f53
00067a7a
00067528
00066f81
000669a0
00066399
00065d7b
00065751
00065124
00064af7
000644d0
00063eaf
00063896
00063287
00062c80
00062682
000001ec
0006208d
00061aa0
000614bb
00060edd
00060906
00060335
0005fd6a
0005f7a5
0005f1e6
0005ec2c
0005e678
0005e0c8
0005db1d
0005d577
0005cfeb
0005cac7
0005c684
0005c341
0005c0ad
0005be6b
0005bc30
0005b9c7
0005b712
0005b3ff
0005b08c
0005acbf
0005a89f
0005a436
00059f90
00059ab8
000595b8
00059099
0006208d
00061aa0
000614bb
00060edd
00060906
00060335
0005fd6a
0005f7a5
0005f1e6
0005ec2c
0005e678
0005e0c8
0005db1d
0005d577
0005cfeb
0005cac7
0005c684
0005c341
0005c0ad
0005be6b
0005bc30
0005b9c7
0005b712
0005b3ff
0005b08c
0005acbf
0005a89f
0005a436
00059f90
00059ab8
000595b8
00059099
000001ed
00058b61
00058618
000580c3
00057b66
00057603
0005709e
00056b39
000565d4
00056072
00055b13
000555b8
00055061
00054b0e
000545bf
00054075
00053b30
000535f0
000530b4
00052b7c
00052649
0005211b
00051bf1
000516cb
000511aa
00050c8d
00050775
00050261
0004fd51
0004f846
0004f33f
0004ee3c
0004e93d
00058b61
00058618
000580c3
00057b66
00057603
0005709e
00056b39
000565d4
00056072
00055b13
000555b8
00055061
00054b0e
000545bf
00054075
00053b30
000535f0
000530b4
00052b7c
00052649
0005211b
00051bf1
000516cb
000511aa
00050c8d
00050775
00050261
0004fd51
0004f846
0004f33f
0004ee3c
0004e93d
000001ee
0004e443
0004df4d
0004da5a
0004d56c
0004d083
0004cb9e
0004c6bc
0004c1df
0004bd06
0004b831
0004b361
0004ae94
0004a9cb
0004a507
0004a046
00049b8a
000496d1
0004921d
00048d6c
000488c0
00048417
00047f72
00047ad2
00047635
0004719c
00046d07
00046876
000463e9
00045f60
00045adb
00045659
000451db
0004e443
0004df4d
0004da5a
0004d56c
0004d083
0004cb9e
0004c6bc
0004c1df
0004bd06
0004b831
0004b361
0004ae94
0004a9cb
0004a507
0004a046
00049b8a
000496d1
0004921d
00048d6c
000488c0
00048417
00047f72
00047ad2
00047635
0004719c
00046d07
00046876
000463e9
00045f60
00045adb
00045659
000451db
000001ef
00044d61
000448eb
00044479
0004400a
00043ba0
00043739
000432d5
00042e76
00042a1a
000425c2
0004216e
00041d1d
000418d0
00041486
00041041
00040bff
000407c0
00040385
0003ff4e
0003fb1b
0003f6ea
0003f2be
0003ee95
0003ea70
0003e64e
0003e22f
0003de15
0003d9fd
0003d5ea
0003d1d9
0003cdcc
0003c9c3
00044d61
000448eb
00044479
0004400a
00043ba0
00043739
000432d5
00042e76
00042a1a
000425c2
0004216e
00041d1d
000418d0
00041486
00041041
00040bff
000407c0
00040385
0003ff4e
0003fb1b
0003f6ea
0003f2be
0003ee95
0003ea70
0003e64e
0003e22f
0003de15
0003d9fd
0003d5ea
0003d1d9
0003cdcc
0003c9c3
000001f0
0003c5bd
0003c1bb
0003bdbc
0003b9c0
0003b5c8
0003b1d3
0003ade2
0003a9f3
0003a609
0003a222
00039e3e
00039a5d
00039680
000392a5
00038ecf
00038afb
0003872b
0003835e
00037f94
00037bcc
00037809
0003744a
0003708d
00036cd3
0003691d
0003656a
000361ba
00035e0d
00035a63
000356bd
00035319
00034f79
0003c5bd
0003c1bb
0003bdbc
0003b9c0
0003b5c8
0003b1d3
0003ade2
0003a9f3
0003a609
0003a222
00039e3e
00039a5d
00039680
000392a5
00038ecf
00038afb
0003872b
0003835e
00037f94
00037bcc
00037809
0003744a
0003708d
00036cd3
0003691d
0003656a
000361ba
00035e0d
00035a63
000356bd
00035319
00034f79
000001f1
00034bdc
00034841
000344aa
00034116
00033d85
000339f7
0003366d
000332e5
00032f60
00032bdf
00032860
000324e4
0003216c
00031df6
00031a83
00031714
000313a7
0003103d
00030cd6
00030972
00030611
000302b3
0002ff58
0002fc00
0002f8aa
0002f557
0002f208
0002eebb
0002eb71
0002e82a
0002e4e5
0002e1a4
00034bdc
00034841
000344aa
00034116
00033d85
000339f7
0003366d
000332e5
00032f60
00032bdf
00032860
000324e4
0003216c
00031df6
00031a83
00031714
000313a7
0003103d
00030cd6
00030972
00030611
000302b3
0002ff58
0002fc00
0002f8aa
0002f557
0002f208
0002eebb
0002eb71
0002e82a
0002e4e5
0002e1a4
000001f2
0002de65
0002db29
0002d7f0
0002d4b9
0002d186
0002ce55
0002cb27
0002c7fc
0002c4d3
0002c1ad
0002be8a
0002bb6a
0002b84c
0002b531
0002b219
0002af03
0002abf0
0002a8e0
0002a5d2
0002a2c7
00029fbf
00029cb9
000299b6
000296b5
000293b7
000290bc
00028dc3
00028acd
000287d9
000284e8
000281fa
00027f0e
0002de65
0002db29
0002d7f0
0002d4b9
0002d186
0002ce55
0002cb27
0002c7fc
0002c4d3
0002c1ad
0002be8a
0002bb6a
0002b84c
0002b531
0002b219
0002af03
0002abf0
0002a8e0
0002a5d2
0002a2c7
00029fbf
00029cb9
000299b6
000296b5
000293b7
000290bc
00028dc3
00028acd
000287d9
000284e8
000281fa
00027f0e
000001f3
00027c24
0002793e
00027659
00027377
00027098
00026dbb
00026ae1
00026809
00026533
00026260
00025f90
00025cc2
000259f6
0002572d
00025466
000251a2
00024ee0
00024c20
00024963
000246a8
000243f0
0002413a
00023e86
00023bd5
00023926
00023679
000233cf
00023127
00022e81
00022bde
0002293d
0002269e
00027c24
0002793e
00027659
00027377
00027098
00026dbb
00026ae1
00026809
00026533
00026260
00025f90
00025cc2
000259f6
0002572d
00025466
000251a2
00024ee0
00024c20
00024963
000246a8
000243f0
0002413a
00023e86
00023bd5
00023926
00023679
000233cf
00023127
00022e81
00022bde
0002293d
0002269e
000001f4
00022402
00022168
00021ed0
00021c3a
000219a7
00021716
00021487
000211fa
00020f70
00020ce8
00020a62
000207de
0002055c
000202dd
00020060
0001fde5
0001fb6c
0001f8f5
0001f680
0001f40d
0001f19c
0001ef2d
0001ecc0
0001ea55
0001e7eb
0001e584
0001e31d
0001e0b8
0001de53
0001dbf0
0001d98c
0001d728
00022402
00022168
00021ed0
00021c3a
000219a7
00021716
00021487
000211fa
00020f70
00020ce8
00020a62
000207de
0002055c
000202dd
00020060
0001fde5
0001fb6c
0001f8f5
0001f680
0001f40d
0001f19c
0001ef2d
0001ecc0
0001ea55
0001e7eb
0001e584
0001e31d
0001e0b8
0001de53
0001dbf0
0001d98c
0001d728
000001f5
0001d4c4
0001d25d
0001cff3
0001cd85
0001cb12
0001c896
0001c610
0001c37c
0001c0d5
0001be17
0001bb3a
0001b837
0001b503
0001b192
0001add3
0001a9b3
0001a51a
00019fea
000199fe
0001932b
00018b3a
000181eb
000176f1
000169f0
00015a7d
0001481b
0001323d
00011845
0000f988
0000d54e
0000aade
00007986
0001d4c4
0001d25d
0001cff3
0001cd85
0001cb12
0001c896
0001c610
0001c37c
0001c0d5
0001be17
0001bb3a
0001b837
0001b503
0001b192
0001add3
0001a9b3
0001a51a
00019fea
000199fe
0001932b
00018b3a
000181eb
000176f1
000169f0
00015a7d
0001481b
0001323d
00011845
0000f988
0000d54e
0000aade
00007986
000001f6
000040a8
ffffffc7
ffffb69f
ffff6532
ffff0bd9
fffeab55
fffe44d4
fffdd9e7
fffd6c7d
fffcfebd
fffc92ea
fffc2b30
fffbc982
fffb6f75
fffb1e29
fffad645
fffa97f8
fffa630e
fffa3705
fffa1321
fff9f68b
fff9e059
fff9cfa8
fff9c39d
fff9bb70
fff9b670
fff9b402
fff9b3a2
fff9b4e1
fff9b762
fff9badc
fff9bf11
000040a8
ffffffc7
ffffb69f
ffff6532
ffff0bd9
fffeab55
fffe44d4
fffdd9e7
fffd6c7d
fffcfebd
fffc92ea
fffc2b30
fffbc982
fffb6f75
fffb1e29
fffad645
fffa97f8
fffa630e
fffa3705
fffa1321
fff9f68b
fff9e059
fff9cfa8
fff9c39d
fff9bb70
fff9b670
fff9b402
fff9b3a2
fff9b4e1
fff9b762
fff9badc
fff9bf11
000001f7
fff9c3d1
fff9c8f7
fff9ce65
fff9d404
fff9d9c5
fff9df99
fff9e578
fff9eb5a
fff9f13d
fff9f71b
fff9fcf4
fffa02c6
fffa0890
fffa0e52
fffa140c
fffa19bf
fffa1f6b
fffa250f
fffa2aad
fffa3044
fffa35d5
fffa3b5c
fffa40d3
fffa4630
fffa4b6b
fffa507c
fffa5562
fffa5a1d
fffa5eb3
fffa632c
fffa6791
fffa6bea
fff9c3d1
fff9c8f7
fff9ce65
fff9d404
fff9d9c5
fff9df99
fff9e578
fff9eb5a
fff9f13d
fff9f71b
fff9fcf4
fffa02c6
fffa0890
fffa0e52
fffa140c
fffa19bf
fffa1f6b
fffa250f
fffa2aad
fffa3044
fffa35d5
fffa3b5c
fffa40d3
fffa4630
fffa4b6b
fffa507c
fffa5562
fffa5a1d
fffa5eb3
fffa632c
fffa6791
fffa6bea
000001f8
fffa7040
fffa749a
fffa78fe
fffa7d70
fffa81f3
fffa8689
fffa8b31
fffa8fec
fffa94b8
fffa9993
fffa9e7c
fffaa372
fffaa871
fffaad77
fffab284
fffab795
fffabca9
fffac1be
fffac6d4
fffacbe9
fffad0fc
fffad60e
fffadb1d
fffae029
fffae532
fffaea37
fffaef39
fffaf436
fffaf930
fffafe26
fffb0317
fffb0805
fffa7040
fffa749a
fffa78fe
fffa7d70
fffa81f3
fffa8689
fffa8b31
fffa8fec
fffa94b8
fffa9993
fffa9e7c
fffaa372
fffaa871
fffaad77
fffab284
fffab795
fffabca9
fffac1be
fffac6d4
fffacbe9
fffad0fc
fffad60e
fffadb1d
fffae029
fffae532
fffaea37
fffaef39
fffaf436
fffaf930
fffafe26
fffb0317
fffb0805
000001f9
fffb0cee
fffb11d3
fffb16b5
fffb1b92
fffb206b
fffb2540
fffb2a11
fffb2edd
fffb33a6
fffb386b
fffb3d2c
fffb41e9
fffb46a2
fffb4b57
fffb5008
fffb54b5
fffb595e
fffb5e04
fffb62a5
fffb6743
fffb6bdc
fffb7072
fffb7505
fffb7993
fffb7e1e
fffb82a4
fffb8727
fffb8ba7
fffb9022
fffb949a
fffb990e
fffb9d7f
fffb0cee
fffb11d3
fffb16b5
fffb1b92
fffb206b
fffb2540
fffb2a11
fffb2edd
fffb33a6
fffb386b
fffb3d2c
fffb41e9
fffb46a2
fffb4b57
fffb5008
fffb54b5
fffb595e
fffb5e04
fffb62a5
fffb6743
fffb6bdc
fffb7072
fffb7505
fffb7993
fffb7e1e
fffb82a4
fffb8727
fffb8ba7
fffb9022
fffb949a
fffb990e
fffb9d7f
000001fa
fffba1eb
fffba654
fffbaaba
fffbaf1c
fffbb379
fffbb7d4
fffbbc2b
fffbc07e
fffbc4cd
fffbc919
fffbcd62
fffbd1a6
fffbd5e8
fffbda25
fffbde5f
fffbe296
fffbe6c9
fffbeaf9
fffbef25
fffbf34d
fffbf772
fffbfb94
fffbffb2
fffc03cd
fffc07e4
fffc0bf8
fffc1009
fffc1416
fffc1820
fffc1c26
fffc2029
fffc2428
fffba1eb
fffba654
fffbaaba
fffbaf1c
fffbb379
fffbb7d4
fffbbc2b
fffbc07e
fffbc4cd
fffbc919
fffbcd62
fffbd1a6
fffbd5e8
fffbda25
fffbde5f
fffbe296
fffbe6c9
fffbeaf9
fffbef25
fffbf34d
fffbf772
fffbfb94
fffbffb2
fffc03cd
fffc07e4
fffc0bf8
fffc1009
fffc1416
fffc1820
fffc1c26
fffc2029
fffc2428
000001fb
fffc2825
fffc2c1e
fffc3013
fffc3405
fffc37f5
fffc3be0
fffc3fc9
fffc43ae
fffc4790
fffc4b6e
fffc4f4a
fffc5322
fffc56f7
fffc5ac9
fffc5e97
fffc6262
fffc662b
fffc69f0
fffc6db1
fffc7170
fffc752c
fffc78e4
fffc7c99
fffc804b
fffc83fa
fffc87a6
fffc8b4f
fffc8ef5
fffc9298
fffc9638
fffc99d4
fffc9d6e
fffc2825
fffc2c1e
fffc3013
fffc3405
fffc37f5
fffc3be0
fffc3fc9
fffc43ae
fffc4790
fffc4b6e
fffc4f4a
fffc5322
fffc56f7
fffc5ac9
fffc5e97
fffc6262
fffc662b
fffc69f0
fffc6db1
fffc7170
fffc752c
fffc78e4
fffc7c99
fffc804b
fffc83fa
fffc87a6
fffc8b4f
fffc8ef5
fffc9298
fffc9638
fffc99d4
fffc9d6e
000001fc
fffca105
fffca498
fffca828
fffcabb6
fffcaf40
fffcb2c8
fffcb64c
fffcb9ce
fffcbd4d
fffcc0c9
fffcc441
fffcc7b7
fffccb2a
fffcce9a
fffcd208
fffcd572
fffcd8d9
fffcdc3e
fffcdfa0
fffce2fe
fffce65a
fffce9b3
fffced0a
fffcf05d
fffcf3ae
fffcf6fc
fffcfa47
fffcfd8f
fffd00d5
fffd0418
fffd0758
fffd0a95
fffca105
fffca498
fffca828
fffcabb6
fffcaf40
fffcb2c8
fffcb64c
fffcb9ce
fffcbd4d
fffcc0c9
fffcc441
fffcc7b7
fffccb2a
fffcce9a
fffcd208
fffcd572
fffcd8d9
fffcdc3e
fffcdfa0
fffce2fe
fffce65a
fffce9b3
fffced0a
fffcf05d
fffcf3ae
fffcf6fc
fffcfa47
fffcfd8f
fffd00d5
fffd0418
fffd0758
fffd0a95
000001fd
fffd0dd0
fffd1108
fffd143d
fffd1770
fffd1aa0
fffd1dcd
fffd20f7
fffd241f
fffd2744
fffd2a66
fffd2d86
fffd30a3
fffd33bd
fffd36d5
fffd39ea
fffd3cfd
fffd400d
fffd431a
fffd4625
fffd492d
fffd4c33
fffd4f36
fffd5236
fffd5534
fffd5830
fffd5b28
fffd5e1f
fffd6113
fffd6404
fffd66f3
fffd69df
fffd6cc9
fffd0dd0
fffd1108
fffd143d
fffd1770
fffd1aa0
fffd1dcd
fffd20f7
fffd241f
fffd2744
fffd2a66
fffd2d86
fffd30a3
fffd33bd
fffd36d5
fffd39ea
fffd3cfd
fffd400d
fffd431a
fffd4625
fffd492d
fffd4c33
fffd4f36
fffd5236
fffd5534
fffd5830
fffd5b28
fffd5e1f
fffd6113
fffd6404
fffd66f3
fffd69df
fffd6cc9
000001fe
fffd6fb1
fffd7296
fffd7578
fffd7858
fffd7b36
fffd7e11
fffd80ea
fffd83c0
fffd8694
fffd8965
fffd8c34
fffd8f01
fffd91cb
fffd9493
fffd9759
fffd9a1c
fffd9cdd
fffd9f9b
fffda258
fffda511
fffda7c9
fffdaa7e
fffdad31
fffdafe2
fffdb290
fffdb53c
fffdb7e6
fffdba8d
fffdbd32
fffdbfd5
fffdc276
fffdc514
fffd6fb1
fffd7296
fffd7578
fffd7858
fffd7b36
fffd7e11
fffd80ea
fffd83c0
fffd8694
fffd8965
fffd8c34
fffd8f01
fffd91cb
fffd9493
fffd9759
fffd9a1c
fffd9cdd
fffd9f9b
fffda258
fffda511
fffda7c9
fffdaa7e
fffdad31
fffdafe2
fffdb290
fffdb53c
fffdb7e6
fffdba8d
fffdbd32
fffdbfd5
fffdc276
fffdc514
000001ff
fffdc7b1
fffdca4a
fffdcce2
fffdcf77
fffdd20b
fffdd49c
fffdd72b
fffdd9b8
fffddc42
fffddecb
fffde151
fffde3d5
fffde657
fffde8d6
fffdeb54
fffdedcf
fffdf049
fffdf2c0
fffdf535
fffdf7a8
fffdfa19
fffdfc88
fffdfef4
fffe015f
fffe03c8
fffe062e
fffe0893
fffe0af5
fffe0d56
fffe0fb4
fffe1211
fffe146b
fffdc7b1
fffdca4a
fffdcce2
fffdcf77
fffdd20b
fffdd49c
fffdd72b
fffdd9b8
fffddc42
fffddecb
fffde151
fffde3d5
fffde657
fffde8d6
fffdeb54
fffdedcf
fffdf049
fffdf2c0
fffdf535
fffdf7a8
fffdfa19
fffdfc88
fffdfef4
fffe015f
fffe03c8
fffe062e
fffe0893
fffe0af5
fffe0d56
fffe0fb4
fffe1211
fffe146b
