00000100
00000000
0003818f
ff8e88e5
00722679
ffc57246
0015802b
ffb69efc
ffa892cf
ff98c2b1
ffdcfbf6
004038aa
ffab879d
ffab4a2e
ffe4abf9
0065a081
0065896b
0064561c
ffe79bc0
ffbc5a23
001d302d
ffaff013
0044115e
00046afb
00758771
00425bcb
ffa21ef1
0074a332
0029e0ff
0042f540
00470dc4
ffa373d1
001110a2
ffd73eec
004750ed
00370191
0050cd11
ffd18ab8
004c324c
00199619
00599e55
0047dada
00382fb6
0072ba45
ffb8d03d
007d3a0a
004eccac
ffd9a65f
0025f194
ff99f43c
006aa00f
ffde1f73
fffa0863
ffef5004
006a9883
001a4929
ffe4c4f3
000b5813
fff5efab
00364465
ffb0d80a
ffef7dc6
002ebd7d
00724563
00372a3b
0072f6b8
00000001
ffab82a9
000aee8e
ffb21b70
00612a37
ffeae385
ffbe66f6
007d8dcc
002b356b
002e9f21
0071975d
ffe14b3c
006b6514
0078daeb
004b5f15
ff966365
ff9561aa
003c5be0
ffb616d8
ffb3d9b0
fff85e35
005ad258
002b8c29
ff9b05e2
ff963dc9
fffab4cb
0000fbe4
00469c1a
fff4323b
00780c2f
ffc38cfa
ffaf05cc
006953f8
ffc1517b
fffff628
ffb85b09
ffa3ba3c
ff8cab16
00349c29
ffb0a46c
004db289
005ee464
ff9eb080
00060985
00309e77
ffd0af12
002691b5
ff9c568b
ffa141fb
fffce645
002cb9ef
0056e889
fffbd0d4
002da250
0041ddfa
ffd9cecf
00465d46
ffed3f70
fffe68a5
ff9b233f
00768ff4
ffcf1107
fffd7342
ffeeef85
004e97b4
00000002
00041de4
ffd4bdd0
004847e1
ff8cc2ba
0038ec31
ffeda705
ffa5b623
ffa4ba4d
ffd3a090
0059a253
00150f01
0036572c
0000328d
ff8af9e9
ffc2c21a
0035cba5
0023a6f2
0039f86c
ffb97e61
00283d79
0063bc6b
ffcc4f23
00055b05
00605379
ffa51318
003a5f0a
00342118
00093b3d
00709fdf
ffd0e8a8
007ef632
000171f4
ffdb45f5
ffba211e
0041c943
ffd8e323
00172715
ff91c09a
ff9c3c65
004b73db
ffcca153
00775041
002e347c
000e3820
0014423c
0078f85e
00552459
004e9c9f
0026dd03
ffe8a011
ff9b391b
ffe14fd4
004da2f2
004c0176
0027d9aa
ffcc94dd
ffc4e8bb
005b1818
ffaa43c7
001d8ef7
ffc94ef8
002d8e6d
ffee5447
ffd40ce2
00000003
004c58fb
ffdd51a4
ffe1df14
00789e28
00491626
ffc79cc8
0002d7f5
004c1852
ffb567f9
0036e9bc
ffc52d49
00130c91
fff3677c
0063e297
ffea55ff
0073c934
ffc1da3e
0078954b
ffaffd8f
ffb116c1
ff9ed35a
00604b1d
0030a77e
ffbd23af
005bdc32
00236788
000df46a
002a1e3d
00728589
0072c7c8
ff9de803
0051d32f
006b01dd
0030317a
000cbdd2
006abff0
ff9e3361
000c97a4
00644cb2
000ae74d
0037bc46
00364dd5
ffa196c1
00261547
00202b7a
005c8851
ff8c499e
006f715b
002750be
ff90f800
000b5a5c
000a9e66
ffd6946c
ffb70fba
007cef83
0078db82
002e1c42
ffe63aab
004bc91c
ffe344d9
ffa42856
fffadc7b
ffe453d3
00365f81
00000004
ffaffd61
ff922ed3
ffc7f96c
002e595a
000ca1fb
fffb4864
00350192
ff88ad3a
ffc5ad37
0027ada2
fff0ac0c
ffd1c91c
ffaf5d29
fff044c6
ffffba26
001cb35b
ff9f12cc
ff844f9d
0029086d
ff935880
ff9227a0
ffee67ae
003391f9
0030ad6f
ff9f39d8
ffee3e7f
006dd155
0002e17c
ff899d2f
0030f9be
0026404f
0049435e
006b75fc
006a60c9
00448468
ffa976cd
00729e50
005519df
ffa390c7
ffda0aba
fff01cea
00665337
00359452
ffccd62a
fff1a276
0009a26e
ff9f17bf
fffdb401
00379858
ffa38de9
001521d8
005f7fd5
ffef5962
00690bad
00334dee
ff9b4024
003eedaf
00349ceb
000ba1f0
ff8b11ef
0026e27f
fff3b1db
000d6a28
007c87c2
00000005
ff803331
ffdcfe51
ffe2d8d5
ff94bb22
007a701d
ff81ef1a
0019abff
ff9dbf0c
ff8eef21
ffc9bc50
ff814561
002cfec9
00350918
002eb220
000ed37a
ffdebfee
003291ca
00429c2c
007e9d68
0055f02e
007be4b9
ff9c7ab4
004f3b1f
006b3ddb
00696fcf
ffb9f73d
00060f4d
ff817804
ff81108c
fffab9ae
0031df7e
ff879f9f
fffbcfdc
ffe5abd7
ffd99a5b
0033dbf8
ff9e83c1
ff99162c
ffb7ee61
ffc6c54c
00160a86
0075a85f
ff886a77
005722d7
ffb7a987
fff07660
ffcb04a4
0064eede
003a996f
ffcd2fa0
0077c7a9
0034d4b3
ffc7ac5c
00591197
0066aa99
0061e8f0
ff86be2c
fff5e47c
0016287c
ffe78c8a
00203c73
0042de81
ff9cc548
ff9eb5ed
00000006
ffd29c86
ffec0be0
002b31cb
001632f9
0017af3b
fffa2ffa
ffe442bb
ff89db0c
0033f76c
00087d70
ff8f775f
ff9c0ddb
0007f9ea
ff88bf51
ffb27ade
fff2b81e
ffcc5802
ffb74ce4
ff8701f7
fffa2e17
ffb9f3e2
ffdcb920
ff9a2fcf
ffefa764
ffa5ab3f
fffd433f
00285fcf
ffcd0a62
fff121fd
ffd6bc91
00570b33
0038f6ba
fffeedda
ff976078
00549fe1
004ef58c
001e5177
00326942
ffff13b9
ff89bbee
000c23cb
00369b44
007470c1
ff917675
0075278c
0060aae8
000cd73a
0048262d
fff84c30
0043f961
ff887466
005ba218
0061f051
00625d29
fff0e14c
ffc33ed9
003c27ec
0062ea37
0071d5b4
ff81302b
00208a1b
ffa4e7fb
001bf28c
ffbbd7e2
00000007
ffb2265f
ff894b8d
0030485b
000bf543
0012745c
007d9ba3
ffbbb722
007235f2
00102a2e
ffa55bef
006baf87
ffbf8eb3
ffe5c1f8
ffb97af9
ffcdc10b
ffd045b6
ff9ba1ee
ffb19d81
fff203a3
ff8628d0
ff8ade3f
ffbe2f9f
fff84046
00694786
0017666a
004b3c31
ffb6b837
ffcdf534
0072ae93
00525f2c
fffbcb37
ffdf4b43
ffc3f426
ff800433
fff39a3f
00167f1f
fff2ba96
001c0ef0
ff8b89e8
006e8358
fff1e209
000604ef
fffcabee
ffd8e9aa
ffdaac84
0059dabb
0023ec8d
ff976ddf
ffd7a3ba
00125bcf
ffb00822
ffa84f4e
00078dad
ff877dfb
003d34b8
00098ab6
ffffeac4
ffc5a7c8
fff29b86
0061d05a
00065d7b
ffc85844
0001a6d7
ff95269a
00000008
ffa9dd2a
ffe992df
0070cd8e
ffae8b3e
001bbbe2
fff6684e
0017f616
ffc15360
0073de21
0006257e
ffe73311
ffc282ec
ff9473fe
003ba472
00354446
ff848d76
ffd46de3
ffb679a6
fff96c75
00468d14
ffadd77d
ffa53547
fff50ef1
ffc16a76
ffcd9987
ffb2c4e3
ffba32d4
ffec5dd6
0067b0e5
ffe9c929
005cc451
007c4fb2
ffe96412
0066c918
ff87c5f0
006d6855
00606c15
006e35e4
ffb51b59
fff8d770
ffa2dfaf
ff80df24
ffc3502d
ffe439bd
ffcf6013
00656445
ffc4d0bf
001a0413
ff9f5571
ffe84ec5
ff9d49af
001bc3bc
002da675
00028b49
0045530a
00412525
00152170
0022a7bd
fffc29f0
0029ff4a
0028c9dd
ffbb8209
007fac3b
ffecbe19
00000009
ffdcb708
001f9833
fffc07f8
0068f23e
0007ad74
0007f4c8
00367a8d
ffe57f07
fffdd356
0066d318
ffc2e57c
002f9c52
000a84c4
00316abc
ffe43076
ff824e0f
fff2cffc
00020d8c
ffbd5d0c
ffe92210
002d2c7a
ff877fe3
ff864aa6
0034a433
ffb9c1e6
0070f867
007769c7
ffb52a12
ffc76132
ffa2f826
ffc66018
ffcc919f
ff98b174
ffd7a54b
ffa37c3e
0020e8dd
ff84d89f
ffac18ca
ffcb1ccd
ff870931
ffbe161f
0046a8ee
ffa6d8ed
006a5c4d
00683bf1
00645fb4
005f6322
ff990b48
ffdae316
0070f905
ffd20bae
ff80dbd9
000ec353
007ce6fe
ffa33bc7
00790fe2
fffa342a
fff465d6
fffa516e
ffacef50
ff833384
ffa0d981
ffcc3bf2
00219f03
0000000a
00733bc0
ff90988e
ff8a2cb5
000f8381
002de829
ffe898d9
001c6990
ffa08924
0002e66a
fff2e76e
003bf59a
0005c668
002d0376
000f4a4f
ffc72d5e
0048e731
ffd650c4
0078f176
0022ad3d
001d28d3
ffdc63d6
ffb7dbb1
0079d2d6
ffe4080c
ffe343c7
ffa9ae5b
001cff51
ff9d603a
ffffefe4
ffbe3758
ffe2f63a
ffc4b908
ffe6c896
ff894311
001c3835
ffb0b763
003354b0
ff8ae92e
00323a00
0027c50c
fffd7f5f
ffa3793b
ffc360b5
ff9b4bb4
ffd34708
0020f50f
ffdc1927
00458902
0014061f
00667049
ffe4620e
ffc69f1c
ffa62304
0021f853
fff0537c
fff3b3a8
0029da3b
0011f1d9
0004f960
ffa66a52
00336ec5
0055504d
ffd13d0a
00672c0d
0000000b
ffb53a28
00631661
000875b6
000e6de5
006e805f
fff1dddf
0010b1ee
004c2e39
ffc7648b
0044e047
ff91eca1
ff8a279e
ffcfaf1d
0054a85b
ffa93975
ffc1cf34
fffab615
0061c693
006f0246
0025c30c
ff95221e
00568d35
000f99c8
005fb6e2
00773431
00539c92
002e5cd5
002e7f1c
ffa34924
0011832f
00332b3d
ff88f78a
003f0734
00302fb6
ff976dbf
ffb6b331
001088e6
002bf627
00507dba
006568a6
006d6b0d
ffb3fbdd
ffaad295
ffa0db25
006a009c
ffeb856e
007fc408
fffbd93d
00266a3f
ff9d0bbb
ff98ced0
002acc10
ffd73db5
ffed2dbc
004d08c8
ffe937c2
ffda7184
ffd3f980
ff940066
00541cd2
ffb4d4d7
005ca539
ffa7157e
0005fd28
0000000c
007a82d0
ffccfc18
ffb0ffd8
005a8e41
ffc4f81c
ffe7f993
00519935
ffc6b16e
00663137
ff8d7133
ff8f8b18
ff9ceb7d
ffa2ff87
0064963b
001121f2
fffe943f
003a1916
ffca65a7
ff8e85f7
00074037
fffa1e34
ff977533
000b60bb
fff4934e
0055df19
ff9a7d9d
ffce773b
0076774e
00475dcf
ffdf3743
004fc6d4
ffd78146
fff6c471
ffb87543
0040c332
00224ef5
001bb2d6
0051682e
0060637b
ffc0fa71
006dca5c
ff8ff1c9
000ae884
ff8df850
007b9922
00138643
002bbc19
ffcdb334
00387f11
00366621
001181d6
fff477cb
006219cb
ffcc2c29
fff58257
ffd7e698
0035de0a
0044529e
005a2ab5
0006a24e
ff8a3f17
ffcb78f7
ffc70311
00762ae1
0000000d
ffd948df
0079b3e5
006de016
0050b75a
fffc66cc
ff9812c5
ffa818fd
000cc7db
0037b1e9
fff21b22
0058dfbd
ff901bcd
fff0a119
ffe01d78
ffe5cd6a
00767063
ffb319b9
ffeebe29
ffedb48a
ffb0bb9f
ffd9528b
ffac99b6
fff4c9ed
0048b048
ff896a24
00395d7b
ff84d2c4
0053182d
001921b5
0009b4c5
ff960a77
ff9306dc
0050f75a
00565999
00495dcd
ffb929b4
0043fead
003ee105
fffebe19
0048478b
007de45b
001f3a4d
006e9bef
fff08521
004c6f5e
004969d8
ff860e7f
ffb7600f
ff90bcd1
000a45d3
0020eee9
0061c2fc
0073e8c4
ffa067a8
fff98f79
00418cd2
00592e18
0019df9b
ff998c6c
fffe5e8e
007bff43
00352c86
002f329b
ff8ec6df
0000000e
ffbed42d
004a5d8f
ff961dc9
0079dc3b
ffb6e62f
ff84ca03
00027b18
00707a08
003b6e5d
ffcdedde
ffd3c1b2
ff83f065
002a819e
ffa079b1
ffbacd06
ffbad927
0019e8d1
0073d442
000339db
00331c09
003167fd
0059fb40
ff89f14c
fffd1fa5
ffad8f64
ffa17339
0057164c
ffca84a0
00594923
005e5c2f
007afe4e
ffca2ec1
ffd30492
00406d09
ffff95da
ffed775f
fff33e25
fff86b4a
ffd4c517
000b96e6
ffd4c127
006cac67
00249793
002e8b6f
00277d4e
ffa326f9
ffbbf691
ff95b181
ffca9fd9
001f6c3c
0038b950
0018270d
ffaa0225
007944a0
ffa99b16
003cebbd
0004c1a1
005f394b
003da50a
ffac875f
ffcc8f02
0012824f
ffa87541
0079bff9
0000000f
ffd4b4f3
ffc4966a
ffa54785
ff86eb2c
006371ab
ff8df927
001210f6
00760bc9
ff90399f
ffa9d64b
0031201d
004eb708
ff86ab24
0020d05f
005fba7d
ffac3e81
001f28c6
ff8aceb2
0011bba4
0077c9b9
ffcef85c
007ad7f2
00597188
0011d502
ffc43070
007645a2
ffa8fd27
ff858774
006b9e14
ffaa3e67
ffb57382
ff99e59e
001aa7ea
004a2ee9
fff5fbe7
002ab88d
001d3a0e
005396ea
ffcdb12f
ffaa31bb
ff8c49f1
007522ba
0040c172
ff950b91
00544f5b
ffcfeb49
004604ea
fff0dcd7
ffc032c1
001f1ab6
0055751c
000b1a90
0041827f
fffd9692
ffbb372b
00248b41
00390f65
0021fb76
005efe40
ffbcea92
000d1c02
00575562
ffbeca83
ffe536c6
00000010
0042031e
ff8b51d8
0048fb1a
00176078
0062f1bb
ff859796
00305613
004f7366
ffbd08bb
000ff66f
0020a2bd
005f1d86
ffa515f7
ffdc66d9
000c49fe
005d455f
ffcb7933
0073b7ee
ffbd886c
ffab243a
007aa671
005f0814
ffc43cd9
002012d4
ffb5b059
ff8b912b
ffa18794
0015c55b
002008b0
007c5c20
003c5a7e
004e35c8
00548cdc
0007167e
0066b92b
0008b35a
ffc754ce
0018a70c
007e6288
003ceb17
ffe52a9e
ff8ef0bd
0018a350
004c4fe4
0002b5a1
ffe23602
002ffac0
ff8208dc
0066a9f3
ffb41776
ffd6d6ff
007f21e2
0058fd3a
ffc9464b
004b7c5b
fffad549
00795381
000f63b5
003a7849
00105cda
ffc18dd7
00518bce
007596d3
005f95e1
00000011
ffbc3552
ffa88966
ff9a8a2b
ff84f7a7
0051bc9c
ffb1e687
0014a086
fffff2f2
00114594
0078ab89
ffafee3b
0026b176
ffee91be
ffbc026a
0067c0e6
00735b34
00610bac
00106ff4
ffabdc08
005f1cd6
ffe888d2
003982c8
ffe37433
003836bc
0055897a
004d126e
0056afd6
ffeedcf9
ffc82937
0036b6a6
0030c521
ffd67293
ff8fd40e
ffc1d01b
ffdc76db
004d5932
004c9992
ffe61321
004b3297
006b6ebe
007edd6a
004af6a2
0003b014
ff9cd9fc
0055e32d
00334f93
0077aaad
00396212
001cc17e
0049870d
00058d8f
ffac4370
0006c608
ff8cd47c
0013ed65
ffb3522d
ffe04e87
ffa0efeb
ffdfeae0
ffbf3e6b
007cc2f3
0012b940
ff96df44
005c4af1
00000012
005c0552
001eaed1
00547520
002e5ce2
000529ff
007dd3ea
ffe6f308
003ea122
007353db
004dfbce
ff87a05c
fff34844
001bf285
0065df59
ffcde4b6
00556e54
ffe81892
ff97c888
ffe86568
002687c2
ffe14970
ffcc5ab7
ffe67edb
ff9a0650
00384622
fffb0b49
ffef21bb
000a26df
ff986342
002b32fe
0024a808
0055b81e
0014a1e3
000f98d9
005272fd
005a9899
004b90d9
ffb47960
0039588a
fff4a228
ffac5644
ffc492e2
005cc4fd
ffa95701
0004e6bd
007508b7
ffb0636e
006eb0a8
ff97af28
001853c4
ffdc65a3
ffcbb850
0071df01
ffd9d47f
ffdd02dc
ffdceb83
0033565b
ffc521b9
00734536
ffea2f28
ff9d2e88
fff7f448
ffc55b89
fff31c52
00000013
0072bce6
ffc13ebd
00506497
0000bd83
ffc300bc
ffe5a424
ff990183
001fcf84
ffac66ce
fff0d9c8
fff194e3
00203033
0030072a
ffd8d5ab
004fe895
002cc192
00235f97
ffa558b3
004dd642
ffd8e4ad
fff3b2e5
0027597c
006cf51d
ffa7d1ff
001e4977
004c3542
ffef2155
fff0227c
0049e343
ffed84b3
ffcf7b6d
003d068e
0058cac5
00371f9a
006b7436
ffa00852
ff89492e
ff8a7ad3
ffb8c505
00606056
ffd1b024
0022d668
ff953a96
006827df
00563771
0011d879
001510e7
00043c93
00225154
ffc00eea
0046f0c4
ff8c8ed3
ffd0dc77
0054407b
0008c913
ffe147b0
0000d319
00672356
ffb5c479
ffa9d617
ff8ead1a
ffac526e
0078abaf
00075079
00000014
0024d00b
00727190
00465b49
0065e29b
ffe070dc
0063d19f
ffed2386
007845b7
00770d09
0030772a
001be73b
ff88c2fb
ffb2496d
ff949ee6
ffcc504d
00689413
ff92826b
0017d024
ffefc5f6
ffb33963
0007ded9
ff8be91f
ff8cca64
ffbd3ae4
ffed235a
0058a3d6
ffbc9b2e
ffd34ff3
0023d47d
ffcdca67
ffd493aa
003efbdf
ffa045d9
002bc151
ff932bd2
007c6452
ffd22b5b
00278348
0074b6b6
0044ef78
ffdc5daf
fffc6488
fff257cf
ff926ed1
ffb322ac
ffc17d35
00695eef
ffd50502
ffdeaa24
0012ba0b
001b06b4
ffdcb98e
007ea732
ffbd009f
002fd24c
001d1556
0028372b
fffa2284
ffc90d6f
0073823e
0044300f
004ea393
002a5cea
0035c036
00000015
ffc39292
ff9b3ffb
ffeeb94d
0048e21b
ff9c1453
ffbe8aae
0026677b
ffd1781a
ff9dfb0d
0038d971
ff9173f0
ff9422b2
004c17d4
ffea83ed
fff4310c
002020a0
ffca5693
ffdf5a72
ffd94328
000ed6ea
ff939d69
ffedb093
000f0613
ffe684b0
ff8b4e10
ffd98b85
ff8c6b4d
ff8707d5
001ace5d
ffb03863
000ea89e
ffc7100b
0049d8e8
0078e5b8
ff981058
fffa8cd2
ffd65723
0004bddf
ff85f9fc
ff899d65
0007220f
000d6e72
ff86a06e
ff8229ce
ffb22c67
fffdcf6f
0071ded4
005dc8f5
ffc9318e
ffcbe9a1
002156cc
ffdcec54
ff815405
ffca98c4
0041bde1
006d4774
ffcaa1ba
004bc716
fff222f3
0023307a
0000c83d
0064c533
002674bf
00600073
00000016
ffa7c458
ffa3103e
00362cfa
ffc2d27b
ffa12d7b
fff128cd
ffda3d32
ffa9fd99
ffe99367
ff9ea535
00303ccb
00283cc9
ffe40dea
002ddd8d
fff7edb7
ffe8ef40
ffd34536
ffc5d661
0057eea7
ffa0e361
00436ad6
ffa340a9
0028b486
ffeba4ec
003e041a
ffa242b0
00782351
ffc85aaf
fffe1c0b
004f32e3
0017966b
0071e53d
005a4ea6
ff918221
ffe5b4a9
ff8fe57f
ff84ee8b
00714db6
00594782
ffa2b49f
ffa79b4c
001a1b30
0065e025
00183213
00548533
0053aa7c
ffcace26
ffe094e6
00169623
ffe029ff
00441f65
004b28e7
00280483
00503142
ffba0f3a
ffb5a46c
001f4d69
0073bd0f
ffe676d3
ffac35f4
00440e8b
0066a6ed
0022e649
ff8f7e47
00000017
ffd0ebc4
ff8baa05
ffc050c6
00457775
000e03c9
00007de5
ff96d4f9
000a1da4
00185e14
ffa22778
ffdd4d87
0016e5a8
fff20fb4
0021c8c5
0064ba1a
ff9c9c93
0042db1f
ffc3039f
0059199b
ff90a2b7
ffde5876
ffe17aa9
00267017
00006226
001e4b8f
00208cfd
ffcf3340
0063e8ed
ffd789fa
ffb106b3
ffd94777
ffa5dfee
ffe0b8fe
001d5f9d
ff8d405d
004ca280
0058f09d
000affab
0003553a
fff79dc8
ffcca01c
0026a571
ffa26d10
ffd30d3d
00632fe6
00503814
ffdd8b42
ffa8e6a7
004147d2
0037a9ed
ff8fce23
00415e28
ffcfa24b
0032e8b8
ffc9ab70
ffb00aa0
ff903ed3
006080e3
ffc2571d
0070f350
0048fd6a
fff2fc28
005c62c7
fff079b2
00000018
0007242d
0019f056
0060fcf6
ffc30334
ffac2203
005b3557
ffbe30cd
000310bb
0072f01e
ff94db79
ffb6f3ba
ffec4254
ff92b727
006a49b7
ffcfef03
ffc363f0
ffff8e16
ffe7433c
ffac5aa3
0071b410
000a2d54
ffdc3da7
ffba5e9d
0001747d
005baead
001f5744
fff1c4ef
00193cc4
fff5828f
0011632c
ff947bd9
ffc4a659
0072c31a
fff20600
000723f2
ff979992
000a8b18
ff851ad4
00210848
002f6c17
001c481a
fff290c0
ff87955a
ffea5053
ffe719ec
fff99fe5
0028974a
ffacefaa
ffa020c0
ff939633
007799b0
ffa8ad7f
ffac6ac7
ffe56255
ffda1d17
ffc8a5fa
ff8f0970
ff838765
000520e1
ffacb456
ffa3d16d
ffe6f5fe
0024f3e4
ffaa4216
00000019
ff91d4b5
006bce92
ffced0c7
004458a8
000d9099
00109e23
0023e7a9
00288879
00524924
ff8ea384
001a263a
00706321
fff60c7c
ff96a131
ff9bb020
0031777b
ffbd7375
006211f5
00620973
003d54cd
0039486e
ffbce851
ff90a9a8
00033eac
ffa4d340
0019bdf7
ffa7464c
ffd5da36
ff96de1f
003c114f
ffe6b944
000bbab6
ff8b2623
ff8c811a
007e74c7
005b521a
002c7cf0
0039c14f
00262c6d
ffe8f75a
fff826a6
0063b24a
ffbe9297
00427e19
ffd4dfae
00135e40
ff9c4e52
000ef06e
004b0067
0022b04f
ff831665
000f7baa
ffcc9cae
ffdf35ca
fff3ff01
004a6f41
0065e6ae
ffbff766
ffe02064
ff936322
fffa2c3f
ffdc8a52
ffe8f4ff
ffcbd14b
0000001a
ff9b6ab1
000f1dab
ffbfa092
fff12ed0
00189a7b
ffa980fb
002fbb17
0073cf2d
001959f7
005e7ea2
ffc61eea
003ed0fb
002c886e
00231732
001bd448
ff997fd0
00214556
001dfde8
0076d068
ff9dc80b
00411144
ffdf8750
fffb32e2
0030102e
ff806675
003f465f
005e5757
007a6426
0061f679
ffd44300
ffadaf07
000cba61
000391f5
003c6967
003e2a07
002fa7af
0072443b
ffa5eb48
ffc2786c
0005697d
004e332c
0060dcbc
002e7f22
007c1f57
ffcd8cdf
004bcd8b
0007ff66
001a3642
fff47888
ffe55647
ff9bc4d7
ff943bdf
005192d6
ffcbd419
002e87da
000a3379
00050d11
002649ed
ffc4885b
00022fed
ffde7cff
fff008e5
ff85469a
002d8179
0000001b
0007f1de
ffc19ed5
0017edbd
ffc26d24
ffc6d0d4
0065d55e
00207378
ffc93fb8
ff8e7fa4
ffb43997
0001bec0
ff971f2a
001156fd
ff99b3f5
ffa36570
0074a1b0
ff86d7f7
ff9fd871
ff9fc7b3
005e9419
004243c5
ffd802fa
0011c71e
002dae94
00025ae3
ff9176ec
ffdaf6a6
fffb391c
00202ec6
0066c3cf
ffaa8aad
004ca932
00158b0a
ffcea08d
fff285b5
ffd76fea
00321d24
0048bc7c
0030c2d9
004457ac
ffe60817
007be837
004ad41e
ffeb3e6d
004ba0bd
ffbbba7d
001b4730
ffe56bf6
ffc3ad30
ff946d78
ffeeea5a
00726349
006a7bdb
0078c2b9
ff9151e6
ffe6d080
000ecc4a
ffb233ed
ffc9982a
0016ad34
00058ae4
ff85db0a
ffbc1e44
ffd0a17e
0000001c
00758a7a
007ae746
ffa1e1cc
0062af83
0008fae1
ffa26138
00641ee4
007bc312
0058ac61
ffc912a2
0023a608
ffc47fb5
ffead524
00079b01
ffd51f55
00505950
00279956
ffb0f944
ffb55da0
006a1cd3
ffb643bb
ffc5c717
0022d3bf
004332d6
001c611a
00646762
ff9ebf19
00101752
00113e0a
004941d3
ff90d7ba
ffad9fd1
00150172
00715f5b
006f565b
ff9e5677
00032c7c
0037b949
00114fed
003e3b18
00344dbf
ffa41062
ffab9fb5
004ec87d
ffb998b7
ff813d7a
0076f3d7
007ef86c
0031b2a6
ffb9e9e6
000b9e54
0061abae
0001675a
ffe5fe53
001fb7dc
000ec52f
0036e5c1
005de5df
0006b897
ff9f1da4
fff7887e
ffe9e639
ffb32389
ff86ed85
0000001d
0020d1c5
00403a94
00022ad5
00523ec8
ffd92c31
ffd2fa93
004e6d8f
ffd97dd2
ffa22462
0003d5c7
ff91cf29
ffa7a088
00284787
002a294b
ffa25471
0076308c
001b7e96
ffe16e16
001e7ec8
ff87a3a7
ffb56de9
ff9d5e38
ffa7828f
ffc83e9f
0041b2ad
00197dce
000ab176
0002757b
ffe45a77
ff95bf9d
ffc7b8d8
00142951
ff999ab2
00650235
ffec2ebb
006ea85a
000e14df
003815b4
0044f993
00139d3e
ffd0414c
006e17ea
ffebe676
0018ebdf
ff9cbec7
003c1b6f
00529b4f
ffb5c718
ffcbc6de
ffefcfeb
003558d5
fff75f78
00782aef
004fd7d8
ffed2bfa
0005b44c
000c35ed
006c1136
ffe4cabd
ffed5c42
ff946e02
001ac3c4
ffc2ce47
ffc8dc0f
0000001e
ffb784f6
fff4e83b
ff9cc432
ffeb430e
003078ed
ff8fc34b
ff879f00
ff9be1ef
ffd26f15
001fc262
ffab3e9a
ff8e4bab
ff8aecae
ffb70f81
ffeaf2a1
00072a69
0043070b
ffec85c4
ffb1fd94
0072c10a
ffca7c4d
ff87a2a7
ffd0c915
0069fe50
003fe19e
005ecc80
ffb28644
006dc1f4
ff996558
00766ad5
0041e0a8
0059977f
ff9860d3
006433c0
002a37f0
fff04ad0
004241c4
ffadae99
0013e0d7
ffbb16e5
ffcc3778
000b5748
ffda3e78
001bfdda
0062968e
ffbec1dd
ff988ee6
ffb97462
ffdf3f6c
00198149
001b3410
0074ee86
005bb618
000c00f0
ff8edb5c
ffcc50ab
0053be20
ffc3b095
00786190
0030cd66
001dacf1
002439f9
fff7e540
006f99a6
0000001f
ff999587
ffb005a2
ff89d3f5
007b948d
ffade71f
fff28871
ff9289f1
006404df
0000ce6c
003a9b07
0052b086
004e2993
006da248
006ead61
ffeb5297
000817ae
ff9cf551
00346e55
ffe0ac11
0056f79b
0027b56e
00166c30
ff90dc7a
ff820e48
ffea07db
ffaa0de6
001af3ac
0024fc3c
006b8120
00643632
00658253
fff288a4
004ffed1
00294146
ffdf1f53
003551e3
00034fbc
00718168
ffa7a408
001331d7
000b190f
005e5082
00618b9d
ffd214b2
fffa3d31
007e7880
006daff9
ffc1715e
0033fbcd
00371864
ffdbaf2d
001f0e37
00346048
006532ad
0047cacc
004c158f
003af510
00490e47
001dbb8b
004af242
007521b8
ffd16671
007d44d6
0054edeb
00000020
004be5b3
ffc4bf09
007c46fb
004d2088
ff9f32fb
ffa26aba
000e9c0a
ffa72d95
ff8fc87b
007a3728
ffc6035e
ffad6149
006f4d70
ffb044d4
fff2306c
ffc945c1
ffa5b10b
ff96d1d1
00654a81
ffa4045a
007a4ee3
002f12a9
00751351
00014291
00020b98
0014f2cb
ff9672db
fffc05b7
00480042
00581602
002ecbcf
0000abea
ffb31731
0024f725
0036ee34
005319c0
ffff8005
005071fe
ff87b6aa
00592250
00784389
0009ca76
ffcbd1b4
00247904
ffa40ec6
007197ad
ff9bd2dc
007734b0
0020ce6e
ff8dec79
fffcabec
ffb224f3
ffae5cb6
ffe60e10
00386609
ffd05720
ff880c0c
fffa9eb6
00401135
0031411d
005ec534
002c5898
ff89eac9
ff958f8c
00000021
002a5b7f
ffca930b
ffcec2b3
fff9e3b3
00242177
0032da50
006bde41
ffed52ef
ffdfb0c7
ffe3ab7c
003b8610
ff8f530b
00573d3d
00095031
0060b22e
ff9e5efa
ffa78bf5
004cbfe3
ffb84bfd
ff9d66a8
ffed8564
0051f64b
ff95a3c0
ffcebb56
ffbe6646
ffb71208
0051e9f6
00627450
fffb440d
0013d6db
ffa7e386
ffce22bf
0059605f
00366ffc
ff8151e8
ff82e0d2
fff4598d
003f66fa
002bcd96
ff959974
ffb8d3e4
ffa1f94a
fffaa226
001fdaa3
00368e6e
004ddfab
00231dfa
ff8d2197
00497d6c
0076632f
ffbdc38a
0069c3d1
ff9ed94c
00148914
007e4b64
004d56b4
fffeb0e7
0044c85e
ff875ad6
001a9afb
ffc1cb28
0055c538
ff9acf67
007c4afc
00000022
0059da68
ffaf7729
00188cb0
ffacabc0
001a27a3
ffa18947
ff884355
0030136f
ffb1341e
ffa706a3
002b0a58
005adf69
0050be15
0036c868
ff87027e
ff9061c0
ff9c31c3
fff29dda
ffa2b303
ffafb900
006580cf
0040ccc4
005da424
fff1e986
0017d1dd
0036bdfb
00620d09
ffb53a07
00560314
ff8335ff
ffa82ae7
ffc215af
001ff938
003f57af
003433dc
005f6417
ffbcb9bf
00538de3
ffb429bb
ffcad0de
004ed5c2
00166729
ff909b2c
ff9d52bd
ffe22846
ffc248a7
00399a28
0062100d
006e6fe3
006aeccb
0006fc1e
005523ab
0004a6bf
ff950516
0048fa5b
ffa9a20e
002bea38
ffb706c2
004101bc
005fe3b1
ffcf2bd0
00319ad6
fff6838e
ffa60fac
00000023
ffdf96a9
006ca5cc
ffa7784d
ffc3be64
ff88078d
00600a53
003d7720
ffa6cad2
ff90cd7a
00738fba
ffbdbf2a
000c96b2
ffb4dadf
ffc2340e
00746b3f
00704e20
ffeacb98
fffcb95c
000c7580
ffd3cfe2
ffbc39af
004c7b65
ffff0b1e
004c57dc
ffc33431
0030df87
00276eaa
00453f87
006e38f7
ffa6c7a4
ff9265d5
0009a674
0069f6bc
006ec563
005cc968
00641069
fff09a68
ffe498a4
0009e41c
ffda4e55
ffcddd74
fff13298
ffb929fa
005e3b9d
0075c647
ffed595e
000375e4
fffa5999
ff8860d2
ffcec259
001bd9a6
ff834149
0034fc8f
002b59f8
0070a584
fff6262f
004f1682
001d08d1
006e69a2
ffa88102
000fafb9
ffb22930
00706e85
ff8ad1da
00000024
ffb45911
0021cb0e
0047ab13
0064253e
00797bcb
006e7eb1
000ea47d
000da8f1
ff8725cc
0007961a
ff99b000
0034b7c8
ffc2e784
005365c9
0037f236
0005539f
005aa82c
ffd7bd9e
ff8ca006
ffcb958c
ffa1c7dd
00093145
000afe9f
ffb7fcd1
0007e823
ffddebc9
001670f2
ffd2a8e0
ff99bb9a
00108107
0049d60b
002a89bc
ff84a251
00756a6b
00749b43
003a3b34
ff83d67e
ffc699bb
006b647a
ffc2f6e3
002ce0fd
00498e29
ffbeea6e
ffe43b94
ff90e76f
fffac990
ffc07785
ff93bdba
005ea28c
ffe57f3c
001bc873
0003f3e9
0056f6b2
ffa19ab0
ffbb01da
ffdac7bb
fffcbac9
ff87b854
005df889
00398752
002eddf0
ffa97aca
ffd5bd33
002ce90e
00000025
ffcef5af
00508d24
ffb099ad
0016bfec
00297d68
ffa5cdb2
0021ec81
0048fb5d
fff58116
007a3747
fffc76ce
ff973af9
00727f5b
001a6bd1
ffab5b83
0057603d
ffd02188
ffe28382
ff953fa6
00786a96
0077e12e
ffa20d24
004a83c7
0023c78a
0013aa99
007367a3
ff8c892b
ff8575f5
006655bf
fff26e5d
ff9a9ebc
ffedfcbe
006fd1c2
ffe0d8fd
ff89f1ec
00592da0
007a0361
ffd20bf7
ffa88693
004456a6
ff8e4add
0004f5f2
ff94d01e
ffbdc477
0058b001
ffd20df3
ffba3d8e
001efd89
0056870d
00651ab6
ffff10b5
0033974d
ff8763f8
ffd3ffab
004dfe1c
000ba176
0066b7cf
ffaa8dba
003fd9f1
003f2dfc
006df31c
001035c2
fff0684f
000badbf
00000026
0022540e
000584c8
ffbe9808
0076888b
ffa4468a
ff99c9c5
002a5248
001b97b5
ffd7fe30
003f7eff
002cbecb
00289ace
ffefc58a
00389aa4
007e8681
ffe07a8d
ffbb5aa2
ffdd0a6f
ffcfdd0e
ffb342c5
001f59e9
ffb0fb2d
0067bb26
0056eb0a
ff9a2202
0023fa0d
00647407
ff99a6fb
fffb44b4
004e0414
006da210
0072dcf4
0008f61e
ffedda6f
005670a8
004f63ce
007620a6
ffc54167
ff9c0748
00710db0
004c32c4
0006728f
005bc734
ffac04a1
004b1472
ffc7ff12
00060504
004eee89
0069a361
00284e32
005bfdba
ff9cc854
00277f4d
0075560d
0007638e
0061cc68
ffc5a058
fffcd2fb
ffa7af31
ffd5cd4a
ffeb6f61
fff68e31
005a1cc3
ffa542fe
00000027
ffa098e9
003e8fa9
ffa155a7
0016f133
002805a3
00554d3c
0013bd5b
000b3993
fffbbf69
fff7b777
0009a06f
0008522f
0034795c
0008ad76
00295d40
00645c7a
fff76663
fff86c29
ffa21063
00526227
ffbd8892
ffbd18a4
ffe85ac6
007df5fb
0047f3f2
ffacbdc4
001a6814
0058e50b
00729aa7
ff83782d
ff98d15d
ffa0b0ba
004f3ad5
007b7f8a
ffd501f6
00748461
ffbb6481
ff8ce516
002b0204
002ed7f2
ff881f23
ffe8b085
00600360
002cbd9a
003ed746
ffbb4c28
0013946f
005a3da0
005507d7
007bdbe1
000974a0
ffb32ed0
ffe5319b
ffead9cb
ff8ec3ba
0044dcdb
ffd9645e
002e7d9c
ff8adc9a
fff98f38
ffa4af21
00548c88
00537534
001ed7dc
00000028
0023aac1
ffbc2e24
0002964c
ff9d99bc
ffbfc401
ffe090f8
00672b67
0031d66b
fff2d855
006554c3
ffc651bc
003e742e
ffdb55bf
00346b51
ffdb68cb
000cfdf6
00216504
ffb44eaa
00675d7e
00551b3c
ffbfd963
0020827f
0056bb64
000546e5
ffbd73c7
003b950f
003f287a
ff870215
007a1beb
007fec24
ffcb7625
00582a01
ffd38308
ffc34ac2
007afb21
ffa56a13
00596a6e
0078a2b6
ffd727ff
002af683
00694640
003eb508
004e6d1f
00765be5
ff978c2b
002bf896
ff83e41f
001fa84f
ff873c25
ffffff67
0060cae6
ffdb0f18
ffcda52e
005845d1
ffe4822f
ffad5b02
0023f590
ffb98f97
0073e57c
00787a6c
ffa544a3
ffd1ff20
ff84bb4c
00682d35
00000029
0064c3ef
004efe27
ffb0936f
ffbd7053
ffa92557
002e321c
ffb415fc
ff8fe172
ff999930
005fe4ce
ffaac948
00469920
00548859
ffcaa4ab
ffa33a11
00436808
ffd828ba
00727adb
ffe701d3
ff84f06d
003dd670
ffe6fbb6
0008b90d
ffd0014d
ff9ae8b7
ff923aae
001e8a95
00752c20
ff97ef63
ffb9aba8
002755b5
ffda1f26
ffb04e50
fff8f552
ff920847
ffb8737d
ffc6e03d
ffeccc27
ffe72733
002c689c
004a4fc5
ffb436fd
ffcc9372
00242ae2
0054e3a2
ff9332dd
ffe6b235
003fbb35
004be7e1
00388c44
ffcaffd1
ff97276f
ffc927e8
ff8e8db5
003cea70
005dcd35
ff97c8fa
ff957b2b
002a3b0e
002e5195
fff07c08
000f4a0f
00145681
007f6cdd
0000002a
ffa2a8bf
ff853f71
ffa2f2e9
006cce1c
ff9af84d
ffffa52d
ffc34df0
00026a1f
ff9c276b
ff8e9167
ffa85953
ff88cab9
ff903f2b
0044826a
ffe1e359
0049d0e4
002d0cd9
002fd821
ff99b2eb
ff9fd2cb
ffe02c1a
fff15850
00481511
ffa98072
fffdd6e5
ffc9f723
000d2a3f
ff8039ff
ffe3e741
00747706
fff18f02
00201a3f
ffd21bea
0066fa9b
003c51ff
ffe5d9e8
003761e8
ff9a17f0
006a58d2
003ad599
ffcf076f
fff68805
00482397
ff9c1f57
00344211
002d77be
ff9d6671
ffbd5211
ffd41823
006b211d
002d7d50
0071000b
006862df
007c10e4
ffc73cdd
fffbde0b
00122839
fff33cb2
00507a68
002c8089
0079edc4
001fbe8b
ff9b3cc8
ff9a9144
0000002b
fff7a943
002f67b5
ffdba441
ff8d015e
ffbdd8c5
fffe74e6
00576537
ffd3020f
0012a5fb
005bfc35
ffe4fbd3
ff8080a2
00679584
ff85be7f
ffb06000
fff34c42
ffdfcd82
003a3e4b
ffa5735e
ff8b151e
00564d76
00490ca7
007630f5
ffe9213a
004dfe16
0057277c
0038f2c5
ffe4d2c7
ffce6347
006ae769
fffa90eb
ff87ed1b
ffd9314e
ffe81ff2
fff251a6
0071bf53
006afc60
ff988c90
00289c56
006cfed9
0028532f
002fb151
ffe12280
ffe3cfb5
00677c7b
ffec956b
ffbade48
000dbe5c
ffbdbaf6
ffb936e6
ffd73faa
fff32239
ff810564
0060ee18
007ee089
004ee582
ffd18f6b
ffe9f4d8
000959bd
00186049
ffef961d
002238ca
ff91d490
001a2d7b
0000002c
0072ce9b
ffcdbffd
ffa77a79
000ab3ce
ffb97b16
ffa28714
fff868a0
ffa98d1e
ff85a13b
ffc625c0
0035ceea
ff943f93
007b4d58
ff834a52
ffdb0748
00718e03
ff9f31a3
0020bf60
ffe194c2
ffcbb254
00782ab5
ffb68503
0033ef09
fff128bb
0075249d
ffed2c40
0054f404
ffc04448
ffe9d2c1
ff913031
005f543f
0051b165
0042e739
ffa54c35
ffbc0727
0018e3d8
ff97052e
ffcca889
ff9e20fb
007e17a5
00574472
00561b38
004b839f
0010d44a
0077fcda
ffe0a064
00169b9a
0006d92a
00666285
001c27a0
ffb3d6d4
fff1e00f
ffcc4139
ff9c0eac
fffda79e
ffdb2bb1
ff84d38b
ffa16e3c
0076b677
004fdd96
fffb3333
00730097
00181f9b
fff9f111
0000002d
ffb49dbb
ffbe10f7
007df87f
ff9d8d78
ffe9edcd
ffa8aa42
000c1a92
ffef1027
001e8450
ff88f565
ffea6905
fface9a1
ffba6c5b
0027ffde
ffa66ec1
ffd58fc9
006fac67
005b5086
003c89f4
0068c79c
ffad96d6
ffc39edf
ffdee987
00233772
007e18ff
ff9f57bb
fffdbdf5
fffa68c2
001b67b5
ffef10be
ffdb884a
005a5e7a
00444183
0075ee63
00025e4f
ff892661
006a91d9
00279c37
0033b56d
00523793
ffac27b3
ffb968c7
ffd90a8e
002743e2
005997a9
ffb04d4a
002c8cda
ffacf787
00525871
ffaed334
001a9c6d
006ca4bc
0066fd28
ffa7deca
ffd61b0c
0051b853
ff91ce48
0015de58
ffada56c
0063ffbb
ffb83cb9
0032122c
ffee50c9
ffc34757
0000002e
002ba7fe
0025de9a
007498d2
ffc00991
004f203d
ffb744fd
ffcd7e5c
ff988842
ffd474e4
0067fef7
004a8265
ff98f0ac
ffe82745
00180898
007cb126
ff93e5fe
fff00df9
001c354f
005d7279
ff99ab90
0056c54b
ffe8cf1c
0004e201
ffca18bf
007b4a5e
007d98ef
ffe7eacb
0036211c
005cfba9
ffbd73da
006ac61d
00799e65
fffc6dd4
ffd547ed
ffe956eb
ff9244ea
fffb7d0c
ffc87494
00417cea
005ec210
006fcb6f
ffef034a
00397090
00156c3a
ff821be5
0001b067
004f2b6f
ffc25d6f
0079a386
ffe631e5
001b2ee2
fffa35c7
0018ec23
ffe0bfe7
ffe1ea63
ffda9223
001d0d54
0025090f
0010cf23
ffe01b73
007c5c60
ff9d4e0e
002704a9
0048e99b
0000002f
ffe0e811
ff8e409c
ffd9a862
ff9ba652
ffdbfc5b
ff9ef018
0001c2ad
00569f62
001c7604
ffed378d
ffac28c1
000a25d0
ff8ca8e0
0054a2a5
004fd4ab
00570674
ffbfca00
00112941
fffdd0d0
00317d90
002bafb1
00047305
ffeb6c58
0023d915
ffdd3f75
00503afd
ffa4cb69
ffa10492
ffcb05db
fff8eac2
0018d8a6
000ec910
00206a0a
ffca5606
001b1a74
002f2acf
00269da7
0041f5d7
ff8a8a13
ffeb04fc
ff84578c
ffbadf73
ffb17031
003ab6c5
00535855
ff8bf2e5
ffe4d4f2
ff91db66
003b00fb
007b05e4
ffc7bdec
ffb5775e
ff81f9cc
006a2c7f
00356043
005fe9f3
ffc4ad58
005be88f
0052133e
0065817f
ffef6d45
0059eea8
ffad4f19
004c42d6
00008030
00384143
00331239
004b872f
0078732c
ffdc7a8f
00001872
ffae3593
0037525b
ffcf53ff
002909a1
005a1c7a
005ce2e3
ffa9de9b
003ec9bb
0073c4c6
000fc5a0
ff8adbfb
0046df2c
007bbbb0
ff95a87d
fff3e64e
002379dd
0020f811
0067ccb5
ffad7879
00174851
0056895c
ffc3adde
ffa0505e
ffa1a540
007f3b17
ffeeb0f8
ffb2791b
0046b9ec
ffd5fa8f
ffc01fe2
ffcdb290
0068298e
0003f784
0022ce92
ffc40763
006a7f5d
00593da0
0057b76a
005d82b6
ffe73dad
ffad4c81
006960d0
ff994685
ffbe3d0f
0037eb8b
0007b9bd
ff8c7d26
007acbb5
007e0f3a
ffbbb4c6
004c8ca5
0062dfb1
001939e3
ff9e7c5c
0061a29f
0004d70b
0053fbd2
0066c10a
00000031
ffaf7063
0057e216
ffac58c2
00617f56
ffd5b42a
00120bd0
ffc8dd4f
ff9051c5
fffefff7
0049189a
002af76e
ff895d51
0048d31d
006f2699
ffb6e3af
003faeb3
ffd0f062
ffe10ca4
004d58f4
ff82f6ab
006976bf
ffe29c81
00150c5e
fffc946d
fffd988b
ff86ace6
00584ca4
003c6f7a
00561b8e
0056e3c7
0059db26
fffee44c
ff9991a6
ff85b4b2
0033b133
fffd1eb5
ff945e00
ffa96c22
00718072
001da9a1
0075a8d5
ff8f44f6
ff9dbebb
005416b1
003eb586
002db5ff
ff90ee03
ffea3d47
003f2304
ffa7516d
ffcb26f6
004389f2
004abb65
ff974f06
0064a459
001ccf9c
006efa0a
ff865be6
002d2878
ff83d139
ffad10f8
ffc17929
002bd6b7
ffe58724
00000032
ffca21ba
ffc9f2f7
ffbfc121
002cc612
006c0861
ff87294f
004c6199
ffbd6524
007e86bf
fffcbd1f
0007fe14
006c7553
ffb94a37
0058d9e7
0006eb8c
003be243
005f0ca2
00622a1d
fff60b76
ffc7ca85
007678d3
ff8aed5c
00022ba1
006cf4db
ff87f6fe
ffd60195
0042e035
ffd2d990
000e9e21
001c30fb
001899f2
00075e54
ffb73b4a
0060090b
006ebc5a
fff89884
007101dd
00440941
003bdf62
ffe2e927
0006fa96
ffd43dff
000f5bb7
00496056
00049f12
0031eafa
ffe69dee
fff1d8d6
000394e2
ffb5eb67
00275295
ff961392
ff958e15
0026f996
002fcdcf
00234b27
0006d4dc
ffd980cd
00669d21
0000524d
ff8a13ab
ff888cd9
0068c95b
ffae2728
00000033
004c8463
001a0575
ffad67ce
0054ffe3
fffaee68
ffb7107b
002b8af0
fff62a3c
003ca648
ffcc686b
00142b64
003ff4ea
ffb8e0d9
ffa86dbe
ffec2daa
00588900
005449f1
ffa5e61b
005c32f2
0044c013
00408d00
003933a3
ff8b4fba
004da4d6
00701bee
ffb6614f
00342a97
fff4bca2
0033d478
ffb07fc1
ffaf2657
004884f4
000110d4
007d3ff8
ffd3c650
000eae7a
003584c4
ffac5ddc
ffd44dc4
ffebd167
ffbc7a68
ff96e6a2
fffefc69
001d7948
006ec01f
ffc61fcf
fff6dc2d
ffbbffd6
fffd8379
ff868a5c
007b490c
00395de0
ffa22b00
001ad1f0
ff849be2
fff24abf
000bac6c
ffc6226d
002bbd9b
0012bbc4
002a8eae
00203d49
ff9739a7
004ecabf
00000034
ff900df9
004e33f5
00646b88
ffa9eecb
ffcad74a
00646c6f
fff0602b
ffb9182a
ff9b0b38
001739be
005c419c
004f44e1
ffec684c
ffbc0cf9
ffc15391
ffbbc107
0005a1a9
ff9442e1
00731abb
001c494c
ff8b7d80
00342538
ffd8d294
ffc43438
ffe91f98
ff99d494
000f641f
003c820d
ff96bd34
ffa89ccc
00758b2a
0013afc1
ff8e689b
ff90bc11
ffb92307
ff8f3b93
ff8bfa17
0076a706
ffb09772
ffa7f300
ffd5b7b5
ff8f396e
0013b1d6
ffb960af
006820f2
ffae514c
ff84821c
003fee3a
ffc9e240
ffc3461f
001d3992
ffb9c74b
ffdf3384
ff97ab1c
ff88cb74
ff9c4295
00077306
0033be06
004d3c9c
ffcc5512
0015cca3
00569cd2
ffa8d965
001d1603
00000035
00602f74
007634b4
ffae5ca5
ffb7bf1f
ffd09e31
ffe1a502
ffaed1ff
ffa6c535
ffc43dad
ffa7b14f
00220366
ffaebc1e
ff96a784
ffc9adfb
0038dd2f
ffa59321
004444d3
ffbea53a
002134e9
005d30b3
ffb22bee
ffe9d6d1
ffe3067a
ff9e2819
0040b818
ffcad15a
ffaa8d49
0070d6e0
ffecbd5a
003b5887
00348680
ff809bdb
ff95c431
0022999b
ff9c9c43
0039af17
ffd70341
00684179
002b9a75
ff97edb4
ffb283ec
00126e3b
ffa9cc6a
fffb312d
006a240c
ffa74c16
fffdb5b4
0003e68b
ffa2acf6
fff40c00
0036f087
0007ad25
ff87b591
ffd65eb5
ffc29233
00541f2c
ffdf7862
fff913e6
00188610
000f505a
0077fcd2
ffc78ade
ffe12a63
004fa3ea
00000036
ffd1d4c9
ffa41fcc
ffe54d4d
ffab3b7e
00205e6e
00335f65
ffb4344b
002004db
0071d4a6
000c15ef
ffab75db
00055593
00074fc5
0073b16d
000cc46a
ffc61039
ff876fac
00046751
ffaa7adb
ffbbda1b
006ac341
ffa75b85
ffdcfa00
00647d60
ffe06310
00547cc7
003e483f
ffe781e6
007be079
ffbe12c6
ffa29ce5
006bd05e
ffb6af48
ffe6fd0f
ff82cf67
0077114c
002022d5
ffae870a
ff8f20c2
000cd190
002ed5ef
0063634a
0022830b
fff309d5
00288929
004e61c3
005a2e90
fff5cf90
ffe5b021
00253f08
ff83ce36
fff5f1b5
004b237e
0020d373
006ba004
ffc948da
ffdf2baa
005ffe99
ffbdfa48
006a5cb9
00244de1
ffc70e37
003f322c
00418ad3
00000037
0056c439
ffad6c77
005f35bd
ff82af31
ffc53625
00707f51
004a7122
0035f6bd
fff96d16
ff8a089e
ffa91908
ffd4d603
ffd31a44
ffd93f17
00326d2d
00167a5e
00148681
00233c1a
007e02dd
001ca91a
ffd5ed2e
fff9fdc7
00508908
ff964fdd
005b11e4
ff86ce1d
00654a81
006d68a1
00423ceb
005be99d
0043413c
ff926530
ffaa4c06
ff965f0e
0071d19b
0053b652
ffc269c9
005e74ea
ffa94720
ffe98cac
ffbe78f2
00624cc7
ff8b0f13
0015f5f1
ff83f211
003727b8
ffa5f389
00521c88
fffddaee
00631339
fff1d89d
006ff9e3
ff8711b2
ffdda368
ffb5f594
00329331
00182792
ff987b8f
ffaf5130
00574310
ffef2098
0016479c
ff9168d0
ffc8e102
00000038
00519b2a
ffb3d858
fffa5413
ffc6b891
ff92bcea
001fc6c8
ff85d91c
0041f4d6
ffd2033e
ffa82906
004baed7
0028a00c
ffa24e05
00337c32
ffc96e09
ffd37c80
00384018
ff9b2bf8
003edc38
006d65d4
0015a36e
000f3ade
000cebf7
ffb19c92
ff8c4f84
ff97c59e
ff8955ab
0076aff0
003c2461
ffef39b2
00769aca
ffd1c118
ffb34582
ffafd528
006004e9
00205640
ff80e07d
007b7910
ffe611d8
006c0182
00382353
ffeed83e
0065dd69
00290c89
005c633f
00433c18
ff94e7b5
002868ad
fff155f1
000a104e
ffaea9f3
00228580
002605b1
fff6888b
00697a2d
000cebb3
fff37666
005a2979
ff9ac463
00092383
00694349
ffd2bffa
00702d17
00292153
00000039
0046e7bc
ffac30f7
003557ad
00534e9c
ffc2f6e3
007cc9c1
00481c9e
ffa6f698
002ffa8b
0048098f
0041f67b
001fc6d6
ff86f9d8
ffd93d4d
004657a9
ff8ecfa7
006ed9ad
ff93b228
ffaffcab
ffff082a
004deb52
ffc37767
ffe2ff0c
ffc9bf61
006b1830
ffd2bc89
0055c095
ff8d3ce8
004e6891
001da57d
ffff91a7
0076c459
fffbe494
001a5021
ffaa724f
006f4e0b
ff8cc1c6
ffe3e456
ff87c2e3
ffa5b98c
007fb273
000abb84
ffa0c337
ffaefb8c
ffb6428a
00312c4c
ffcdc7e4
ffcdcc06
0070d8a3
ffc1e17d
00652bf8
ffff4e66
000f95f0
007bb1d1
00207cd8
ffcc8d4a
ffe6aa60
ffa17d9c
00098ece
001306d9
ffae80d9
ffb3be4d
ffe0939b
ff8a403d
0000003a
002bdd1c
fffba680
007c72ec
00338fc2
ffdd0861
ffeebba0
0037efe4
0029856d
002d05d4
ffc3c711
00479e5f
ffac9742
ff8aefd7
006aaa75
00705816
ffdd505c
ffa3e549
ffbf5041
fffdb9f1
00709d73
004a6246
fff40a67
00453f72
ffc150d4
ffbf90b5
003adec8
000d0738
ff96fdcf
ffa5f933
000cdf0a
ff85949e
0022f77e
006f20df
0074ac9f
ffd522af
0037327d
007e72c9
fff0f6b3
ff82f72d
ffc5e3da
ff85f8ff
0076c172
ffdd7990
ffde6307
00031365
00226b5a
00596110
ffd21c40
ffb57e93
000daefb
ffc87040
ffa07249
00085b17
ffb0cd4c
000d0fdf
ffd02c99
ffbe568e
0070af59
0021f623
00593722
ffa2a104
ffda2968
fff4fd15
ff909cd8
0000003b
fffd38ab
00477ebe
00439816
000a1ee1
0009285e
ff947fd7
ffec1b2b
0075e46c
002db60e
00304f63
ff8cf6c5
ff8651a0
0022c551
ff96aae1
000d10f0
ff8c0f07
ffc209fc
ff9d602d
00019aa7
ffb24893
ff8736a0
ff912d79
ffc06783
ffe17ae1
0001296b
0055befc
006a9bfe
ffb4ec65
002a8d23
0050ea06
ffb8e2e0
ff9f1e30
00577f73
ffd74efa
fffc780d
00414685
ff8e9086
ffa3592b
001ec519
003da0a8
0029d10c
004ea9c2
0065b8b0
ffaaf750
007da4e0
ffe4f99f
0016501e
004f0fdc
006a733d
ffd99f61
ffe2dea6
0062c441
ffc65561
00407636
ffd102fb
ff856101
ffcc6f67
001b33f2
ffd81806
ffd43cd4
ffd031d5
ff8b8e33
00482f50
0009f3d0
0000003c
ff8acd49
0055ca2e
003e3061
ffe0418f
ffbd04c7
0020d582
005a2eb5
003c44fc
0040ea66
00667a9c
ff9a3b6b
00218325
000622ec
ff92d113
ff921a6c
005d8eb7
ffbbfb32
fff1ba28
ff94e623
ffd93e47
000f7532
ffa72a74
006af3ef
ff9cea78
005ff4a6
ffb014aa
006d39b5
006e33b8
ffc86159
006a649f
ffb79c0b
ffa1f956
00472585
ffc94fd7
ffd8d6f5
ff963e2e
0038c5c0
fff5e900
0043bbdb
ffe3dc2f
004c1456
006f2cc9
00248191
0034e09a
002935c1
00554edb
ff91069d
001a5b8e
005f0a12
00349082
ff99dab1
ffbdc5a7
00180ae0
ffabae93
ffb03508
0015a608
002060b9
ff9d80cc
ffd543e3
ffb99b7e
ffe6f4fa
0010e6b9
fffa7df5
ffeb0c51
0000003d
ff908c00
0025802f
ff8aac66
00760f87
ffa92a59
ffbcc410
0038f205
005a0455
005a149c
ffd703ab
ffcd7a93
0016c3f6
0022c4e0
003eb430
ffde9df4
ffca8362
007e601b
ff89fd0a
00193a13
00326db7
00295652
00754f5d
00207646
0031012c
ff998b47
ffe709f1
00316df6
007d48d8
ffe2151c
ffc49855
007e5585
00346b92
ff84ba19
ff91203b
fff2ef1b
0073293e
ffebce5c
fffa452e
007244f0
ffa1fdbe
ff9d4b7d
ff89dee3
004a9e9e
00139fdc
006d6b9f
fff00b4b
00659478
ffdc64af
00122ee8
ffb5f4c6
ff932f6c
ff909bfd
ff9ac9ae
007da8a7
fff414ac
ff8f2abd
ffb7f569
004e9d3d
0060ff50
007b5435
00267a02
00500e73
ffe29fcc
ffad09d7
0000003e
0063d88e
0046e253
ff988b41
003ca54e
0011c1db
0069ff31
ff8f0ad8
fff21f76
ffc2488c
ff9f2944
00481ae0
00689494
ffc7b67a
fff954af
ffce078d
000870f5
0053ef06
ff86ce41
007d37c7
005eb811
00681c62
ffc6df7e
ffcbbda0
ffe483e8
ffb4ade0
ff92abda
00291a87
ff963ec8
fff354ff
003928dc
00573525
fff32262
0040dbb6
000db5d7
001b5728
003c9f8a
0019b112
fff75b60
00567ca2
ff95a2e2
fffda380
0002d030
0019701c
ffe2ab82
ffc620b8
ffe6798b
00193432
ffe69cae
00479f87
ff800663
ffc3792e
fff6b263
004d7453
0034901a
fff349b5
0002ab3f
ffb94e32
fffe14c4
ffd2353b
ff95cd91
ffe2b774
ffa76b23
ffb8c3d4
ffa06de5
0000003f
ffa72842
ffd4f19c
00468b86
00021ace
ffc5457d
0036617b
00152149
fffe2925
002d5bfb
ff85b826
ffe72b18
ffe476a6
ffd04145
ffd72ee4
ffa698d0
005a3602
0077646c
003b1820
ffd45d5a
0008efdb
fff04f28
00517f91
0041d9ca
00338a34
fff67e3d
ff8878f7
0001a13f
ff88c6c8
004c735c
0019d871
0034a746
0060d766
004cc314
ffc7aa13
ff9abe2f
0002b6c7
ff9cdcac
ffcb3073
0019e92f
005fa29c
fffb5a5d
00647e7b
ff8a4de9
ffb3ee39
00604f15
fff6b70c
ff8f4817
007aeae4
ffb228ff
ffede0d1
001aa6d3
003049c2
ffa22802
ffe613c7
ffecd27c
004a2a76
0035015c
ffed13c7
fff6fa82
ff86f966
0055be15
ffc8c135
002ea3a5
ff813d8c
00000040
0062fbaa
00287772
ffc62f65
0008ebe0
002a4415
0076b42d
002bf976
002db03d
0039547f
0040b0e4
ffd48c9f
ffa72d96
ff94089c
00123bb0
0069e66f
00143c1c
ffd54269
004dceaf
004b1e29
001e08d9
ffb896ed
00344cf5
ffee773c
0050d0d5
ffd1f377
ffe8e709
0036ae24
ffacbf50
007254f5
006c0364
003c6577
ff918a08
0012ce42
003de352
ffc0f654
00538789
ffbb507e
ffc4feed
ff93f6a4
0062239b
006d67f5
0076a424
0038dcc2
ffd3994e
ffe48adc
0039450e
00265920
00080ea9
001d8120
fff42f98
004c86c3
ffa47aee
ffc15a8e
00314b89
00723451
004f4e97
0059f36b
ffc5f57e
ffd224d2
007d202c
ffeff75e
007e1476
ffe279ef
00783bf9
00000041
ffe0308e
0047fa1f
ff81f644
004a57f3
ff9353ad
fffbb824
00258788
ffbc2b20
006ee7d2
ffeeed45
ff9d4523
ffa0d2c3
0012dc1c
ffa8acde
000f23ed
ff91e764
ff99a7c8
0004fdb0
ffbeb7fd
006746ff
fff4b9d2
00566805
ffabd91d
005f18e2
0016e815
ffe8658c
001183b3
0042c4d4
ff919d89
004c54be
0057393c
000c408d
ffed6f2c
ffa2a78d
0066fe5a
00236f7c
0021181a
ffef8eca
00700241
fff93802
ffaca012
ffb15f35
ffb1f493
007fa5b8
fff8331c
002d0011
0053e71c
ffdda504
000a0e33
00129b27
00660ad6
ff8200e3
0016fe58
ffe31b61
fff5c58c
ffbabb1a
ffdeb977
00440deb
0031ac46
ffbdffc3
ffd9c8e6
0045de9d
00771736
ffb0990e
00000042
ffe87710
ffe531b5
0024a8de
ff9b2b1d
ff98fc15
ff80ebe3
007b57c6
ffabb25e
004af8cd
fffcafb6
ff9f944e
0007056e
ff98e86c
0041aa6f
ffcef51d
ffd50db7
ffcae4fc
0009ce41
ffff4523
0004f8fa
ff904d94
ffef6062
ffbcf631
0001ac1d
005e385b
ffc43c90
ffe56758
00102d77
ffbac2ee
007167ae
0029a5d6
ffe57eca
ffa70978
0012ff2d
ff81f993
ffe75f27
ffe000b1
ffbad13b
00420a95
ffcafc3b
002c08e5
ff84d187
000adf02
ff99a22e
007c98cc
001dea67
ffcc8b4e
00207bfb
002c9f58
ffa9be55
00393668
ffcc2b0a
0030095f
004b5925
00021599
0078af9d
0042f0bd
005da927
00764fce
0018495e
ffe51e19
0022c1a6
ffd81a8f
006eb69b
00000043
ffce6ee8
006cd2d2
ffc5723d
ff91986d
006d7e84
00477186
004e518b
fff018e1
0079c0b6
00798c8c
ffd7c824
fff11e75
ffd287ab
0025d150
ffb6451c
fffd6abd
000e3098
ffb6b50b
ffeac8c3
00590295
ffa67aed
ffe5e8ad
005c9b8f
ffa170e2
00675b6b
007a58cc
002e2211
ffa161f9
ffbf6e71
000ae80f
005b7c0c
ffe63515
ff84be22
ffc5f385
004f180c
ffecd8b1
ffdfd70a
00109bb5
ffc0804e
fff394ed
0006e866
00442ea8
ffb73e6b
ffe8fbfc
00641a08
fff047f9
ffc10f1e
002cf08c
fff4e20d
000017a2
ffe1093c
007b039b
0005f027
ffb3fd2f
ffab1401
00392a09
006ae16a
ff9ef8b6
007025ff
ffbd7abe
005e5f75
ffd7cd08
ff924cfa
0047a4f2
00000044
ffebd38c
ff87cd44
ffe7d6d4
0045533c
0039d235
001b41b8
ffeb19fe
ff8ac6e4
00204323
0017d12d
ff8c4b7e
00782638
003eee3a
007a9ee4
001602fe
0068a25c
004d7204
ffacbab7
00785e85
006ebbbd
ffd6af30
ffe6ac1b
001b4210
00653a8f
ffe7602e
0013b60f
006b6463
006e8c78
002242dc
ff8be8fd
ffd7eb01
ff951835
ff9587fc
ffc04992
fff4342c
ffce858b
ffbda53f
0012b172
00474425
ffddb2b0
ff960543
000431d5
005ba9e2
00637c02
ffcd009c
005d0476
004a3be6
ffc79394
0007a59e
fff0ef87
0034ea46
006f5842
0009ea9e
005cb8b1
ffca1a0a
001c5bdc
0031686d
005e5a6d
0071e183
ffc924e1
007efdfd
000d256a
ffcc262f
004d64c6
00000045
fff63206
003cde84
ffe741c5
fff38af2
ffd7a7b5
00794a7e
0013ece4
006ffcb5
005c17cc
0076ecdb
000d59b5
ffa3772e
0036d41f
ff86d70e
00201d0f
005f5b5b
fff408cc
ffca011a
ff8d5e3a
ffbd45ef
ffb99f3d
007379f3
ffc64049
ffa5ce2c
ff9c96b8
fff2913e
fff5a2eb
00722946
ff886fdc
00067167
0078eb31
00737747
001f1e29
ffe6fa74
ff985a2e
ffd47e92
ffd0c049
ffd67b33
00517e46
ffbbad0f
ffb3eb2c
ffad37d8
ff8446f8
ff9ddba9
005d14ad
0075e319
00652f61
006218bd
005e983d
0019b967
004f118b
ffe401c3
0010aaef
fff590b9
ffd07b8c
00143798
003099bc
00494063
002e3c40
003b68e3
ffbae2dd
002db2c0
ffebf40c
004c165f
00000046
00140803
ffabe060
005aa919
0014e741
ffb7cfde
005a4a51
ff94991a
00398564
004ea9f8
0063b38c
003cb550
007b2cfa
ffc16ee0
0001f6b4
ffc62353
0046c380
ffa9ad32
003db983
00795bc6
fff50031
00019267
0031bfe8
003f43ee
004f74e7
007303e7
ff83f5c7
ffec9adf
006a1c6b
0071f9b9
00561ca2
000e7254
ffba1759
00270859
ffc17181
ffea549f
ffb2d45f
0062a148
ff914bc0
ff99ed7f
003bcda7
0003eb6e
ff82d2f6
ffd33714
0024fda0
ffb33108
00451a92
002a74c7
ffffe902
0021dfa1
ffd46200
ffec135a
ff9b654f
ffedfa40
0025ef35
0018d33e
005d48cd
00646fce
fffa184d
ffe3355e
00270651
00324a2a
00712b5f
0018fe8e
ffab0f2e
00000047
003c3755
ffb84d39
0032816a
ffc25247
ff84a477
ff9e5e69
ffe8b875
ffa42f5f
004cdd77
ffdc2edc
004cb25e
003d1aab
ffff3088
0078668a
fff86c24
ffaf08a9
00171e40
ffcb8596
ffca2af6
00520e5a
004af97f
006a2648
0023b332
ffb34c54
0073f442
002baf3e
0002d221
00530b12
ffba05e0
0048067f
ffc4f51c
ff837abb
003e657b
001d3935
ff8e57a5
002c1bbf
ffe4859c
006ca887
ffc17f95
0030eaa6
00086285
00296acb
004aca84
005487b3
ffee21b3
ff8c274a
00687e57
005fbd6d
fff8726f
00552a6e
ffa5e216
fff24f5a
ffc4291e
0018c600
00346bac
005fa508
0021c23f
fff0eafd
006e286a
003658e6
ffdea474
ffc88103
003be1a1
ff8fceff
00000048
ff9432d7
0008feef
ffb8caa5
00080f1d
00121dd2
ffb81ffe
ffe78866
003d333b
ffd35d5e
0069c799
00685c2d
ff97c189
ffbf4460
0079e01f
ffc77307
ffbb6588
ffcd8bf1
0014319d
ffe76300
007e9811
ffb83970
ff9ff6b5
ffad58d2
0050892d
0079e9b6
ffc80272
ff9176f9
00251b49
fff5fc18
001a58b8
ffa655de
ffcdb8cb
ff92db6a
005d79e9
ffbbcce5
002bbb44
ffcbe405
ff8ce149
ffca0112
ffab1e8c
ffec4e8d
001fe20c
000a0c13
003ea733
ffa4d83d
005b923b
001049aa
ffc4a1b3
ffecc80d
ff9e4ae3
003951ea
001e8bca
00594cc1
0015b8e4
0020649e
004fe9df
ffe5edb3
ffd7cb9c
00595cae
ffb4d14d
0038f74a
005aeadb
007fb1ed
004d7f55
00000049
002297f1
00700258
ffbe7ed9
ff9d739c
ffb63e03
ffd95c24
00023e81
0044c538
ffad3e8a
00508dac
00429cfa
ffc03356
ffc5457f
004f5371
fff85ad7
0043b319
0032ea4b
ffda2a1d
00649bcf
ff936e06
000d327f
ffc598d1
005cb9a0
ffb70826
003407ce
ffdfa6a9
0022fc44
ffe41ed1
ffc714a0
ffa41d37
ffb8aa3a
fff1a507
003b4738
ffc22848
ffa09736
ff86b439
00175914
ffaef3b4
000cc8bf
0031d5dc
003172ce
fff79bc5
ff98b498
0052f1b8
003c42ae
00315346
ffdc7ff4
006beac5
ffe5f311
002bb7c3
005fcf58
ffe853cb
ff8d76ac
ff97fe63
005d357f
0013e3b2
0043b9d6
00455889
00782e02
ff810949
00143b09
ffbc7a98
ff8857bd
ff9cb8ed
0000004a
ff9a4645
001f561f
005964a0
ff93ac1c
ffdd3ef4
fff86cae
ffb49972
ffa66919
000a9490
ffe3b329
002c36a4
00231be8
ff8176a0
ffd353f7
ffe8216a
00105d9c
0076efd2
ffc7122b
ffdc72e0
ff901fd6
ff90c7a0
00717aac
ff98ec18
005c4b01
ff9d7170
001aa8ce
000696be
00658552
ffe44fd6
0078bd99
ffb93f58
001047aa
ffa63ddb
006984a7
ffe4ab53
fff8a3a3
ff8b4684
0077baf9
fff8454f
ffb08153
00034f53
0057556a
0001a518
000ab237
ff966558
ffbda759
001e1780
00615f57
007788aa
ffc88ac5
ffff90ec
004bbbb0
00610a20
ffc6ce4b
ffa27109
ff8a024f
ff9317cc
007d4a59
ff9ee9a5
ffc75de8
ffdc81ce
0017ca82
ff9afcec
ffa76c27
0000004b
00403851
004128b6
ff87aaff
0053b50c
ffe1ca86
0075406f
ffb865dc
ffc25e9f
ffdd7d5e
ffcb7e45
002c2642
000475d8
0017dc43
00346813
ffe78e5b
ffcadde9
0036a332
003e5b77
ff8dfaf1
005d14e6
ffb4b7f7
ffc85a0a
ffe858e8
00535036
ffda1867
0067f112
ffb0fc93
00410ea4
ff901601
ffb68b4b
fffb5671
fff962ee
ffef5bf6
0000a197
0003fe61
ffb77f95
007e8592
0059a115
00750616
ffce510e
00654f89
0000f847
00390a39
ffd429ba
001c6f79
005d6b7b
ffa74207
ffa63855
0075a404
ffb657bd
00609227
000b35af
00408260
00746e06
001d2560
ff89a178
0036c9ef
007e5f6e
ff8071ae
ff979392
006840ce
ffd4d2a6
00668afb
ffd2b0f4
0000004c
003d2306
002a5c02
ffb60ec2
00157f5c
00334e91
0075e819
0065acc9
ffa42268
00323023
00398184
004a405b
00787df2
ffcaf73a
00098100
ffd5d6ad
ffe4a585
002a2237
00107363
ffbe11a0
002811ee
002a3874
003b60b8
ff80c034
0041d81f
ffceb8be
00319a3f
00164411
ffae5fef
ff8fc9da
002cf0ef
ffeea33c
ffa922f1
ffa8c5b1
004254b6
000ce89c
00068844
007e9597
fff9a8ae
ffe285d2
ffee82bc
00765295
00632a8e
ffd65a58
0010e098
003121f9
ffac88d1
005f85b7
fff809df
004dcfcb
ffbf913f
0049fe16
003cdee0
ff818b52
ffe02dc1
ff9db99c
fff4dda8
ffa8a057
ff893ffc
004597b4
ffc31925
005cb26a
00138fbf
ffe21c04
ffa3612c
0000004d
fff43c3d
ff804d7a
003f3dd4
ffcb6681
ffb1e8db
fffeec95
fffb771f
ff850d9d
00631cb8
00066b5f
00659224
0029af20
004b8b4d
006f59ca
007c4e1f
001441e8
006cfe85
00283771
ffb43f3e
006c9117
fffe783d
0076384e
ffe56cc0
ffe45e3c
fff6bef0
0042b4ce
000a83a0
ffc3ffea
ff94862c
0014a37b
ffc5578f
00502cd1
fff68064
ff8f4f3c
ffef288d
ffb88b27
007a3d09
0037a570
00137bd5
00500cf7
007f6717
ffad7784
ffc49dd7
ffbd3578
fff43da6
ff8f53ae
006cd190
ffba94da
0060c8da
0026841e
ff947e4c
001bc9af
ffcfc03d
007b67e9
00678d26
ffe3e7e5
001b727d
ff904e90
ffb23f3b
ff8b3449
ff9c2d21
ff85baf3
ffba9e17
006fa607
0000004e
0041dffd
ffa6687c
000f7a7e
ffe739f3
003a7b3a
001a99ed
ffb15bfe
0073cd4d
ff834657
ffd66115
ff8c9197
001b7bb5
ffdd7b6b
0065b0ca
00620d44
ffb8319d
ffc0255a
ff8b8dc8
ffd520ce
007028b2
0006a1a1
007e5f0a
fff061a6
ff883bbb
0066639c
ffe63292
006cdc76
0059f1d2
ff9be976
ffa41c95
0010f8c3
005d42b2
0051ce68
ffcde4a2
ffd7da05
ffb1deb8
002cbe7d
0037bd24
fff3b476
ffbb4a8b
fff29a7d
0038ab8d
ffa155ca
0014cd08
00133a07
ffd31a89
ffff0d03
ffcfb17e
ffb6077f
0003890d
ffe9dd54
ffd64818
ff9eee69
005a8dcb
ffdc7454
005717aa
ffe3adeb
ffec68f5
002bd84a
ff8204d0
fff7718d
005c2951
0002d9f9
ffd5bfea
0000004f
ff868a3f
0049128e
ffc3f2b5
ffd404db
005da88c
004a962d
ff93fa71
ff819f10
ffaa5bc8
004d0009
00428267
ff97b570
002fb4a9
00298926
fff1eced
0033f221
ff9ad32c
ffa78528
00383809
ff893f8b
fff79b4b
0037da14
002990c0
ff9c9ec1
0028f731
00783bf1
fff814f4
ff9c0a98
001cfb3b
001cd1d0
ff93978d
00617da6
ffed165a
00309e11
0076a756
ffaa8a81
0028b375
ffaa13ca
0006fa0f
0046148b
ffdb8979
0060f135
fffcfd8d
ffc7bfbe
ffd6248f
ff8acf22
ff8f5117
003034fc
0005c869
fffd6bc4
ffaf0dde
fff2c155
00289c79
ffae6391
ffd596a5
ffe6a09a
005c6c8a
00265b91
ffe52208
0010132d
00660ce6
003ff628
0035196a
fff0c961
00000050
ffe7657e
ffb67d57
ffe64321
fff5de29
ffcc8e1c
ff86253f
00785233
007aa7a9
0048f4e4
ffd3b0ab
ff8ef77e
ffa92fd9
00174c4d
ff9ef97c
ff96a574
ffa37f0e
005d5ef0
007002b1
ffbe0a75
00773e57
ffc08ecc
ffb7b6bc
0034134e
0011740b
ffeb0541
0068eb70
0006af53
00443354
0047e815
ffe400f0
005df82e
0000fcc1
ff880864
0016c62e
00491f9e
0008f315
005582bb
ffe4f20f
00742c53
ffa5bbc8
0023c578
ff967594
0015ecc9
000a535c
004232bf
0047fee1
005c4fb9
005ea1d4
0079dbe6
005b1994
fffcc184
ffdcc78e
00473629
000b85ce
00133f6c
007c8b0a
005e3110
006168fb
ffd828c3
0002eec6
00779fa0
003c95a7
ffade818
ff937f66
00000051
ffebddc2
ffe42f3d
ffc0fd29
ff882fbf
0034e3d9
000fdb0e
0008abda
006f1b88
006dc79c
ffdd0807
0066f8ed
ffddeca9
fffb732e
0019ef37
004c7735
ffad0ec6
ff8d4d91
0045ec7d
ffbab2fa
ffd4cfe1
ffaf49e3
ff863a94
ffb5b4b5
002aaf94
002c70df
ffb88ce4
002aac17
ffb67919
ffdbcd7f
ffe2f130
ff9bbb8c
003d92b1
ffea7252
ff819ea8
ffc58da8
ffc37ee1
000fbf15
ffae0d74
0029ed68
0020782a
ffeac29d
ffe29327
ffc718b1
0046dfb5
00708c3f
0029214e
ff916d36
0056213d
000f1105
ffb732e9
ffa33de7
ffcec0d0
ff927648
ffa4b052
fffac221
00628f6a
003b5b10
ffc72893
ffc5594e
ffb28483
001eb265
ffa9b3e9
0023e638
ff8430f1
00000052
ffa4291e
ffea4e42
ffcab8b1
0056485f
0046d285
ffad6ac9
0028130a
003d576a
00270101
0054d411
ff9414d4
ff98043e
ffb055b7
006f5b42
00726ad7
ffa77230
004a27fe
ffd66a4e
ffb063e8
ff870855
ff9bd37f
005ce38a
003931b8
00027eda
000e22a6
ffc6856e
ff812359
fffde84e
ff834e2a
002a4ff3
ffb0c171
005c510f
ff96a547
ffec8cb3
ff96fec0
ffb3f000
ffacb8f5
007a3e95
001d4f18
00068e0a
0069e116
ffcc3cd3
ffe7aacc
ffbded9d
003ff85b
ff9ee7b2
ffe5b2a0
00563d16
00495b07
ff896382
0029c826
ffd01c33
ffcc3872
002e7f72
004a6b01
ffe15d48
ffd54d9e
fff5bd7d
003f8f18
0010bfd4
006d7fb7
ffe168e3
007622dc
0052be0c
00000053
ffa84206
ffb8585b
fff91650
ff9507f8
005c9f2b
ffd5b940
0074d45f
002b6366
ffef112f
001c8939
ffcf6bf0
00243879
00129082
ffc54402
00175ab7
00396982
ffaa4a57
ffbe4dae
00735ee4
ff91b9e2
ff97d0b6
ffd9b70a
ff96a0b4
002d3381
0004a2af
fff991b8
ffe607a5
ffb8b828
fff35ef3
00753c68
007a7e59
0012d45b
ffcfe9b2
ffa3e4a7
004cb8d1
00419260
ff8683c9
006c7a40
ffee5736
ffb434bd
ffdbe0b5
001a142f
ff8e1d24
ffae29e6
0033641a
000ffc74
0040fe5b
00061f90
003406a5
0020fad0
ffa1981f
ffebbf9a
ffbf368d
ffc7c3c4
0042e7a3
ff8d41ef
00212483
0054f481
004c1e00
ffca2ade
0003054b
0055c30b
ffbe03f5
ff982de7
00000054
ffd389a3
ffd7ab70
003a80c3
ff8e9ac2
ffc2e545
ff9d3535
005b341d
002f80d9
00086ba8
ffb83799
ff880b75
0054cf17
00093832
0078637c
006cb386
0018e9a8
ff83bcfe
ffab6072
0008b952
ffbbf413
fff06960
007626f6
00672433
ffeca6d3
0038ec93
00174ffc
ffaeae65
00571a06
ffbb60d8
00759701
004ff9cc
ffb17266
0026c477
ffcd8e1a
ffbc2c4b
00268c23
ffa48a12
ffe72514
0059fffb
ff944891
00691c41
001d828e
ff83576a
ffb7f30d
003760e9
003e8fc4
ffef76a9
0001a16b
ffdf8482
ffd7dba2
00491eaa
ffbb8390
ffaafb4d
006d6be4
000b4c21
00428e78
0044f001
000b2eda
001ae92a
00069cd3
ffd6b66b
003b60d7
00438e06
006afad8
00000055
ffd27397
0060b8aa
ff84cb8c
00447262
ffb8724e
003b762b
004d4351
00089e97
0021f342
fff8567d
0019cc7e
003e2642
002cbd55
002b0831
00395e4f
0049358c
0032937d
007743e5
005a216a
00059b2b
007dbb60
005a6a2a
0007b6fe
006ccaa9
ffc0b0fb
001b69c7
fff2c10f
0029e2b1
0000e821
ff80df63
ffd68944
004560fe
00626bf7
006699d6
002e1072
ffafc645
0061f7b3
00513e14
0060a4b9
ffa3f45f
005b8744
00436f54
0057a6be
005480f5
0023bef9
ffa43470
fffea4bf
002ae658
00261842
007cb8ee
ff85e9d3
00763755
ffb1e4ac
00087541
ff8fbe79
004b466f
ffc219c1
007afcf8
ff85bb10
00709e33
0063a572
ffe4bb5a
ffe76230
ffd7add0
00000056
0036ccc0
0052b66c
ffeb3cc9
005bafe1
ffee275d
0005c822
ff81b781
ff8a6ddb
ffb527cb
0060bef0
0002b8d9
ffc09c97
fff4f8ca
ffa12a1d
00003748
ffd9bdde
ffc0bc96
001b3e21
ffae6828
001f62d2
003844cb
ffebd26e
ffb89c68
ffd698bc
004e9a8b
ffe1093e
ffa33d40
0013a710
0033c379
0078813d
ffdb65b1
ffb796db
ffa1bde4
0008a913
ff8372fd
ff9d2697
ff8c1faf
ff875e64
00546a2f
fffb4ec6
001cbbd7
ffd7e9ee
ffa9d0d7
003ef6f0
ffcf06e9
0023ec91
ff8c6604
00091420
fffaa80f
00446f27
ffa3da66
007776f6
007a4bc1
0020adc7
001f34ef
0044d643
005093ec
ffdcdcbe
fff53f0a
ffb0e484
ffe16c4d
0008c68d
ffed72af
00568d47
00000057
001718fa
ffc668ee
007d4dd4
ffce9059
007df255
ffdd1c21
ffb4d633
00581ae0
0055533e
003cbfb1
ff86d1c7
ffaefc92
ffaab9ae
006f3cf5
00058825
fffb509e
ff8f8f74
ffaa9ec8
ffe8afdf
003dfa2a
006ea1a5
006782e3
ffa85794
003fdf7c
ff8e0c40
ffb11329
005b0a8c
ffb0545f
0025d5a1
ffde2f33
fff96e46
001a38ef
001d1854
005fec44
ff9770c8
ffe3917f
006271a6
0041e9f3
ff854b52
00179a2b
00151ba2
ffc0db67
ff833819
ffb16e41
00022f16
005825fc
ffd3d15a
006de463
ff9cfe87
0076ebcb
ffafdf5a
ffb88617
ff860006
ffbf5955
00438879
003d078b
003bf406
ffc0f434
ffee3170
004037cd
fffe1131
ffd84576
001fd67d
000594fe
00000058
fff3cd57
ff8021d3
ffa565bd
ffb6a0ac
ffcf1bb3
0028d113
001a4daf
ffd46055
ffdc426d
ff9fd770
000b3f35
ffb4f01a
00795b0c
ffde989b
ffa51cff
0005cb77
0029ac6c
ffb5c0b8
ffbdf630
004c3a7d
0003e511
0038f8b3
003cd5e8
0006da3e
fffc655e
006b49fa
0062fe5f
000bae0a
ffd326b9
0054521c
002b908c
002eb2a6
0029da84
ffa8887e
0012a155
ff8b3e6c
ffbd346b
ff9b8dcd
ff93ae4f
ffb70642
ffb33d81
0061c941
ff9e2079
00581671
0038ab0e
006f31d0
004869fb
ff87ae6c
fffd8039
000d2e66
ff856dc1
ff874854
007c944b
ffb4a757
00413d5e
002b73f7
ffc4e0b3
ff93053c
00114140
003937ab
ffb3b6c7
ffb04d88
003de4fc
ffe9e633
00000059
000582df
005c43aa
005c75d5
0001b7af
007d48c9
fff16aa4
003696ee
0041e912
ffc7598f
ff8bf212
ffed1c29
ffcc5318
00000dd1
00018982
ffef56a9
000020cb
ff99cb18
ff852b11
0020b905
0060ec8d
ff8ac399
ff8e0499
002a4cac
ff8feff1
ffa342c1
ffc7c345
007b7018
004ebfb3
ffbddd7c
0073d3e8
004438dc
00394e77
0053aa17
00011f53
0071eb7e
007831ea
fff84d72
004ebfbd
00076832
00409d5a
00777e9f
ffcfa46b
ffaa3b26
003b9cbf
ffdc6c10
003c511b
00402739
00436465
fff5c9bc
ffc883aa
0031a3fb
000df377
ffef4e7e
ffef90b9
ff98772a
ffdcc06c
007f678b
0037c45e
00577827
ffc86925
ff931315
002e66b3
ff8e8554
ffa97e29
0000005a
005b8159
ff8c5789
ff948bcb
0041a5d0
0021aa41
ffb71c87
ffd2b465
00104673
007200f1
ffcca819
0002bd75
ffecaefe
0010fcff
00542f0b
001a9ed7
005e512b
ffceadbd
ffee5068
0003c090
ffefb51b
007e5295
ff884b08
001a87f1
00186bf4
ff8df73d
ffb75d37
ffa4415b
ffc29616
ff9bcf24
005ef0ac
00334f12
ffea40b1
ff98dd98
ffdacace
007e08b8
ffe80984
006394f9
ff851a1c
ffa36b5f
ff8293ac
ff85aaae
ff95d880
004553cb
ffa4322f
0011f5c1
ff898fc6
ffeeb7c6
ffa72d8a
ffb99bfd
ffb0632a
001a8022
ffadf9f2
ffecc765
ffa2bb27
002ab7e5
00189b1d
ffdb5fb2
ffd131a3
ff9df9e7
fff46048
00423fbf
0042b888
004c9904
ffa02e3f
0000005b
ffa0170c
003c14e1
ffb534fd
ffbb2713
001d9957
ffdf637c
00477726
ffde3629
00773ec7
ffba7e31
ffdeafe1
ff87a4e4
00639d1c
ff965fb5
0009927a
0060a5d8
00253d4c
fff1a7ab
fff4453c
00655ca3
ff87efd1
0065fc06
ffcd7676
0015c1f6
ffcad8d8
000cca31
ff93668b
fffb20e1
fff8bab6
ffd2cbef
00313493
0043dcc7
ffe18850
ffe443cd
ffdca923
0043532d
006d0876
ffe19ce5
ffd06848
0072ba0b
ffe60a0c
ff999776
002459d6
00411277
001e223e
ffb4de10
007bf4ac
003a6dec
0041d1a5
0023fb7d
001bac96
001af7e6
ffa85136
000d086f
001b54d0
ffed4ab9
ffeaaaff
ffa6872b
0026932b
fff8feba
007a63a8
000aa769
001e84c0
00597b3d
0000005c
00205c1e
0019cacb
ffeef45e
005dee3b
fff273af
00276966
ffc03898
ffa81288
ffbd1fb2
ff9863d2
ffbceb42
ffc5e913
ff9d0eb3
0075f11d
000f6418
0039728b
006576af
ffcb7a4b
0066d248
006d7fb0
0026512d
ff848a88
ff8eb816
ffa63572
0000b443
001df713
0073456f
ffa6f970
00015ae8
0001c74c
004db38b
ff858864
0054e071
ff87b60f
0007a0a8
00638f3a
ffbfab3d
ff88cf06
ffa54a88
ffcf091b
0061fa6a
00475fe2
ffdf85fd
ffe6c1eb
ffe73d66
ffe52e16
00732848
0045fcf5
fff8916c
000eef98
005b132a
ffb7fafa
fff525d7
fff815f6
000117e4
00262105
fff561dc
ff9f29d7
ffac12a5
0039a95b
ffc62c19
003a7bae
ffcd6657
fff0627d
0000005d
ffa26879
0033ea74
003c5e74
007698b3
ffb53bc1
ffa53cb6
007a8be7
00152776
006db81a
001f4829
ffa2a9d7
00284779
ff9572bf
004eac6e
ffac53f3
002c23ec
ffbe3a8d
ffce462a
0010b4c3
005b0461
0057ce27
005a403e
ffb0e0b0
ffa95b27
0022c539
ffae75a3
ff929dc9
ffa69f29
00134e93
ffa97923
ffc1999a
00030be7
000cc52e
004c421c
006124a0
001d2350
ffa1847d
0027117b
0071a950
00024ea8
ff9abcc4
00514ab8
ffb3df02
001eea38
ffe2d35f
003add85
fff89b16
00557f5f
00493c91
0048578a
ffd68765
005e394e
ff898e81
00005433
0004fe7d
0013b267
0030d229
ff81eb52
ffcbe2d8
ff936892
002660b5
ff8acca5
007a2830
ffbce11b
0000005e
fff46cbd
ffc6576f
fffd8d90
0006576e
00624afe
00275acc
ff98f3a8
002a7d80
0025d5a5
006c6e3b
002c0aca
ffb40d3c
004c5c19
0075f727
ffd02db3
0009929e
00057e27
fff44f1f
ffb25ecb
ffe4ec3d
0010a06f
002a856b
00443b6e
00497f97
00684c81
0078839e
ffba873e
004d54a4
ff8e95d9
00363293
004bac02
005fdda8
ffa7213e
ffba31f2
ffebac51
ffd6da24
fff3fa3d
000f1757
ff92d6e0
007e3d77
000c6184
0057a0d3
00186d7b
ff83316c
ffce5ef9
ffb7fae3
ffc2868f
006ffe72
0008380c
00565986
ff96037b
ffe82588
ffeed658
ff9712ca
ff9f9c19
ff9c79d1
00726deb
fff1ebe9
ff940893
fff52422
00515053
005f5da2
005729bf
ff86d365
0000005f
00781ff5
006767c0
004786a8
ffd1f241
fffc6547
ff96e159
ff92aba1
ffb9e052
ff925247
00276dc3
ff9c044b
ffc203cf
00345abf
006b5a26
002bcd61
00582533
ff8c2da5
ffd76ebd
fff59b18
002921ea
001c2f2b
ffbc0fa5
000412c7
00079eee
ffa6ba7e
ff9abf7f
ffef58f7
fff7b4a6
0058e82a
007bd217
00613b6a
005b0c7c
ffb301d4
ffdddb3e
ff8fc3e2
ffda9421
00494bac
ffeb03ba
00460551
ff859c85
00578903
001add82
00264d3e
ffb76604
001cea7f
ffd1f6da
ffdaa8a4
fffc8b5c
ffabe364
ffd2be82
002b53ca
001114e8
001063f0
ffdf336c
002b4fab
ffb82950
fffaebb9
fffb7d43
ff88df5d
006f333c
00577716
00327551
007ee593
fff329cd
00000060
ff9920ea
ff8236f9
ffe4cf2c
ff99023b
ffbaa8af
fff24817
ffada22b
0074d474
ffb256c0
ff86822f
ff9dda91
0024fbdc
002e2f3a
000f2dc8
0033b200
001c285e
002caaca
0059d80a
fff6e912
005e12dc
0041156b
002fffe2
001d8101
0037b74f
004ef5cf
ff9c4c9f
0035ec60
ffabd2b5
ffaf8eaa
ff96471b
ff81e0c7
003fcd4a
0044c519
00201062
ffa06c12
002c5218
ffd892f7
0049bfab
002dc40f
ffd860a9
ffb8e1d6
0067f0eb
007aa379
ff9e1746
000bd3c8
00741c46
0035211c
ff849ea5
ffc47ce7
ff9c085b
fff8eab5
006d0883
006725df
007e3589
0046610c
00546de3
0066bfdc
ffdb6da2
ffcf8651
0001a4c3
00541954
007a4b3b
ffca7dad
ff8ee8be
00000061
0046a273
002240f9
fff90098
0069f124
ffe0a913
ffd788c0
fffc8af2
ffdd48e1
ffa75ddc
ffadde73
ffa6c38d
000c3af4
0013e2ad
007f29ed
004587e9
ffe73b6c
ffadd991
ff959603
ffefda10
0075175f
00021815
004f563b
004800be
0008edf9
00051232
0060c223
fffb6701
003cf9f7
0020496e
fff4f5f4
ff8fbfec
004534b8
001721ad
007e52de
ffd08ca8
000b675e
005dc3a7
ff8e1fb3
00686b3b
007a44b9
005417f9
ff886a78
ffce3cd0
0002b7e2
000921ef
ffda670e
ffa28128
001c8c4c
002f7617
ffedbd06
0005dcff
0030acae
0037ccf9
ffdd22f4
00420b11
ffc92739
007c58fc
0037ec92
ffff31cf
001c431f
ffd3df50
002cea4c
ffea5069
000f85b0
00000062
005dc207
ff893097
fff079cd
ffeb54ea
00585ab8
ffcfc894
ff829a27
0015e89c
fff84553
006e10c6
004f302d
007d4ea0
0050e811
002c8cf0
fff2896c
00101f16
0020e41a
0024faf8
00771f5e
ffa864a1
ffec19ff
004e6f4f
00439cc7
00501549
006dcb6a
ff86c715
ffc0ed4e
007c3c98
001ce2af
001cd1c0
ff990697
ffc604c3
0046f5bf
ffb8296a
000136c9
0018a718
0068b698
ffdadbef
001d2b0d
ffe47fec
fff48502
002bc14e
00722f12
ffef0153
003671b4
ffbbcaf7
003db157
0047e061
ffb07933
005225ec
00253fcd
ffd8c6b0
ff943fed
0048dd39
007ae324
0020ad7b
00528d46
001c7575
003b692a
0035c4ba
ffe4a91a
003afd54
004bc83f
006d3a9f
00000063
00497091
ffcf44cc
ff8da85b
ff968892
fffe539c
00525ea2
ffcff08a
ff947a5d
ff96079d
ffb2430e
ffe75215
ff9d1419
ffb672c0
ffb2c7da
ffd7f3e9
ffdfac5e
002c36bd
007c9fd7
ffd6fbdd
ffe68e41
ff85aef3
005d7728
ffa09f22
ff971dad
007364fe
004b0261
ff830a92
002ec076
001cb109
ffac602d
00557554
005c057a
007414b9
0074aaa2
ffb90d63
00047c95
001c5f9f
fff5e0c8
00146b5a
0047bb58
ffbb53e9
00586d1e
ffda2e5c
ff91e26c
0034b25b
ffe6de86
00086712
007af468
ffe04c91
ff982770
fff51044
0001b9e5
00785a40
ffee1e65
003505c3
ffb94f39
0010cf68
ffe316f3
fffe02c1
007f157d
00509a4d
003b1567
00083ce2
ffe18392
00000064
0076c89b
0038f501
fff8dbd5
ffd2f3b2
001b3e5f
ffe7100a
ffe53551
0037b3ba
00313141
001d7362
ff8a86e5
00598c1e
ffbc94f2
fffe4082
006fd2f4
fffa7426
ffe96abe
ffeea214
ff938d5c
fffb6235
ffda920d
ffcc02b3
005b2414
007b4af5
ffd555f9
00574358
007ab781
ffe49ecd
003c6683
ffa0befd
ffa3f862
0043915a
004da026
0060bc13
ffec87b5
ffff31d4
00417244
001599cf
005f8910
ffebffeb
ffd94964
000150e4
003ba6f6
0022d890
ffff88e5
ff95936f
ffa1be96
00678168
005fde06
ff9d58a5
0047f3ea
ff91231a
004570eb
005e7aa3
ff852448
00427c96
005f9a2f
000bddaf
002f791d
004c326f
007e5814
000f30c1
ff977188
fff002f9
00000065
ffab32e9
0034037e
00087721
005c2169
fffb25a5
ffa22ecd
ffa1807c
ffc5b09a
003d98c4
ff8da4e2
0032257e
fff8cd81
ffe3c83f
ffe9f2e4
00434d8f
ffd5ae2a
ffdc75b6
005b013d
ffda5230
ffa28657
00116da6
0032657e
006ea2ca
00766761
00767ff5
ff86dc53
ffa2e09a
ff97fcc9
ffae7015
ffc7aaf2
0033189c
00160098
0012e1e7
006d96da
002d271f
003d0876
0077fa4e
004d6183
002756d1
001c07f0
ffe29311
0022d002
006bcd45
006b1564
ffb6f003
000fb2d7
00625b18
0058c13c
fff72b7d
000ac49c
ffc66732
007b9832
ff898ac6
ffca5c8a
ffc3088c
000fe4bf
0067da1f
ffe65456
00338d97
00087845
0057f9ed
ffc8e493
ffd77946
ffc9657c
00000066
003b4a3f
005a166f
ffc7ebfb
ffa54d68
0064666b
ff94c18d
ffd88764
0036952d
0020804b
ff9463a2
000a483e
ffe092f1
ffcba613
ff83e1c3
ff8aa48a
ffe08f74
00717a51
007b603b
ff8cd919
ff972800
ffb7986d
ffc90d66
001ba3fc
ffea1556
00432b89
0068c804
00620e5a
0073d6af
ffda668f
ff9bff8e
00676979
000debf8
003b0a36
ffafa3ff
ffe1e741
ffced90a
004f22c1
ffc25d20
0023ed46
007b93ab
00646461
00155105
002da0b3
000aa93e
fffe141c
ffacd349
ffe39a02
ffa33e28
0035d485
0046d19b
006f80f1
ffe76ea5
ffd552b4
00110772
007e7972
ffff11f7
fff19d88
ffa98e56
0022602d
fffcec75
fff75835
006aceb2
00098cd4
ff99106a
00000067
004aaf2a
0026e450
ff88ffec
001f8e37
ffb8f9bd
0004dd11
0073806f
00430b32
001c5f71
005681d7
ffba2093
ff85da1f
001d1fb1
004b3839
0000629e
003a8226
ffc11eb2
ff9d7524
000fd1da
ffbc396f
00189286
ffab6df2
ffeab8c0
000cff43
00134ef8
0041ed3f
001c9a70
0013e8f1
001054cc
0047e83a
fff5c8f5
007d2818
006ec01c
005fac07
fff30ed4
ffba345b
ff9b34f9
ff87af8f
ffe209c4
0045fcda
ff93ceb9
ffe790e1
fff3b0a4
ff8b7b90
007e67af
001e4c7e
0033c17c
ff98312f
ffc6d821
ffe32071
002c259d
fff62e2d
ffc42963
00639844
00607ee1
004d608b
fff99336
006b5279
0000dccb
ff87378c
0014d4b6
fff3ad36
ffc91d7a
ffb639e4
00000068
0024d804
ffe76d3b
003b2518
0027b73d
0027464e
00739ad5
ffab245f
002e2292
ffafdd7c
0078b448
00046c0f
00565a58
ffe5a1a7
ff94b8be
001cb023
005c3efe
ff848f6e
0057858a
fffa1e9f
0025abfe
ffbe8228
0042322a
ffde7a61
00457a93
00008c94
0012c3a7
ffcf350a
fffaea6f
ffffdbe6
ffd4b8db
ffd7970b
ff83e93f
00160b3d
ffad1f1f
004d1d2d
ffba702a
ffff8f79
ff8c3ee2
ff9f9bf9
0072e39d
ffb4b30e
000f16ac
00718aaa
ffef4288
0031ca98
ffacde81
007f7538
ffa1bfff
ff806e73
ff87cdf3
0025bbf1
ffeb1bf4
ffedd973
ff8adf81
ffbd3c4c
002a64f2
00002857
ffd036b3
ff880389
002816d4
fff4f3cc
ffe3c90d
fff2064c
00321d52
00000069
ffdcf86c
ffacf953
0076bcbf
00296770
ff9b8460
ffa80b41
ffc2aded
003e70f6
ff807122
ffc9f305
00378672
ff804b00
005caba6
00545f66
ffaf87fa
ff842c46
ff8b7de2
ffe44d50
ffe2710f
00096755
ffd7e6d4
ff8d02ed
ffaccd86
007a300f
0041824a
0063e048
ffa851bf
ff8d71da
001e18e6
ffc78ec8
0011e9d5
004db40e
fff9b09d
0069085d
0032d841
ffe610f6
ffc02c61
001c9920
ffcf1b23
00341ee6
004fdb5b
006016db
00686a68
0042626d
ffdc1a27
001f2e6a
004539f5
ffcac9f0
ffa51a48
0017dfa2
ff802eed
ff9cf2e3
fff09dc9
004f33a1
ffb30981
005d0ed3
00342398
ff900634
ff8ffd7a
ffb8876b
ffa39204
006095e0
0059f0b1
002564ee
0000006a
0079fee8
ffbb384e
ffa478eb
ffc631f2
00521e6b
ffc94bd3
00047f51
ffafe046
00031316
ffce3495
ffadc1ca
00597ad6
ffb53092
ffd97eae
002b2a1c
ffdfa7d4
fff9a1da
003671f2
ff8480ee
ffc2a918
ffaeaa9a
ffe9ff44
006eedb2
001d8db7
ff8e54d2
002706bb
ff81014a
ffaac205
ffa32c78
001da284
001fb95e
ff8583b2
ff8af559
0017346a
001ba4b0
004da261
002549b0
0068dee5
003ef9ae
ffea14f9
0003bb12
0036811a
00427f32
ffde85f8
ffb4533a
007df6d5
ff9a409f
00053b3f
ff8a6d1c
ff8931dc
fffbc811
ffb0c97b
fff3e0c3
ffc6e468
fff84e5c
007ac76c
0009bac1
ffc4340d
005d7dda
007a7206
00137750
ffa8534a
0008b792
00336af1
0000006b
0068828c
fffa080a
000b9e33
fff07f74
ffd402cc
ffff0c43
004f3d91
005f8d7e
ffbf24e1
ffd367eb
0061d936
004e8598
ffc18cb8
ffde0e02
ffca79b8
0007113e
007f0396
ff9f0db8
00326955
0062ce39
005fc16b
ffa08e36
002957dc
ff8f850b
ffb5e414
006fed28
0073e902
ffae02fb
004003de
0073a07a
ff853a40
ffb47a14
ff85e6bc
005924d6
00367845
004ba006
002a52ca
007bf75b
0010684f
ff883f15
ffdd69d4
fff6b7c4
0043144e
005f3bf3
ffdc1d46
fff77093
0065af1f
fff4e695
005b015c
007bdbd5
0022a4af
002f9617
002074a1
007c5fe6
001497e1
ffc1ec9d
001a3bbc
ffbc39b9
0074ceba
ffa6d369
003742ca
00307068
00781ff9
000e5f68
0000006c
000a302a
fff74438
ffafbc66
001d96d8
0070db88
007f2804
001f56d3
ffcac3b0
0077d2a8
0062e2c5
ffce755f
003d337b
000a5f7d
0003b6b2
006227cd
ffd86383
0068d83a
ffbda791
003d48ae
fffb24bb
006d2a7e
004f56a1
ff915bfa
ffdb2da3
0023a6d3
0014cc88
ffc055ae
ffaaa37a
0015db42
007a0160
ffd94c19
006300c8
003e0ef8
0003a269
004ba06b
003b715d
0005b39b
000e3095
004e4bb0
fff200f3
ffb97ea4
ffa31d8d
004ca5a5
ffc0323b
ff976383
ffe3777a
ffa1e278
ffaad1d5
ffa818f6
002c0f36
000beb09
ffaf0404
000c68ca
ffae964c
ffd8b93d
ffe62cf5
00731903
002aeb84
00205a1d
007aaa40
00360826
0042e424
006dc4ad
ffbd48bb
0000006d
ff8e769d
ff8e8bb5
004a4056
ff953616
ff8d06d5
006d5439
0028fcc7
fff75924
ffb13885
ff94317a
ffa8bc33
0051ec86
001eda01
fffaff64
ff8a2d39
ff896721
001a8607
ffcc9a21
ffc8bb06
ffbf50c8
fffdc5d5
ffb03dfa
fff4e76d
001dd4d4
006d2830
00501b22
ffe4e2dc
007ee2e4
ffbdb3d7
fffc2b85
ffa2ab0c
ffcbea29
004d2af5
003677a2
ff959f83
00484b83
005731c9
ffe4cdaf
ff9aaaac
ffb7f20b
ffa6422c
006adb04
007eb503
fffc8d53
00330633
ffd45961
fffe6472
ff887d12
0069fee7
ffbc5c10
006ca73c
000b09f7
00095632
ff9753a3
ff844a66
ffb605ee
003f5a7c
fff8ca04
ff81c41c
ffebe2ae
ffab3aca
ff859f7a
ffc7dcc2
ffda9fb6
0000006e
0068c87a
ffc126e5
ffe63aa2
0071c5d7
00103056
0047c0fa
0013887d
00093773
002647da
0003e20a
0021c12f
0009d951
0053c5b4
0017b05e
00162f5c
ffb5a917
005c91c2
ffef8480
000f73c5
0017b8c2
00148611
ffe3de74
ff90ebe2
004f59cd
ff890ac8
ffe91414
001b3cb6
000c23b6
006ef39c
001583f9
00139c89
0041bbdc
00281eeb
ff9a6ab8
0065635b
ff97c154
0057615a
ff8a4654
0070ecbe
00733de7
004e6b6d
ffbe043b
ffc7473f
ffea5ebd
000efc5c
0004e900
003ddd60
002e70e4
005d1f32
ffc75591
fffa8f49
fffeceb8
0070a867
001a44e3
ffdb4d36
001d0dfd
0069e75a
000b1e2d
ffc870c2
ffba0e1d
004ca05a
ffc64543
ffab3ef3
ffeeac44
0000006f
ffecd0b9
ffdddb6a
ffec6d27
00413ad4
0040da10
ffff6559
ffc34049
007f9e4a
ffa52cfd
0043eae2
fff95915
ffeaa80a
ffeb3c1f
00158289
ff842c01
ffed6df8
ffe57be4
00618e1d
0036402e
0036df97
0003e8dc
ffa2a372
ffd077c7
00641911
ff8279e6
00555cc9
ff97e543
ff87d001
ffc2c216
007702ce
ffa22970
003e676e
ff940563
ffc5fbf8
ffe9eb83
0077379e
002119d6
ffc927d1
007741fc
00070f07
ffb26ba1
005e3d54
ff9473d0
00637ac7
002311f1
ffb937d8
00387acf
ffd66b10
0064ca20
fffaab76
00582d5c
fff817f5
fff46a53
002d4be7
ffa35c6d
fff6e7a1
ffae120c
003be487
fffa7833
00586533
ffa09951
ffddb4b8
ffed3760
007268b8
00000070
ffc5f58d
ffd7e373
007d7a46
004406c2
005e99fd
0054d8d2
005ba772
000d6fb4
ffafa45d
ffd0d8a4
ffeea581
ffa1e651
ff9769e9
00774668
ffd5dd51
ffff38bf
00483dee
ff84b9db
ff9755c1
00720846
0021ab53
003550b8
ffeb6a14
005b2116
0036e4d4
ffd9d0c1
000062c8
004f29ee
ffac1388
003185ce
000d59f2
fff97236
000cfe2c
000a938c
ff923c07
ffa0be49
00376780
ffe78531
fffb9a73
ffe8fc52
001de210
fff60722
0011da42
005c0510
003b3a44
ffa1f6eb
fff62a25
ffa4c07a
005a0619
ffb56ec2
ff8ebf35
004ce352
000758df
0056ee03
fff7a492
0063e3f9
00022325
007607e3
00500cea
007d1516
00279bc3
0006b967
007eb26d
0004fb78
00000071
006af689
ffaf88c7
0051c1fc
007060c3
00100262
fff83ba7
0064ce21
003b3cbc
00230c17
ff8253de
002c0ce3
ffe24253
004206dc
00288789
ffe54d75
004f0534
004ce2fd
0040b298
ffb8599a
001f28f6
005ca9f5
007e3ebb
ffcb8fa9
003954cc
0022052f
ffe08629
ffdd9a66
ff9da768
0021c075
ffd197ea
005e53d7
ffc8120a
002fd510
0010912b
ffa69f1d
005683a3
ffad7d00
ffe0fdcd
ffff594d
ffb9c386
ffd17196
00116b5a
ffd3bffb
ffbace5b
fff77efa
ffc97bee
000a1168
fffe7515
ffe5d34c
fffe067d
002fe134
002bd62c
ffd5eed2
ffaab22c
ffcfb602
ffe2ca77
ffc72d38
002b034b
fff557fd
00036a34
ffc86215
ffd1433e
006499fe
ffc124fb
00000072
007a4a59
002f10aa
ffc2923e
ff931e84
ff9f088a
ffaae928
00461349
ffcfd84d
ff8899b2
ffc5451b
00175629
fff5afe5
ffccec37
007af285
002ff24a
ff8f2d5d
0013c8af
ffb865ab
0057b55f
00731023
007786ec
00446011
ff8be03d
ffe77a45
ffbbacee
ff8d229f
00723f27
ffa99b77
00280527
006c6847
ffb8f80f
ff96d5df
ffb34b44
00683f31
002214ac
ffc73861
ffeb8300
ffdc01a8
001dae4f
ffe1a5c9
ffebedbb
0039ebcd
00630a54
ffcd6390
003ef03e
0016e199
ffa55d24
ffd95228
004501d5
0070a43b
00510198
00582a5f
0015c3cf
ffa3dd0e
ff9988bf
ff811124
fff2540c
0029c6b6
0064fc6f
ffaf8653
00391d52
0050bea6
ffd93bff
ffc1aaa8
00000073
004a396e
007e04ab
0074868d
0024982f
ffca2e00
ffb15ac8
ffa7e665
fff26de1
000c77ef
006c3ac4
001298dc
ffa35d5a
0062ff36
0079cd52
0010393b
0025d7fd
00124425
004c41ef
ffad7338
0025c935
002abeef
fffef7b2
0027772e
005196f6
ff8d1b0a
006dc7fd
0028b55f
fff6ac8b
0062da7b
ffcd37fb
00743f37
0051434f
0016b5ed
ffc9e660
005e0a7b
ffd6593e
ffaac3f9
00224dcc
00542365
fff7f3de
0071c199
ffcc63de
0056bdf2
002e7b4d
ffefed85
006a6af3
ff9e4b2c
ffb153e0
fff1c1a5
0064ab1f
ffc2ca33
ff92409d
004e60e5
ff9ff1fc
000f631a
ffd86c59
ff9099b3
ffdf8330
000c4a0b
ffc7532d
ff98b856
007320c8
ffe46d83
ffcc9345
00000074
005bc897
0032b944
0046f696
0059368e
ffe9d0b7
0067cc84
ffbe4fbd
006b18c3
ffafeb6b
ff8deba4
ffe49b5b
ffb35d89
ffab7c52
00726849
00738b77
ffbfcb60
ffddc6bd
ff9bacf1
005df313
ffc99241
005dd1f0
004f3d2c
004563c2
ff9986b4
ffdaa29a
ffcadc83
ffbdc4f0
ffe9ce7e
0024bef6
00738c32
ffc763c3
0020653f
001316c7
ffe9026f
005dd114
007527ff
00489994
ff96cd8c
ffd8c922
ffceb8ff
fffd4490
0068735d
ffdac965
001b34a6
ffb6ad1f
0054f35b
ffdb55dc
00045278
ffc129f8
ffb7e7d2
007e23dd
ffd982cf
004ce0dd
fff4504e
00113c0d
ffc5da72
ff89705a
ffe2b86f
ff879a02
00201b8c
0060f2dd
ffe7cda4
fff73fda
00142857
00000075
00648492
00569b7a
fff93c94
ff877688
ffaffa5c
ffdeddbf
005985eb
000557ca
ffda1dd2
0062c60b
0078ff7d
0051bceb
0008b58f
ffecd1aa
ff912de1
ffd097f8
0070007f
00285aba
ffa01f03
00795ca5
00270817
0013ecff
ffe167c8
fff6f44e
000855e8
00120e11
ff9da9c3
ffb7937e
ffe21060
ffe8f14b
ff99c556
ffd95b34
000c6412
004776f8
0065b064
002f3062
ffad47d0
ff91b9d3
00628393
0031a32a
0061fc25
fff50866
0039985f
ffa2a0de
005af9e6
00359922
ffd1d3a7
007f6bfa
ffd3a825
004684a9
00347534
ffdb880f
ff8983c1
001214c0
00368da3
00310ef0
ffc71fbd
ff8bdbcd
ffdb4f0a
006269ee
ffc3b13c
002c2375
000a64c1
fff10db7
00000076
004620c0
00465ce4
00639efe
ffa76ed2
ffac224d
00141e74
000b54b0
00443531
00328d4b
ffddd914
ffc00edc
006d0f80
001ab9c4
ffde7c25
fff0eefc
007d0612
ffcf8885
004a3d74
005c494c
ffe1e7b5
006d4292
ff8856c3
0036cc9c
ffa98854
ffe43323
007a2513
0035c1e2
ff8ba43e
ff9de317
ffd96ccb
00174987
002f11e8
ffe13d58
ff800e84
0059cf99
0067acdc
ffdeb5c1
00062ec3
fff8bd3d
ffd81cc0
0026c3da
00552a35
0029c6a4
0027f150
ffb7b0f0
ffcfb541
fff31a93
ff8a8637
004dd2df
00070ae2
fffd35f3
ffc0bd5a
0016e32c
ff959d50
ffc6f04d
fff5859e
002a590c
005db040
0017327a
ffe309ab
00123efe
00279851
fff47bed
0028a271
00000077
ff9bc476
ffb368df
00345a63
fff1da7c
00762211
00273aaa
004235f0
00125c5e
ffe4e7ae
ffbb568e
00025e9d
ff908340
006ebe5b
001d9d08
ffcc0399
ffb26349
007d89cc
000eaa58
003b47aa
00445a37
ffc86dd1
002e72bd
000f604c
ffa38b71
00315031
ffa4d81a
fff230cb
0077a7d2
fff061b8
0056ec97
ff9b34fc
ffe4b533
ffdf47b5
ff8231bd
fff51f11
ffb4fca4
fffb4196
004b83ca
ffad929e
ffd02c03
ffb60f9f
ff8656c2
001e940b
0079c747
ffabd4e7
007b4eec
ffc241a8
0068e235
00766e0d
ffe72d13
00346de1
0061bbda
000efeff
004c3435
ff818049
00702a4e
ffc34a5a
ffe723ad
00155bd7
ffe8d7e1
0038f50e
006ef04f
ffb50fd9
ffd4df27
00000078
fff6f731
00247bca
ffac4abd
fff9af32
ffec0886
ffb9e887
0056bd95
ffda3342
0066b412
ffdbc47c
ffd4ee2f
ffb4d709
00163782
0049b8bd
fff0fb40
00654dc9
ffb18fbb
001f069b
0023cb98
ff847441
001c7ae7
0047a4d8
ff8929ac
ffce34a2
003c18de
00017252
00792fef
ffded79d
000bc505
ffec48ac
0029303a
ff98a3b3
ffbc5a55
ffe621b0
001edea0
ffa9cf47
ffd3e333
ffa7159b
000b80f0
000bca02
ffe04347
fffe3040
00558efe
ffcf1a9f
ffeb62e8
fffa53fb
ffecc3c3
001e67d9
0065b5e9
ffa5446a
0035f028
fffadcce
fffd1051
fff28914
ffb2f0bb
00085407
ffbce9fa
ffdcb364
ff8174a1
ff90e777
ffa88d5f
001f15c6
ffa67da2
002130be
00000079
fff1eed9
007a05aa
ffe4ff42
006fb755
ffd434c9
ff8a05f0
00579326
ff8a5c24
00475b1a
ffb3c54d
fff4b7ad
ffc00043
003a6975
ff97fed5
00634ee6
ff8ff9aa
00619051
002147fe
ffe73e2f
fff0e773
0050231e
0017fc3e
0021dd8a
00563f35
ffd58d31
004648b0
00526a8f
ffcd7353
00794a46
ff999842
ffb360e7
fff3cc2a
00473f74
ff8ce5e5
00337554
ff8496e8
001afc6b
ffb0f47b
fff89abd
0071511b
ffaae522
ff99088d
003d11e7
ffe11f42
006d7b5c
0034611c
ffbf6763
0073c2df
003179b9
ffa177b3
ffcfb646
ffa45da5
ffba99cc
0016ac76
006ef5c3
00393c5b
ffbb3154
0055e587
004c2c00
ffcd2e5a
ffee21f3
ffd45e95
00784fce
000240ab
0000007a
ffcf28ee
004339b3
007431e2
00387f7e
00474f41
00005cfb
0023a45d
004e1a56
006f3459
000bf80f
005d88c3
ff9bb0e1
0014250c
ffff3b97
ffeafd07
0063ca69
ff940617
003b0613
005f9e33
00714edc
fffcde06
ffac97a1
0045f579
ffa7847d
003bc5cf
006b3cca
ff88467a
ff8235a8
ffe5c279
004b5288
005ffc5a
ffc23a4f
ffe33e8d
ffacb4f0
0074a617
0069547e
ffad556c
ffdb63d4
ff8f8bf2
ffc05346
ffcff120
00595247
00629f61
0006d3ba
ffde3fa1
ffc160e7
ffab2a0e
004594a6
004978b3
00647db4
00546f61
004a3dbd
00734c4d
ffb69d29
002e66d5
0046a961
003953bb
ff91b0be
0021dd9e
003149f2
00309714
0022ec84
0023fa07
ffc2e2e5
0000007b
ffad221b
0068a463
ff9cab00
0040fbb9
ffc6caae
ffd272a8
ff8b8fbb
001b0a05
ff8bb448
ff852742
007bc2fb
00646967
fff118c4
ffbb232f
000cc342
ff9139ae
0013148d
000e8c88
00014b03
ff9d6aed
ffe65dd4
ffe94282
007746b0
004a705c
ffb83678
002ff28e
00383233
0069c81d
003c1389
003c5a1c
002a09a5
0076cbd0
006e1051
0023c7bf
ffcdbd8d
ffe337aa
0062686f
ffdb9de3
0022f25d
0012106c
00467955
ffb04efb
ffda9464
ffd1c4cb
000bf4af
ff9bab1f
ffcfd849
ffb6fbbd
007516c6
0064120d
0059a262
ffdb894e
ff91ea3e
003eaf2b
003465e1
ffeab2c9
001fe373
00315099
0047eb32
006fa42e
ffcc460f
00417b0b
003ee506
ffc509bc
0000007c
ffded296
0020c6a7
000a9ecd
006c4150
ffd12af0
ffa35acf
ffecd9c3
001ce6b9
0046847d
ff94816a
ffd74636
ffbd2b61
002652f4
fff00ecc
00287303
ff9ecf54
0033650f
ffe72fc8
004a64dc
0018b405
fff71d12
0017324c
ff9410dc
003e4024
0029f4ad
000c0894
ffe10a1f
ffddba00
006194c0
001b224e
00330723
ffd5d405
0015cc10
ffd10645
ffb1ff6c
ff91586f
ff9d21ba
ffe9d4aa
0022db27
ffb7032f
ffeb1cb9
003dde0b
0025e874
ffb6dd34
ff94cbdf
ffced282
006f658b
00335885
0034f89f
ffe6be31
007e19bc
00366db9
000ec6b3
006a5e46
005ad840
ff925050
005dd9b2
00293699
001d402c
00025bf0
ffee1e43
ff98fc6b
000c7264
ffbc1a17
0000007d
00495085
0054d370
00234b7e
ff9d732f
ffa8d319
005930fe
006a30c4
ffb0f420
006fd236
ffa0564e
ffe7a59b
ffd2bf2a
0069e16b
0016b2d1
0000643d
001eed49
ff9a9fa4
ffe6e3c1
0020a720
000da2af
0054b637
ff8a37d5
007b7234
0012716d
ff89f30b
ffe991b6
ffd4831e
0069c6aa
ffdff8bd
00007db6
ffcd557f
0062dd10
00310633
00191afa
00436d06
ffdf6446
0018ae36
007d559a
0057936d
ffcd14d8
0000ac67
003f1932
000e3b45
ffa9cf7a
0061372e
ffc61943
00291a2f
00005b86
0059b8aa
ffb196e2
00253101
005f1269
ff817bed
ffe2d424
00033f2f
005c27b2
ffbf371e
005f0ae6
007cd867
ffdde93c
ffe2ed28
ffcae38b
00033dfd
0062e93c
0000007e
ffd4d296
fff8cfda
00086b7a
ff8672a5
00235695
ffce9562
0036f3d9
006727b8
0004972b
0027921f
003613a9
ffbb3f98
ff86a160
ffda9e68
0045cdb4
006838a7
0026bbc3
0034a063
0017a6ae
006f4057
ffb30049
ffc7a3dd
ffb2c6f8
00406f35
006acb17
006c52de
ffb3fce6
ffcf8ba0
0002159f
003bae93
002d1e3a
ffb783be
001383cf
fff6796e
ffb40ddb
00643531
ff85561b
00755501
00585eab
ffbec19b
fff2cb5a
0073ece6
00261d99
ff8fc418
000a8c85
ffd687a5
000c42a9
ffcc3a11
fff90c29
007b6e98
ffc0dd72
000badaa
007df5f8
ff94db9a
fff70d6a
002674cc
ff9cf26a
ffe0ae3e
0004e0a6
ff9ef400
005ed3b4
001aa770
ffa62574
003710e7
0000007f
0035cc30
ffea0b97
ffb06186
ff85e5f7
0030dd30
ffc81a8d
ffdd5534
00723f3a
001bbd52
001dc438
0071eda4
ff8769d1
ffacbbe0
ffafddec
ffc414aa
ffbb5e52
ff8bd514
000c75c0
ff88c9d0
0062b56b
ff9cac38
001fa6ea
00207224
001c944b
001008cb
0023a741
005cf4a3
ffd0f8ab
ffed91ad
000fbceb
007f56fd
ffb8269d
00047452
ff9aa047
ffa9762e
007e500a
001a9d1d
fff59b22
00459196
00788cbb
ff9f8728
00678a03
ff9721cd
003b7325
00741a57
ff92ce2a
005959cc
ffa3ed2b
ff8f2c9d
0064cf13
006ab505
ff87b812
ffce5170
00539618
fffa02e1
ffa1aec8
0048a226
007bf818
007b59fc
ff9d9eee
fff4f932
00101579
001002d4
ffadc1f8
00000080
ffe01a51
ffe99753
000cd43f
ff8ede9e
0068cb27
00584942
ffe6254e
ffc5b35e
001ac04f
000be6d7
007db4a5
0076fc02
fffc6f10
0005dfdb
ffc066c6
005a3aba
003a479a
ffba4a84
0025e0b9
005b31ba
00460c8a
001afb0b
00069809
ffe516b1
001874cf
ffe9352f
ff9e904f
0012b144
003c2804
ffd07a78
0048812e
0014aa75
005022c6
0037ba01
ffea34bf
ffd5274a
004e33c0
0060d20e
00570863
ffc92e09
ffaa2622
ffa47a3a
ffaff68a
002dee58
ffce14cd
ff94b1e5
006a9abd
ffe8a381
002c5904
fff0ee6c
0069e628
0011b8ba
ff86e687
ffbb692c
004963d2
ffe1a51e
00556430
ffe4b113
ffaa90bc
001fc3f3
fffcb5e9
00255991
ff966e25
ffd72af3
00000081
fffe1b13
ffe6d277
0022682b
ffe92248
003c2af8
005b0488
ffa3d430
ffffa6a4
ffe66c0e
ffadee4b
00698644
ffcdc9d3
ffb4917b
004ad37a
007ff3a2
fffcdfff
ffe571c8
ffc3c367
ff852673
ff9441cb
ffd822d0
ffb1bb17
000f741a
ffa9068f
ff924014
0008340b
006cee3e
ffd9afa3
006e8d78
ffcdd808
ff91070a
00233788
00130baa
ffc153a5
ffda31c5
005a7347
002dc599
ffb8b329
00183353
ffc3d003
ffb6f350
ffe29b1a
fff750db
002d5f88
007625af
ffdb642b
ff9dfa2d
ffb57b46
003907a6
ff8aa44a
0067fae3
000c8d80
ff82adfc
ffd89f56
002cf76f
00049463
ffff5e0f
ffe83d42
ffb0690c
002759e3
ffbfb2dd
fff5aecc
0078fd2a
fffc9c8f
00000082
00716619
0001dea4
0059e944
ffdfd537
ffbea8dd
000598fb
fffdb3d4
00212fa1
000c4175
fff680a9
ffd7407a
fff6651a
ffdec93e
002278c2
000f2432
00721791
ffb09622
00574706
0006c002
ffd34f05
ffb848c0
ffb662a1
ffe4609e
00523020
0018ad6a
ffa85675
0075a207
ffca4a55
ffd6b472
ffd993af
003013d7
001179b9
ff85ae69
0048f545
ff826d05
ffa802fb
00409c5b
ffa1a0ca
ffab2b3e
005566ba
ff9f18f5
003500b8
ffcc4bf6
ffed8fd1
002e396c
ffcf991b
ffa73805
ffc29bf0
ffab3300
fffa97e2
000d2deb
ff9ec4be
fffeec32
ffe008ac
ffc90a17
ffd169bc
ffba18c2
ffd02f04
00334ea4
0066d1cf
ffdbe7b6
003362ce
005469a8
006fc955
00000083
005b93d1
0068f815
ffe3d922
ffb5bfc3
006f5e77
fffc063d
00550749
ffca278f
00386792
00451a8c
007da748
004ace82
0021a1c2
ff928064
ffa87790
0046177f
00661bed
0016abc6
00503a1f
ffb31e24
0070e644
ffc2f566
ff8b9c00
006b9da9
007bde42
0034dbc2
ffb25bf1
005e43ef
005dc40c
0075e8a6
ffd021bb
ffd9d15d
001571f0
000a0765
00780cb4
ff8e6c35
ffd5796e
002faf52
ff95d1f5
ffe08480
002b036d
fff15741
00676f4e
007ee93e
ffcf6bc1
ffe2d496
ffd4b39d
ffcc9ba3
ffe14eab
ffe2cd45
ffe72930
ffee261b
000ca5d5
0014ba44
ffa48466
007b2dbe
ffe1d2df
ff8fb4a5
00562041
003a51ec
ffc2e6e2
ffa8865f
ffee6efa
fff58ada
00000084
0013135a
003a01ad
ffe1359b
fff23168
00018b49
004e78d6
0028476e
000b0782
002ddf4b
ff877228
00284485
0058c0fb
004a9b55
0025b48f
ffc4bb78
0075ae24
ffd06757
ff943197
ffa34fd4
fffe8b45
00261e06
00006627
002d492e
0021059c
0030dfa5
ffe8eacb
ffcd7201
0000e292
0064f47d
ff9a6576
ffafabca
ffa83233
00135d37
00544692
0076f704
00680317
ffdcc65f
0079e342
005a9afa
ffc0bcd1
001de511
ffc977d0
002c6667
ff9931ab
ffcb746e
00434696
fff32403
0022864d
0048b893
fffbe847
006fa841
ff854f7b
ffcf1795
0048b2f3
ffbad1b6
ff96ae9c
0010197a
0034f7b0
ffd7fd51
00002308
0049e96c
ffbd6c05
ffd504cc
003d8e1e
00000085
006dcfa3
0045d1c8
00402ba1
007d0ef8
ffbb3012
ffa2cfce
ffc6d589
0077a365
00386217
004b80aa
001b6015
0051ef80
ffd95d62
00449fb0
ffe16c05
ffb48c55
ffa5a89e
0011618e
ff9bebe6
ffa5931d
ff9ceda5
ff84fbed
ff87e6be
0020651c
007ca9b1
ffe1bcdf
0037f9cf
0045b691
005de7ac
0040a7ab
001c6307
ffae05b2
000bcb6a
ffac02f1
0073612d
002e71bc
003c1698
ffb47dbb
ffe49c3e
fffb71da
ff943275
0022ce49
ffcb75c7
0064c77a
005cc487
0033baa0
ffc1de5c
00724de9
006de669
ff887f89
0001925e
fffcef9e
ffd209c4
ff82b935
004a7657
fffac935
003decc8
ffafcf43
0055297d
ffe968ee
0024dfcd
005e8112
00114001
fff574aa
00000086
006d754f
0025133b
006caa7f
0075e79d
ffd48479
ffb275b4
002d3f9e
001c45ee
ffdd21cb
00481ace
003aedca
ffac7571
005d9dbe
0036ae05
ffd44fc7
002f7843
ff93ff7b
0070a522
ffab983a
00709c5a
006eec94
ff937384
006a6342
000f8316
ff8fc795
0034c692
0027d5d5
007d7723
ffa0d33e
ff9ce8dd
0002a39e
00266e62
ffa4925a
00615147
ff953088
ffe0ee95
fff0930c
005400cf
ffe533bc
ffd802c9
00520381
ffae9530
ff8b87c5
ffb88d1a
ffa1ed1b
005742b7
006320ed
ff8ffc9b
ffba2e68
ff9d956a
ffbb7f8a
ffa8b965
0057cb66
ffed9610
ffc76c52
fff4f9da
ff9ccf11
00217236
00538f1d
002078bf
ffb9c353
ffa9b6df
001c40d8
fff6d4e1
00000087
fff2469e
0011c9b3
fffad9d7
00787dbb
006aff38
00310d45
ffe4aea4
00059b93
0048dcda
002d79f5
0033095f
0008b802
fffa2795
ff9bc8b3
ffd02181
ffdfc980
0055d6dc
0013bca2
ffc68467
0012a9d6
fff1d47d
0046ba19
ff820446
00145ad2
007cd34f
00185037
005f6503
002ca3a4
0040c831
fffcb6ec
ffbfef14
00748798
0020bcac
0037cf18
0050b4e8
ff9d27cd
0072fc47
ff85c057
ffc689b0
ffd49726
007b2088
00398956
006956d3
001da112
00044fb2
006ffe8c
ff84883e
ffeb0658
ffce4d0e
fffb43c5
ffed3f19
0006be77
005d72e8
003450b2
003f613e
0045f2dd
ffabbfc1
ffe86a9f
ffaf63d0
007ef5ae
00643605
ff9e969a
007c37b9
00736259
00000088
ffb151d0
00257601
ff820910
000fd1de
ffe3d371
001dee2c
007695b7
ffac8a6b
ffe15b3b
ff9fff44
ffd7eeb3
0076cfed
ffddfc99
005f2090
ff80aa0c
ffd76fcd
ffedd35d
ffc908b9
ffbf1f4d
fffa6947
007460cd
0029c9df
ff8a2d4b
00323e56
0052c00a
ffd1caf9
ffb60186
ffd8a16d
ffc22078
003eda1a
ffda917c
fff681b3
ffe4fc32
ff97874d
ffccd26a
00200044
003c84ca
0065a2d4
006113f1
ffb18a95
0035f357
00149ce0
ffa3d466
007dbc4f
ffb210d8
ffd56782
007b3a2c
ffc9c025
00651512
ffbe3862
001e66a7
005e2d19
003040bc
00498d86
007d4ca0
00269236
ffd3b38a
00780f02
ff9bde6c
ffd99ba2
ff9abc9d
ffb7dee8
fff6dc5f
0014562b
00000089
0012c896
ffdda75f
005c6061
0017b9eb
ff9e0545
ff84ddf7
ffe0b835
00714218
001d6404
00677c4e
00126115
004fa71b
0015e795
ff99e304
fff6d1c6
0041899c
00602497
ffc99516
0039739c
0055fc3e
ffd38de7
ffb7aaee
ffa93d4b
00395944
005699a0
ff851981
ffc421f6
0063488c
ffad7c3c
ffb78242
ff90da35
001de368
ff88ef7c
004cb4a1
003cabcd
ffea3d26
00591a11
ffeaee25
002399c3
ffff2e0b
000bc54e
ff91076a
0064c717
007cff02
ffac9e64
ff9ce9fa
003a3caa
ffa093d6
00584ed2
ffbc6191
00683b77
003503b2
0035f5a0
006cbd9f
ffed99c3
ff8d5db2
ff90c049
ffbbb2f5
0047d3ca
00447032
ffdf0697
00261f82
0078c258
0026daa6
0000008a
00518cfc
ffd381d5
00200fa7
002d109f
fffc88fd
ffb8ff11
007c27a6
ffa59e4f
ffc7cf6c
007292a3
ff8bc374
0011299c
0034588e
fff829b1
fff57fb0
fff2280a
007fa942
0026f1b0
ffe2fc87
fff760c2
0014462b
fff424e2
0061f6b3
0070b130
ffdbd7b9
00431779
ffa59e7f
ffc50cb8
0079f28e
ffef6034
005f239e
ffa24b76
fff7944f
ff836cf2
ffee8c5a
00411f4e
0046232a
003e7fc2
007522fb
0022312a
00654fc0
0074dfaa
ffd249ed
002afe2b
001b06cc
006c3370
ff9e1209
ffcca7b9
ffa05a50
007a8b71
00652a97
ffcca90f
ffdee92d
ffb44508
ffe50178
ffc55de3
ffc5b354
ffce3753
ffca48ac
ffb23b74
ff9804b9
ffc267ce
0050319c
0009a755
0000008b
ffa57111
ffb85ead
000162b7
fff22b7f
ffe21b33
ffb3826d
ffa393e2
004b4fe1
ffcc56cf
ffdaff5e
ffb3c763
ffc1b42d
ffb13c09
fff0e54d
ff8b327c
0006823d
ffefaa55
ffc104f9
ffcb7b50
ffa640c4
000d4033
ffaec42f
ffcd835c
ffda21fa
ffd66d61
00250442
ffaa625b
0016d998
00264cfb
00229050
ff989da8
00769e8d
ffecc0c5
ffdbf449
00209627
0039b803
ffff8f89
0036f16b
00574c44
ff86d56f
ffd8b79a
ff9dcac7
fff1518a
001fadd9
ffca7af0
ff94b331
005ce94f
ff90eaf7
ffbf3777
007bcfe9
ff9b0cfd
ff8d0112
00455301
ff8df6c4
00766b06
ff873df9
0072f457
ffee3068
ffad9b11
ff96c0ea
007fa3eb
0013122f
0015fd86
ff8629cf
0000008c
0030b8a7
ffb64170
00780c27
00776a7c
003d9705
fffc621c
ffb70632
ffdf07ba
003d0ffc
ffbcb8ee
0000edd3
00510e74
0005a01d
ffeeb4b5
ffbac47e
0010b81c
fff72bf0
ff95c50a
0041374a
fffae5b7
00190d34
0051cc39
ffb60984
006e4873
0041ec98
00469bef
00120864
005e9bab
ff97bf5f
00329364
ffa84b9d
ff82c1b1
006ca3d0
0028a772
ffb30984
00301aba
00417f9c
00383d9f
0054241f
005cc960
00325f86
0049993d
007c499a
fffb02b2
fff552f9
ffb13227
007f5709
001039e1
ffa5db58
0013e962
0024682b
0029b386
ff9aa01d
002a34b5
ffecd48a
ffdb82c1
006c4c08
00688364
ffa6a4f9
ffd91328
ff943c75
0057a392
ff8e5406
ff98162a
0000008d
ff86d0e6
ff80e659
fffb5468
004cf8c4
ff8c2b0e
0062b269
ff9a45c6
ffece847
ffbea7a7
00230977
ffbb3137
00215bba
007154d5
0029b5f0
ff99fa58
007e3b5d
ff935721
ffc02b8c
0034402c
003c46fc
001e44b6
007fc942
005ea895
ffc7f07f
0040e01f
001cf2df
ff886667
0011d225
fffc54c2
007c80a9
ffe73355
ffe98178
ffa3f5b3
0059b162
002081f4
ffae0ec5
fff4cea6
ff93edfa
002db0ef
00488030
ff95fcf7
004966db
002ee3bf
ffad92b9
0007398e
006f2564
002beec5
0075f6db
ff96b65d
ffda43c9
0018a10b
ff85679a
003bf297
ffbfe97a
00466beb
0042eeb6
ffb75683
0032abd9
ffc4faf4
0064d532
00629d7b
ffe4b691
ffa8797c
ffbc51bb
0000008e
00304a70
ffba7505
005d1129
005f1dae
ffd7d605
007e2230
ff95fc79
ffde6780
0024c151
ffc966c5
006e12c3
00050bd5
002ebd56
ffc1b821
ffacbea1
007f7f2d
005d5170
007c8486
ffce198f
ffa9db41
ff9cd2ee
ffeac13b
007b0be4
ffd60b2b
ffa29c9d
0041222a
002d326f
ffa2770a
004209dd
ffe2c61d
ff811af1
ff801ff6
0073bc3e
0060fed2
007e6a69
fff6c5d1
ffe37e3d
ffa1913b
ffb2a9bf
ffa60b2a
000cf1e6
ffc2d318
ffbdd742
002db84a
ffe9ac59
ff838cbb
00274e55
ff82ede4
00083f94
0048042a
0023929b
ffefc7e7
007ee9cd
fff5a176
001668d1
fff6d052
0037ae82
00024414
005acbd4
ffa37a09
ff866116
000b8cc2
000aca76
ffe32d7a
0000008f
fffd68d6
006b93f9
ffb80f15
ffe9ac4c
0064be53
0052694a
006498ef
005e0a33
ffd92a4d
00496def
0078ddc3
ffd7b84f
001f3cbc
0028cadf
ff8e310c
004e168d
00206cb8
00064f22
003e7ce0
ff9ec4ec
fff7fcce
007bbfb3
002d2cfc
005260f7
ff97ed8f
ffdb229e
ffabc446
007f331f
0077d8f9
ffe54648
ffde8da1
fff21518
ffe2c6a1
ffcbcc8c
001eeef4
0070c924
00743a90
ff9f0ed0
ff98b58e
00283b4e
ffca8deb
fff67c90
ffb51665
fff3d635
ffad9a60
ffdf5eb3
0067d1db
0005fe28
ff8d73f0
ff8efb90
fff6ccb0
ffdd5c4a
0076a998
fff6516e
ffe0de4e
006c96de
006e1f96
ffd20105
007440ac
003384e9
ffd43f49
fff65d5b
00375a6e
ff8ef674
00000090
ff968500
ffec876a
005b1a84
ffbf40ca
00528ebf
ffbfec0b
0076020c
00118157
00028542
ffc1d518
00609c69
001a5526
000ed313
002da2b0
006a7242
00368129
0060b3ff
ffa7f02a
00725613
ffe1284e
00132916
000de327
ffcfb817
ffb83c87
ffe693ff
001bb337
0052cd88
003d89e3
ffa67989
fff5acad
001c6078
000b2aa4
00667756
ffa966f5
0042758b
ffa5fa17
ff940ab1
0070e46e
ffa433f0
007f3020
00568c9b
005fba4e
00486b36
ffabab34
007d7903
ffd304bb
006d8160
00756448
ffa208cf
0047df41
00535c43
ff967ce8
003ebf35
002845b8
ffdc5e8a
ffd6881d
004b0e85
000c3486
ffc3edc4
003427d5
007657f2
ffcc0f04
0035182e
004fd639
00000091
00049c5c
ffa2c1db
007fde1a
ffab9d8f
ff8934af
00305b05
007cf659
006fd846
0071a2a1
003312e7
ffd67d33
ff94e31b
fff2be7f
00565918
001cabe5
000f71fd
005a144c
ff9cbd98
003f8c49
003beaac
ffb126e4
00696751
fff18d13
ffeb57bb
007d6d50
002a1544
00214af8
000630d6
fff7180b
005c4320
00016827
0002e9de
ffc7f8fc
ff948739
0031fca9
00590dd2
ffb977ee
ff91507f
000746f7
002604ff
006f0f16
000cd397
ff9e3cef
ff8d063f
ffc5596d
ffb42dd3
fff1cd11
ff952831
ff99c7ac
0048f6d4
ff972749
0000ac57
003ad827
ff940678
ff87783c
ff8dc478
ffa69fca
0013e434
0013b2cd
fff7f251
ffbc01f7
002a735b
ffe256f0
ffee0ea0
00000092
ff819fe1
ffd44d3a
0060c8d9
ffa2ac48
ff85c098
002f9e55
007f3864
ff8e68f3
ff937aec
ffc0a989
ffd2e47b
ffae15e8
ff837aa3
0060fd83
000fafdb
ffb2624a
007e0644
ffaa16b6
ffb8908b
ffc02994
fff07feb
0067f75a
ffb53c81
ffab8633
ffe1916f
00359ba9
005b6437
0059a00c
0032e8f7
ffbe4630
ff8e047d
004017f7
ffb50197
001855bb
ffa44671
ff938d9f
002d1a73
0020250e
0042ab14
002b0afa
ff8d2781
007503c9
0057cfca
ffdcbe22
ffc47140
007af27e
fff7bec5
ff829d67
ffa62ee0
ffb44aa1
ff81ce1e
00137a0b
0023fe64
ff8c7d35
ff823769
004c0c35
005a95d6
005a0a26
006b91a0
ff9021f1
ff9a81a7
002c2366
0064bc77
000aaedc
00000093
ff9b7492
fff65303
000453a5
00485376
ff8e3830
00460772
00371543
0024b93c
0025f7ad
ffb2052f
fface849
0070792b
ff85d776
005ce060
00769fad
00635b6f
003baa62
00657b73
ffd3ee86
ffacca1c
ffc83e80
000b5a00
ff8688ef
005d472b
ffde6e0e
0018c3a0
006be854
ffca09b4
006a937a
ffd02c15
ffd16d42
ffca0f9c
00429155
0040e2f1
00645f27
ffdd26c9
ffd05dbe
003d6af8
00306677
ffab9443
006ff1fa
ffad6918
0059875b
ffd9f62a
ff8336b8
ffc37294
004e28de
00151bf0
ffdf777a
ffeda9ed
001ff7e5
002d73ab
ffdf8255
00691280
ff9241a7
000ead36
00006453
0033b489
002074da
000699c1
ffe92b75
004374e5
ffe43281
fff970b1
00000094
0006a8ef
ffc5ba66
000f5898
ffb8de7e
006c8919
000256c8
ffc2f84d
ffec52bc
004de3cb
ffdadb19
ffdd59fe
ffa2c62a
003d33cf
ffa51393
0066ff06
00028a2e
ff9cf246
0050b7fe
001a66fd
ffa65980
00456442
00151dce
0046bb8c
ff8551a8
0069efaa
0066dae0
ffd9bf75
fff6a576
005b133c
003ae8d8
ff988e22
0069dc3a
ff950727
ffaa5db6
00594c69
ffe24786
ff91912c
0028ad0e
0066777f
00108ef7
0062d294
003ac987
0070a50b
005c4825
005aa345
ffb69248
ffbb5111
ffeaed52
004882f0
0073053a
ff8dc86d
003d6092
ffc0decb
ffc48dc8
00462907
ffeffcf8
ffac01ae
ffe3a0c7
00600fe2
000d03d0
ff90f663
ffb95b38
ffd05ff9
ffadde47
00000095
0044ec1a
000437fc
00765bbc
ffd840cf
00523509
ffafdb06
ffc56dad
00405fd4
001ccca6
0008fe5b
ffe086ef
00395536
005d1086
000fe5c5
001e982b
ffad8986
005ca303
ffa29943
ffc7eb86
fff04076
fff4ffaf
002fc81c
00107a44
007fb277
00630940
fffcb1ea
001cfa21
005a6449
ffb1da2c
00169c68
ffe44c1d
0043a69b
0005c652
003d492b
00091683
003c01cb
00159a8f
0079dba9
ffbd142a
ff9f788f
ffc668ed
ffa50fee
0015b664
ffc1a768
ffa817af
003d06d7
ffc05a31
ff8f0c7e
ff8a70e9
ffa8aba3
ffb019dd
005df81f
ffdfd88b
004f13f4
ffdd4dd8
00408fc7
ffa064a6
005cda1a
ff9c98f7
006c0461
0077fa16
ffcf9c8f
004bbb96
ff872f70
00000096
ffcc9abe
ffa55329
fffea5cd
002541ba
ff878084
0063cc02
0016dafb
fff8d423
ffb6938c
ffc6a0f4
007f12f7
ff9dcd61
ff98af51
ff879cf2
ff809569
fffcd379
006cf92c
ffaba13b
fffdb6c2
ff84e496
0045f8be
0047fbbc
ffdc61df
003878af
ffcfcfd5
ffcfa2d9
ff8f17e5
005493a8
ffb5831d
ff8ac6c8
00534be7
004d7dd6
ffac123d
007fa454
00552560
ffed58c0
ff89cc18
ffccdcd5
ffac037d
ff97ef9f
004a62ac
fffd2795
ff9ad796
ffc67490
ff85e6b4
ff8191df
0046ba43
ffc16a93
007e1537
00681cce
ff8408f1
ffd1bffd
ff8b3d62
005d66ef
ffe94c01
ffc2f364
00308415
ffe88c8c
ffb17454
001603a8
ffbd7b70
ff85409f
ffe78740
00739918
00000097
0038a47a
ffcba7d3
003d27c8
001725ea
0020e474
00203d0e
ffe9694f
fff5095d
0007616e
ffdc9dad
006abcb6
ffc51119
ffd3fefa
0019f275
005439f7
007e9620
0026f5f6
0038e692
ff9e2a57
00027bb9
ffd04eaa
0067e2aa
ffc55f2b
ffb644ba
ffe077b6
ff87302e
fff8f759
ffb2f303
ffe7ee95
ff9541c7
001a5d45
ffc5ab65
0065b2a1
ffa5f730
00742e97
002b36ec
ff9c4dbd
ff967411
ffb6589e
000455dd
004066a2
ffa9a7ba
ff957023
000d160c
000560d0
0055a4c4
ffa75836
00581557
ff8a3030
ffbbb192
ff88f39c
ff8e09f6
0013a9ff
ffdc4f53
ffee8e62
002021d2
ffbb374c
00565ec2
ffbcad05
ffdd5eff
0004f0c4
0025709e
ffe8a082
ff9d278d
00000098
ffcbd506
fff9a672
ffc77815
00304533
0041431f
ffdf431e
ffa9d426
00612dba
ffe88d3e
ffaa010c
000be5de
ffeb4edb
ffdb0bf5
0052371b
fffceea2
006b6a6b
0042a5ca
0071f66a
ff87296a
ffbb0ba3
004507fb
ffcc4f2e
004211f9
001f9848
ffb5a17d
ffc5ab76
ffe7666c
ffd9683d
ffd1008a
ffa3303b
ff8c5c22
0075b05e
ffd12b51
ffc257a4
00251819
0055fa19
001d383f
00016e46
ffa16f43
ffe130a6
004f38a6
007be7c0
0018331a
ffe011a6
ffd9904d
ffe8fdfd
005ed5be
000caa8d
005aed92
ffa941a3
0062c6ad
ff8652f6
007a4d65
ffc48674
fff72342
fffbf806
00625e34
006cf9b7
0061756a
00650fb2
000f07a4
ffefa288
007e6552
fff3f5b4
00000099
005107e9
ff928636
0010c2db
00397893
ffdcdef3
0074de4e
0071f5b8
ffba3144
00004c5f
ffa9c3f4
ffafc0ba
004d1db0
ffec9c59
ff8ee949
002d5842
ff952342
00302b97
ff803859
00683124
0032abec
ffedc029
00108df5
0005d7f3
000328f4
002c5dea
0051f798
0072f576
ffbd4c63
001dce0d
00678498
00266529
0036f294
ffd9e35c
ff8d9b69
00488b7d
ffec64a1
ffac9a72
001a8b53
0028254b
0054371d
ffd90676
ffff3300
ffa3e9e8
ffecff1d
0039715e
ffb87905
00186383
000a55ca
ffcbef94
0047a193
ffead14a
0019ec7f
0034407f
005a15c1
ffd9d06e
ffaee217
ffef3cb7
ffb2f85d
ffe8223d
ffe66214
ffb37488
ffffecf0
ff96e5a6
ffbc5f5e
0000009a
ffc6b9f4
ffbd09b9
002eee08
ff98bd2d
00782a99
ffa91394
0033e841
0018cf04
0036f97c
000aa2c7
002e5a09
00470838
0025ba15
ff8b82cf
ffac773a
ffb66f37
ffdf60f5
00148fd3
007b702c
fff3c959
fff448d0
00504a79
00092a50
000be573
ffbc8d0a
ffa3614a
00263c50
ffe1f073
ff8446fe
fff1c82e
001bf3dc
ffc3924a
ffd40f37
00357cfb
ffd908ee
ff9b640a
ff9e049d
ffbb4c94
00283bec
ffc8e4d0
ffdc1dee
ffcda322
ff825b61
0030b913
ff91393b
001eec5c
ff995a61
ff96f78c
002b68ce
ffc102f3
001baf48
ff843a26
00245cd7
ff8e42b9
ff8b3c8e
ffa62c22
ff97faa5
006bf887
00404788
fff575a7
ff975bd9
ffc32d64
006c86df
000c3106
0000009b
ffc9d05b
00368eff
003702ab
002d9f20
000f3fa3
fff6e76e
00302331
007439ea
000f98c6
000d3e2a
001e31aa
004eb396
00561ed2
007a4408
ff80477b
0045f13b
ff947d35
fffd5514
ff988717
006d0980
003f7f63
0034fd59
ffbe7363
0077a94f
00623337
ff8dd7da
006edffb
003e4a3c
ffd7188c
ffd6f751
0021cce1
ff837a6f
005ab9c5
005eb9db
0047ee82
006d7cda
004fc935
0044464e
fff549e1
ffee6fbc
ffc70de9
ffcb5246
0018ad88
00607d6b
ff93d897
002e1c00
0020f3fa
000a2cdf
fff60d57
001a8853
ffe5fbee
0026540f
0021477c
006d747e
004cb96c
000e81f6
001fa3db
ffa54034
000ee52c
ff950155
fff643aa
00576952
0073764b
ffc2ca50
0000009c
ff859e80
fff11068
ffc1ff22
ffaffc91
0063246c
0054e38b
0055fda2
ff997599
ffeb9fb8
005f76b0
000a2948
007bb06c
002e72d6
ffbe627f
ffb3b116
ffc2a000
ff9eceb3
00228d08
ffe59f57
0020eb58
ffd05662
ffa12c94
ff9a2ff1
002f70e8
0070738f
00263861
004e62fc
002cccfb
fff63041
ffe0911c
ff9566f8
00023366
0058e142
ff82b4cd
ffa10c46
fff6acc7
ff80ce19
003b6c91
0011e993
fffcc182
ff8fd472
000f1298
fffb4052
00207386
0078d464
fff0c104
ffa7682f
ffd42ce6
0029e822
ffa95e3e
ffb7e9cb
002797db
ffd33ff6
000b2950
005863cf
007cecf8
ffec627e
ffdb50cb
ffc358a5
0076c355
0059be5d
fffe0cca
ffe39198
ffceefd8
0000009d
0047e2d4
00608fd9
002c05fb
0041f4a5
007ae45b
0004e0b3
ffdfb3da
000f9e7e
006ad01d
ffc561b6
0050e239
ffe1e660
ffb03f03
00413be9
ffe5b2c5
0035d1c8
ffaad9d0
ffecc278
ffe26203
ffd67073
ffbcdbc0
ffd84f79
ff85c3fe
ffc6a75c
0045264f
fff2aea0
007d9cc9
0023b456
ff853f5d
0062387c
ff8b36fe
001a88f4
ffd67363
ffc3a3c3
0028db31
ff8de2c6
001e4b25
000ac298
ff83fb53
ffc35fe4
0019d957
ffdc0b36
0028cacd
0010a2e7
00129219
004dce0e
ff9e0348
003f5003
0003b45a
ffc80c60
ffc6b23d
fff9e9dd
0012e22f
ff922941
fffd4fa6
ff8c3ea0
fffd1d66
000d004f
00189b3b
001595ff
001e1fba
ff86767a
fffc9381
fffcd112
0000009e
fffcf567
ffdbbb6b
ffbbdab8
ffc3343a
ff9f0f39
0024396c
006b3c82
003313f2
002284cc
ffa69c81
004fdfed
0027c3e3
0019d7da
007e8220
0026f447
ffb35e40
007c76e0
ffc0f35a
006c9fa5
ffd394c8
002c8b2b
ffb96a7d
ffc179a9
ffebbe63
ffc422bd
ffa1dded
002399e0
001c23e1
00086f99
ffec5f4a
ff8ba2ea
ff8bc92d
ffe7932d
005e18a8
00683954
ffada989
0038bc2f
ffd867e4
00421bda
ffad76b9
00338cd8
00222ca9
00279286
001511cc
00648d2e
0047d879
ffeca7d4
0063150a
ffaea51d
0032dddd
0052445a
ff90d587
00181adf
ffbfb894
ff8266f3
0027ff48
0006a1f1
005b5ada
00028cac
006a7b09
0055ecdf
ffebb4c3
ff8940a6
ffec26e0
0000009f
ffb36e89
ffc3eafe
0006e42b
ffae2ea2
ffd09771
004effa9
ffbb3cea
0075dc66
ff8bd5e8
003d25c7
0004191c
0043a1b9
ff967484
ff84097b
000c2c3a
005fdec2
00001780
ff8d9f15
006722dc
001d034e
001515d7
004c4627
0069c258
001ca900
0042a45c
00410b98
0057a827
ffe82905
ff839401
004f633e
ffb65ba5
ff877df4
0015d913
ffd14c1f
ffb5944a
ffc59231
ffc61cb0
ffc4ea72
00114316
0062f0c7
000957bc
ff9ead03
ffc02015
ffb71c9d
ff8ede4b
ff8718a8
002c8c62
004be0ce
00321fd9
ff889980
005964fd
ffce8bd8
004a7827
004203e6
ffff40b4
ffc28d31
0013d2cb
00157b07
ffde6790
003afa66
005ba6b0
ffb79bf6
0008cb05
00077a12
000000a0
000094e0
ff8f579c
ffb76ca4
ff978cf8
00126bd8
ffe22625
00643622
ffd9e285
00251434
ffa04c3c
ffcdb6a7
0079a777
ffdb059a
ff93e6c9
ff8ed2ac
007de839
ffbfb193
002f9d0b
fffd5fec
001beb33
004b6a56
00602f52
00363e8a
00507b7c
006d0604
ffd82817
00299ace
00554a5e
0072e586
ff8ea98a
ffc7bc25
0012a767
0058ff54
0044d6c8
fffa8884
00312080
006f4692
fff7ff36
005658fa
002e9b1e
00111df6
00543dc1
fff126bf
005864d7
006e114d
00707e24
ffbea9cb
007ba760
004fe7f0
ffbb6618
00379ec2
0028e6f2
ff86b671
ffed1a17
ffd96096
0026bf6e
ff9a207b
ffef792f
fffa7617
ffbddb4c
ffcaf639
ffae0987
ffde67a7
0057020e
000000a1
0035dfe2
003db91b
ffc5b0b1
ffc0555c
00305758
002701b2
ffe9a867
00547360
ffa9e823
003cd102
ff99d559
0008987d
00275839
ffbd68fe
0032d784
0020240e
00295315
ffe0f58e
00041e19
ffd8a8dd
00333230
ff824459
003f4ccb
000b779c
007bd1b6
ffb4bdec
005f53db
fffbdb69
00570c56
ff9141d7
ff844213
000a36f5
007db6c7
0069010f
ffd1941a
ffb0dc40
ffd37632
ffaee765
ffe003d8
0003be70
ffb26ef6
004e7c85
001a267f
ff828589
0034433a
fff9bf1f
0019dc30
00605e33
ffc23a55
0034473f
00343fbe
ffbb661e
000c23a1
001844a9
ff861837
fff9e0ec
ff8b6ba3
00280d2c
002c6565
ffc1c290
ffa7d76e
ff9bffe5
004c7bad
ffb18c10
000000a2
00163b20
00462435
fffa6a7f
006a03fd
000ae561
0045a0a1
fff89d0a
ffa2d304
ffe60c18
0039535b
ffd2af4e
0030edb2
ffa60e81
0064ef91
0026fda5
00607f6d
ffd92354
000ece97
001cc391
005c58f0
ffb49440
0013d0e4
ff9fea19
fff5454a
0052320a
003e0325
002630d0
00634a28
0075bb8d
0050e5b7
ffe77188
ffc0f304
00408096
ffa33800
ffe0c77b
ff8cef85
00445d93
ffa23a9f
0040e8ab
00466bf5
006c2909
ff802f10
ffbab974
ff8376cd
ff8d66fb
ffde9e21
fff777b2
ffbd5c1f
ffc590a4
00379c52
00277472
0046ab1d
0069e30a
007b20c2
0051bbb6
007c8855
ffbf7ea4
ffa4f55c
fffb12e1
002302a7
ffdd8b87
ffe78ada
fffecd49
00031146
000000a3
00386ed7
000eb759
ff8e0e2f
ffd83f3e
000c3e79
ff90f88a
0022aa86
ffad5829
ff8e6be2
005e8aee
ff85672f
ffffbd71
ffea1834
ffa51693
fffb0d44
ff95c9d0
ffb46bbc
001fdaf5
ffb5aa9c
ffe30e8e
fffa7c66
fff2162e
003c3d77
ffefd258
0011d713
ff9b79f8
ff81864e
ffd5538e
0027a26e
00364488
00548949
ffae6512
000c5a29
ff8b807a
ff816b97
001cff8a
00778af8
ffc986f4
00326332
0072316a
ffb08727
0071ae5f
00020088
ffb0b8ce
002c363c
ffa8b70b
ffa46607
0077a9bc
ffc1779a
ff8bfc67
ffbaa267
ffae115e
00546098
ffeb03e6
ff82ae68
0059c096
ff8a5b8a
ff85dd64
006c56ba
00689cbd
ffa8526c
ff866ab2
00279f55
ffc98835
000000a4
ff912c55
0046811e
005944cc
ff9c4c4e
004ff2ea
0001f165
005cb77d
ffd1afd5
ffa7fd1b
ffde69c1
0036cd27
00365c6a
0068abc5
0073428b
007c5d52
ffc0a140
004a127b
000fe1e6
0003e184
ffa210e9
0068e533
001e0a91
ff8e0957
ffd42ac0
0056f125
fffdeb39
ffb5868e
00176f8a
00133bf7
ffb00b53
0023a741
003db7bd
ffb19638
ff974e81
ffdc3df3
ffb8c123
0038b894
ffe16f44
ffa7487e
0071b20a
ffe2a262
ffe97785
0072cb1f
00072eca
00340660
ffc87bf1
0078b2b6
fff769c2
ffe14d3a
0042c8a3
ffdf6c76
002f2ebd
ff9b1cba
0009dccb
ffcf144c
0057550c
004c9786
002eb228
ffaa0bc2
006c7ea4
ffed8abd
ffc7fb06
0007e5b2
004e6a89
000000a5
ffbc3a25
fff55415
006f1dc9
ff9d8475
005bd1cc
00040f64
003dfbed
00704b6d
ffd08c8e
000bd3ea
fff375af
ff905591
00463bbc
0019944d
00137665
ffe38871
00269569
001632c7
ffe4f438
ff8a0a8b
ffa4edd1
ff89bdfe
00709045
001ea0b9
ff93ddc5
ffe1c9d3
ff8fb9b6
006f5cc6
0014fdb3
003e1414
ff90d567
ffcdcaab
ffc6bed3
ffd2ed84
00196e0b
003e1dc4
0040d9e0
ffcf6512
00289bd6
ffa93396
00527aa6
fffbb1fe
ff964bf9
0011da4e
ff9c8d0a
ffc4aaed
ffa319ab
ffa4143c
0018cb5d
ffcee75f
fff8deba
0077e190
fff27bf9
006db575
ff8f0264
005589a8
002f1cbd
0030b754
ffdad6ae
ffb1f7b5
ff8a6e4a
0013e207
ffa70f0e
ffd6e0e1
000000a6
005e8760
fface9e6
0063692b
00237169
ffb0d0f3
ffdd7dbe
ff8c8709
002ae0c6
000f36a5
ffdaba2f
006fabf3
ffa11404
ff98a268
ffb75212
003dcde3
006d1612
007b98ba
003e0f2e
ffa8b29a
ffd76810
ffa79d6b
0036d8ca
0071d770
ffb48c2e
00619bd4
00159c3a
001703ca
fffbb416
ffbab50e
ff81e2ff
ffcb822c
002c5ad0
fff4f34b
ffe63bce
ff80cf74
ffeb2f3b
00650fe6
fff34ffc
002e94c3
000a13cf
ff99e1c8
ff83c879
ffcfdfa8
004ca518
005115c3
00004da2
ffcd6931
006162d0
ff860438
ffb1ea3b
ffc32f8b
0015ea8e
00790cb4
ffb3da48
ffa2f445
fff59a68
ffdf5cc5
00666b10
00293939
fff6ab88
fffbb139
ffdb62d7
fff21361
fffab49e
000000a7
00694cc5
ffc1daa1
007e3fe6
ffb98e0a
ffe361e6
ffdfb65c
ff9df224
0017838f
0000875c
ff9c0317
ff8a0c7c
ffeb441e
ffd2c879
0072e2b9
00077a52
ffe822f8
ffaac4c3
003c34de
ffc2b76a
0003fea9
0004048b
0075d02d
0053c741
ffebfd29
ffae426f
0071abe5
0067a694
0017809b
001cb504
00608343
002d13f3
0030ddb6
006be135
ffc75666
000ced64
00592129
ffb8149d
0048482d
00318c4c
ffdd53e2
ff8bbcb0
ffde8f6d
ffe35975
005b4ad6
00024aec
00423108
ff964c86
ffc32673
ff8a0d25
ffbaece4
0067d7e0
fff15b81
0073be3e
004754f6
ff8f0746
005c8b81
005ca3e1
ffdaa956
ff8ffba0
004e53c6
0058e6fa
002160eb
fff2152d
000c341c
000000a8
ffb65e3f
ffb43632
fff3d289
ffa8350d
ffd0417e
00590d8d
0049b2a0
ffa3dd11
00351ab9
003dea67
004c8bd1
0051075f
00704368
ffa21233
ffaab375
0011afaa
ffc727c3
ffb8ff42
0026b16d
006bb473
ff89803a
003fac08
fff2f3d7
0002a255
ff9f4f80
ffc1dd09
0033a2dd
fffb75ee
0002ece5
005bfeed
0027ebf4
0050b437
fff3eea8
ffd2dbf2
ff961365
00559546
ffb5d0aa
fff88660
001680d5
ffbd04f4
000640f1
0047d7ae
ffdc8596
00642d33
007fc5e9
ff85bc6e
ffb984cd
002d44bd
0029ab23
0045c6bf
00725537
ffc294b6
00003ab3
006be27d
006a8f88
0008fd6b
ff90b362
0051b6eb
ffbc8253
ffffa077
ffbb5176
ffc766c7
0020a3c7
005ca4a3
000000a9
0008dfee
001f8879
003c7e3f
ffd96d72
00685853
00418a80
0039aba6
0018cddf
00497a2f
ffb9f6f2
ffac1831
ffd5ab88
0032865e
001fc4b5
ffda6002
ffb09e3f
ff9831bf
007e467a
0020bffd
0031765f
00340f9a
ffbcf9b3
fff829b2
fffeeb86
ff8a8ffb
004c6762
0078f8fd
00683eb5
ffb83f81
ff9718fb
ffeeaa62
ffe83ec2
003d2392
0041d9ae
00686155
005fce56
0063de45
ffe127e5
ffd6ee9a
ffb0cb85
0052df88
00430ec3
003d41f0
ff89558e
ffb9b4b0
ff8fffed
0016a064
ffe0d42d
ff9547a9
004ed064
004dddf1
006285cb
ffcd8894
0033f287
004c5a09
fff1255f
0077ca17
ffac8819
ffd43f32
0033a57a
0037287f
00369a2e
00623427
ffdfaf9c
000000aa
fffb9c15
0011f79f
006ec0b3
005dc290
ffc11850
fff3c11b
ffe8fe5b
ffb4d26f
ffa54f05
ff87679f
fff7f018
00340ee8
ff8e4d68
ffe48723
0062a4d6
00732c1e
ffe066bb
ffe822e0
ffc321b2
ffa65736
ffe662a2
004f26ca
003b0c25
007f88dd
007ccf4a
ff86b6ee
0067ad45
ffd838e3
003e25f8
0035075a
ffb004c0
ff9db657
ffd20fc7
004035ae
ffe77b35
ff8617f7
ffcf9950
ffde5bab
ff896086
fff92ddc
0056f86f
001b53b3
00777808
005be3cb
007388e1
ffaf1191
ffc99109
ffe070f9
0010211f
002eace6
00515390
00568df8
0019014f
ffefb45f
ffe48e53
ff967501
0043ada9
002fbc6e
0032e293
0068c137
005ce4be
0061208b
ffaff944
002c4aa5
000000ab
0046d2a6
00735c04
0044d3d3
001c3de0
ffdd09cc
ffe0026c
fff844f7
ffe292d3
00371f8a
ffe0f687
fff72d0b
fffcc59e
002e1440
ffe68922
00393b70
ffc44022
ffda393e
0004f9b4
ffceed40
005dd2d8
ffeee628
000052c2
00193087
0077186d
ffb221a6
ff96afda
ffe455d8
000adbfe
007968e7
ff984887
0041b06b
0047c6fc
ffa7393d
ffe6f256
ff877fbf
0022ac73
00212c59
ffc2e447
006cd838
007241d6
0016ddfd
ffc7d500
000a16f7
ffb3406f
ff9882d4
ffe860cb
00785bfa
0062fa04
00229ec2
00577f18
006cbdff
fffa16da
007b5f59
ff8e09a0
00717e0c
000c76fa
006c1449
ff805de4
0036308f
004400bb
ffba2b64
ffe31ca6
000a6cdf
ff89905d
000000ac
001c28f4
ff93707a
006295ac
0052cb15
ffdac981
ffb0f4d1
fff29898
ffe17db7
0060def9
002c1efd
ff8d63e8
000c0723
ffd9fa7b
003f74f9
0003c5b9
ffc6c49b
0060da8b
0053f80a
006fa719
ffdee8a7
ffd2b253
ffa640c9
003e46f0
004e1094
ffc09f9a
0023681d
ffa75d1e
ff940140
005817c2
0046e3ae
0012783c
000bf1e7
ffedc266
ff95a973
ff95a8c6
00285d23
ffb67a59
fffe3268
005f6cd3
ff9c0cad
ffed7cdd
ffb1edb9
ffe6d3e3
001ac8f1
ff82aab0
0057e4b6
ff962695
003bff0c
006878f5
0050488d
0057d6ea
ffe0c3f0
fffee213
0057bcb4
006cb881
ffe3950c
ffa650e4
ffc7479a
0038280f
001c3750
00033e73
000ab367
fffee315
0042eb3d
000000ad
fff4e9a9
0060745c
0049ec23
ff849857
fffe8e76
ffd906ec
00211a61
006d83d9
002b397c
ffedba0a
ffe28686
ff96f81d
ff9082dc
002ed24a
002c18ed
ffcfc549
ffc5514a
00446b28
001e7bd4
ffcd35ae
003fccb9
00795591
ffb94a53
001e12c1
000ea35d
00638c78
006e203a
001e0924
0068adfb
005bf48c
ff88a3cd
ff9744ad
fff6590b
005e2c90
ff857ada
00649a9b
fff2782b
ffcfe089
002b61dc
00567be1
ffc53681
ff81c998
0032c2d6
005ba169
001f3f51
ffd81175
ffdd0bc1
ffc923f0
0038e249
ffb5fa08
fff7320b
0046597a
0018049a
003661f3
ffe2d1b3
007e0676
00269d9c
002d8c3a
003962f4
000e61ca
00783c30
ff8a318c
0053e167
00376fea
000000ae
ffa4dc4f
ffa3ea66
0014cec6
0022c819
00180ba4
0032c3d0
005a86b2
00232083
000e2118
ffa14865
0079b29e
001af021
ffba08af
ffa9ce7a
002e7c6d
0029228c
ffc6af44
ffbb5f01
ffb2473c
fff20435
ffdaa7fb
00719de5
003eeab7
00738476
ffb01347
fff8b0d5
006b1a74
00577278
fffbd92a
ff8118ea
ffce4616
ffec6f6d
00031c49
ffeccaf4
fff86327
00787903
0007132c
002b6387
ffc946a3
00464b3e
00135f44
0023b4c6
ffb783f2
ff945934
ffc7f876
001bcbd2
00024b3d
ffe530fd
007fa435
0009965d
ffdc5011
007cdefd
ffcee7b2
0036a882
0060daa5
ffb3c3d9
fff06653
00134373
001fa9c8
006ce9d0
00179ea6
ffa76a8a
ffbd75b5
00457962
000000af
0052e3f0
0068bc3f
ff934c79
007a2d4f
0044215a
fff75867
ffad1214
ff9ec457
ffe97d37
003791db
fffe98f6
ffdadf44
ffbc13df
ffcc6e77
00669220
ffa95993
ffbf0b10
00605612
005902fe
ffab4be0
ffbabec9
002c4dfa
fffeb428
00459055
003dfc09
ffc006b1
fffffd0a
ff89c4ee
ffe6c3a5
ff96a88b
ffe01155
ff9c451b
002c5515
003a5736
0003c0ff
ff8ea8b6
006b7aa0
001f35f4
002e2db4
00625859
ffc60f30
ffbda89c
ff81d3fb
ffdfb013
00230aca
ffa888e6
0000092e
fff7928f
002537c1
0016df0c
ffe19978
ffe7eee6
007403c8
ff97184a
ff9a3907
fffd0239
006e5882
00675bd1
ffcda725
ffc05d04
000d4dde
ffa250c9
ffcea9da
0018dfb5
000000b0
00440dcf
0001c8f7
002b88d8
004e36df
0045f0bc
00574455
ff82269d
ff9af9ba
ffde30d8
0014488a
ffc65538
ffefe745
ff86e045
003c955a
ffb91abb
00053f5e
001ab26c
0031e6d5
ffdb4460
ffffde9b
fff3c1f4
00415112
ffc3db10
007f18cc
0010079c
002d064d
ffe03ceb
ff827ed7
00429143
ffe70340
ffc82e9d
fff39685
0065dd6f
ff8f3cd4
ffdfc3e6
ff82eef5
00381dd1
ffa0aa80
ffd52ea8
005ad00b
ff8b2665
ffdf2f3c
0014359b
ffc92b7d
ff9e0d11
ff9396f6
002ed765
00419bde
00198f85
ffcbbc98
ffe23bd1
007cb68e
fffeb95f
ff93abbb
006eed75
0022865e
ffdb0d0c
ffe7d88a
ffcddea9
ff8c38c2
ffc17dcd
ffdbc1f6
002abed7
ffc13e88
000000b1
00135d42
ff8834bd
002faab3
ffe5d3e5
001d6dd7
ffbce9f1
00769349
ffc7cebe
ffa15eb9
ffa14bb4
fff91a87
ff85fdd7
ff8d47f1
ff96b6cf
ffc35295
ffaca237
00689442
ff9fd1c9
0054f92d
ff934d98
ff95141a
0062cde4
000d96bf
ff9de07c
ffd25736
ffbbf05b
003781f4
0028e5d4
fffc7033
ffc7499f
003d5fd9
004ed493
ffc59b03
00229565
004536a3
ff9e1442
00275256
001da781
ffb57f73
00065758
005e4e69
ffdc537d
00007544
00798843
00476693
ffb9e21c
002dda81
ffa962fe
0046207c
ffee336b
000d5e92
003d0eb4
ffa680a5
006502be
0024a818
ff958058
fff3cca1
ff8f271b
00663af7
00160a99
00106b3e
ff8af6ea
00243555
ffe4455c
000000b2
00729740
ffe3a753
0069f0f0
001669f6
ffc90676
003f1d1a
ff87cb28
00208825
003450b4
0022105a
ffd4a456
ffd16d50
003bcf48
00701b14
0036e6d7
ffdcdbd9
0041b7b0
006add46
ffad377b
ff9de62b
ff8a0821
00558a82
006fb67f
ffcbc682
0048361a
ffd27c73
007b5e88
ffe7c633
fffab592
007a40e4
00535b31
ffb57d0c
fffd8d7d
005f461a
ff962b16
007a8fad
ff9a873b
00029d72
007fef08
ffdb6be7
004b07b7
fff87cd7
0028cf6c
ffde3e8c
ffd47162
ffb76b55
ffd8880f
0002f4a6
007d344c
0012e251
0056b881
00793ca1
006646ac
00175269
ffef16a0
0058782f
002985fc
0036a841
003a19ea
ff9f5773
ff9c5b4d
005544e8
ff9c069f
00352e7a
000000b3
ffec358b
006df0f9
001b3048
ffb96741
000597d7
ff990cae
000d0896
ff9fecbb
003bca19
fff70630
ffef6d4a
0045a729
000fafdf
0054475d
0028dda3
004af632
004f0f2f
006ac7e0
0016ef60
0001ee9c
ffc8192a
ff91efd0
0033c995
006a819e
003dc392
ffe023e3
0011fd55
ffb6bd54
ffd67f23
fff128cd
ffa47534
ffed6e48
002f0fc5
004abff9
006a02b7
006c16ea
ffbf5625
ffb2f6e1
007050b4
0056a4fe
ffbbe8c8
00756998
0071026d
007af610
ff989574
0076371e
0010300f
004e80eb
fffe2bab
ffea3da5
0016e675
ffc330ac
001d6f3d
0074c32c
ffc2ff55
ffc7dca9
00218980
ffb49f8f
ff8e1076
ffdeb11e
ffaade1e
ffa8f36e
0064bcfd
ffb2f1bf
000000b4
ff89d361
ff8b6b26
0048a8c2
ff8371d4
ff9cf940
ffbad25b
ff89f626
ff91bc4b
0078a9ad
007ce7cf
ffb50f2c
ffbdc39a
0006d7e6
ff90c5c7
0004e690
fffb815c
0058fe4e
ffadd351
fff399b1
0045c03a
ff96c71a
ffa7447c
00699e82
00357925
ffbe04a2
006e6145
00273561
ffc97d75
0074cba1
001a78f9
ffe31fdb
ffa8de8d
ffdbf726
000002c8
fff8f3e5
0024002a
00239751
fffc1e09
ffdd368d
00143ffd
ffb71663
00542c55
ffdeca07
002d6d85
00565137
007720eb
ffef313a
ff869c9d
ffac70ac
ffc7ea09
ffacfb27
ffa7c73a
ffe86d1d
000c15f5
0024015f
ffdf1241
ffa0369b
ffacbd62
ffbc7590
ffa408d4
ff9562c0
ffa4b526
ffc25836
fff9f368
000000b5
00755bb2
ffaec557
002e1b6c
00078b20
fff89acf
0022ae72
0049af9c
000cf473
ffb230e1
ffc56b7a
ffaeb454
ffa48aba
ffe0d165
ffcb26bf
ffd14e1f
0078a15a
00339300
0052d04a
ffe6e5ca
00454459
0056effa
ffabbdaf
007f3cd5
ffc31fcd
ffd66cbc
ff9b34e5
001c2cea
00141a48
ff948d69
ffa1afa1
ff8f7b4f
00793d93
0056688f
0033b616
ffb397c2
ffd1f839
006e053a
ff8caef3
00230f84
00229680
ffe57741
ffbed8cd
0013b60f
ffec855b
ff8aae6d
0022c3f4
ff888ac4
ffde5034
002f6fed
ffef3bce
000e03ef
00232ece
ffaa2779
ffefcb92
007dec0c
ffa584c9
007c18ed
ffc5f7eb
005130f6
ff9c8c6f
ffdc5b3d
ffbc6c42
ff9c66f1
0066c063
000000b6
003d1475
ff8f0fbf
ff8a2d0c
ff974b72
0073aa70
0040b08e
00614105
ffbad8d3
00605584
ff93e408
002720f0
ff8eadfb
ffb6028f
006351e5
ffa38b36
ffde76a9
ff8c124d
ffe4b98b
ffdb3688
005be306
ffcfaff7
00124c77
00486a9d
006f5879
ff9c7904
ffdaf24e
00508bd6
ffe518cd
002aa7e9
002b7ba9
0005bd81
00020e49
fff59db8
0018abfa
ff8359f5
ffb543e2
0002ff0e
006dda94
ff91239f
0073f4e1
005d4f38
005dd92e
ffe4ea6f
0036c9f1
fff90b1d
007f6ff5
00599e36
0036b784
fff6608f
ffa5415b
fffc881f
ffed9246
ff8d7da3
007f0ecc
ffd01f97
ffb25683
ffe16d7f
ffe6b86f
ffaa138c
00604e9d
ff80a8ac
00508205
0048c0ab
000a3b60
000000b7
ff8ed700
005dd08a
00612ef1
fffa862e
001464ae
ff8d788e
0046fd00
ffbde966
ffc7de27
ffe3dd4b
ffc8a198
0025fe8e
ffc7457a
ffe2a49e
00662d51
ffcff5b3
001d5df0
005a006d
ffced527
006a9a6f
ffda59c3
0060731c
00144655
004352ec
0006c94f
005e9971
ffa8f591
002545d7
0013d09b
005c55c6
ffd96bc5
0040ed28
007245f4
ff994ed5
ffe7f78f
ff9574a5
00535631
ffed5a40
ffdd8b27
005d3ee3
001102e5
0006c0c5
0053cbf1
ff94e796
ffa4b9ee
004ddbcb
007f18dd
0021f543
ffa32e32
005ca814
ff8b97ee
ffb6ec3d
ffbf204f
ffd9af36
ffa915ab
0062c45f
00796506
ffd8f294
ff839b68
0016bd0c
ffcc3bb1
ffc0d8d5
ffb4ea92
002fef67
000000b8
00237a10
0019da64
ffe75188
fff1fa9c
ffc9bb44
ffc298d0
00146cac
0007b545
ffb1c53f
ffcb3bd2
0040bfa9
003d732e
ff89712d
ff8c1da9
00483a19
ff87c74d
ff94b66d
0062f1cc
ffd8a19b
ffa5cb26
ff97fbc3
0015f920
ff968339
ff8deb33
001a3855
005988b2
005617eb
001b00d7
ff824326
0052ad34
001f2eae
004e3f96
004fe64e
ff93e0e5
ffac391b
005b4822
005f1ac4
002aa016
001d5948
0045edc3
ffcc4435
00011a55
ffd2a6d7
003b4930
ff9059a6
00179d55
002e2b98
ff8ecb4c
007920d5
00566394
004c6e89
00315938
ffe8d067
00797784
004ba553
00064fa4
ffc1ac22
ff8ec270
ff9651f6
00013b03
ffdcd0d0
ffbcecd4
fff06779
ffd6b7c8
000000b9
00267956
ff8c9669
00661b2b
fffe45c1
0017bdb8
ff8b885b
ffa3683c
ff805f20
0008d88c
fffe982b
00548657
ff933ce1
ffbe2a17
0059cad0
ffe4ba7a
0073d702
0055299f
0028890d
ff9b8b51
0027c9bf
fff0d2d7
001422ea
ffafe341
00525dfb
003b26d7
003eb650
ffe4fd2e
ffc9a331
ffc05c30
ff9b47d7
ffdb0622
ff988e3b
ffdb8e60
001367f5
ff9c3ab9
006920c8
ffd7b406
002bd949
ffacfa8b
002a1fc6
00691dd2
003882c3
00649b2f
ffc80dfc
ffc44474
006cf88c
ffe82001
0020e317
fffb06c3
003a07f7
002f2928
0034467d
00475041
004715f2
00466928
007e33fd
001554b3
004c1eff
0077c187
ffecb1e4
ffc55ab9
00205ca4
00691399
00484c82
000000ba
001a869c
007b53a2
fff91dd3
0045685d
0036e066
003239c8
ff914de3
ffcec8f7
ffd4af07
007dad75
007a0b7d
fface925
ffa2a0a7
ffb923dd
00110646
005eb05d
ff8ce07e
fffa74fc
00376c51
0037773e
006db20a
002d2bd2
001eeb55
004b8f85
ffbed1df
ff856173
0028630b
00354de2
ffcf7ae9
002e8d22
fff6adec
ffbadf0a
0078819e
00276bb3
ff8bcab6
ffce9ca6
ff950206
ffc41eaf
0035c981
ffed3351
ff91e9da
fff30fed
00439c83
ffe166ce
00781d72
ffb15b0f
ffbab134
005402a0
ffa7a173
0058e76c
00066f7e
ffc62261
ffdd7c6b
00613d74
003a85af
ffec12d9
ffc1590f
00063b9b
0049c516
002052fa
00536ac5
00134f75
ffa84bbb
fff8b80e
000000bb
ffe0d4fc
0067a9e7
007a0a16
002709f4
001dc173
004b9c82
0011a891
007fb2ac
fff49513
004e6665
ffb1d38c
ffd03adb
ff838e5e
003d63c5
000fac10
00470bba
002022e9
ff8386a9
ffd86825
00401326
002df7ff
006654b9
00327321
00044b16
ffd42142
001918e2
0004bde7
ffba5932
fffd6b0b
ff8b921c
ff9712b5
ff8c6b0b
007037e2
00124456
ffb87ff7
002e5846
002e2fd2
0072c06b
007c886c
004e157f
ff923b56
ffe89758
fff06214
005a866b
ffd93146
ffdfaa2f
000e98af
000decc8
004803e0
ffd375e9
00177fb1
004a40d5
003b3269
007809b3
ff9fc8b7
00703aeb
ffe9c6b2
002a9c75
ffce2d5a
00673252
0047f78a
0020d093
0072dbd9
ffae060c
000000bc
ffe0f3e9
ff889a69
fffbd61f
ffa535a5
ff916e65
00049179
ffc283a1
ffc11a69
ffce8002
006037a7
ffa27ca9
00156bf9
ffc78961
fffc1173
ff98f415
005ce440
00543332
ff832622
ff9a6a9b
ffb3bb67
00784d45
0029001f
0067b406
ff89ddc3
00001997
ffaaad2a
003f5761
004f501f
00230e8b
006f91ca
ffae142a
004df0c1
ffbd47b3
ffdb1976
ffd167a2
004e7e4d
fff0364e
ff973777
00489710
ffee7ae7
fff5af73
0032c2e7
0066572b
ffbb1f01
00115da7
0064d37d
ffdc9336
ffd6d4c1
ff9c3e91
ff8cfa67
004d178c
00780e4a
fff2e666
0050ce22
ffa917d3
ffbcbc9a
000484c0
002bfe3a
001b7395
0066c349
ffadb43a
00558557
ffd1206c
004bf463
000000bd
ffbed497
00534e59
002dfa7e
000e538d
005afd25
0038c6a6
006777dc
ff93bc42
0051e03e
ffb9d97a
ffc5c886
ffea8d88
00570b42
0008f035
0058b455
ff9208fd
ffabb05d
ffa7b1b1
ffcf1320
ff97cab2
ffa39716
00766833
ffebcd12
00010107
ff81d11d
00173d3b
005c559d
007b57ae
ff965c0a
003794b9
ff855cc9
00509e12
ffeb1432
ffe6e11b
0056071e
ffe48a39
fff065b7
ffbcbd80
ffc3111f
006088d5
ffd15036
00531c0f
0079369f
007ca7f4
ffce191a
002a4abf
ffea8e10
ff8d1280
ffe16d71
005bbddd
0079c747
00051e77
fffc0752
ffbe6253
0072bfb1
005857a9
ffda70c0
000b4301
ffe16fb8
ffb88f67
002c85ef
0002ae14
fff0c968
ff9970cd
000000be
00759399
00342988
ffb6885f
006578f4
ff85521f
ffef7889
ffc8ec1e
ffcf0c11
0040274b
fff9d230
005c57de
0049bdb1
ffa15266
003e86ff
00441c3b
0049c028
ffc1f181
00549531
ffb49c95
0038badb
00161437
007d1d05
fff3e65f
00169260
fff3cd92
ffee2aa3
004d472f
ffe9714e
ff8af783
fff8975b
ff9456ca
ff893567
003921d5
ff8416ac
ffc38478
0030ceba
007aff25
ff9c79a7
fffafc86
ffccd37d
003c8f9c
ff91dc4b
ffa80454
ffe3fedf
003c4613
ffba5041
005e4b7a
fff2a49b
ffb50dbf
002694c0
ffade1ef
ffa293a7
ff82a31b
0069b1c6
ff86ba12
003f87b4
ffc05204
0042c79d
ff9827f9
ffac0f0a
00574f57
ffabf0ea
fff51f7f
ff9065a8
000000bf
ff8581a8
ffff4c7c
ffd4657b
0052ebe0
ffdb0735
ffb3dbec
ffc3bcbd
00170999
002b6f79
00476d85
0015c1ab
001dfcc2
0022dcb1
ffdf6211
fff2f377
000ff911
006d425e
005d0c44
000a3136
0060ade5
ff9f7424
ffe95ba2
0036f4cd
ff9a29b9
004b2fc2
ffa0f7b3
006ee086
fff68528
00565dd0
0016dddd
ffe8055d
ffadbe08
00385c79
00404efe
ffefdc2b
007772d0
005372bd
00770c2c
001ed63c
00709607
ffb5d3ec
000b771c
007c3226
0034de2c
002ed085
007295dd
002a9d73
ff9bd36b
fff407ad
ffb59c9a
00441ce5
ffc5528f
001a0397
00120c4a
ffce8554
ffc5f6a4
0043f917
0038d838
000b0d0f
fff88f39
ffa01eeb
0015eb82
fff403bf
ffc59c1c
000000c0
ffe6b6d6
ff9c679f
ffeb19f7
ffd0b8fe
ffa1fcd6
00723d24
00341eb7
ff8bab00
00447ba1
fffa1d62
00374125
ffa825d4
ffaa0d60
007748d4
fff22bc5
ffbd9faa
003565af
00304e8f
0018bba4
00383277
00457ccc
0002c5b8
00025ca7
000b95cc
ff9a4f0d
ffbfd782
0027ba00
0049a819
ffb63887
0029e3e5
00692a62
ffcb9ecd
004bb44a
001194ef
ffa05df6
006e854e
fffd03fa
ffbee86b
fffeb25c
00073ad0
ffc000b1
0058ee2e
006ca8ea
ffb39f30
005d8f3b
00060355
00424440
004df01a
0064aa07
00210f88
00492c5c
00253f54
0023b6a7
002da981
0051fea8
000272a4
ffe26e80
000b678c
ff8d7f66
ffcdee41
0072ece1
ff85db47
ff938d6e
ff8c1f7b
000000c1
ffad9fc8
ffe2b420
ff860f03
ffa237e3
ffa2fe22
ffc05e73
ffee786e
ffa34a48
ffa77e59
ffce3e3d
0044ec91
ffb1bc5e
ffe35ed1
ffabf49a
ffaa6cbe
00129c43
0012556c
00688eb9
ffaaabc5
007d6286
001df87e
0039909a
00201f95
ffc0f5f6
ffb85848
fffad409
ffa68452
0044ebdd
ffa1ec4f
0029ecf3
0039f625
00091f5d
0075c7ed
ffd7d147
ff9e602c
00312b43
ffd04729
0052c65e
ffe38846
fff79897
ff824eca
ffbe5841
0042894d
007c351f
000d9d48
0055d4cb
ffc93be8
000d489c
0049743e
001201a4
ff898538
ffaa7e27
000f2616
ffe5d32e
000b47dc
003f7cbf
ffe66713
006a7300
ffe6d79e
00383e45
0042ac33
007cf29c
ffd47437
ff88b971
000000c2
0004d416
ffb0df18
005e7ce4
ffbb8281
ffda2dca
0050ab4a
ffac57c0
ffaa3cb8
ff9849a0
ffd4f45e
ffedc9bb
000f2104
0014b9ed
000e9a5f
001f7abc
006ba958
00019efb
ffcb5027
007525f3
ffcf59c5
000f2039
ffbd206f
ffd8260d
006945a5
ffd42b75
ffaaa4f0
004cd46d
00241607
ffabda1a
00037730
ffa72d6e
ff948492
ffee6821
003a62ba
001dd04a
0054be33
005173fd
00105be3
ffda1223
ffcc354d
006ae325
00733b7d
ffa5aee6
ff9873d0
001d08b8
ff96c47a
007815c3
003d6299
ffe16316
ff8e0c4c
ff9ec4fc
ffab973e
ff999912
ffb4a50a
0045a083
ffca6109
004b177b
ffa40f93
ff88cff0
fffc8af6
ff89f1e2
ff9c75c4
fff556cb
00526ac1
000000c3
ffee7256
0074ba46
ffe12023
ffdadef6
ffd54993
ffec071e
0048144e
002d471a
004191f0
00130a94
004e25f5
0044de8f
0044bdc4
006ca794
00752ad2
ff9ae380
ffc42ed1
ff9ab2ed
fffc6c3a
0060f10c
002ab6a0
ffb21d76
fffe7b02
ffc4996d
ffa0dcdb
0000d5bc
00654deb
00789d1c
000655f1
ffd6e336
0019aa95
0055704d
003070cd
006d1f6f
0047d210
0004b2b0
004d769d
ffe730cb
00720cb2
0039fa32
ffbd3e23
0003b31b
00064a11
00234059
ffddcb05
001e3eae
ffb6b992
ffabb9d1
ffb7fe51
ff960838
005560f5
0076c149
0061777a
ffb90a6a
004955f4
ff88bbac
ffceeb96
ffe9e04c
00163026
0029914e
ffe5b1bc
00460061
ffe33583
000c5a93
000000c4
0005eebe
ffe84d8b
ffe48597
ffc6f2ba
0019a087
00506ba1
fffd1ca4
fffd55b6
ffae482a
ffb7806d
004994ec
0001f9ff
ffbcfe14
002be6d7
ff9d8d1a
ffe43f97
ffc41034
ff834785
ff9018e6
00467803
ffdc354d
ffd94238
ffedce17
ffdd083c
00733444
ffc54eeb
002206be
00624b40
ffb9ff4f
007598ff
0035872f
ffb18294
00215d48
0037aa87
006d6bcf
00554769
0048fb42
004dbcff
ffa86d0e
ff8ca173
ffc310a6
ffc162ac
003f95c2
0042dd68
0026fc97
ffb7711e
ffb90fda
ffedd602
ff88de0d
0049ee81
ffd483a3
006a77ac
ffc738de
ff824f1b
007196f4
ffed735c
ff985220
00582ef2
ffad5082
003f57e5
ffefebd8
ff893538
000fb813
005cec8d
000000c5
000c59f0
007cb288
00510a7c
ffe5acde
ff993994
003679f5
005b1525
ffc151d2
ff86e39f
0029cc24
000a9562
00461218
ffe05e9c
ffd53e18
fff97285
005187bc
004f0e4c
000d2f56
ffe35ca6
ffb64205
00124d74
ffea84a1
001cde55
ffee6cdf
004443d3
00440276
ffbaa043
006cf5cc
0061835e
007028fa
ffbcb008
0019518e
ff90c408
0032f1a4
ffb659a0
005b903f
ffee6fde
0003ff69
ff97f89d
ffd83b2b
00492a80
ffd82889
ffd5a649
007f102e
0025bb25
00661a91
ff8b74c9
00532ebd
0044dbac
0027e23d
ff9f5d84
006207c8
ffc68658
ffe7f7bd
ffe946a9
ffa5cbd3
ffc9b27c
00224ea7
ffdad722
ffd53e45
ffc6fb53
0001d0d0
00083b22
00198b3c
000000c6
ff9bb36c
ff9bb4bc
0063e856
00551194
0033835f
ffe2ff0e
000ffd87
001aa40b
003cf556
ffc75c38
ffc2db26
ffc2eb59
fffdef30
ffeb82b8
ffa4e92c
ff876108
ff90d7cb
002e6e5f
00147754
00206264
ffef05c2
ff845c81
004431ca
0014a3df
00779d47
fff89903
ffbc4f16
ffa9a4c1
ffd9f7ba
004e4705
ffa566bc
006d6004
ffcea29e
0012f40f
001cf55c
006503c6
ffdda25e
ffc2cc4a
ff8c1118
ffc49de0
ffa8cf04
00563e5b
00732df3
ffc6eb92
00400e6d
ffa54366
002daedb
ff9f8852
ffa1caaf
ffe8edd0
ff80392d
00509a9e
0019463e
00584b60
0046af2d
006b262a
ffcde894
0025a72a
ffaac284
ffcf251c
001ad6dc
003e6788
002bfdef
0067a053
000000c7
0044405f
ffa40b2f
005348d8
00105d1c
00582752
00031bd7
ffa3ece6
00426c9c
ffcbde00
ff9d797c
ffac69f2
ffc99746
00315ec9
ffa3fb42
000a0428
fffad408
00190a16
ff83c721
0031f49c
00040fd6
003d9d10
ff96e0aa
ffd25817
002485a9
0010affd
ff9d9121
ffe713d2
ffde30a0
ff9ce827
00491753
00307ed7
00626bfc
003b6d32
ffa4686b
00663ab2
0078e660
fff98fc1
ffab5078
0002b38f
00095fbd
fffb349e
ffe169b2
ffec509c
0019939b
ffd8d173
ff898156
ffcd7aa3
0011beb0
0061872f
00246c0a
00039939
0031678c
000a7143
00037165
ffe1743e
000b1502
ff867efa
fff6d71c
ffd9f6f9
000bbf5a
ffe81b0c
002b9b17
ffe9c30f
003c4f86
000000c8
ffbee02b
0021c21f
004c215a
ff8ca2ba
ff97d22d
ffa1d850
000ee1e3
00781c66
ff951934
ff846a92
ffaa3fb7
00324fdf
006078bc
005eb2c3
0012cb2e
ffa0abdf
0030ced6
ffaedba7
004b9321
000c98ab
ff8fc7bf
007e7566
ff8327dd
00288db5
002352d2
ffe32dc2
0040813a
ff98e74f
ffbc1e37
ffaa8353
0004e080
ffffea23
003e6cbf
ffa23199
ff8a442f
00763ae1
ff9ab9f5
004e29cc
ffd6041f
004ea47e
00263ae0
0062f865
ff81d069
ff8abcb4
007d30f3
fffde636
0010718d
ffc50d94
ffa753c4
fff5b720
fff0d108
006bf63b
0060e3bd
fffffb83
0021c9c2
007e4cd1
ff84cb12
004dddba
ffc5f175
fff72b8c
007a39ee
ffc2aaa2
ffb44a17
0058d0c4
000000c9
003bfa75
ffec6324
ff892c1a
00781d83
ffa4e254
ffbed266
ff97d840
0066fe02
ffc8ee50
0072178d
0016d3c1
fff00cd5
ff89dbce
ffef5cdc
000d646b
ffa9db69
000896d1
ffb0ac3d
001045ff
ffd7afcd
006c8e71
ffd94873
0038763f
ffcc9626
ffd22bba
00441a85
006df9aa
ffbbb833
0066dfc4
ffcf042b
ffb54431
ffed41c5
ffb88c75
fff4d905
007d6e51
ff941317
ffc2893b
00712b39
ffc4aa7a
00636778
005cbaea
ffab930b
ffa6e169
fff706a1
00618bfa
001f1cf8
000d86b3
005f6788
ffc0b4ec
ffee69a6
ffba7967
002610fc
ff904119
0056b5a5
ffa1efb6
0058583c
ff9d246f
ffaa0845
00371b91
ff88a0f2
ffa84746
004c6018
000e6480
007f641b
000000ca
ff88796b
00624e28
fffe55f9
005c3fa3
ffffa434
00032779
ffee03fb
ffa49eeb
00743e97
ffa60840
007fe206
fff5fca9
002fc74b
004ba508
ffe2c1e5
fff392d0
ffab016a
fff37461
ffb6b743
ffe1727a
ff804da5
0003759d
000599a2
003c8968
0053ac5a
00734f43
000446f4
ffd8890b
ffee92eb
00250668
ff86066b
ffffed07
0028d534
00697431
007721e6
007304d8
00699322
0057d929
000e6678
ffdb6d65
ff8e9b08
ffe1bcc3
002f4dd3
fff431d3
00733b92
ffce4d75
00451379
ffc5e128
0059e56f
ff9fea3d
00029c73
ffb241e5
0015c77a
ff8d7d82
ffce6622
fff55e12
fffab9c7
001d6add
ffec2735
ffff66d3
ffa1a2ad
ffb92111
ff90258e
ffb7f7af
000000cb
0001fa1c
ffedf9e8
001a5ec6
006a6fc9
ffaa972f
000b4c54
ffd2e368
ff9f3614
ffa4a0e9
ffca7ff2
0066f8bf
007d1dc1
0026dcf5
006e2518
004ab5db
0075b701
003abcbe
ff8adb9f
006c4fc8
0039dcc3
0034fba8
ffe02235
ffd0f6b6
ff9b9709
00228ed6
003492ca
ffe4582f
ffcc2484
fffcf83b
002e1137
ffff07c9
0026830f
ffa4ab28
ffeea8b2
ffcd08db
ff884b56
ff8a1854
003df96a
000b3057
ff96e7eb
ff875349
fff681e3
006f1ea1
0035d9aa
00158aa8
fff416ca
003dc094
004743a9
ffba4f01
fffc32df
0070d6bd
ffa21b4b
0051aae8
ff8e9a87
ffaf8005
ff841753
fff2f787
003e12f7
007f1a82
ffb257bf
ffb568e1
ffa1e760
ff8790ac
004ff36a
000000cc
ff882424
ffa4de4c
ffe13a4b
ff9e8a11
fff4e2ef
00200b5f
ffae65b9
fffc0898
0065ce3d
ffaa3243
ffd7cd1b
0068e020
ffc3e617
ff9e0055
ffd157d4
ffabad15
0073d342
ffa93dfc
005d72bc
ffc0fd7c
ffdc1b80
ffcd8c09
002f27cb
0000a316
0016e51e
ffbd5fac
ffb8edaa
004a7c32
0006c05f
ffa54115
00740f71
00636300
00589e64
002193ab
ffa7abff
ffa1ffdf
0066d8af
00060150
ffdbe2fe
ffbda47f
ffba668b
003d0b1b
ff8e5dbb
ffc37d97
ff939494
ffebc0c6
ffbcdbf0
001e8576
ffb4d8ec
ff8d697e
fff71ab5
ffa8f0ba
0002115c
ffd6205b
004b85f0
0021990b
ffc73f9e
002477d6
0042d478
fff28db2
004aaaf0
00457f8a
ffa20f3e
ffe066b9
000000cd
ffa04c6e
fff569d6
0025e74d
ffb1c129
004d2f9a
00413bc1
ffd38f8f
003d7c32
000721b1
fff63cc9
ffca6873
ffc9aa2e
00005ad4
0008e469
ff9fcde8
ffa91416
0015d8cd
000edf2c
ff9e5bb1
002efad2
ffd328d4
ffa43105
002b8cb6
002211c5
005b3c74
ffdaeed0
fff2f944
002e75fe
ffe8e513
ff965f04
fff66111
0043ed67
ffcbc460
ffb14ab5
00305d8b
ffd2b33c
ffd0abdb
ffe0ebac
ff9f7041
ff980ed7
ffb3d52c
ffdf496b
00035ece
fff70760
fffb3ad7
ffdcafa4
0057b9fa
fff15489
ff85bbf8
ff9efe47
ffd3f11c
ffa91764
ff974700
0062c983
ffd835fa
ffcbc5bd
0033728f
ffad4906
fff0cac9
ffbb2f07
003f79d8
ffc5724c
004769df
ffd87cf2
000000ce
ff84043b
ffe784d7
001ab240
00409026
000b6de7
007a1137
ff843f94
ff8a7966
001360b2
007d9709
00180fed
ff8541b0
001ef72e
000a46e3
00497a93
00532b01
0050a324
ffd8ac16
ff8258a5
ffe92676
00077d21
007ab2d7
005bfdf8
00022591
0015f37f
ffc59f9b
00029917
0019599c
00510aec
004bb0d8
002a47cb
ffe286b8
ffd5ea20
00209307
006e8c09
ffc6dad2
ffb44698
ff8baa69
00404b4a
ff913bdc
00367708
0013b93b
fffc5839
0056034d
0000eee3
007e9d80
005b8c22
fff184ea
ff969f09
00324992
ffb0bca3
002cfe6b
00670582
ff85accc
ffaa51f9
fff532a1
ff9c75cf
005bcafb
00140e2f
002e6064
003a101c
ff970c10
0026b96b
ff9b51c9
000000cf
ffb090e7
00042836
00379e6c
00178a6d
002c8fc5
ffd31963
ffb9a39e
fff72bfd
004f16fa
0050886c
003727b7
ffd4e35c
0056200c
ffbacfcf
0058464a
005aa3ba
007262c6
ffc01b67
0042c818
ffaa8be8
00597108
ffd51fba
ffb72f92
0014ad59
0045ecdf
0024f4cc
ffb5db5c
ffbd7e4d
ff90a958
ff81bca3
005e40a3
ffda49db
00580e4d
ffdff427
0079ff77
00750c8c
000a2f89
fff63a35
0037764d
006a11e7
004246e5
004455b0
0018698c
001eeb50
0022fa0b
004eac4e
ff8a04fc
fffd2978
0000258c
ff9c6027
000daefd
006f7592
ffad98be
ffb63e55
00614472
fff1823b
0015fc3f
004884c8
0050cd0d
ffeda2a5
003b0b76
000f21f6
ffd23470
0006da94
000000d0
0059b82e
0004f9e7
ffa6366f
ffce1d0f
ffb071ca
ffe486b7
0042fd34
00549ed1
ffb8353f
00559133
fffbbd2e
ff9433cf
ff8fe68e
005c46fb
ff9b27a3
003696fe
007801c2
ffe76a10
002f80de
005a3461
ffb328d6
007cb8c4
0033e228
004b5a33
00422f11
004f971a
ffb70261
ffc1e56a
fff0d6fd
ff912189
007316a2
0070edc9
00324727
ff82164c
ff87cd1a
0002adfc
0038a4ba
ffd70e90
ffebe5cd
0059b158
ffdf0c72
0052acf7
ffce2516
ffa11260
fffff0d6
ffb0c2ef
0016accd
004e5fcb
ffd01942
ff97a506
ffbc7408
001dc87c
00147db2
004d5f29
ffc0b2de
ffc57a94
ffc1c697
ffe07657
ffbfe0ae
ffb8bf34
00709c12
004714bb
005515e1
ffcc0415
000000d1
ffc7da37
ff861168
006f7988
006d2bc5
fff9178d
ff955268
ff801834
0020deb0
007208d2
ffce1544
00593ad0
005f9b8a
ff9030a8
0071e917
ffeedd5f
001d4343
003010df
004b3656
0005e06a
005ce3ed
002f9712
ffb9889a
001fdd18
ffd7cbaa
0031693e
0039b2d7
00027fb3
00723784
001a9a50
006c1ddc
ffc66efe
ff9acc9f
005bb4f7
ffb79979
000d5c46
ffd00279
0052c9a1
ffec66fe
ffe66e7e
00635c3c
00145dd1
002a0599
fff5e1a0
ffe93c1d
0061f773
ff9448c4
ffc3c1f8
ff800220
ff8bd0cf
ffc854c4
ffb21350
ffacfb9d
ffbc5f49
ffbab53f
000d9601
ffa21bef
00124f92
ffe55edb
005012f7
ffaba155
ff8e0a37
fffc591f
fff83253
004013e0
000000d2
ffa096b8
ff9fa33f
0029c8db
ffe00fbd
ffd0b134
ff801274
ff8a8564
ffb60f02
00277e15
00670ad2
ff937386
00344d40
ffd0cc95
00149d04
001291a3
001495ee
ffcadfb9
ffddbfdc
0073ca35
ffdf8d26
ff82d261
ff8845ea
ffd9d239
ffe42408
00675164
ffdc6e66
00404dfb
ff97f844
006eb5cd
00774b88
fff8e8e8
ffad0e96
00253ad5
fff5377a
00606ca8
004ea95d
00290fbc
00362fc8
ffafe569
006a1360
00243e6e
002be670
ffb618ea
ff9fc707
ffcdc32c
00686285
00529d91
0027bed5
ff80b344
002766ce
003fb575
003847da
003cb62b
ffd151e3
ffd3c09d
000a5d5f
ffa3b25e
006001d4
00243f06
ffade2f6
00466ba5
0044ec8a
ffb8549b
ffa9ee5e
000000d3
005103c4
007d67b1
000c95b6
ffa09196
0038a2b8
ffea1575
ffc7162c
0009494c
ffee5f8f
005652a5
ffb0a1a2
0036f49d
005f94c0
0012ec92
00797310
ffa4bcd0
00548dc5
ffc8ff40
fff94562
ff902570
ff9701d1
ffb9248e
ffa062a4
0033fdbb
ffdf7526
ffed3ad0
fff0e7f4
0028317b
0014fc0c
ffda6ef9
0044e415
fffeddcc
000dde57
ff885dca
ffd245c7
006aa39d
ffee68fa
001a5615
002bee94
0010c9cb
00009884
0071b1bf
003ca3ef
001bd5f2
003f2fd6
00657ea4
0028d8f3
ffa99360
0010937a
0024bd10
00142ddd
0065bf48
0048019b
ffa25979
ffaaefe2
ffeb0223
003baea2
ffc1cfdb
ff8eb92f
ffa1e0e4
00565d3a
001d6c33
002e2256
00194a76
000000d4
00440f15
ffb8b5fb
0021dbc2
005cbc73
003cf0bf
ffd3f13c
ffe951e0
ffd6795a
ff959c4e
ffab5f1b
ffccd1dd
ffd4cd27
000fb324
0021861b
00747f42
00136700
ffc9a083
ffc36242
0014aef3
ffbcf794
ff81797e
003c12c4
ffb53754
ff9211f9
ffce6ba4
ffec340b
ff97021c
ffb35b35
ff9a7ed9
ff811fcc
ff895433
ffc1da6f
ff987d18
ffb65d84
ffc565ab
fffa585b
004437f2
001d6343
0049d2e6
ffb39191
ffc5926e
000a5144
000ada93
001be4d1
000f0d47
ffddd05e
000e1bad
ffc3e879
0044745b
002d266e
ff8ac4cc
0063f37a
001ff5f9
ffba1d88
0014c984
00520317
005dd03f
ffa76197
00628c7f
ffc55ca5
0052ffbb
ff8604b3
ff87d30a
0054cde1
000000d5
007fdb1a
0049c804
001db00e
004ba907
ffd62d26
00438a6d
00117c36
004f338e
004625dd
ff83b6ae
ffdfdda8
ff943c06
ff9f9d0a
ff85fe7c
ffe57ba3
0027acc9
001f1367
ffbcf05a
fff5f1bf
ffbf97b8
00440b3e
0041f3c3
0023fb08
ffc79fd8
001faf4c
fff2a5e7
007d518a
ffe61e48
ffba2982
fff8ee86
00687431
00750b13
000dbabe
ff824af0
fff2a0e7
ffc4415d
007b9655
0067627d
ffc3a4b3
0049488c
006007a0
ffb14487
ffdbf250
007b5faf
ffc69b36
ffc0da57
00289bea
0055b30c
0009d0e8
ffcda438
004b4e88
ff96e106
ff806f4b
003d82cd
00084d45
004fd6e6
ffbd71a2
ffde1acb
003f4c6f
ffca8d40
ff8951b4
ffa998f2
ffc1ab12
0046bc9d
000000d6
0051185a
ffd3b37b
002190f0
ffcff877
ff87b33a
0000b45a
ffe23c2a
001a0279
006bc923
ffa47483
ffa025aa
fff255c8
ffda5487
ffe21bcb
00541d89
ffe60b93
0057240e
ffa91708
004335e9
fffddb49
ffc0fceb
ffeba4e9
ff9d8d34
0022050b
ffd7edbb
003c199c
ffa1c51f
ffe777a7
00705232
ff9c8ee9
0053fece
006285e4
ffa1c1e7
000f8a66
005fa1d1
ff9cf5a4
002ef633
0025e861
ffeadc9d
ffdf7da7
ff8fb229
ffee368a
ffc753d6
0026f000
ffdf1c1b
ffa4e4e6
fffd9178
ffefcf90
004be35e
ffce27d1
000212ce
0008da68
001d24d7
fffbdd0e
ffbfac9c
0029ba6d
004991b9
ffbf96a9
0065f7bb
ffe9d549
fff81df6
0002393a
ffc35388
0004f0e7
000000d7
0014e665
002345fc
003a7e27
002d9125
000392dc
00107465
00688654
001fac7c
000b9f3f
ffdc6bee
ff87a960
ffae58f7
000e464d
ffbcba1e
005edea7
ffc45f7b
0028068f
ff84d8f7
ffaa8ad7
002c224f
0048709a
005d9f3c
ffd32d89
ffa23e7e
ffdbf3d1
000d4360
00416eff
005c9cb9
0038157c
ffcbe5f9
000b7bbb
006b37bf
ffaaa4d9
ffe421b0
ffde8172
ff83af6f
000477d0
0054077f
000f4624
004f7be2
ff827f39
000d1a09
003bf8f0
ffc6bd50
0026f157
ffec45bc
003fb31f
00516811
ff92ac14
006ca8fa
00608de7
ff9247a3
ffdd8593
ff94ba53
fff8cc14
ffbacd40
ff936565
ff9e7ab6
ffa47f53
ffb87642
ffb1899a
ffa0f665
0035ee8c
ffdaca62
000000d8
00565549
fff5311b
ff9b1d9f
00727265
00077ac7
ffe1b445
0048e9af
fff81c8a
ff9978c8
0079d24b
002b371c
007b3fa0
ffd88665
006153e3
ff94175a
ff9c12c2
ff840547
000dd118
002860db
ff967c72
0063b7da
007f2dd0
ffef7c78
ffa1ffeb
ffc9f44c
007f4050
0021303d
ffca6868
0076f92e
ffca4dd7
003f28b8
ffa8f183
0002859f
fff00141
ffe05fbb
ffde562c
ffee2be9
005fa2b9
fffa89ef
004141c1
0033e7d8
ffe3cfb4
0069d47c
006b3e8a
ffe39e5c
002b26fb
005630a1
002a2cbf
002e8618
fff3e662
ffccceb1
0054e819
0059977f
00017963
006a8817
ffc163d7
005a49c0
002fa187
fffde31c
005ab61e
004f65a2
00277a4c
0021e68c
ff8f6514
000000d9
00449c7b
ff9875b6
0027cd36
ffdf87a7
ffd7f3d7
ffd93e62
00720f88
00683e2b
ffe6a8a1
004c791f
000b03e9
ffb4724c
ff968f7f
005ded49
000c44f9
0075f41f
ffe28c3e
004cc7e2
007860c4
ffde19ed
ff938127
006be65a
00111847
0054546e
005e4d1c
004ae6cd
fff78fb3
ff9f9d31
ffa396ac
ffb3bc8e
0007d886
ff8cb632
ffd3ee38
ffaf326f
001115dc
000a935c
00275197
0018b2fe
ffa05a54
ff991df2
00270912
006b578c
000ff9a9
fffca9d5
ffafb90d
ffeb6350
003013c3
fff9c182
0019ed13
005fb871
ff9d0909
003ee459
003d1e3a
ffcd9302
ff9ea45b
00288a34
0006dc34
00319366
00040365
0074e175
ffb6d167
ffafbe11
00369105
ffc3b93d
000000da
ffdeb9cb
006b5539
00681edd
004b170d
ffa7cd03
0072ec87
ffd987fb
0025336c
007f5f0e
ffe25c5e
00148ded
ffa54442
ffe0a0b1
fffe81e8
ffa6c12f
000e1092
ff970137
ffc7b510
0038dc04
001c2af3
00581b4d
0018240c
ffd3b1ef
003979e7
ffc70a1f
ffc3ae7b
00681038
ffb414b1
007fa94b
0079ef2d
007b10ba
ffa927a6
00720d3c
fffec4bc
ffd92ab1
ffdde548
0015495c
0056661c
005b6b45
fff33778
ffb67c83
002aa217
ff99faf7
0069e729
004297fa
ffaae9c6
ffe4eb3e
0018a8ec
ffa0bb29
ffbc5a39
0068627a
ff903b5d
0011a7c5
001a9ddc
0058c764
ff823ebd
003ce2a0
00024184
007876f1
0072d9dd
002fef41
000b2e56
0050f509
ffecc6fc
000000db
00757c9e
fff5e388
0010d0a3
001cb08c
0057f326
ffb5f0e3
0053b76d
ff81226f
00564a99
ffe60e95
001ac800
ffdafac5
ffd938ef
000efbde
003894a0
00628aa6
ff8e2e90
001d8afb
0027289e
00071dba
ffe26441
ffc006eb
fff9038a
0003bf46
002d0804
ffaa9e68
00402d65
00404a02
ffe5ae9d
ffa3238a
00363f58
0037a918
ff99898e
002021d7
00641811
0019d60d
000eda12
fff61b57
00303795
fff2d411
004cd137
004101b2
ffbafba9
ff9ae515
ffd730b1
0018e3cb
ff8d4457
ffa06951
ff9c7137
005949a3
003015b6
00016a42
ffc0f3b3
ffd76004
0042d361
ffe91d56
fff465dc
007e0600
004d317d
ff8e9d2c
0059bf7b
0013300d
00348df8
00609739
000000dc
ffe5390e
ffa43018
004136f9
004c690d
ffa8fc1e
004a3b28
0001f4db
0062190c
fff9bff1
fff65b20
0069ed41
fff351c3
002d2d23
ffbf233c
fff4f988
0057304e
ffdd1998
ffc635b0
00476b03
ff8b6931
004ae9c9
ff9123ee
ffa1b2f5
ffb13dde
ffdbe630
003f789f
0065a962
fffae212
ffb0c7f6
ffe219c2
ff8f0cba
ffd5f1c1
ff981e3f
0067c57e
fff33458
003dcff7
fff3e112
ffd187b5
ffe8f159
ffaa081c
ffeaedf5
ffbf961c
ffcb420c
ff97ad09
00645297
ffbb19aa
ffec0756
006e120b
0017101d
007929b8
ff9e0b9e
ff859925
000ee3a0
ffbb0e1e
0050f42e
ff9c842b
0045f7a7
ffa5e37b
ff835843
001da9ce
007fb8a0
0007986c
007a1bf7
00241619
000000dd
ffd10e89
fff13d81
00559960
001d1eeb
ffd49347
007b0206
00471a88
003940ea
00146cdf
004ccab1
006f39bb
0062bfe3
004a5062
0051bb24
0021aeb6
0029a245
ffd7e512
ffb90206
ffc1daaf
fff8d6e2
ffc96a12
ff861a94
ffe7721e
ff93290c
ff8a2c9e
ffc5aaf8
ffed4661
000b4674
ff9988d6
ffbe78ce
00116ac4
00239303
00154946
ffbc0bd7
ff846b21
00450679
fff7c635
ffbc7b3b
007da973
ffc0c682
ffa1d373
00680b06
007dff3a
00790bba
00031df6
ff8d0d58
ff855068
000bca54
ffea750e
005cba3f
0034a12f
ff9ddefd
ff95460d
007eef07
0029b558
0038bd71
ff8e669c
004a1e9f
003ab443
0051501d
003694f2
ffa5f834
ffb31bd5
00563d16
000000de
ff9cad36
ff910f54
fff9f807
ffacdda6
000923d9
ff834014
ffb855c1
000ec064
ffc7727f
fff59902
ffdd3796
ffae77a7
006d7052
000908c9
ffe869a9
ffb23229
00360894
000dd362
0023cd83
ffb22560
fff9f5d8
ffc3200b
ffc8934f
ffab69aa
006600a7
0067e94c
00263f19
ffc26f14
ff8d63f1
fff2570d
002932f6
ffa3201a
ff95d53c
ffc22205
0013a59c
00367ba4
00155281
fff2d011
ffdd0906
006ce501
00613251
004fa7df
0009d064
00125b30
0025cee9
004959aa
ffeffbb6
ff91085b
002b436e
007d1399
ffea3e73
0052a73c
ff88d586
00670f72
ffeda263
ffbf2e04
ff92cab0
ff90bf5c
0036aa7b
ffedae24
ffb46010
ffd07dcd
ffe1a3d2
fff7454c
000000df
00412bc8
fffa94c2
ffed2f81
000f55f7
ffea0d13
00484eb3
ffbc8ecc
0033a781
fffe664b
00183ff6
ffcfa7af
ffad0cb5
0028ef68
ff8a2a5c
ffc31467
006b9099
002919a9
0048bb3d
ffd78f6c
000b3545
ffb727bb
0010e5e9
000b040d
0004463f
000ee65e
00435ced
007bca8b
005be194
00122f76
005281d5
000a516f
001f43f2
ffb06ec5
fffeb0f3
ffffc862
00343bd5
ffaab00f
001b77eb
ffae30c9
ff99773b
0000b96c
0057858b
00421149
fffb2e2c
ffccbc38
00046db5
ff9f7ee8
ff9651ec
00556434
ffa4a884
00168e35
006f4e94
00465243
000967ba
006e035f
ff8dbb06
001d20ed
ffb7570e
00773e9b
ff81ab4f
00575d37
005a3847
0038cc5b
ffa53b30
000000e0
00243918
ffc540e9
ffcf9f08
ff804e12
002f12dd
ffd309ae
0073024c
ffc37e4c
ff8e3e2f
ffd63591
ffe260d0
000c0b3d
007bc025
000bc08a
ffb185f3
001a2b08
00492857
ffd28f37
003a7ce5
ffcb704a
0027da74
006ff2f7
ffc012d4
ff8f2414
ffb95942
ffc537fe
ffb7aee4
ff877463
ffac5e3f
007e8b37
ff924038
ffd48146
0000bd37
0010a273
ffd23c7f
005c50ed
00499941
0008312e
004fcc35
ffb1d6e5
0042102a
0001f803
fff6d8a6
00341322
002ea8b7
ffe7f253
ffd334bf
ffe5c4d7
00725438
002eb61d
ffaff569
0051240f
ffc03ecb
004b739d
001f4691
ffb51474
005a4451
0064c0ce
005cfc5b
0031d9f2
ffb530ff
ffef189c
ffe079a5
005b4746
000000e1
ffb851db
ffa281a2
fff8c645
005a2817
ff92a839
ffd0997d
ffc96c0b
002d6681
003e8bb5
ffe36f2e
ff837970
ff9dd8d0
ffaac32c
003e39ed
005f4504
0073c7a6
002d5d6b
ffdf51ac
ffc6332c
ffcf2d60
ffc1b82a
ff909c72
007870a3
004f0fad
ffd173fa
007399e8
ff8cef72
ffa4c938
ffcab16d
000b0eb8
ffacca73
ff97d245
ffa44513
fff3bb62
ffb37fda
0078095f
ffcd3e8e
ff9859ee
004440b1
ff8fcc3f
006c6fa8
000fda78
0028cd51
00211866
ffba2ad4
000ac1d5
ffd05e8e
004849f8
ff88cb81
ff874417
00098efc
005bd0e6
fffccece
fff8b929
0040794f
0059d3ae
004d7bb7
006eff19
ff88fc91
0075824f
00367626
001e1540
ffba4c4f
000fe657
000000e2
00317e3b
003418cd
ffacab0c
00215a5f
ffd729d7
001959e6
0064fc77
ff8af16a
ffd905be
ffcbe446
004e8476
0073c452
00503a06
ffdd30c9
006dd199
0024165a
ffdbc047
001c3f89
fffb44ff
0039c756
ff89873e
005ec45d
ffec80a5
00743872
0034a4f9
ffa8610c
0051e66d
fffff0de
ffeb2755
003cd678
0041a1d5
ffaa03ad
ffcc29a5
00011acb
0010db63
0049ea20
ffa94462
00036c80
0071c6cc
ffa4145e
ff9e5313
003473cb
ff847be6
ffbdb10e
005ef0c4
0055439f
002f3302
0040fa03
ff88086e
ffb4fb9f
ffb3f00d
fffa472d
ff8c8c9c
ffea9fb8
ffe3b194
ffa95585
ff84103d
fff8ffa5
0036536c
0039811a
0006f3c5
fff10c2d
ffffdd20
ffd6585e
000000e3
003d63b4
000e8811
fff767f0
005f0456
ffd22c87
001d37a4
fff74538
0002caf6
002a00bd
00094104
ffd2b4f9
003ac3bf
00190023
ff930943
007d7233
ffd17fca
ffd4da2a
000063f5
0079e18b
ffff46e5
ffa4b35e
002f8adc
ff9d5e89
0018bb1c
ffbccc49
00411b61
002a628a
0065e09c
001dbae9
00572ace
ff9aebca
ffd50f0d
000b34fe
ffbe8aa9
ffd8b7d9
0030ae68
ff8f5d12
003096fe
ff8dcf56
ffd11768
007c7d09
002ca3ab
ffb7f9c4
ffa7ff44
002e5499
003a8f0d
ffd35251
ff9f5b5f
00256163
007ce339
ffafd888
00777d74
00645ac3
00284786
ffd959b4
0066fe6e
ffe32d0c
0036d73b
fff36f0e
ffae7e0f
0004e26b
0041c1b4
005793d6
ffc27c57
000000e4
ffb6c328
0012429d
ffd0d948
003e19d0
ff9ef6e0
00751d80
0034c62c
ffc89251
00074f47
007e58bd
ffb444aa
005d5cc5
ffa60535
ffb71e87
ffaf5510
ffcb66eb
fffa9a8d
000b4aa0
002b68b7
ff8d0284
ff8904e8
ffa54afb
ff9dfa2d
0068dd68
ffe8863e
ffbad54d
ff89b7cc
00348f0a
ffc18833
ffff87dd
ffd3983b
ff9ad077
006d947f
ffab24ab
003854c8
ff9ddcd1
ff810b03
00501733
ffab7777
ff87c73c
ff9ca3b0
00150b9c
0021faa4
002846b7
003100fb
00561995
ff926f48
ffc0e60b
ffa2a427
ffb433d9
0007a3b5
00125785
ffe535b8
ffcbb3e4
0062ec8e
ffd46c34
ff88a582
ff9de67e
ffc2afda
000495d8
004c2a73
ffead199
00425cec
ffaf7a2e
000000e5
0018b4b7
ffd8833d
fffef16f
ffec6ca4
001b564a
ffa15667
fff2fe8e
ffc11922
ffd25b13
0017e55e
ffeb6273
007e2d2c
005d653c
ffcf86c0
ffeed351
ffb457c5
ffba7a6f
0030148e
0053da85
ffcf592f
ffc513d0
00120142
004c6e51
ffecdf32
0059bbda
ff910839
00397ff1
0056ffbf
ffe93c33
0038a436
ffb0e67e
ff90d20c
ffd67620
002b1199
00318ed7
006b5d72
002f1226
0061408c
000eb29a
001b3dd2
ffa4dfd9
ffefcc8e
00664980
ffb1f871
ffeac416
ffd68689
0036588d
ffb4e4cb
ffcd312b
006bddae
001fb1b7
ff9a86aa
ffdf25c8
ffa946d2
fff58207
00312d29
ff93340d
00346068
00677cbb
005d97b8
004568db
00514c52
ffbeb682
ff923531
000000e6
006694ee
ffa94e70
0072bddf
ffac19ff
ffb53d72
005cad96
ffa3f271
ffb41b7e
002c5cbb
000b5427
ff9d3357
ffdb707f
0029128a
000f95d6
003f2aaf
fff9aa50
006223ec
00256b92
0048d76f
006d99a0
0075fe14
007a563c
ffea1ecf
ffd4ceff
ffb728e9
0071104c
0049e2bd
0059cdfb
0023ea9c
ff836cfe
00544808
fff120bf
ff921629
0043097c
fff530f5
0017e5a0
004a3473
ffaccb3d
fff4e723
001b613f
ffdad6a0
001c9f63
ffeba5a5
00508cb0
0018a69b
00632c00
00606d06
ffad35fd
00619607
ff89b014
ff88b1b6
001377d4
000f9c66
ffe4691f
003aa507
ffc2c17b
ff9d387f
ffcffbce
fff4b3bd
001ecdc3
ffc1201d
ffeea402
fff94152
007efd67
000000e7
ffadc933
ffc3b8bf
00552994
ff8b2ba6
002b6142
ff95b301
004b5b95
ff90a913
ffc15118
ff98b2f5
004486ed
ffe3b73a
007403a2
fff286cd
ff93a1be
ffd0af1f
ff827a05
00366cbc
0031aafe
006c21c7
002664c0
0035e06c
000ea00c
ffcc80ec
ffbda1ae
002e0e75
fff93795
ffd99142
00404a6e
00305597
ff9e7d51
00438ee4
ffff0c40
00215157
0018f617
ff82fd5d
0039c3bc
ff912a5c
0027c740
005fc73a
ff8c62dd
004b60cb
ffe5ca7f
00093feb
fff1db33
005d179a
00434606
001aa3e4
006852df
fff9b12f
ff82e112
ffed8b06
002b3355
ffe18366
00649331
00236398
007e6fb4
ffb822ad
00568b48
002eca91
005c4cc6
ffd6ade7
000e8363
005ff65b
000000e8
0072b364
ff91d220
ff970389
00606566
00653a0d
ffe8b757
ffc1bd47
0001b2b0
003bda33
0053a626
ffa5ee9d
0056eac8
ffffe197
ff88daf7
00732e69
0000b94f
0063eab7
ff9ee967
004f9084
ffcf6836
ffb97572
0060e175
0075d755
0056bc09
0026b7f4
ffbd250d
ffb65e03
000b81ab
0067b6cb
00777666
001a3262
fffae9b5
ffab75d5
006bb220
00374919
004868f2
00060d1a
fff1676f
0008b72b
005889c0
ffa3ce73
0074f865
ffbf6d33
ffdb9452
fff35076
ffd8e01b
ffddc3cc
005dd457
00598ad4
ffda6ef6
ffff277f
0031b06c
004cd16d
ffc28072
fff4885b
ffae3ea5
fff4e488
ffb74c2e
004536c0
ffe1e4bc
001a3ab5
ffb92084
0038fc42
ffce9cd3
000000e9
006520bf
00380d77
001ffd4a
ff858be5
007bd6bb
ffe204d7
000e5e22
0007d6e4
ff82ca33
ffbffc05
0053c11c
ffb8fa9c
006805e1
003f48ec
ffb97556
fff95b33
0017ea04
006c2e26
000d3234
002d7ea9
ffd974f6
007b604a
ffacc879
ff8fffc0
004bac27
0031ccb7
ffabc429
ffa480c0
00496714
001da465
ff91a893
00442214
ffdbfadf
ff88cf9d
006baf47
ffea5003
ffa8fe10
ffb1da96
ffb06312
ffca9891
005e5ad0
007c284f
ffa857cd
006ff05f
ffbd9803
ffff87c1
ff95a172
004d2dd6
ffdbdfb9
ff8c318e
00191124
006a7679
004f2837
00494ceb
0033f1ee
ffc8765a
001d1761
00585ea2
0042d195
ffb5fb06
001b68fb
00437161
ff8b5299
000b53d4
000000ea
00473f22
000fc564
ffbebcad
001509bd
0072f2c6
ffe8d2cf
ffebe223
ffa598a8
ffea8bb1
fff8a60e
ffc0c979
ffc93e12
ffb2e101
001de95d
ffd388a2
ffcdb7df
ffd5480a
005bcf55
002a0323
000ce6f3
ffe98ddb
ffcb8bc5
0036c621
fff71534
ffdb9a92
00337e7e
00728249
ffb2ea8c
005e777f
002f2a16
0009eb6d
00726906
007e035a
ffc12120
0026239d
ffc483e8
000df6a5
000ffa9c
0059b42a
ffad93ec
ffb7cbd6
ffb5fbc5
006d412e
003d0dae
ffbafb0c
ffa77156
ffd3f981
0063ada3
ff8aff16
00198743
ffb78b1a
00439d62
ffd658d5
ff988459
0071bdf1
ffe256b5
00463f5a
002b326f
00420f7a
00672632
00540b6a
ffc91188
006998b7
0028c35d
000000eb
ffd6c3a3
ff8913ad
004fbc82
ffe865cc
004e39a5
ffd21a7b
007ae5e5
ffca2720
000ab8eb
ffd26486
ffc257bd
006bcd31
ffe32544
fffa55f6
ffdea390
ff998b11
005ce35c
ffcf6847
005cbaa8
ffeaeb30
00141974
ffc1908a
0036f17f
0039e067
ffce2e08
005fe7dd
ffb2f914
0041bd48
00099e8a
ff8a2eb6
ff87d293
ff9dede1
ffabccd3
ff97ff18
0070256f
ffc846fa
ffe6c4ed
002a1613
ffa7a52c
0048707d
ffba8665
ff83a05f
ffd5d9f2
ff90547b
00131c82
ff9e89de
00228d7c
ffca30da
003ac719
007d32f6
00302e59
ffcf3980
0069e649
00689adb
00534899
004bca67
ffce17ba
00713b8b
00766e54
00518668
ffadae5f
ffeb74dc
0007c3e0
ffc8031a
000000ec
0047a0a0
005ec264
00188af7
0076ecbd
00538cc4
ff9498d9
001c8be4
ffe10fca
006c6d82
ffd5981b
ffe8ad46
ffe9f4a9
ffbc2d91
002326b4
002f2937
00669f94
ff8dde11
000b5eb6
ff8a9d8b
0079309b
ffbe7c29
0046ced0
ffc01ab5
00473e67
006d7fa2
ff9b195f
003978ee
00229013
0013a7eb
ffd39f39
ffae23ad
0045b7d8
001a7c03
ff924040
00146a72
fff45e7a
002ee301
ffb596a0
00714521
fffc499f
00761dbf
ff934769
007a6909
ff97d955
ff8b4ad7
ff9949a2
ffee33c7
ffe546d7
ffa21689
00067362
001dbb7e
ffdcdeb4
001b5660
ff984551
ff964079
00035c45
ff8b0977
0017aec9
ffc86288
0009194a
0024381a
ffd2f7dd
000b472a
ffa6e313
000000ed
ffa1494d
003b344b
0045ea13
003cf984
ff9a311d
00773e8f
fffa0351
0047714d
000b5185
004504da
fff57ef3
ff8c2c1a
ffdc9fef
004aa8cf
00424995
fffaf78d
002057d0
002d41b6
0011daa8
fff5550f
0001bc18
ff9f0b7c
ff8bfadc
00487127
003e7e51
ffa2601f
ff88f8ea
ffdba65c
003ff73b
ff847963
ffa06ad4
002c0c03
004360c7
001a4478
ff82977c
0052f821
005004dc
ff86b0e7
0023075a
ffd98ffb
ffe768d9
002054e7
fff7d652
00613e39
ffbe7f9d
001eccc6
ff87e1fe
006b6b47
0030bde1
00386f8d
006660ec
000c99ef
00370701
0074ec01
00440c88
ffe1a993
00777aa9
006873b6
fff8fcd1
001699bf
ffa6e097
0065213d
006633cb
ffeeee17
000000ee
00051066
002ab544
fff696a6
006533bb
ff97f210
003f2da4
00747e5b
004942e9
001bd71c
0052b47a
ff9afe27
00606d8d
00689aa0
ff8251d9
00601c9c
fff6e6be
ffd868d2
00320c27
007d3d2a
ffd9c737
001c24d4
0008ad62
ffb768de
ff84922a
ffa6367f
006c3b64
ff9c6cd1
006c2dc0
ffbed527
0058149a
ffcdce80
ffec2e58
ffc74555
0011d521
0076a60e
0034751a
ffc282ac
ffb05ce0
0077debf
ffd00df8
ffeaecd2
001cc484
00416988
ff8446a1
ffe1f788
000f5a97
ffad28ff
000b4f16
00374956
ff892e53
ff878394
ff9f1cc7
ffa02236
00249448
005e8589
ff9d539d
ff8bfa0c
ff8b8573
ff9b33cb
0031571e
00384852
002c5d7e
00269cf8
ff8cb8a7
000000ef
ffa3663d
ffcd0a18
00627ada
007899c9
ff8c0330
ffe485cd
003f3fc5
00245b82
fff3c84d
003b7c11
0025a008
006744f8
ff8cb745
007e81a6
005ea367
ffa8c24e
ffb3b4e0
ff8cfe40
003ba8ea
ff9865ec
ffa48c4b
ffc79885
0030aca0
ff8c15fd
fff6c77f
ffac844d
007c8dc9
ffee117d
0028e034
fffcfe94
ffce5c19
007d5f3e
0013c6e7
fff483eb
0079ecca
ffdd8c84
000b1ea1
007ebdc2
ffcbc5ec
ff938e26
ffa199b0
00243243
ffd55261
003a2a36
ffdc34f5
0035f8b4
0001b0c9
005591d8
ffb80bf6
006e1bc5
ffe853a5
00219b44
001370c1
00186306
ffb12fbd
0020ad60
001bdce9
ffd7735d
0046e0a5
002d2d68
ffaa45c0
ffb9a10c
00554a10
006d4faf
000000f0
00062ba6
0017a980
006a8664
ffc56870
fffb6750
ff9974d9
0021de58
fff1bfb0
0029a429
004d0734
002a2725
00700ac8
0029547b
ffd23b1f
fff91c39
ff8e3c76
ffb3d158
ffac621f
0046963f
004bf317
000905b8
005198cd
ffd82291
ffe0345b
ffc9d90f
ffe98ae1
0018d3f7
003c656e
0042efbf
00579b18
0075eddb
ffcdbf1d
003de809
ffa0f69b
001ce967
ffec7102
ffbbe351
0053a5d2
ff8c8ecc
003e1aa0
ffe9cd71
ffb1c832
002bd01e
ffc4534c
ffb7beb7
002e1847
00247778
000e88f7
ffb3073d
0016bcc7
ffeb0a10
ff86fb10
0047d2ec
fff54158
0017f906
0058ec45
0017902e
ffec13e5
ffee54cb
ff9f3e54
000870b0
00658bfb
ffbdfad9
ffd73ffd
000000f1
004162a9
ff82c681
ffd6d422
00491edc
ff85b1a3
005cb804
001c40d9
ffc47565
ff832aeb
0061334b
ffa5ae7d
00519236
0072698c
007b2fdb
fff68dc7
ff8f3c36
ffcc874d
003567f9
00049b32
ff9d3fb6
ffbb528c
00710b52
0017c6b9
0056ab6f
0002b9c4
ffde3cff
ffb9c015
0050c4f7
fff3f6d0
005f37a7
001fe4d3
0019de80
ffb295a6
ffd73223
ffe335fd
ffa34a02
fff86d84
0079c012
0060868f
003be532
ffa740d4
000aafb5
00694df3
fff639c8
ffbe990c
000b8d01
005f58ca
00117861
ff8471c6
fffc3e14
ff86b04c
ffdc352a
007b4b21
006a7b2d
005636dd
002b5f40
fff0def5
00192cfa
0075815c
0072930e
00577d66
ff8f3992
0049286a
000f72c0
000000f2
ffc70c91
ffc70769
003de66a
001a413c
ffcbcdfb
0007b7ee
007f7725
005fe10f
ffd0153b
002a4d00
00118973
ffd4fb2d
00025f22
ffe7f073
00617367
00404dd2
ffb1b0b7
00674f8c
00789c2c
ffd09699
ffe2e625
ff94f4ba
006e34ce
00661d2d
ffe1f7cb
0065111d
ffcee3dc
0008c64d
001a8956
ffecc06e
00113529
007d4b2e
ffecb4f8
ffd81931
fff40d28
006534a1
007a8245
fff8e907
001c4c79
0015f0f1
0001ecbb
ff9370e0
ffed133f
ff9d962f
001aa192
007e5dc3
ff89d0d9
ff8e24b7
ffaf56a0
fff487a6
00157fc3
006a1aa8
ffe8e969
005dd00f
ff83cce1
001b7226
0073ca52
0002f2ee
ff90dba9
0056a65f
ff8f0b25
fff3bbfa
000bb710
ff8bf88b
000000f3
000023f3
ff8a1b9e
ffe77d02
003f006a
ffed8862
004b4d11
00412847
ffefa269
ffda5e39
003da6a1
002d39a5
ffe20311
ff9874d0
006228fe
00167327
ff8f9825
ffd2f172
0031a9db
0075e329
fff7d2e2
006c69b5
ffa668b1
0070586e
ffc3058d
ffc54ca5
000d335d
0010653c
ffafcb09
ff89d43c
0064a63b
0069ac07
ffd630c3
00689d92
ffe035c0
ffdeee5d
000e1823
ffb7d226
002c25a5
0072461e
ffc49de4
ffc0ee49
fffae99e
0005c32f
ffca0ff4
ffb6d1f1
ffd7477b
00232142
00314505
ffc3e3bc
ffe43ca6
ff98270e
fff2b958
ffebf31a
ffa359e4
00504d19
001e29fe
ffd56b7a
00790c65
002c6a89
0038f2d5
ffc6f186
00172fa1
ffef04a9
ff8e0991
000000f4
00762448
00246399
ffc0b22b
00685598
ff8609aa
ffcfa824
005ed2e9
ffca80fa
ffb26f8c
ff80f808
007338dc
ffc45bcf
00654e49
ffde166b
006e67a6
005d8883
ffa136e2
000c17c0
ff99a7a9
004ec880
005c6a1d
fff3c59b
ffa86cff
fff0d7eb
ffdb088d
ffad56d9
ffb16578
002126e2
00708286
00350f24
000b98da
001cb163
002e13f6
ffbbbc6e
ff8ad9d6
0074abd5
ffc329e8
004fd912
007bf188
00227a69
005ffc45
0029341a
0029b599
0033feb4
ffecf871
ffa08881
00619f48
ffc16bb4
ffc85a15
ff98f2cc
ff99d927
000c1219
003380bc
000de42f
00665b1e
ffddf41b
000e3fc9
ffff59e5
ff97cc54
0005db9e
0021da3d
ffd17309
ffaa7a76
0001f35e
000000f5
ffa5d8a8
ffef9db1
ffe001c5
00337478
0013b413
fff0e6c4
ff8f6236
ffd88dcc
006c1468
004dba7d
00182abc
ffe2ea0d
ffc2eb41
ffbef1ad
ff983e6a
ffc7904a
ffe38cfd
00373ffc
ff9fe3b0
ff824aa0
ffc7b64e
ffb19977
003c8bbd
0079026a
007db13a
00226097
003e859f
ffe03c4f
0057fead
000e2abd
005d134d
ffe04cc4
005fafe2
0056827d
003d4af7
0027e39d
003256e9
006d377a
00170169
ffbe512f
fff3c045
ffabbb81
ff9150d9
fff06ac6
000be505
ffe6d05c
00345270
006cb922
0036205e
ffe23b74
0009d146
fff6cc85
0007d968
ffa184e1
ffd7cba0
ff8f0038
ffc9142a
0005b9af
00449d92
00438f56
005c7da8
ffb6088e
ffab3b89
001b59e5
000000f6
ffb090b6
ff8cf2e1
ffad4a1b
006ca581
002dcdc7
fff790fd
ffead5a7
ffb47332
0008ae03
ffb59305
002cb600
00590700
ff99c501
00005d48
00196b3e
ff9ebc1a
ff91678c
005b4889
0028f70f
ff8b1447
fffd58e5
0020f705
00581819
ffc37593
004b03a2
ffc16483
ffcb0c7c
0004942b
006f85c1
ff87ca1d
ffa327ed
00657168
ff9c152b
0018b9d3
001846e3
ffa3f575
0036076e
0038561d
fff101fc
ff894937
ffab597d
005ebb60
ff9d5cb8
ff88d23e
005661a3
ffbe42e4
ffddcec0
ffc443d9
ffc12e04
007ed64c
ff9f00a6
0067f0c5
ff8074ba
ffae13e8
ff84421f
ffc709cd
000e940a
ffe534ce
00146457
00639472
00659329
0061bae0
ff96f53d
ffb73bb5
000000f7
000afc88
00105c6a
001943ed
ff84a77e
ffdb40b7
000a087f
0028bdbc
ffe9f5a8
ff81276b
003a15e6
000c914f
ff8bb9b6
ffd10ec9
ffda3f7a
0038b605
fff83316
001677f4
007cb3e2
ffc178ca
ffae9b46
00433e42
003f6385
ffd9d7de
ffe44117
00434304
0049fe71
004d7ed1
ffbc25c4
002fee66
ff9d68e0
ffed6f10
ff83817f
ff8f3250
ffaec473
001bd51d
00686f3b
ffaff7aa
002bd3ff
00776d8c
ff9bdc21
001a97d5
ff9301df
ffc6432f
ffe12755
004c774c
005eadcf
ff85aae9
007e62b4
003a7fb3
00578cdd
006bcf8f
00058639
000043b3
000b6487
ffabfbe9
004f7a8e
ffeb190c
004743ec
ffb854c7
ffedc771
ffd47d87
fffe05bc
00515eec
005f8657
000000f8
fff378a1
0042c8cc
ffab08f8
0002cf5a
ffad59e2
004b369b
001265ce
ffe7364f
007be504
007d38fb
ff955e8c
0042e12a
005f42b0
ffedd1f4
ffbc03ac
ffa40730
fff15dee
0015d3aa
fff332af
005a33e7
ffd3f27b
0044caaf
ffc2ad54
ffedc601
003cd6a2
0044d7a3
ffa58a43
ffc36a92
002969df
ff885086
0076e5ac
00070ff5
004a56a8
00342997
005ee2a7
000bdbe0
ffee2ded
ffa71091
0012f132
0025159e
0049d540
00255e31
ffa19c0a
0006a7a5
0058bb75
ff9f58d4
ffd0fe81
fff270f6
ffbf8e84
ffc4935b
ffcdf804
0052e4d4
ffc1991b
fff6c22a
001e9c7e
00367ceb
ffae1c14
ffe0ef93
007ec98a
ffd5b6df
ffea42cc
00729171
003b70d0
ffa23145
000000f9
0000b0e1
fffeaa13
0039cba7
ff814540
0065e42c
ffb02518
0068ab6e
005dbf21
005a5036
ffaa8507
ff8a6e25
00740545
ffb40e9c
ff9f9151
fff52993
00460576
00221d65
002aa9ad
007a3f18
00147431
ffef3e3b
fff0db09
006ff5aa
fff608ad
ffe4ecea
ffc54cad
0040d1ae
ffdeb16c
ffefaeeb
ffb053e3
003e84f7
00320600
0072eb51
ffa4c2d5
004c9f22
fff8d04a
ffee9f7e
ffa90b34
ffb378bc
ffa3ef45
ffa76cdc
00332bab
ffebdc19
007ee5ae
00792b8a
003b4119
0050affc
ff89c9e0
001f3eb8
00219449
005f380f
00198af0
0000fddf
ffea9ff3
ffbb18ae
005d55e0
fff6f0d0
00073626
ff8aae93
ffd796b0
000f6793
ffe8920c
ff93e59a
ff859df8
000000fa
0014fbce
ff9b88d1
ffb46f0a
ffebfe67
fffd616a
ffb9d444
ffee1309
ffd9f1d6
ff83a726
00564a18
ffc35bfc
006fdf4d
004f7266
006a1092
00763d9c
ffe9d21b
001508d8
00698c74
0014435e
006ab482
ff9e07fc
00657570
fff62e57
00302dad
ffbc51eb
0045014d
003220cd
ffe0ede6
002441fa
002eeed0
00411ed4
ff841277
00130eda
ffa55026
000bba4e
005582d1
fffa557e
ff8d0083
ff82c317
ffc6bcd4
007a5217
fff92109
ff8dfd62
00798cbd
ffffae20
003d6fbf
ffd58a28
ffbf5ccd
000a09e7
007d0654
004c6b1d
003681e8
004b8d32
007d5324
0075e767
fff664a7
fff0fd8e
007d650f
ffb2787a
00663ac4
ffabb167
00422732
ffe71acf
ffeb7004
000000fb
ff8ce20c
00764f9d
ffe11428
fff9831c
001b5b5b
0027fb29
0058e4fb
00555c1b
004d513a
003cc0fe
00536304
ffce57f0
00153c4a
0067e9d8
002090a7
fffb9768
0041289c
ffb1910b
003a9f44
001927a5
006cda0b
ff878962
ff990bf5
0018e8cf
fffb68b0
ffc5a67c
00734b7d
ffd9f722
00208f17
ff831f01
004b8fde
ffd2842d
ffdcc9e6
ffbc662d
ffe3b40d
ffae6069
006dfc2d
0031fe3a
ffafe1fb
ffa2f9ef
ff919c60
0045450c
ffc4edc3
ff951b0f
ffbde3b3
00449dbb
ffaa5060
0022ac38
00097c00
003be6be
ffe5748d
00347390
ffd12a66
005ff8e4
00517227
ffa63c0a
fff8e2d4
00139155
006c3812
ff8d20f7
005df603
006317fb
ff9bd37c
ffd09609
000000fc
00760905
0058f2ee
003074d5
fff7a8ea
0025df64
00152bb2
ff913fe2
00695e3e
ffece67e
00701467
001263c1
ffe9d5f8
00337849
ff90f13b
006e44f4
ffb2c6e8
ff9e2aa7
ffb5fa2e
ffd9f04d
00022b60
000221c2
ffbf80e1
ffe0fdad
001b60b5
ffd72cb1
0015d6a4
ffd5beec
ffce0294
ffa867fc
ffd3ba22
0075cc11
00245ce4
0006d324
ffe951aa
00146a5f
007fc024
ffa98fee
ffd43095
fff6f612
ff83ce30
0029212a
ffbb50c3
007a6683
001e281a
ffbb8b7a
ffc3009f
ffc6587f
ff901e5c
ffd92c99
00612f97
0051bfef
00776ec5
ff8fc2d0
0011b19e
ffcaa70e
0076c600
ffc07ea1
00386b6a
ffe65f56
ffba9595
007e755f
003386a6
fff41712
0036985d
000000fd
ffc96dff
000ec4c1
001edeff
ffd265ef
fff122da
004e84db
ff849ea2
ff9fa5d3
ff9b8c10
ffba61e6
005d5577
0000fd4c
00053d70
fff0b246
fffb92b1
00399154
004a143b
0038e3f3
ffa72006
002d2459
004dd634
ff82964f
001e4e37
005bb316
ffc2a449
005ca6ab
fff0181f
0034b187
0005d4d5
00365a9e
fffd799b
007be587
006c0f12
00122447
ff9e64ad
00197b2b
ff8989dc
ffe9db72
ffa4612f
ffa86dc1
006b9f11
ffbce05f
ff8e6109
00703f8c
ffcc753d
fff3a345
000cc182
ff8b64a0
000bec71
006f35f5
00699185
ffea182b
ffe6184c
ffa10eca
fff25974
002f9eea
0017825d
ffdfc62c
fff80102
00201a51
ffa8e84e
0042f543
ffe53545
ffcd7132
000000fe
ffd9fa9b
ffe7a143
00352498
ff8d004d
ff801ffb
00269928
ffb2ce3d
ffdb4f96
ffbf5fdf
ffb82f51
ffd61d97
ffd0c670
fff598c3
000c14f1
000c6f74
00701291
ffcfe2f9
ffb8accd
00569a45
ff8c00d7
0014211a
000bff6e
ffd7fe3d
ffb66384
0060950b
ffcc40d9
0046d030
ff8c0a4d
ffac8f5b
0041cb7a
ffeab889
ffe445aa
ffc460fd
ffd4e518
ffb36924
0057071f
004a9654
0071c860
00390994
002e8ef4
00319e35
ffcbe061
0061ce54
0013be39
00300fd1
00370584
00739bfc
ff9f45c7
0046e2ce
0026dc55
ffe6efbc
0062a45c
ffb93608
ffe76171
00670632
fffd97cb
ffa753db
004fbebd
ffe5a14b
ffe58432
0055b333
ffb279d0
0017c3e9
ff9752aa
000000ff
000df825
006abe66
00133c81
ffc05464
ffde7219
ffa62b96
0004485d
001d8738
ffc1cfd3
ffb3d170
ffa2b299
ff96f1f8
ffaa556e
ffb27be5
006918b4
0000e49e
0016af0a
0066b26a
ff9ca0f3
ffc4449b
002af2f6
001139f7
00543750
007c0eb7
00719c85
ffed3c78
00667edb
0018333c
0049508e
002be767
003b000a
ffc8f687
0059906e
00496213
001f9faa
000d92c1
00519fef
ffe9fc7c
ffe23ef6
003e7487
0048e2fa
ff8e113f
00732a68
ff9ffe69
00055a08
ff8f07bc
ffed1dd9
0004394f
00511f3b
ff98c60f
ff87e8d2
004a3a0e
00527465
ff851691
001dd737
ffca8600
00388f72
00660b34
006805fc
ffda2fcc
00422562
ffb6c61f
ffe24551
000dc255
