index,path,bank,size,census_blob_sha1,actual_blob_sha1,blob_match,status,detail,elapsed_ms,engine_commit,sample_rate
0,resources/data/patches_3rdparty/A.Liv/Basses/808er Than 808.fxp,contributor,38910,ccf42b0e8bdc1c7884b3badbd3b26c6ec4ba0aba,ccf42b0e8bdc1c7884b3badbd3b26c6ec4ba0aba,True,ok,,3,58914e59c608ed4384ba6002e44c3465c58b2e71,48000
1,resources/data/patches_3rdparty/A.Liv/Basses/Amen Polska.fxp,contributor,291035,4476029209d77064a7c2bf4f58fef78f7f2c10fc,4476029209d77064a7c2bf4f58fef78f7f2c10fc,True,ok,,64,58914e59c608ed4384ba6002e44c3465c58b2e71,48000
2,resources/data/patches_3rdparty/A.Liv/Basses/Bonsai 808.fxp,contributor,214711,07dc94a1093ea5f157d72d809c6b8850483e929e,07dc94a1093ea5f157d72d809c6b8850483e929e,True,ok,,20,58914e59c608ed4384ba6002e44c3465c58b2e71,48000
3,resources/data/patches_3rdparty/A.Liv/Basses/Dynamo Square.fxp,contributor,38057,62e57f726fb5d7b448ec5af03ba103cd044fd2f8,62e57f726fb5d7b448ec5af03ba103cd044fd2f8,True,ok,,3,58914e59c608ed4384ba6002e44c3465c58b2e71,48000
4,resources/data/patches_3rdparty/A.Liv/Basses/Move Like A Bucket Truck.fxp,contributor,100845,e7720dc7e27f63c49ee4b5fbc66a519e6f47b12a,e7720dc7e27f63c49ee4b5fbc66a519e6f47b12a,True,ok,,6,58914e59c608ed4384ba6002e44c3465c58b2e71,48000
5,resources/data/patches_3rdparty/A.Liv/Basses/Raspy Ring On It.fxp,contributor,34048,93acf18e094d2c1167629dac6d9c828e4e490e3d,93acf18e094d2c1167629dac6d9c828e4e490e3d,True,ok,,3,58914e59c608ed4384ba6002e44c3465c58b2e71,48000
6,resources/data/patches_3rdparty/A.Liv/Basses/Seek And Ye Shall Find.fxp,contributor,35319,c80ae2e0ea64a843b98b1ad7b4859fc0d83d3c26,c80ae2e0ea64a843b98b1ad7b4859fc0d83d3c26,True,ok,,4,58914e59c608ed4384ba6002e44c3465c58b2e71,48000
7,resources/data/patches_3rdparty/A.Liv/Basses/Sqweird.fxp,contributor,49739,85fe24af68654f66116dea410b47270674b74f18,85fe24af68654f66116dea410b47270674b74f18,True,ok,,4,58914e59c608ed4384ba6002e44c3465c58b2e71,48000
8,resources/data/patches_3rdparty/A.Liv/Basses/Sub Wrap Example.fxp,contributor,400009,797d63a656c8e25f4e689165713f61ba363f8a42,797d63a656c8e25f4e689165713f61ba363f8a42,True,ok,,70,58914e59c608ed4384ba6002e44c3465c58b2e71,48000
9,resources/data/patches_3rdparty/A.Liv/Keys/Grant Me....fxp,contributor,33209,5d89df58693a9db34730cf2ea8a422484f7c6049,5d89df58693a9db34730cf2ea8a422484f7c6049,True,ok,,29,58914e59c608ed4384ba6002e44c3465c58b2e71,48000
10,resources/data/patches_3rdparty/A.Liv/Keys/I See I Saw.fxp,contributor,40788,0742bdae8da8430220051945fed05aaa06793d04,0742bdae8da8430220051945fed05aaa06793d04,True,ok,,9,58914e59c608ed4384ba6002e44c3465c58b2e71,48000
11,resources/data/patches_3rdparty/A.Liv/Keys/July.fxp,contributor,61281,315c0a1a27a671297f437026c021ce917f1e3875,315c0a1a27a671297f437026c021ce917f1e3875,True,ok,,8,58914e59c608ed4384ba6002e44c3465c58b2e71,48000
12,resources/data/patches_3rdparty/A.Liv/Keys/March.fxp,contributor,37397,9389571a9b93948e94d8f1a3cdad9d0da60f6cc1,9389571a9b93948e94d8f1a3cdad9d0da60f6cc1,True,ok,,5,58914e59c608ed4384ba6002e44c3465c58b2e71,48000
13,resources/data/patches_3rdparty/A.Liv/Keys/November.fxp,contributor,41082,c5576fe0f154f3ed484634da3e0e945e63f1f46e,c5576fe0f154f3ed484634da3e0e945e63f1f46e,True,ok,,84,58914e59c608ed4384ba6002e44c3465c58b2e71,48000
14,resources/data/patches_3rdparty/A.Liv/Leads/Hurdy Pardner!.fxp,contributor,44255,bb6b4246f1b42025c8606e3b71252e90a32aac5d,bb6b4246f1b42025c8606e3b71252e90a32aac5d,True,ok,,47,58914e59c608ed4384ba6002e44c3465c58b2e71,48000
15,resources/data/patches_3rdparty/A.Liv/Leads/Let Life Give Limes.fxp,contributor,69269,c3082002e7c37f60f9552782eeb90b09fd80861d,c3082002e7c37f60f9552782eeb90b09fd80861d,True,ok,,11,58914e59c608ed4384ba6002e44c3465c58b2e71,48000
16,resources/data/patches_3rdparty/A.Liv/Leads/Novuo.fxp,contributor,227694,e688adfdcdee44073968942914733783163b0e8c,e688adfdcdee44073968942914733783163b0e8c,True,ok,,22,58914e59c608ed4384ba6002e44c3465c58b2e71,48000
17,resources/data/patches_3rdparty/A.Liv/Plucks/Cute 1.fxp,contributor,34933,263de528a26f764cc80bc3ef963750eeece862a8,263de528a26f764cc80bc3ef963750eeece862a8,True,ok,,5,58914e59c608ed4384ba6002e44c3465c58b2e71,48000
18,resources/data/patches_3rdparty/A.Liv/Plucks/Cute 2.fxp,contributor,37498,1cb2a7ae6111b99172948027ab65b649130bda27,1cb2a7ae6111b99172948027ab65b649130bda27,True,ok,,5,58914e59c608ed4384ba6002e44c3465c58b2e71,48000
19,resources/data/patches_3rdparty/A.Liv/Plucks/Cute 3.fxp,contributor,40993,37d7be69370c7aa9a275056a685adba767196d80,37d7be69370c7aa9a275056a685adba767196d80,True,ok,,21,58914e59c608ed4384ba6002e44c3465c58b2e71,48000
20,resources/data/patches_3rdparty/A.Liv/Plucks/Taped Plucks.fxp,contributor,132924,402c3cca76e8668e419e22bf1410c8403408be07,402c3cca76e8668e419e22bf1410c8403408be07,True,ok,,116,58914e59c608ed4384ba6002e44c3465c58b2e71,48000
21,resources/data/patches_3rdparty/Aleksey Zhehanov/Basses/Double Bass.fxp,contributor,38971,8677a81d70e9cd96aa002a2572e9d402ed57ba9a,8677a81d70e9cd96aa002a2572e9d402ed57ba9a,True,ok,,4,58914e59c608ed4384ba6002e44c3465c58b2e71,48000
22,resources/data/patches_3rdparty/Aleksey Zhehanov/Basses/Electric Bass.fxp,contributor,43281,9bb66bccc849e0f980655b161f9ade2f83665e7b,9bb66bccc849e0f980655b161f9ade2f83665e7b,True,ok,,3,58914e59c608ed4384ba6002e44c3465c58b2e71,48000
23,resources/data/patches_3rdparty/Aleksey Zhehanov/Bells/Chime Bell.fxp,contributor,33303,3192c296df0e2474ecab843785060bcc7724b357,3192c296df0e2474ecab843785060bcc7724b357,True,ok,,3,58914e59c608ed4384ba6002e44c3465c58b2e71,48000
24,resources/data/patches_3rdparty/Aleksey Zhehanov/Brass/Euphonium Ensemble.fxp,contributor,36042,e5cca3589f6573335f639aeafa675985f49cbdb3,e5cca3589f6573335f639aeafa675985f49cbdb3,True,ok,,5,58914e59c608ed4384ba6002e44c3465c58b2e71,48000
25,resources/data/patches_3rdparty/Aleksey Zhehanov/Brass/Euphonium.fxp,contributor,35099,832942856e4853f77b2e8aa840e6bbc96f805264,832942856e4853f77b2e8aa840e6bbc96f805264,True,ok,,12,58914e59c608ed4384ba6002e44c3465c58b2e71,48000
26,resources/data/patches_3rdparty/Aleksey Zhehanov/Brass/Flugelhorn Ensemble.fxp,contributor,46541,fc7d29c017fe39df53a11e1a65f341958fc5b806,fc7d29c017fe39df53a11e1a65f341958fc5b806,True,ok,,8,58914e59c608ed4384ba6002e44c3465c58b2e71,48000
27,resources/data/patches_3rdparty/Aleksey Zhehanov/Brass/Flugelhorn.fxp,contributor,35150,7aa486688087f04a236ef7c8cc4a2b20150b2e7b,7aa486688087f04a236ef7c8cc4a2b20150b2e7b,True,ok,,3,58914e59c608ed4384ba6002e44c3465c58b2e71,48000
28,resources/data/patches_3rdparty/Aleksey Zhehanov/Brass/French Horn Ensemble.fxp,contributor,45327,770fd20523d0fec9c869c9323d78f522f375a85c,770fd20523d0fec9c869c9323d78f522f375a85c,True,ok,,6,58914e59c608ed4384ba6002e44c3465c58b2e71,48000
29,resources/data/patches_3rdparty/Aleksey Zhehanov/Brass/French Horn.fxp,contributor,35190,98fa0c8bf8120696e0133c82e213f1db19ae0baf,98fa0c8bf8120696e0133c82e213f1db19ae0baf,True,ok,,3,58914e59c608ed4384ba6002e44c3465c58b2e71,48000
30,resources/data/patches_3rdparty/Aleksey Zhehanov/Brass/Trombone Ensemble.fxp,contributor,67683,7b7c03f9575bce4935601982999c02e90cce158e,7b7c03f9575bce4935601982999c02e90cce158e,True,ok,,8,58914e59c608ed4384ba6002e44c3465c58b2e71,48000
31,resources/data/patches_3rdparty/Aleksey Zhehanov/Brass/Trombone.fxp,contributor,35178,cf374b866217a1f123915a99d2f9f413302abf9c,cf374b866217a1f123915a99d2f9f413302abf9c,True,ok,,9,58914e59c608ed4384ba6002e44c3465c58b2e71,48000
32,resources/data/patches_3rdparty/Aleksey Zhehanov/Brass/Trumpet Ensemble.fxp,contributor,49719,c8cc14ca1915d55f60355c1a26b331e560536c85,c8cc14ca1915d55f60355c1a26b331e560536c85,True,ok,,9,58914e59c608ed4384ba6002e44c3465c58b2e71,48000
33,resources/data/patches_3rdparty/Aleksey Zhehanov/Brass/Trumpet.fxp,contributor,35861,e90de18aa5e3b4e0a86e40a7ad0a6cc4bba73397,e90de18aa5e3b4e0a86e40a7ad0a6cc4bba73397,True,ok,,4,58914e59c608ed4384ba6002e44c3465c58b2e71,48000
34,resources/data/patches_3rdparty/Aleksey Zhehanov/Brass/Tuba Ensemble.fxp,contributor,35204,6ce0c761c0f42de8d1d5fe3503e4b91c9dc6edd1,6ce0c761c0f42de8d1d5fe3503e4b91c9dc6edd1,True,ok,,11,58914e59c608ed4384ba6002e44c3465c58b2e71,48000
35,resources/data/patches_3rdparty/Aleksey Zhehanov/Brass/Tuba.fxp,contributor,34520,7a201f308f404291d8a773f5c575578b54517b96,7a201f308f404291d8a773f5c575578b54517b96,True,ok,,6,58914e59c608ed4384ba6002e44c3465c58b2e71,48000
36,resources/data/patches_3rdparty/Aleksey Zhehanov/Drums/Brush Snare.fxp,contributor,35721,aee7d4157acb8236e4ae006f6ea4ef2e72cea5d0,aee7d4157acb8236e4ae006f6ea4ef2e72cea5d0,True,ok,,8,58914e59c608ed4384ba6002e44c3465c58b2e71,48000
37,resources/data/patches_3rdparty/Aleksey Zhehanov/Drums/Crash.fxp,contributor,36270,bddc3398b7737601bbd9fb6d2d25e7ee7dce9774,bddc3398b7737601bbd9fb6d2d25e7ee7dce9774,True,ok,,6,58914e59c608ed4384ba6002e44c3465c58b2e71,48000
38,resources/data/patches_3rdparty/Aleksey Zhehanov/Drums/Hi-Hat.fxp,contributor,34978,3fe7bfa88faeb24203d8a57b08d8fac3030dc08e,3fe7bfa88faeb24203d8a57b08d8fac3030dc08e,True,ok,,5,58914e59c608ed4384ba6002e44c3465c58b2e71,48000
39,resources/data/patches_3rdparty/Aleksey Zhehanov/Drums/Kick Drum.fxp,contributor,34475,884146764ede760e65abe8ac846d63dcb0910270,884146764ede760e65abe8ac846d63dcb0910270,True,ok,,7,58914e59c608ed4384ba6002e44c3465c58b2e71,48000
40,resources/data/patches_3rdparty/Aleksey Zhehanov/Drums/Reverse Cymbal.fxp,contributor,35728,2024363e48a47d5b56845299ac0dfac12684d1ef,2024363e48a47d5b56845299ac0dfac12684d1ef,True,ok,,3,58914e59c608ed4384ba6002e44c3465c58b2e71,48000
41,resources/data/patches_3rdparty/Aleksey Zhehanov/Drums/Ride.fxp,contributor,36106,eaabad1c97c2bb0c8da68b120cb21677ad6e6344,eaabad1c97c2bb0c8da68b120cb21677ad6e6344,True,ok,,3,58914e59c608ed4384ba6002e44c3465c58b2e71,48000
42,resources/data/patches_3rdparty/Aleksey Zhehanov/Drums/Snare Drum.fxp,contributor,36380,14ebdeda2ec2220ba66ae9610d064aabdf4633e9,14ebdeda2ec2220ba66ae9610d064aabdf4633e9,True,ok,,3,58914e59c608ed4384ba6002e44c3465c58b2e71,48000
43,resources/data/patches_3rdparty/Aleksey Zhehanov/Drums/Tom.fxp,contributor,35395,310c0420a0cd36c3e094fc2993154f7a9c385f43,310c0420a0cd36c3e094fc2993154f7a9c385f43,True,ok,,3,58914e59c608ed4384ba6002e44c3465c58b2e71,48000
44,resources/data/patches_3rdparty/Aleksey Zhehanov/Drums/Wood Percussion.fxp,contributor,34468,e75d4e6757b6432272cbb8a9cb2897b5117059cf,e75d4e6757b6432272cbb8a9cb2897b5117059cf,True,ok,,3,58914e59c608ed4384ba6002e44c3465c58b2e71,48000
45,resources/data/patches_3rdparty/Aleksey Zhehanov/Guitars/Acoustic Guitar.fxp,contributor,39559,ec8c9c563f78744747945d12694b6c332b575fdf,ec8c9c563f78744747945d12694b6c332b575fdf,True,ok,,3,58914e59c608ed4384ba6002e44c3465c58b2e71,48000
46,resources/data/patches_3rdparty/Aleksey Zhehanov/Guitars/Bright Steel String.fxp,contributor,42166,aa03b95dbc5848ba7563e8a9cd74348bedc6471f,aa03b95dbc5848ba7563e8a9cd74348bedc6471f,True,ok,,4,58914e59c608ed4384ba6002e44c3465c58b2e71,48000
47,resources/data/patches_3rdparty/Aleksey Zhehanov/Guitars/Distortion Velo.fxp,contributor,37382,3d8d75c090dd38ab7b4adeaf844622b5d1279df8,3d8d75c090dd38ab7b4adeaf844622b5d1279df8,True,ok,,3,58914e59c608ed4384ba6002e44c3465c58b2e71,48000
48,resources/data/patches_3rdparty/Aleksey Zhehanov/Guitars/Electric Guitar.fxp,contributor,38737,bc6a7d60cb951af59c30686ba4f15ff7de3d56d6,bc6a7d60cb951af59c30686ba4f15ff7de3d56d6,True,ok,,3,58914e59c608ed4384ba6002e44c3465c58b2e71,48000
49,resources/data/patches_3rdparty/Aleksey Zhehanov/Guitars/Muted Electric Guitar.fxp,contributor,136665,597470224470af338eca76937d58c5785df901e8,597470224470af338eca76937d58c5785df901e8,True,ok,,10,58914e59c608ed4384ba6002e44c3465c58b2e71,48000
50,resources/data/patches_3rdparty/Aleksey Zhehanov/Guitars/Steel String Guitar.fxp,contributor,38241,13c7a4fe9c90b2a5cdb7e0219b5681538ebcf541,13c7a4fe9c90b2a5cdb7e0219b5681538ebcf541,True,ok,,4,58914e59c608ed4384ba6002e44c3465c58b2e71,48000
51,resources/data/patches_3rdparty/Aleksey Zhehanov/Keys/Accordion Lead.fxp,contributor,33208,a70693243974c3aecde87962639c915283d26868,a70693243974c3aecde87962639c915283d26868,True,ok,,3,58914e59c608ed4384ba6002e44c3465c58b2e71,48000
52,resources/data/patches_3rdparty/Aleksey Zhehanov/Keys/Acoordion Basses.fxp,contributor,33923,a765202508e7522972196640c79dfd3fbb90f292,a765202508e7522972196640c79dfd3fbb90f292,True,ok,,2,58914e59c608ed4384ba6002e44c3465c58b2e71,48000
53,resources/data/patches_3rdparty/Aleksey Zhehanov/Keys/Grand Piano.fxp,contributor,37891,f1d71fd1c0100c4a2b55da3e5ce50ea7261061eb,f1d71fd1c0100c4a2b55da3e5ce50ea7261061eb,True,ok,,3,58914e59c608ed4384ba6002e44c3465c58b2e71,48000
54,resources/data/patches_3rdparty/Aleksey Zhehanov/Keys/Soft Piano.fxp,contributor,393006,6402a0525235afce0046b34621f773179a6fb0e6,6402a0525235afce0046b34621f773179a6fb0e6,True,ok,,152,58914e59c608ed4384ba6002e44c3465c58b2e71,48000
55,resources/data/patches_3rdparty/Aleksey Zhehanov/Keys/Upright Piano.fxp,contributor,268813,903085c83d6de4f8953241c71e409117455171a4,903085c83d6de4f8953241c71e409117455171a4,True,ok,,9,58914e59c608ed4384ba6002e44c3465c58b2e71,48000
56,resources/data/patches_3rdparty/Aleksey Zhehanov/Pads/Winter Breath.fxp,contributor,36427,59a29d3c061e224354bcd095931478b528dca632,59a29d3c061e224354bcd095931478b528dca632,True,ok,,5,58914e59c608ed4384ba6002e44c3465c58b2e71,48000
57,resources/data/patches_3rdparty/Aleksey Zhehanov/Strings/Harp.fxp,contributor,99606,4f316a7f43eba60c40e9a7ca5de095a5775aeb21,4f316a7f43eba60c40e9a7ca5de095a5775aeb21,True,ok,,8,58914e59c608ed4384ba6002e44c3465c58b2e71,48000
58,resources/data/patches_3rdparty/Aleksey Zhehanov/Strings/Lo-Fi Strings.fxp,contributor,37180,5e6e56277bfa67e2c0371d0b757f6c992a30e7b1,5e6e56277bfa67e2c0371d0b757f6c992a30e7b1,True,ok,,3,58914e59c608ed4384ba6002e44c3465c58b2e71,48000
59,resources/data/patches_3rdparty/Aleksey Zhehanov/Strings/Pizzicato Strings.fxp,contributor,264274,0b1c78a74b21c53908635ceaf53dd2dd9551f23d,0b1c78a74b21c53908635ceaf53dd2dd9551f23d,True,ok,,49,58914e59c608ed4384ba6002e44c3465c58b2e71,48000
60,resources/data/patches_3rdparty/Aleksey Zhehanov/Strings/String Section.fxp,contributor,400764,b87a57cf8c5d8ddb2ecdb1a5a2aa7c6223ccf730,b87a57cf8c5d8ddb2ecdb1a5a2aa7c6223ccf730,True,ok,,74,58914e59c608ed4384ba6002e44c3465c58b2e71,48000
61,resources/data/patches_3rdparty/Aleksey Zhehanov/Vox/Otamatone.fxp,contributor,333053,da6238c4395b6343cb8aff4017a545285732363c,da6238c4395b6343cb8aff4017a545285732363c,True,ok,,11,58914e59c608ed4384ba6002e44c3465c58b2e71,48000
62,resources/data/patches_3rdparty/Aleksey Zhehanov/Winds/Alto Sax MW+AT.fxp,contributor,267718,6e14f473c5d70a21f2f889f7dc272adf85136522,6e14f473c5d70a21f2f889f7dc272adf85136522,True,ok,,6,58914e59c608ed4384ba6002e44c3465c58b2e71,48000
63,resources/data/patches_3rdparty/Aleksey Zhehanov/Winds/Alto Sax.fxp,contributor,267928,5eb985f269bf6989119d2486df120fc5b7d3af9d,5eb985f269bf6989119d2486df120fc5b7d3af9d,True,ok,,10,58914e59c608ed4384ba6002e44c3465c58b2e71,48000
64,resources/data/patches_3rdparty/Aleksey Zhehanov/Winds/Lyrical Flute.fxp,contributor,489449,1e6ed5c490c32fa60a95e895ca9722b5efac9d4e,1e6ed5c490c32fa60a95e895ca9722b5efac9d4e,True,ok,,22,58914e59c608ed4384ba6002e44c3465c58b2e71,48000
65,resources/data/patches_3rdparty/Aleksey Zhehanov/Winds/Soprano Sax.fxp,contributor,489994,ff532fd9ad5fde476e51a618a6a84f3d4c9e6c78,ff532fd9ad5fde476e51a618a6a84f3d4c9e6c78,True,ok,,15,58914e59c608ed4384ba6002e44c3465c58b2e71,48000
66,resources/data/patches_3rdparty/Aleksey Zhehanov/Winds/Subtractive Flute.fxp,contributor,486437,714656ee8bc73e766a8448de27e8d179e9dc6cec,714656ee8bc73e766a8448de27e8d179e9dc6cec,True,ok,,21,58914e59c608ed4384ba6002e44c3465c58b2e71,48000
67,resources/data/patches_3rdparty/Altenberg/Basses/Aggressive.fxp,contributor,34751,5ce26d67be585be7ca8b9d4f0c97311d8c2588db,5ce26d67be585be7ca8b9d4f0c97311d8c2588db,True,ok,,3,58914e59c608ed4384ba6002e44c3465c58b2e71,48000
68,resources/data/patches_3rdparty/Altenberg/Basses/Ancient FM.fxp,contributor,33122,9e796f283f2d4b2a69de6198878d57c34f6d86c3,9e796f283f2d4b2a69de6198878d57c34f6d86c3,True,ok,,2,58914e59c608ed4384ba6002e44c3465c58b2e71,48000
69,resources/data/patches_3rdparty/Altenberg/Basses/Ayay.fxp,contributor,34901,c80005fd4cf687b6e8d6e0265b2d5fc1cb1a5587,c80005fd4cf687b6e8d6e0265b2d5fc1cb1a5587,True,ok,,2,58914e59c608ed4384ba6002e44c3465c58b2e71,48000
70,resources/data/patches_3rdparty/Altenberg/Basses/Boog.fxp,contributor,34136,d420acd5935a45d92051d484944622ca8152e5ca,d420acd5935a45d92051d484944622ca8152e5ca,True,ok,,10,58914e59c608ed4384ba6002e44c3465c58b2e71,48000
71,resources/data/patches_3rdparty/Altenberg/Basses/Burial.fxp,contributor,34037,caab976662e6f4effa4a158f666cbc665a07c540,caab976662e6f4effa4a158f666cbc665a07c540,True,ok,,8,58914e59c608ed4384ba6002e44c3465c58b2e71,48000
72,resources/data/patches_3rdparty/Altenberg/Basses/Digivex.fxp,contributor,34719,ea28a4663d1bfc792f9334d3583e76f987cbf261,ea28a4663d1bfc792f9334d3583e76f987cbf261,True,ok,,11,58914e59c608ed4384ba6002e44c3465c58b2e71,48000
73,resources/data/patches_3rdparty/Altenberg/Basses/Hate.fxp,contributor,33754,cd6cdeda0e1d9c6420dfd354a820684b38f9a28f,cd6cdeda0e1d9c6420dfd354a820684b38f9a28f,True,ok,,6,58914e59c608ed4384ba6002e44c3465c58b2e71,48000
74,resources/data/patches_3rdparty/Altenberg/Basses/Mammoth.fxp,contributor,34088,b7d30da8215e032353bc530d7a473373220f9186,b7d30da8215e032353bc530d7a473373220f9186,True,ok,,2,58914e59c608ed4384ba6002e44c3465c58b2e71,48000
75,resources/data/patches_3rdparty/Altenberg/Basses/Neuro.fxp,contributor,66558,8ce961f20bb762667eea6d661621f76d84a349b7,8ce961f20bb762667eea6d661621f76d84a349b7,True,ok,,5,58914e59c608ed4384ba6002e44c3465c58b2e71,48000
76,resources/data/patches_3rdparty/Altenberg/Basses/Orbit.fxp,contributor,32915,4b3aba734d59595200d2dee17f602723dac94f25,4b3aba734d59595200d2dee17f602723dac94f25,True,ok,,2,58914e59c608ed4384ba6002e44c3465c58b2e71,48000
77,resources/data/patches_3rdparty/Altenberg/Basses/Piercing.fxp,contributor,32214,d02d14ea299bf15a113c10c3b5aef6f98f40df55,d02d14ea299bf15a113c10c3b5aef6f98f40df55,True,ok,,2,58914e59c608ed4384ba6002e44c3465c58b2e71,48000
78,resources/data/patches_3rdparty/Altenberg/Basses/Rampage.fxp,contributor,31987,bdc490f4fd5c19e4c1f2001b6e8255c8fa409af4,bdc490f4fd5c19e4c1f2001b6e8255c8fa409af4,True,ok,,9,58914e59c608ed4384ba6002e44c3465c58b2e71,48000
79,resources/data/patches_3rdparty/Altenberg/Basses/Rounded.fxp,contributor,30580,4403d52200f19737cdd9a355b4aeb474b81bb3e3,4403d52200f19737cdd9a355b4aeb474b81bb3e3,True,ok,,5,58914e59c608ed4384ba6002e44c3465c58b2e71,48000
80,resources/data/patches_3rdparty/Altenberg/Basses/Useful.fxp,contributor,32740,bf4dc13f90c3c8d7197fae38894e8186cd738f6c,bf4dc13f90c3c8d7197fae38894e8186cd738f6c,True,ok,,2,58914e59c608ed4384ba6002e44c3465c58b2e71,48000
81,resources/data/patches_3rdparty/Altenberg/Basses/Waw.fxp,contributor,82078,43d1757b51b91af74931a106e968970eadd342b1,43d1757b51b91af74931a106e968970eadd342b1,True,ok,,6,58914e59c608ed4384ba6002e44c3465c58b2e71,48000
82,resources/data/patches_3rdparty/Altenberg/Drums/Closed Hat.fxp,contributor,32299,b097ef183b3d7702b1d2cfc25323e15247fa535a,b097ef183b3d7702b1d2cfc25323e15247fa535a,True,ok,,3,58914e59c608ed4384ba6002e44c3465c58b2e71,48000
83,resources/data/patches_3rdparty/Altenberg/Drums/Kick 1.fxp,contributor,35709,b86f7ad8ba39ba605ec96cb57e43fe227437cefa,b86f7ad8ba39ba605ec96cb57e43fe227437cefa,True,ok,,4,58914e59c608ed4384ba6002e44c3465c58b2e71,48000
84,resources/data/patches_3rdparty/Altenberg/Drums/Kick 2.fxp,contributor,33925,da34d3e53c64d9831788da036b2eb635f5dc17bd,da34d3e53c64d9831788da036b2eb635f5dc17bd,True,ok,,2,58914e59c608ed4384ba6002e44c3465c58b2e71,48000
85,resources/data/patches_3rdparty/Altenberg/Drums/Kick 3.fxp,contributor,31365,54a7968b21999b6ffb1c00990a1294c29ca4af1c,54a7968b21999b6ffb1c00990a1294c29ca4af1c,True,ok,,3,58914e59c608ed4384ba6002e44c3465c58b2e71,48000
86,resources/data/patches_3rdparty/Altenberg/Drums/Kick 4.fxp,contributor,33838,11a72689c3a39dfe584bd177368554b6e16f2bc6,11a72689c3a39dfe584bd177368554b6e16f2bc6,True,ok,,3,58914e59c608ed4384ba6002e44c3465c58b2e71,48000
87,resources/data/patches_3rdparty/Altenberg/Drums/Kick Lo-Fi.fxp,contributor,32666,11388bb8827de1d16897f576aa4ac6501ef94458,11388bb8827de1d16897f576aa4ac6501ef94458,True,ok,,4,58914e59c608ed4384ba6002e44c3465c58b2e71,48000
88,resources/data/patches_3rdparty/Altenberg/Drums/Linn Kick Tape.fxp,contributor,31875,f282ac93417313f9bf44232c5cf7ad432157847e,f282ac93417313f9bf44232c5cf7ad432157847e,True,ok,,2,58914e59c608ed4384ba6002e44c3465c58b2e71,48000
89,resources/data/patches_3rdparty/Altenberg/Drums/Snare 1.fxp,contributor,28522,664ddc46620254a7b1005d2d19de10343c06745a,664ddc46620254a7b1005d2d19de10343c06745a,True,ok,,2,58914e59c608ed4384ba6002e44c3465c58b2e71,48000
90,resources/data/patches_3rdparty/Altenberg/Drums/Snare 2.fxp,contributor,28792,dc0f2554b78273b032c3f0dbe2c3904b25fa65a2,dc0f2554b78273b032c3f0dbe2c3904b25fa65a2,True,ok,,3,58914e59c608ed4384ba6002e44c3465c58b2e71,48000
91,resources/data/patches_3rdparty/Altenberg/FX/Ritual.fxp,contributor,34545,c5635ee68b51831a164c4773b4291746edc831e8,c5635ee68b51831a164c4773b4291746edc831e8,True,ok,,3,58914e59c608ed4384ba6002e44c3465c58b2e71,48000
92,resources/data/patches_3rdparty/Altenberg/FX/Shore.fxp,contributor,27507,e0c8107755b359c69527aa22508ea7762991ac3d,e0c8107755b359c69527aa22508ea7762991ac3d,True,ok,,2,58914e59c608ed4384ba6002e44c3465c58b2e71,48000
93,resources/data/patches_3rdparty/Altenberg/FX/Swoosh.fxp,contributor,30933,97fa3e31913cb8490b638a67cf677be583d97393,97fa3e31913cb8490b638a67cf677be583d97393,True,ok,,3,58914e59c608ed4384ba6002e44c3465c58b2e71,48000
94,resources/data/patches_3rdparty/Altenberg/FX/Water.fxp,contributor,32105,a3cbbeef8278dd793a5a19de48dfc09863dd6ccc,a3cbbeef8278dd793a5a19de48dfc09863dd6ccc,True,ok,,3,58914e59c608ed4384ba6002e44c3465c58b2e71,48000
95,resources/data/patches_3rdparty/Altenberg/Guitars/Temple.fxp,contributor,29582,3c8e6d56f4055a68a5a266ebb25f530c888f21cf,3c8e6d56f4055a68a5a266ebb25f530c888f21cf,True,ok,,2,58914e59c608ed4384ba6002e44c3465c58b2e71,48000
96,resources/data/patches_3rdparty/Altenberg/Keys/Clave.fxp,contributor,27638,ea5fe289feae77884cbdb78a8b926feb689d782c,ea5fe289feae77884cbdb78a8b926feb689d782c,True,ok,,3,58914e59c608ed4384ba6002e44c3465c58b2e71,48000
97,resources/data/patches_3rdparty/Altenberg/Leads/AOE.fxp,contributor,32105,427dedd36235aae88b1d1ffe6fa2f2f1e3adb128,427dedd36235aae88b1d1ffe6fa2f2f1e3adb128,True,ok,,2,58914e59c608ed4384ba6002e44c3465c58b2e71,48000
98,resources/data/patches_3rdparty/Altenberg/Leads/Sine Lead.fxp,contributor,31684,d4402c44dfbc42a7e66255077594fc2beff84820,d4402c44dfbc42a7e66255077594fc2beff84820,True,ok,,3,58914e59c608ed4384ba6002e44c3465c58b2e71,48000
99,resources/data/patches_3rdparty/Altenberg/Organs/Organish.fxp,contributor,31622,15eb356b6504e4db5a5b10b50379d8302fb20c6e,15eb356b6504e4db5a5b10b50379d8302fb20c6e,True,ok,,3,58914e59c608ed4384ba6002e44c3465c58b2e71,48000
100,resources/data/patches_3rdparty/Altenberg/Pads/Alone.fxp,contributor,30126,0aa09b38d05357f7249551bd2cedbe71dd11be80,0aa09b38d05357f7249551bd2cedbe71dd11be80,True,ok,,3,58914e59c608ed4384ba6002e44c3465c58b2e71,48000
101,resources/data/patches_3rdparty/Altenberg/Pads/Beating.fxp,contributor,28537,a6019062e999bbe2e876631a5b4b1fd75347190b,a6019062e999bbe2e876631a5b4b1fd75347190b,True,ok,,4,58914e59c608ed4384ba6002e44c3465c58b2e71,48000
102,resources/data/patches_3rdparty/Altenberg/Pads/Bowed.fxp,contributor,28404,7b17ac881a45c3e45dc606a428cf401a015d2c7d,7b17ac881a45c3e45dc606a428cf401a015d2c7d,True,ok,,4,58914e59c608ed4384ba6002e44c3465c58b2e71,48000
103,resources/data/patches_3rdparty/Altenberg/Pads/Cyber Pad.fxp,contributor,1130523,da9451b0fe78d205c76c966ee64edf3fc22654e4,da9451b0fe78d205c76c966ee64edf3fc22654e4,True,ok,,88,58914e59c608ed4384ba6002e44c3465c58b2e71,48000
104,resources/data/patches_3rdparty/Altenberg/Pads/Dark Pulse.fxp,contributor,35601,59d2d89e9652779b2d822357ab09f329cab658f1,59d2d89e9652779b2d822357ab09f329cab658f1,True,ok,,4,58914e59c608ed4384ba6002e44c3465c58b2e71,48000
105,resources/data/patches_3rdparty/Altenberg/Pads/Ghost Past.fxp,contributor,166859,17a99032f7d7cc647c0565b6a6b94396cbdf6890,17a99032f7d7cc647c0565b6a6b94396cbdf6890,True,ok,,12,58914e59c608ed4384ba6002e44c3465c58b2e71,48000
106,resources/data/patches_3rdparty/Altenberg/Pads/Journey.fxp,contributor,28847,c5328b36870adf62e7724346bb6c00be01ac7924,c5328b36870adf62e7724346bb6c00be01ac7924,True,ok,,3,58914e59c608ed4384ba6002e44c3465c58b2e71,48000
107,resources/data/patches_3rdparty/Altenberg/Pads/Keep Waiting.fxp,contributor,39226,a6e83e96d554485a019dae31213ee230afd2961a,a6e83e96d554485a019dae31213ee230afd2961a,True,ok,,3,58914e59c608ed4384ba6002e44c3465c58b2e71,48000
108,resources/data/patches_3rdparty/Altenberg/Pads/Mana Quest.fxp,contributor,30007,68f61989568701dc525b4385d6b1c31870a71f9f,68f61989568701dc525b4385d6b1c31870a71f9f,True,ok,,4,58914e59c608ed4384ba6002e44c3465c58b2e71,48000
109,resources/data/patches_3rdparty/Altenberg/Pads/Stars.fxp,contributor,28961,092f23cc5bef593ddf660e7e10d872c8f6816711,092f23cc5bef593ddf660e7e10d872c8f6816711,True,ok,,4,58914e59c608ed4384ba6002e44c3465c58b2e71,48000
110,resources/data/patches_3rdparty/Altenberg/Pads/Unity.fxp,contributor,29501,c3978e7ce1fbede44c06aa28db2d1473ae34f58a,c3978e7ce1fbede44c06aa28db2d1473ae34f58a,True,ok,,2,58914e59c608ed4384ba6002e44c3465c58b2e71,48000
111,resources/data/patches_3rdparty/Altenberg/Pads/Unstable.fxp,contributor,28654,9cf8477401a4819e55976f27a3e6d7886d25f5b5,9cf8477401a4819e55976f27a3e6d7886d25f5b5,True,ok,,3,58914e59c608ed4384ba6002e44c3465c58b2e71,48000
112,resources/data/patches_3rdparty/Altenberg/Percussion/Tuned Wood.fxp,contributor,28916,611456a19042dff5fbb096653d1bacde40b7401d,611456a19042dff5fbb096653d1bacde40b7401d,True,ok,,2,58914e59c608ed4384ba6002e44c3465c58b2e71,48000
113,resources/data/patches_3rdparty/Altenberg/Sequences/Slow Mono.fxp,contributor,35144,61eb0c9692b0e7d91834c68f60052ff9ff2ad52b,61eb0c9692b0e7d91834c68f60052ff9ff2ad52b,True,ok,,2,58914e59c608ed4384ba6002e44c3465c58b2e71,48000
114,resources/data/patches_3rdparty/Altenberg/Synths/Neptune.fxp,contributor,100540,5f3cd82f756af985b36e78badc6b7c4e3efc3dbf,5f3cd82f756af985b36e78badc6b7c4e3efc3dbf,True,ok,,8,58914e59c608ed4384ba6002e44c3465c58b2e71,48000
115,resources/data/patches_3rdparty/Altenberg/Synths/Paraphrase.fxp,contributor,58948,bdfc35750d1b1ee8b585b0690268f16c869b8cca,bdfc35750d1b1ee8b585b0690268f16c869b8cca,True,ok,,5,58914e59c608ed4384ba6002e44c3465c58b2e71,48000
116,resources/data/patches_3rdparty/Altenberg/Synths/VHS.fxp,contributor,36814,3b8450c45e5f565735912a1c9315f1ca7c86585e,3b8450c45e5f565735912a1c9315f1ca7c86585e,True,ok,,3,58914e59c608ed4384ba6002e44c3465c58b2e71,48000
117,resources/data/patches_3rdparty/Altenberg/Synths/Zero.fxp,contributor,28937,9ebd874ad9370bbbd2f602a5d69d90f1ba6f7afe,9ebd874ad9370bbbd2f602a5d69d90f1ba6f7afe,True,ok,,2,58914e59c608ed4384ba6002e44c3465c58b2e71,48000
118,resources/data/patches_3rdparty/Argitoth/Drums/Kick.fxp,contributor,63335,4f2443aa9e9eabe911d9bfee634f1aeb6e874976,4f2443aa9e9eabe911d9bfee634f1aeb6e874976,True,ok,,5,58914e59c608ed4384ba6002e44c3465c58b2e71,48000
119,resources/data/patches_3rdparty/Argitoth/Drums/Snare.fxp,contributor,31128,e2ca01dda1007477f3e9dc9dae374a22b22aaeb9,e2ca01dda1007477f3e9dc9dae374a22b22aaeb9,True,ok,,3,58914e59c608ed4384ba6002e44c3465c58b2e71,48000
120,resources/data/patches_3rdparty/Argitoth/FX/Computer Language 1.fxp,contributor,42908,fed86e4fda953f463fc98104b1a1fcff9b7c2e8c,fed86e4fda953f463fc98104b1a1fcff9b7c2e8c,True,ok,,4,58914e59c608ed4384ba6002e44c3465c58b2e71,48000
121,resources/data/patches_3rdparty/Argitoth/FX/Computer Language 2.fxp,contributor,90022,aab8f95daadbf02ce6fcc36e79dc02b95f03faca,aab8f95daadbf02ce6fcc36e79dc02b95f03faca,True,ok,,7,58914e59c608ed4384ba6002e44c3465c58b2e71,48000
122,resources/data/patches_3rdparty/Argitoth/FX/Monster Feedback.fxp,contributor,36963,2379e0713eb2830a3c4acbe3a9442500ab960fd9,2379e0713eb2830a3c4acbe3a9442500ab960fd9,True,ok,,3,58914e59c608ed4384ba6002e44c3465c58b2e71,48000
123,resources/data/patches_3rdparty/Argitoth/FX/Reson.fxp,contributor,24694,ba7d2c45b8ed6befa3d31f282fa7faaacc1b679a,ba7d2c45b8ed6befa3d31f282fa7faaacc1b679a,True,ok,,3,58914e59c608ed4384ba6002e44c3465c58b2e71,48000
124,resources/data/patches_3rdparty/Argitoth/Keys/Gumdrops.fxp,contributor,28292,c660d37302893e622f7f0d395f269ed5803c39c1,c660d37302893e622f7f0d395f269ed5803c39c1,True,ok,,3,58914e59c608ed4384ba6002e44c3465c58b2e71,48000
125,resources/data/patches_3rdparty/Argitoth/Keys/Music Toy.fxp,contributor,23639,a1dd4bbab94c625a260fe14f10e21aa7e24010d3,a1dd4bbab94c625a260fe14f10e21aa7e24010d3,True,ok,,2,58914e59c608ed4384ba6002e44c3465c58b2e71,48000
126,resources/data/patches_3rdparty/Argitoth/Leads/Argitoth.fxp,contributor,32226,dcc49288b2914af2c1a34e3e4cfed938a4bf8e5e,dcc49288b2914af2c1a34e3e4cfed938a4bf8e5e,True,ok,,3,58914e59c608ed4384ba6002e44c3465c58b2e71,48000
127,resources/data/patches_3rdparty/Argitoth/Leads/Earmelt Saw.fxp,contributor,30152,69e829a105a11f769e7d9851844f82f09b859aec,69e829a105a11f769e7d9851844f82f09b859aec,True,ok,,2,58914e59c608ed4384ba6002e44c3465c58b2e71,48000
128,resources/data/patches_3rdparty/Argitoth/Leads/Garbage Man.fxp,contributor,30519,93ef73f9d473d8b114d67a9a5f7923f381442753,93ef73f9d473d8b114d67a9a5f7923f381442753,True,ok,,3,58914e59c608ed4384ba6002e44c3465c58b2e71,48000
129,resources/data/patches_3rdparty/Argitoth/Leads/Screaming Saw.fxp,contributor,31522,c811a9aab5849303b252a0c36731e37685288072,c811a9aab5849303b252a0c36731e37685288072,True,ok,,3,58914e59c608ed4384ba6002e44c3465c58b2e71,48000
130,resources/data/patches_3rdparty/Argitoth/Leads/Trance Lead 1.fxp,contributor,24184,71131bf75c478bfb8326582958fb571288c52973,71131bf75c478bfb8326582958fb571288c52973,True,ok,,3,58914e59c608ed4384ba6002e44c3465c58b2e71,48000
131,resources/data/patches_3rdparty/Argitoth/Leads/Trance Lead 2.fxp,contributor,32160,4a3db324158a4aa16ce39fa309c0307820610736,4a3db324158a4aa16ce39fa309c0307820610736,True,ok,,2,58914e59c608ed4384ba6002e44c3465c58b2e71,48000
132,resources/data/patches_3rdparty/Argitoth/Leads/Trance Lead 3.fxp,contributor,32234,ae0ff2156ffa3252a8cebc737f326bce2d558f4a,ae0ff2156ffa3252a8cebc737f326bce2d558f4a,True,ok,,4,58914e59c608ed4384ba6002e44c3465c58b2e71,48000
133,resources/data/patches_3rdparty/Argitoth/Pads/Blue Pad.fxp,contributor,89460,568f316ddf9daf4e77de044e1fa4f98a30436177,568f316ddf9daf4e77de044e1fa4f98a30436177,True,ok,,8,58914e59c608ed4384ba6002e44c3465c58b2e71,48000
134,resources/data/patches_3rdparty/Argitoth/Pads/Classic Strings.fxp,contributor,24069,3a97a324e110cdfb91a3ff7abb284f4fd4bc4790,3a97a324e110cdfb91a3ff7abb284f4fd4bc4790,True,ok,,2,58914e59c608ed4384ba6002e44c3465c58b2e71,48000
135,resources/data/patches_3rdparty/Argitoth/Pads/Saw-Square Pad.fxp,contributor,24208,fec4f1b8a7b4dc39f9add25861c094a5b042ddaf,fec4f1b8a7b4dc39f9add25861c094a5b042ddaf,True,ok,,2,58914e59c608ed4384ba6002e44c3465c58b2e71,48000
136,resources/data/patches_3rdparty/Argitoth/Pads/Subtle Pad.fxp,contributor,93389,0f5f0a86645d6506d5316aa7578d84f58d2f289f,0f5f0a86645d6506d5316aa7578d84f58d2f289f,True,ok,,8,58914e59c608ed4384ba6002e44c3465c58b2e71,48000
137,resources/data/patches_3rdparty/Argitoth/Rhythms/Edges Rhythm.fxp,contributor,25938,099e88298ae11cc7a5335054c04f3caf7e1539dc,099e88298ae11cc7a5335054c04f3caf7e1539dc,True,ok,,3,58914e59c608ed4384ba6002e44c3465c58b2e71,48000
138,resources/data/patches_3rdparty/Argitoth/Rhythms/Psyence Loop.fxp,contributor,32344,ca350fd1fc71e3a24d779e615fcbcf273d541a52,ca350fd1fc71e3a24d779e615fcbcf273d541a52,True,ok,,3,58914e59c608ed4384ba6002e44c3465c58b2e71,48000
139,resources/data/patches_3rdparty/Argitoth/Rhythms/Raindrops.fxp,contributor,23833,cbfed4d8adcfe4f1ef50af2c2f0a477c1e35dce0,cbfed4d8adcfe4f1ef50af2c2f0a477c1e35dce0,True,ok,,3,58914e59c608ed4384ba6002e44c3465c58b2e71,48000
140,resources/data/patches_3rdparty/Argitoth/Rhythms/Scrooz Loop.fxp,contributor,32657,7a5a766f290b9d2f12bd627048cdb8c39533592e,7a5a766f290b9d2f12bd627048cdb8c39533592e,True,ok,,3,58914e59c608ed4384ba6002e44c3465c58b2e71,48000
141,resources/data/patches_3rdparty/Argitoth/Winds/Arabian Flute.fxp,contributor,35818,e912c4143c649809c456a2b79cfefba46a904e7e,e912c4143c649809c456a2b79cfefba46a904e7e,True,ok,,3,58914e59c608ed4384ba6002e44c3465c58b2e71,48000
142,resources/data/patches_3rdparty/Argitoth/Winds/Asian Flute.fxp,contributor,31195,6a0d11469640a7175d9b12488d370e3c311deeab,6a0d11469640a7175d9b12488d370e3c311deeab,True,ok,,2,58914e59c608ed4384ba6002e44c3465c58b2e71,48000
143,resources/data/patches_3rdparty/Argitoth/Winds/Block.fxp,contributor,23588,fdba39cd1fbfb16d3b2c4c7bd42cff1e75de7df1,fdba39cd1fbfb16d3b2c4c7bd42cff1e75de7df1,True,ok,,3,58914e59c608ed4384ba6002e44c3465c58b2e71,48000
144,resources/data/patches_3rdparty/Argitoth/Winds/Recorder.fxp,contributor,30918,1a749867174d9cd1697cde313270abb2cbd29259,1a749867174d9cd1697cde313270abb2cbd29259,True,ok,,2,58914e59c608ed4384ba6002e44c3465c58b2e71,48000
145,resources/data/patches_3rdparty/Black-Sided Sun/Bells/Bad Bell.fxp,contributor,33835,c99ea42a51d6917577ebf8ed7dcc74df1e264f41,c99ea42a51d6917577ebf8ed7dcc74df1e264f41,True,ok,,3,58914e59c608ed4384ba6002e44c3465c58b2e71,48000
146,resources/data/patches_3rdparty/Black-Sided Sun/Bells/Belle Bell.fxp,contributor,32022,01c37e6ba6e5839051f2a009ac14f7e80ceb976c,01c37e6ba6e5839051f2a009ac14f7e80ceb976c,True,ok,,2,58914e59c608ed4384ba6002e44c3465c58b2e71,48000
147,resources/data/patches_3rdparty/Black-Sided Sun/FX/Damnation.fxp,contributor,35189,7881225f1d9604f419264ee09517953c59944899,7881225f1d9604f419264ee09517953c59944899,True,ok,,3,58914e59c608ed4384ba6002e44c3465c58b2e71,48000
148,resources/data/patches_3rdparty/Black-Sided Sun/FX/Der Todesklang.fxp,contributor,36265,2f4a9bacc356743677d8637ee128b36a4a372ff1,2f4a9bacc356743677d8637ee128b36a4a372ff1,True,ok,,3,58914e59c608ed4384ba6002e44c3465c58b2e71,48000
149,resources/data/patches_3rdparty/Black-Sided Sun/FX/Harsh.fxp,contributor,32903,76edc97c99039f00f9c269315c49f80515ac99c1,76edc97c99039f00f9c269315c49f80515ac99c1,True,ok,,3,58914e59c608ed4384ba6002e44c3465c58b2e71,48000
150,resources/data/patches_3rdparty/Black-Sided Sun/FX/Metal Drops.fxp,contributor,1283606,d7b7c8463cee3822f66327b61bef2a8f90290541,d7b7c8463cee3822f66327b61bef2a8f90290541,True,ok,,171,58914e59c608ed4384ba6002e44c3465c58b2e71,48000
151,"resources/data/patches_3rdparty/Black-Sided Sun/FX/Nice, Are We.fxp",contributor,32985,10d26d469bfb16754ae78d086551c13f080dd8f9,10d26d469bfb16754ae78d086551c13f080dd8f9,True,ok,,8,58914e59c608ed4384ba6002e44c3465c58b2e71,48000
152,resources/data/patches_3rdparty/Black-Sided Sun/FX/Slammers.fxp,contributor,35907,9aa7c79c7a0cc9b46fd643dfe2ecb498876922db,9aa7c79c7a0cc9b46fd643dfe2ecb498876922db,True,ok,,3,58914e59c608ed4384ba6002e44c3465c58b2e71,48000
153,resources/data/patches_3rdparty/Black-Sided Sun/FX/Unsettler.fxp,contributor,34855,3e19705c13ab8a05635a6ce3d27ce1b78798c0df,3e19705c13ab8a05635a6ce3d27ce1b78798c0df,True,ok,,2,58914e59c608ed4384ba6002e44c3465c58b2e71,48000
154,resources/data/patches_3rdparty/Black-Sided Sun/Keys/Grown-Up 1.fxp,contributor,32187,4de637288288e431d45bd2d65a2196290c89e325,4de637288288e431d45bd2d65a2196290c89e325,True,ok,,3,58914e59c608ed4384ba6002e44c3465c58b2e71,48000
155,resources/data/patches_3rdparty/Black-Sided Sun/Keys/Grown-Up 2.fxp,contributor,32276,0e375952593d966bcd8d8ee53b1d9e02e9b55a99,0e375952593d966bcd8d8ee53b1d9e02e9b55a99,True,ok,,2,58914e59c608ed4384ba6002e44c3465c58b2e71,48000
156,resources/data/patches_3rdparty/Black-Sided Sun/Leads/Complex Drone.fxp,contributor,31433,be3f077adf3b9dc57408f01b1c991baa1c7cab72,be3f077adf3b9dc57408f01b1c991baa1c7cab72,True,ok,,2,58914e59c608ed4384ba6002e44c3465c58b2e71,48000
157,resources/data/patches_3rdparty/Black-Sided Sun/Leads/Simple Drone.fxp,contributor,31416,b23e023f69ee8caf9015e67aac399b8bb143404a,b23e023f69ee8caf9015e67aac399b8bb143404a,True,ok,,3,58914e59c608ed4384ba6002e44c3465c58b2e71,48000
158,resources/data/patches_3rdparty/Black-Sided Sun/Pads/Almost Hoover.fxp,contributor,31956,add6e281f9247f8a1407cb1657ebdbfcad241301,add6e281f9247f8a1407cb1657ebdbfcad241301,True,ok,,3,58914e59c608ed4384ba6002e44c3465c58b2e71,48000
159,resources/data/patches_3rdparty/Black-Sided Sun/Pads/Cerebral Implant.fxp,contributor,32976,aa5bf76b3660b3eda43fe37c6738a9a4b21985d2,aa5bf76b3660b3eda43fe37c6738a9a4b21985d2,True,ok,,4,58914e59c608ed4384ba6002e44c3465c58b2e71,48000
160,resources/data/patches_3rdparty/Black-Sided Sun/Pads/Clouds Glow.fxp,contributor,33621,6fa467e169f19c721b0481285d044281eb5e23e2,6fa467e169f19c721b0481285d044281eb5e23e2,True,ok,,3,58914e59c608ed4384ba6002e44c3465c58b2e71,48000
161,resources/data/patches_3rdparty/Black-Sided Sun/Pads/Dark Envelope.fxp,contributor,33157,2d71c359c9ba3e5a5a2aa3636ea39a7610f0fd9a,2d71c359c9ba3e5a5a2aa3636ea39a7610f0fd9a,True,ok,,3,58914e59c608ed4384ba6002e44c3465c58b2e71,48000
162,resources/data/patches_3rdparty/Black-Sided Sun/Pads/Early Electronic 1.fxp,contributor,2134605,6a357d6e6d998a1634e52b87e5a6d2484314e74e,6a357d6e6d998a1634e52b87e5a6d2484314e74e,True,ok,,268,58914e59c608ed4384ba6002e44c3465c58b2e71,48000
163,resources/data/patches_3rdparty/Black-Sided Sun/Pads/Empty Spaces.fxp,contributor,33472,c32127600baa668df14f57cb9d1d3dd01ee4e1f1,c32127600baa668df14f57cb9d1d3dd01ee4e1f1,True,ok,,11,58914e59c608ed4384ba6002e44c3465c58b2e71,48000
164,resources/data/patches_3rdparty/Black-Sided Sun/Percussion/Metal Wires 1.fxp,contributor,36715,9173faac9ae4e023e2390894b8bcdb25d334855e,9173faac9ae4e023e2390894b8bcdb25d334855e,True,ok,,3,58914e59c608ed4384ba6002e44c3465c58b2e71,48000
165,resources/data/patches_3rdparty/Black-Sided Sun/Percussion/Metal Wires 2.fxp,contributor,36655,ab9d23ed724e3249dc0633494249a565b25ce84d,ab9d23ed724e3249dc0633494249a565b25ce84d,True,ok,,3,58914e59c608ed4384ba6002e44c3465c58b2e71,48000
166,resources/data/patches_3rdparty/Black-Sided Sun/Polysynths/Distortia.fxp,contributor,31422,4acbb36906915b4237b513d024356074405a5360,4acbb36906915b4237b513d024356074405a5360,True,ok,,3,58914e59c608ed4384ba6002e44c3465c58b2e71,48000
167,resources/data/patches_3rdparty/Black-Sided Sun/Polysynths/Early Electronic 3.fxp,contributor,32244,19c8b6c0489d7b288bc520141da2200b11a490a5,19c8b6c0489d7b288bc520141da2200b11a490a5,True,ok,,7,58914e59c608ed4384ba6002e44c3465c58b2e71,48000
168,resources/data/patches_3rdparty/Black-Sided Sun/Polysynths/Evilved Evol.fxp,contributor,2130245,53b9b1c99934f5584fc286a42616559879662714,53b9b1c99934f5584fc286a42616559879662714,True,ok,,256,58914e59c608ed4384ba6002e44c3465c58b2e71,48000
169,resources/data/patches_3rdparty/Black-Sided Sun/Polysynths/V. K. 5.fxp,contributor,32624,75c6ca1292f890f4d9934ae228bf881037d60e6a,75c6ca1292f890f4d9934ae228bf881037d60e6a,True,ok,,2,58914e59c608ed4384ba6002e44c3465c58b2e71,48000
170,resources/data/patches_3rdparty/Black-Sided Sun/Textures/Big 'Un 1.fxp,contributor,33551,2abc6a7df352bde659f83f7cd6687b9d33041b2b,2abc6a7df352bde659f83f7cd6687b9d33041b2b,True,ok,,4,58914e59c608ed4384ba6002e44c3465c58b2e71,48000
171,resources/data/patches_3rdparty/Black-Sided Sun/Textures/Big 'Un 2.fxp,contributor,34270,dd54a07315f33379abc4bae164f87d8f0285fcd9,dd54a07315f33379abc4bae164f87d8f0285fcd9,True,ok,,2,58914e59c608ed4384ba6002e44c3465c58b2e71,48000
172,resources/data/patches_3rdparty/Black-Sided Sun/Textures/Binaural 1.fxp,contributor,1146605,30cb2d4c0922fc303012a0362052e88832ab58ad,30cb2d4c0922fc303012a0362052e88832ab58ad,True,ok,,93,58914e59c608ed4384ba6002e44c3465c58b2e71,48000
173,resources/data/patches_3rdparty/Black-Sided Sun/Textures/Binaural 2.fxp,contributor,2199181,9db7f8c649bf4c461760fb04f1e982f46a882889,9db7f8c649bf4c461760fb04f1e982f46a882889,True,ok,,267,58914e59c608ed4384ba6002e44c3465c58b2e71,48000
174,resources/data/patches_3rdparty/Black-Sided Sun/Textures/Chunk.fxp,contributor,32608,c1b6f733694752279c6103f37aebe67074e6715c,c1b6f733694752279c6103f37aebe67074e6715c,True,ok,,8,58914e59c608ed4384ba6002e44c3465c58b2e71,48000
175,resources/data/patches_3rdparty/Black-Sided Sun/Textures/Clarity On MW.fxp,contributor,31943,480e8d84fb73e491f6127598a1017a4465010c48,480e8d84fb73e491f6127598a1017a4465010c48,True,ok,,3,58914e59c608ed4384ba6002e44c3465c58b2e71,48000
176,resources/data/patches_3rdparty/Black-Sided Sun/Textures/Early Electronic 2.fxp,contributor,32214,69b498c7a88c45dbe11230fbe8550f52c9668292,69b498c7a88c45dbe11230fbe8550f52c9668292,True,ok,,3,58914e59c608ed4384ba6002e44c3465c58b2e71,48000
177,resources/data/patches_3rdparty/Black-Sided Sun/Textures/Intermittent.fxp,contributor,31775,f160744a2a31810dc716993a1ef4300cd0e9ec0e,f160744a2a31810dc716993a1ef4300cd0e9ec0e,True,ok,,2,58914e59c608ed4384ba6002e44c3465c58b2e71,48000
178,resources/data/patches_3rdparty/Black-Sided Sun/Textures/Iron Towers.fxp,contributor,33269,a7f1eb7396b568b0ba345cb73d0beec4111e2f7f,a7f1eb7396b568b0ba345cb73d0beec4111e2f7f,True,ok,,4,58914e59c608ed4384ba6002e44c3465c58b2e71,48000
179,resources/data/patches_3rdparty/Black-Sided Sun/Textures/Metal Flutter.fxp,contributor,33671,6b52f57b3b017aa7aaac866ed0db09b48acda16f,6b52f57b3b017aa7aaac866ed0db09b48acda16f,True,ok,,4,58914e59c608ed4384ba6002e44c3465c58b2e71,48000
180,resources/data/patches_3rdparty/Black-Sided Sun/Textures/Metal Staircase 1.fxp,contributor,34253,37511668dd585d5f3c081d5365ab9679c4a63495,37511668dd585d5f3c081d5365ab9679c4a63495,True,ok,,3,58914e59c608ed4384ba6002e44c3465c58b2e71,48000
181,resources/data/patches_3rdparty/Black-Sided Sun/Textures/Metal Staircase 2.fxp,contributor,34257,40bd5f84e88f331761d4718d3cd25a7752d6e353,40bd5f84e88f331761d4718d3cd25a7752d6e353,True,ok,,3,58914e59c608ed4384ba6002e44c3465c58b2e71,48000
182,resources/data/patches_3rdparty/Black-Sided Sun/Textures/R3dvc3D.fxp,contributor,32796,907d36a1e85163be4e8e06c44c0edbfd0a9a7d34,907d36a1e85163be4e8e06c44c0edbfd0a9a7d34,True,ok,,2,58914e59c608ed4384ba6002e44c3465c58b2e71,48000
183,resources/data/patches_3rdparty/Black-Sided Sun/Textures/Revilbed.fxp,contributor,2130774,90c1e0290778071fe06ca3a056457f97af2b1af6,90c1e0290778071fe06ca3a056457f97af2b1af6,True,ok,,305,58914e59c608ed4384ba6002e44c3465c58b2e71,48000
184,resources/data/patches_3rdparty/Black-Sided Sun/Textures/S. L. Udge.fxp,contributor,33688,a5e6e8bcd133ecc8c50497fafbceb58516d21557,a5e6e8bcd133ecc8c50497fafbceb58516d21557,True,ok,,8,58914e59c608ed4384ba6002e44c3465c58b2e71,48000
185,resources/data/patches_3rdparty/Black-Sided Sun/Textures/Slo 'Un 1.fxp,contributor,99870,6e6734e0d9985b37f9c3e5b077824d9c3ef4c69f,6e6734e0d9985b37f9c3e5b077824d9c3ef4c69f,True,ok,,9,58914e59c608ed4384ba6002e44c3465c58b2e71,48000
186,resources/data/patches_3rdparty/Black-Sided Sun/Textures/Slo 'Un 2.fxp,contributor,100196,3e6bcfd89d02769a352a70293990a57fcb5cfd2e,3e6bcfd89d02769a352a70293990a57fcb5cfd2e,True,ok,,7,58914e59c608ed4384ba6002e44c3465c58b2e71,48000
187,resources/data/patches_3rdparty/Black-Sided Sun/Textures/Slo Mo.fxp,contributor,33023,bf956f6c736425e184ba7fb12b8f79f4a95b62fd,bf956f6c736425e184ba7fb12b8f79f4a95b62fd,True,ok,,3,58914e59c608ed4384ba6002e44c3465c58b2e71,48000
188,resources/data/patches_3rdparty/Black-Sided Sun/Textures/Stumblah.fxp,contributor,33842,9e9b74411dae582b4deebc2314d58e82f556502d,9e9b74411dae582b4deebc2314d58e82f556502d,True,ok,,4,58914e59c608ed4384ba6002e44c3465c58b2e71,48000
189,resources/data/patches_3rdparty/Black-Sided Sun/Textures/Too Broken.fxp,contributor,34583,e18193b72eb220053dbfe839d6e180d22d6eb711,e18193b72eb220053dbfe839d6e180d22d6eb711,True,ok,,3,58914e59c608ed4384ba6002e44c3465c58b2e71,48000
190,resources/data/patches_3rdparty/Black-Sided Sun/Textures/Wasp Box.fxp,contributor,31932,bdab275fc70acc9f2eb583a201e31a4aa32662a9,bdab275fc70acc9f2eb583a201e31a4aa32662a9,True,ok,,2,58914e59c608ed4384ba6002e44c3465c58b2e71,48000
191,resources/data/patches_3rdparty/Black-Sided Sun/Vocals/Robo Tenor.fxp,contributor,32319,8b4a9e5d3628b8f600417adddb78cf0ce5190745,8b4a9e5d3628b8f600417adddb78cf0ce5190745,True,ok,,2,58914e59c608ed4384ba6002e44c3465c58b2e71,48000
192,resources/data/patches_3rdparty/Bluelight/Basses/Bass 1.fxp,contributor,30829,33e0151982491f1d4028eb0372cbd74623f7db02,33e0151982491f1d4028eb0372cbd74623f7db02,True,ok,,2,58914e59c608ed4384ba6002e44c3465c58b2e71,48000
193,resources/data/patches_3rdparty/Bluelight/Basses/Bass 10.fxp,contributor,46516,5613014af1c3998c9e67e56e9ad4f0b57b082611,5613014af1c3998c9e67e56e9ad4f0b57b082611,True,ok,,3,58914e59c608ed4384ba6002e44c3465c58b2e71,48000
194,resources/data/patches_3rdparty/Bluelight/Basses/Bass 11.fxp,contributor,47461,bebc1a6c8d1827ef5c1b0cad2a9a3491783ae476,bebc1a6c8d1827ef5c1b0cad2a9a3491783ae476,True,ok,,4,58914e59c608ed4384ba6002e44c3465c58b2e71,48000
195,resources/data/patches_3rdparty/Bluelight/Basses/Bass 12.fxp,contributor,31934,b8eb75ee2fb8f54ec35464a7e1d8320f6590cfbf,b8eb75ee2fb8f54ec35464a7e1d8320f6590cfbf,True,ok,,3,58914e59c608ed4384ba6002e44c3465c58b2e71,48000
196,resources/data/patches_3rdparty/Bluelight/Basses/Bass 13.fxp,contributor,30986,4bafc8c7856e9ce34cdf960370ab527d4f50ea53,4bafc8c7856e9ce34cdf960370ab527d4f50ea53,True,ok,,2,58914e59c608ed4384ba6002e44c3465c58b2e71,48000
197,resources/data/patches_3rdparty/Bluelight/Basses/Bass 14.fxp,contributor,31945,c6e6da94a2de64d1a5db7164435de1e4931c7ca0,c6e6da94a2de64d1a5db7164435de1e4931c7ca0,True,ok,,3,58914e59c608ed4384ba6002e44c3465c58b2e71,48000
198,resources/data/patches_3rdparty/Bluelight/Basses/Bass 15.fxp,contributor,31944,bd00a9308aacaf26e2db641f25901914eeb72879,bd00a9308aacaf26e2db641f25901914eeb72879,True,ok,,2,58914e59c608ed4384ba6002e44c3465c58b2e71,48000
199,resources/data/patches_3rdparty/Bluelight/Basses/Bass 16.fxp,contributor,32116,170e0d284e6a57cdf976e6ea690678cc053882fb,170e0d284e6a57cdf976e6ea690678cc053882fb,True,ok,,2,58914e59c608ed4384ba6002e44c3465c58b2e71,48000
200,resources/data/patches_3rdparty/Bluelight/Basses/Bass 17.fxp,contributor,31279,7c8cd4d1060badee34ae0644d856bbd9f599853f,7c8cd4d1060badee34ae0644d856bbd9f599853f,True,ok,,2,58914e59c608ed4384ba6002e44c3465c58b2e71,48000
201,resources/data/patches_3rdparty/Bluelight/Basses/Bass 2.fxp,contributor,35053,5c637c10670528ce90fb2862158eb956110b4262,5c637c10670528ce90fb2862158eb956110b4262,True,ok,,3,58914e59c608ed4384ba6002e44c3465c58b2e71,48000
202,resources/data/patches_3rdparty/Bluelight/Basses/Bass 3.fxp,contributor,23105,8a2e38364b30894e0fc94a523749ae488689660b,8a2e38364b30894e0fc94a523749ae488689660b,True,ok,,2,58914e59c608ed4384ba6002e44c3465c58b2e71,48000
203,resources/data/patches_3rdparty/Bluelight/Basses/Bass 4.fxp,contributor,36609,23bd9be6c9fbacd00ed5bbc13d2a23d9d07ab623,23bd9be6c9fbacd00ed5bbc13d2a23d9d07ab623,True,ok,,3,58914e59c608ed4384ba6002e44c3465c58b2e71,48000
204,resources/data/patches_3rdparty/Bluelight/Basses/Bass 5.fxp,contributor,23586,8a7f4a6bbe9a3c4fdd307e9971782a1868d8079f,8a7f4a6bbe9a3c4fdd307e9971782a1868d8079f,True,ok,,2,58914e59c608ed4384ba6002e44c3465c58b2e71,48000
205,resources/data/patches_3rdparty/Bluelight/Basses/Bass 6.fxp,contributor,163826,2b48f72c5a917baa965e1f91607131bf6e72c48b,2b48f72c5a917baa965e1f91607131bf6e72c48b,True,ok,,60,58914e59c608ed4384ba6002e44c3465c58b2e71,48000
206,resources/data/patches_3rdparty/Bluelight/Basses/Bass 7.fxp,contributor,30518,28224128fbbd895ce92cced9500c283008d74a5d,28224128fbbd895ce92cced9500c283008d74a5d,True,ok,,18,58914e59c608ed4384ba6002e44c3465c58b2e71,48000
207,resources/data/patches_3rdparty/Bluelight/Basses/Bass 8.fxp,contributor,23503,5198ed20ad73d3d7f2c530d2f3db22506b5063ee,5198ed20ad73d3d7f2c530d2f3db22506b5063ee,True,ok,,2,58914e59c608ed4384ba6002e44c3465c58b2e71,48000
208,resources/data/patches_3rdparty/Bluelight/Basses/Bass 9.fxp,contributor,31594,ca2cb43d6c8924af1e0679886533ed4cd6ea028b,ca2cb43d6c8924af1e0679886533ed4cd6ea028b,True,ok,,2,58914e59c608ed4384ba6002e44c3465c58b2e71,48000
209,resources/data/patches_3rdparty/Bluelight/Basses/Bass Seq 110 BPM.fxp,contributor,107169,732124ca7737a6326ec5a4c68be56614a1365a1a,732124ca7737a6326ec5a4c68be56614a1365a1a,True,ok,,7,58914e59c608ed4384ba6002e44c3465c58b2e71,48000
210,resources/data/patches_3rdparty/Bluelight/Brass/Horns 1.fxp,contributor,36785,0f2e39083a3db4c66134c5c10a1cacc56979a634,0f2e39083a3db4c66134c5c10a1cacc56979a634,True,ok,,4,58914e59c608ed4384ba6002e44c3465c58b2e71,48000
211,resources/data/patches_3rdparty/Bluelight/Brass/Horns 2.fxp,contributor,40172,28d68148afe07b1f5f80847abea8c7b1416daece,28d68148afe07b1f5f80847abea8c7b1416daece,True,ok,,4,58914e59c608ed4384ba6002e44c3465c58b2e71,48000
212,resources/data/patches_3rdparty/Bluelight/Brass/Horns 3.fxp,contributor,23708,b1f27105439ae650371ab554acb49bd8abac8848,b1f27105439ae650371ab554acb49bd8abac8848,True,ok,,4,58914e59c608ed4384ba6002e44c3465c58b2e71,48000
213,resources/data/patches_3rdparty/Bluelight/Brass/Soprano Sax.fxp,contributor,64612,33363ed36f5fe524edd4cd3b98250dbeaf9fd018,33363ed36f5fe524edd4cd3b98250dbeaf9fd018,True,ok,,5,58914e59c608ed4384ba6002e44c3465c58b2e71,48000
214,resources/data/patches_3rdparty/Bluelight/Keys/Digi Piano.fxp,contributor,24315,960b0f41e7a7432b7bf95594e58cc9f94e0edbbe,960b0f41e7a7432b7bf95594e58cc9f94e0edbbe,True,ok,,2,58914e59c608ed4384ba6002e44c3465c58b2e71,48000
215,resources/data/patches_3rdparty/Bluelight/Keys/Donna's Glass Hammers.fxp,contributor,29134,16c49149f0da2f1f74d3cc17ee515d7379c8d5f9,16c49149f0da2f1f74d3cc17ee515d7379c8d5f9,True,ok,,3,58914e59c608ed4384ba6002e44c3465c58b2e71,48000
216,resources/data/patches_3rdparty/Bluelight/Keys/Ghost Glass Harmonium.fxp,contributor,39533,b8d736e27692b742ff26ed05c3561915e083f367,b8d736e27692b742ff26ed05c3561915e083f367,True,ok,,5,58914e59c608ed4384ba6002e44c3465c58b2e71,48000
217,resources/data/patches_3rdparty/Bluelight/Keys/Pianoish.fxp,contributor,28611,a64e38fdd0ae6cee6138d743efdb83aac659ea9a,a64e38fdd0ae6cee6138d743efdb83aac659ea9a,True,ok,,3,58914e59c608ed4384ba6002e44c3465c58b2e71,48000
218,resources/data/patches_3rdparty/Bluelight/Keys/Rotary Blue.fxp,contributor,23861,1072e7ed9dc11ef4e01aa4dcbba5db10dceabb38,1072e7ed9dc11ef4e01aa4dcbba5db10dceabb38,True,ok,,3,58914e59c608ed4384ba6002e44c3465c58b2e71,48000
219,resources/data/patches_3rdparty/Bluelight/Keys/Treated Rhodes.fxp,contributor,24274,6fe112ac9b06b13fad1dd1b2a3349b8bf9651413,6fe112ac9b06b13fad1dd1b2a3349b8bf9651413,True,ok,,2,58914e59c608ed4384ba6002e44c3465c58b2e71,48000
220,resources/data/patches_3rdparty/Bluelight/Leads/A Rattle In The Old Man's Sax.fxp,contributor,126472,18269806a35b34cad33aef496f50ae999a395403,18269806a35b34cad33aef496f50ae999a395403,True,ok,,9,58914e59c608ed4384ba6002e44c3465c58b2e71,48000
221,resources/data/patches_3rdparty/Bluelight/Leads/Crusher.fxp,contributor,31402,7b596457694f7947b6442ebc1cc84901d7ca987e,7b596457694f7947b6442ebc1cc84901d7ca987e,True,ok,,6,58914e59c608ed4384ba6002e44c3465c58b2e71,48000
222,resources/data/patches_3rdparty/Bluelight/Leads/Distorted Cello.fxp,contributor,24604,aa3622ff0db2dc03611e68f1dc5dc7904763fe9a,aa3622ff0db2dc03611e68f1dc5dc7904763fe9a,True,ok,,7,58914e59c608ed4384ba6002e44c3465c58b2e71,48000
223,resources/data/patches_3rdparty/Bluelight/Leads/Harpsick.fxp,contributor,31153,56971a56ee82748e78d43b5d100541550e790f03,56971a56ee82748e78d43b5d100541550e790f03,True,ok,,9,58914e59c608ed4384ba6002e44c3465c58b2e71,48000
224,resources/data/patches_3rdparty/Bluelight/Leads/Ice Rain.fxp,contributor,24212,f6a2cb30c70b1b86649405c5ed7e8e91e5619920,f6a2cb30c70b1b86649405c5ed7e8e91e5619920,True,ok,,7,58914e59c608ed4384ba6002e44c3465c58b2e71,48000
225,resources/data/patches_3rdparty/Bluelight/Leads/Lead 1.fxp,contributor,30908,7928b1799fc59b95f47b7bf8769640746c153ac0,7928b1799fc59b95f47b7bf8769640746c153ac0,True,ok,,8,58914e59c608ed4384ba6002e44c3465c58b2e71,48000
226,resources/data/patches_3rdparty/Bluelight/Leads/Lead 10.fxp,contributor,56021,ee9cda156d8522700d38c273b8a9a10825460a26,ee9cda156d8522700d38c273b8a9a10825460a26,True,ok,,9,58914e59c608ed4384ba6002e44c3465c58b2e71,48000
227,resources/data/patches_3rdparty/Bluelight/Leads/Lead 11.fxp,contributor,38399,0a5e42d2f0cfc93baa8accd81e95a294033e3816,0a5e42d2f0cfc93baa8accd81e95a294033e3816,True,ok,,7,58914e59c608ed4384ba6002e44c3465c58b2e71,48000
228,resources/data/patches_3rdparty/Bluelight/Leads/Lead 2.fxp,contributor,36167,c1bc2efd88c53fd61e5d17e8008674c9dada38e1,c1bc2efd88c53fd61e5d17e8008674c9dada38e1,True,ok,,5,58914e59c608ed4384ba6002e44c3465c58b2e71,48000
229,resources/data/patches_3rdparty/Bluelight/Leads/Lead 3.fxp,contributor,141004,d3d3d4d7729762be45199a4ec9ea66c1ef386d40,d3d3d4d7729762be45199a4ec9ea66c1ef386d40,True,ok,,13,58914e59c608ed4384ba6002e44c3465c58b2e71,48000
230,resources/data/patches_3rdparty/Bluelight/Leads/Lead 4.fxp,contributor,30975,c4d75541359ad7c218ef68c501521e294a8caaba,c4d75541359ad7c218ef68c501521e294a8caaba,True,ok,,6,58914e59c608ed4384ba6002e44c3465c58b2e71,48000
231,resources/data/patches_3rdparty/Bluelight/Leads/Lead 5.fxp,contributor,39288,c612416cbd39f33d57448f70c9434f85698d715d,c612416cbd39f33d57448f70c9434f85698d715d,True,ok,,4,58914e59c608ed4384ba6002e44c3465c58b2e71,48000
232,resources/data/patches_3rdparty/Bluelight/Leads/Lead 6.fxp,contributor,33796,b34973bdaa167ed15f9e16672e1f13daa8967c90,b34973bdaa167ed15f9e16672e1f13daa8967c90,True,ok,,4,58914e59c608ed4384ba6002e44c3465c58b2e71,48000
233,resources/data/patches_3rdparty/Bluelight/Leads/Lead 7.fxp,contributor,31657,8e5f3b56b5fe98def5359e9bfab2718e36490ffa,8e5f3b56b5fe98def5359e9bfab2718e36490ffa,True,ok,,7,58914e59c608ed4384ba6002e44c3465c58b2e71,48000
234,resources/data/patches_3rdparty/Bluelight/Leads/Lead 8.fxp,contributor,24579,41f6700f2c021bdbe5703f9e5690254a6d249c2a,41f6700f2c021bdbe5703f9e5690254a6d249c2a,True,ok,,4,58914e59c608ed4384ba6002e44c3465c58b2e71,48000
235,resources/data/patches_3rdparty/Bluelight/Leads/Lead 9.fxp,contributor,26680,5c456b1bfdd0f7ecf2f52d0f9aac1562be698edb,5c456b1bfdd0f7ecf2f52d0f9aac1562be698edb,True,ok,,4,58914e59c608ed4384ba6002e44c3465c58b2e71,48000
236,resources/data/patches_3rdparty/Bluelight/Leads/Zappa Digilead.fxp,contributor,24407,a2113e4f49810d577a41308ad0dcb46c4c4c8cee,a2113e4f49810d577a41308ad0dcb46c4c4c8cee,True,ok,,3,58914e59c608ed4384ba6002e44c3465c58b2e71,48000
237,resources/data/patches_3rdparty/Bluelight/Organs/C. Jack Dupree.fxp,contributor,73121,4d0170230d497ae0cbf5d74349b26495abad72af,4d0170230d497ae0cbf5d74349b26495abad72af,True,ok,,7,58914e59c608ed4384ba6002e44c3465c58b2e71,48000
238,resources/data/patches_3rdparty/Bluelight/Organs/Santana Goin' Home 73.fxp,contributor,70511,4fb5c585e7bd98fab60860c8654ce9d44744efed,4fb5c585e7bd98fab60860c8654ce9d44744efed,True,ok,,7,58914e59c608ed4384ba6002e44c3465c58b2e71,48000
239,resources/data/patches_3rdparty/Bluelight/Pads/Another Warm.fxp,contributor,25640,198e44c5d889c3bb0c1d1ffaa1d751406b952d5f,198e44c5d889c3bb0c1d1ffaa1d751406b952d5f,True,ok,,5,58914e59c608ed4384ba6002e44c3465c58b2e71,48000
240,resources/data/patches_3rdparty/Bluelight/Pads/Bad News.fxp,contributor,158896,8c61a18938fa816d0711e88eeb7a32dce41cf1cb,8c61a18938fa816d0711e88eeb7a32dce41cf1cb,True,ok,,14,58914e59c608ed4384ba6002e44c3465c58b2e71,48000
241,resources/data/patches_3rdparty/Bluelight/Pads/Broken.fxp,contributor,25739,57fb229121e8f7f8b0ef3b28e3686f962d30eee9,57fb229121e8f7f8b0ef3b28e3686f962d30eee9,True,ok,,7,58914e59c608ed4384ba6002e44c3465c58b2e71,48000
242,resources/data/patches_3rdparty/Bluelight/Pads/China Crisis.fxp,contributor,44998,a5d41182580833a86fa30e849db237aad9722b2f,a5d41182580833a86fa30e849db237aad9722b2f,True,ok,,5,58914e59c608ed4384ba6002e44c3465c58b2e71,48000
243,resources/data/patches_3rdparty/Bluelight/Pads/Delta Rhythm Boys.fxp,contributor,25102,a65e842c4b0dc0cd38052714075ed588a6fedbcd,a65e842c4b0dc0cd38052714075ed588a6fedbcd,True,ok,,4,58914e59c608ed4384ba6002e44c3465c58b2e71,48000
244,resources/data/patches_3rdparty/Bluelight/Pads/Fifths 1.fxp,contributor,24351,1b97fe1674ec0e47c840e75f863290395a9ed086,1b97fe1674ec0e47c840e75f863290395a9ed086,True,ok,,2,58914e59c608ed4384ba6002e44c3465c58b2e71,48000
245,resources/data/patches_3rdparty/Bluelight/Pads/Fifths 2.fxp,contributor,24185,7e2fca82b3b8b3b028a5e1a7d530c5fe15478ca6,7e2fca82b3b8b3b028a5e1a7d530c5fe15478ca6,True,ok,,5,58914e59c608ed4384ba6002e44c3465c58b2e71,48000
246,resources/data/patches_3rdparty/Bluelight/Pads/Fifths 3.fxp,contributor,30741,49948d8ce7212e0a372db81a6bf8c00b2f641ece,49948d8ce7212e0a372db81a6bf8c00b2f641ece,True,ok,,3,58914e59c608ed4384ba6002e44c3465c58b2e71,48000
247,resources/data/patches_3rdparty/Bluelight/Pads/Fifths 4.fxp,contributor,36820,bb86d984a6b840a0352fe6aaae3d61113c864aab,bb86d984a6b840a0352fe6aaae3d61113c864aab,True,ok,,6,58914e59c608ed4384ba6002e44c3465c58b2e71,48000
248,resources/data/patches_3rdparty/Bluelight/Pads/Fifths 5.fxp,contributor,23862,963f2f56ec733c5e05d5dc28ae1de27f2be36618,963f2f56ec733c5e05d5dc28ae1de27f2be36618,True,ok,,5,58914e59c608ed4384ba6002e44c3465c58b2e71,48000
249,resources/data/patches_3rdparty/Bluelight/Pads/Fifths 6.fxp,contributor,57335,e10cfcd25cae0476bab7882327b195de6d2b942a,e10cfcd25cae0476bab7882327b195de6d2b942a,True,ok,,6,58914e59c608ed4384ba6002e44c3465c58b2e71,48000
250,resources/data/patches_3rdparty/Bluelight/Pads/Fifths Whiteboat.fxp,contributor,24499,c44bc519307737bc9827fbdc65c7d050ae9afb29,c44bc519307737bc9827fbdc65c7d050ae9afb29,True,ok,,2,58914e59c608ed4384ba6002e44c3465c58b2e71,48000
251,resources/data/patches_3rdparty/Bluelight/Pads/Film.fxp,contributor,25655,95b5496a993d2a2a6bec3d04724e5e93ebfad714,95b5496a993d2a2a6bec3d04724e5e93ebfad714,True,ok,,5,58914e59c608ed4384ba6002e44c3465c58b2e71,48000
252,resources/data/patches_3rdparty/Bluelight/Pads/Frogs With Dirty Little Lips.fxp,contributor,24330,a19a3f4cb16376736ddaef8dff61f47b223306b9,a19a3f4cb16376736ddaef8dff61f47b223306b9,True,ok,,4,58914e59c608ed4384ba6002e44c3465c58b2e71,48000
253,resources/data/patches_3rdparty/Bluelight/Pads/Ghost Glass Harmonium.fxp,contributor,39534,5e1ea991af645a27e88435329b7a797342f95fd7,5e1ea991af645a27e88435329b7a797342f95fd7,True,ok,,5,58914e59c608ed4384ba6002e44c3465c58b2e71,48000
254,resources/data/patches_3rdparty/Bluelight/Pads/Gods.fxp,contributor,26779,f40069fbf8121a34835b083c748bbe251f7c2f22,f40069fbf8121a34835b083c748bbe251f7c2f22,True,ok,,6,58914e59c608ed4384ba6002e44c3465c58b2e71,48000
255,resources/data/patches_3rdparty/Bluelight/Pads/Hassel Lost His New Horn.fxp,contributor,24149,2f4ef61032be88bfe35511fa53f43e006340b55d,2f4ef61032be88bfe35511fa53f43e006340b55d,True,ok,,6,58914e59c608ed4384ba6002e44c3465c58b2e71,48000
256,resources/data/patches_3rdparty/Bluelight/Pads/Hine's Vertigo 110 BPM.fxp,contributor,45453,989f97743a8783c97c459e9000baa51b41b60ced,989f97743a8783c97c459e9000baa51b41b60ced,True,ok,,6,58914e59c608ed4384ba6002e44c3465c58b2e71,48000
257,resources/data/patches_3rdparty/Bluelight/Pads/Hit and Hesitate.fxp,contributor,26997,6fe13e8af651f19b9e2f7f3fc189b47bed20992f,6fe13e8af651f19b9e2f7f3fc189b47bed20992f,True,ok,,83,58914e59c608ed4384ba6002e44c3465c58b2e71,48000
258,resources/data/patches_3rdparty/Bluelight/Pads/Innit Blue.fxp,contributor,24286,465ad425c1df55bb9eccea2d00e742e96248b513,465ad425c1df55bb9eccea2d00e742e96248b513,True,ok,,7,58914e59c608ed4384ba6002e44c3465c58b2e71,48000
259,resources/data/patches_3rdparty/Bluelight/Pads/Juno.fxp,contributor,23862,f3176ad0f3c2ba4e3227f60cc591a2436c6ff484,f3176ad0f3c2ba4e3227f60cc591a2436c6ff484,True,ok,,4,58914e59c608ed4384ba6002e44c3465c58b2e71,48000
260,resources/data/patches_3rdparty/Bluelight/Pads/King.fxp,contributor,40010,5433dbe6c5623c07f0e59f4e8878e46a302ef874,5433dbe6c5623c07f0e59f4e8878e46a302ef874,True,ok,,4,58914e59c608ed4384ba6002e44c3465c58b2e71,48000
261,resources/data/patches_3rdparty/Bluelight/Pads/Mid Key Squeal.fxp,contributor,24487,b350bd8713a1621672ca7d291349d68f985c6f59,b350bd8713a1621672ca7d291349d68f985c6f59,True,ok,,3,58914e59c608ed4384ba6002e44c3465c58b2e71,48000
262,resources/data/patches_3rdparty/Bluelight/Pads/Obie.fxp,contributor,26273,c9766ff65e07f21a0486e2d0f773f60289c2b516,c9766ff65e07f21a0486e2d0f773f60289c2b516,True,ok,,2,58914e59c608ed4384ba6002e44c3465c58b2e71,48000
263,resources/data/patches_3rdparty/Bluelight/Pads/Orbit and Sub.fxp,contributor,28739,a2cff86a80f49749661e96911f159a2d4137c979,a2cff86a80f49749661e96911f159a2d4137c979,True,ok,,4,58914e59c608ed4384ba6002e44c3465c58b2e71,48000
264,resources/data/patches_3rdparty/Bluelight/Pads/Out Of Tune Tin 110 BPM.fxp,contributor,57747,e7df507940332ebac6fe43cb28785b4f18b63176,e7df507940332ebac6fe43cb28785b4f18b63176,True,ok,,7,58914e59c608ed4384ba6002e44c3465c58b2e71,48000
265,resources/data/patches_3rdparty/Bluelight/Pads/Rainy Day Dreamaway.fxp,contributor,157168,13979de9231f1b5d2b83e4370948cc33b5b52dfc,13979de9231f1b5d2b83e4370948cc33b5b52dfc,True,ok,,17,58914e59c608ed4384ba6002e44c3465c58b2e71,48000
266,resources/data/patches_3rdparty/Bluelight/Pads/Res Wave Shift.fxp,contributor,30728,5d1196df59de6d38239036f75c2c41fc2ac9901f,5d1196df59de6d38239036f75c2c41fc2ac9901f,True,ok,,5,58914e59c608ed4384ba6002e44c3465c58b2e71,48000
267,resources/data/patches_3rdparty/Bluelight/Pads/Rhythm Delay 110 BPM.fxp,contributor,26565,9104deece33fa012f064e4ff5783c6dbfdf400fa,9104deece33fa012f064e4ff5783c6dbfdf400fa,True,ok,,7,58914e59c608ed4384ba6002e44c3465c58b2e71,48000
268,resources/data/patches_3rdparty/Bluelight/Pads/Sawdust.fxp,contributor,25696,85e23eb43c4ab6290a7dfa7857d74f6eeedd76ec,85e23eb43c4ab6290a7dfa7857d74f6eeedd76ec,True,ok,,15,58914e59c608ed4384ba6002e44c3465c58b2e71,48000
269,resources/data/patches_3rdparty/Bluelight/Pads/Shimmer Glimmer Goes Dirt.fxp,contributor,24253,840e5d95f45423d91d9614745a98f623394494bc,840e5d95f45423d91d9614745a98f623394494bc,True,ok,,8,58914e59c608ed4384ba6002e44c3465c58b2e71,48000
270,resources/data/patches_3rdparty/Bluelight/Pads/Skum Bolero 110 BPM.fxp,contributor,26944,23f1f7540863ae70c16e4270947d05980607cd7b,23f1f7540863ae70c16e4270947d05980607cd7b,True,ok,,3,58914e59c608ed4384ba6002e44c3465c58b2e71,48000
271,resources/data/patches_3rdparty/Bluelight/Pads/The Lunatic.fxp,contributor,35028,f00e0424295563ba310ca8b586cd57b458c738aa,f00e0424295563ba310ca8b586cd57b458c738aa,True,ok,,3,58914e59c608ed4384ba6002e44c3465c58b2e71,48000
272,resources/data/patches_3rdparty/Bluelight/Pads/Whatever.fxp,contributor,24431,630cb70276c1a475c849aef0acbde1e197f68c44,630cb70276c1a475c849aef0acbde1e197f68c44,True,ok,,7,58914e59c608ed4384ba6002e44c3465c58b2e71,48000
273,resources/data/patches_3rdparty/Bluelight/Pads/White Room.fxp,contributor,23987,38734f8b82c1971bd4fa435f8c59adfee7bae129,38734f8b82c1971bd4fa435f8c59adfee7bae129,True,ok,,7,58914e59c608ed4384ba6002e44c3465c58b2e71,48000
274,resources/data/patches_3rdparty/Bluelight/Pads/Wool 1.fxp,contributor,24371,22942188201797abe89657dc5b9bbc991f95b3ec,22942188201797abe89657dc5b9bbc991f95b3ec,True,ok,,4,58914e59c608ed4384ba6002e44c3465c58b2e71,48000
275,resources/data/patches_3rdparty/Bluelight/Pads/Wool 2.fxp,contributor,23755,423aa5e8d48eda4e6b66ce75fb7f992f0848011e,423aa5e8d48eda4e6b66ce75fb7f992f0848011e,True,ok,,4,58914e59c608ed4384ba6002e44c3465c58b2e71,48000
276,resources/data/patches_3rdparty/Bluelight/Percussion/Tubular.fxp,contributor,39025,67a620be3fdac87e4bf46aea1260ff4b7a5605ac,67a620be3fdac87e4bf46aea1260ff4b7a5605ac,True,ok,,6,58914e59c608ed4384ba6002e44c3465c58b2e71,48000
277,resources/data/patches_3rdparty/Bluelight/Splits/Bilbo 110 BPM.fxp,contributor,61553,740b83ac9134609dd2ea86dad5b6549f68feb51a,740b83ac9134609dd2ea86dad5b6549f68feb51a,True,ok,,6,58914e59c608ed4384ba6002e44c3465c58b2e71,48000
278,resources/data/patches_3rdparty/Bluelight/Splits/Casio VL Tone 110 BPM.fxp,contributor,33712,a974ac4e1dbeced5c7ad90837a8f3908fe36731d,a974ac4e1dbeced5c7ad90837a8f3908fe36731d,True,ok,,9,58914e59c608ed4384ba6002e44c3465c58b2e71,48000
279,resources/data/patches_3rdparty/Bluelight/Splits/Dam Dam Dam 110 BPM.fxp,contributor,34817,07884617a507b299fbb5779cda243748c9c52a34,07884617a507b299fbb5779cda243748c9c52a34,True,ok,,4,58914e59c608ed4384ba6002e44c3465c58b2e71,48000
280,resources/data/patches_3rdparty/Bluelight/Splits/Diggety Doggety 110 BPM.fxp,contributor,267603,533aa1825f7a0e9282bba06cbe8b8489d20f8a0a,533aa1825f7a0e9282bba06cbe8b8489d20f8a0a,True,ok,,54,58914e59c608ed4384ba6002e44c3465c58b2e71,48000
281,resources/data/patches_3rdparty/Bluelight/Splits/Nu 110 BPM.fxp,contributor,171920,240560bed9be593bcabb993c42f2ef3f23cc6833,240560bed9be593bcabb993c42f2ef3f23cc6833,True,ok,,19,58914e59c608ed4384ba6002e44c3465c58b2e71,48000
282,resources/data/patches_3rdparty/Bluelight/Splits/Royals Straight Flushed 110 BPM.fxp,contributor,90856,3090cd0f9b5f89a390ca0bdcc89a9d527760dfec,3090cd0f9b5f89a390ca0bdcc89a9d527760dfec,True,ok,,9,58914e59c608ed4384ba6002e44c3465c58b2e71,48000
283,resources/data/patches_3rdparty/Bluelight/Splits/Trevor Horn Is My Mother 110 BPM.fxp,contributor,51063,02981bc677fc22876ecc414ffe71240ad7e9495f,02981bc677fc22876ecc414ffe71240ad7e9495f,True,ok,,5,58914e59c608ed4384ba6002e44c3465c58b2e71,48000
284,resources/data/patches_3rdparty/Bluelight/Vox/Gregorian Rant Mono.fxp,contributor,133723,219a31db89cb89591375c6e346ef76cdd7070a76,219a31db89cb89591375c6e346ef76cdd7070a76,True,ok,,10,58914e59c608ed4384ba6002e44c3465c58b2e71,48000
285,resources/data/patches_3rdparty/Bluelight/Vox/Gregorian Rant Poly.fxp,contributor,126461,bb7b6b131f0a7d18ae3001fce85b70c27047f432,bb7b6b131f0a7d18ae3001fce85b70c27047f432,True,ok,,10,58914e59c608ed4384ba6002e44c3465c58b2e71,48000
286,resources/data/patches_3rdparty/Bluelight/Winds/Bamboo.fxp,contributor,89510,34b9010df4d352ccf9f20e130907b8e31610a249,34b9010df4d352ccf9f20e130907b8e31610a249,True,ok,,7,58914e59c608ed4384ba6002e44c3465c58b2e71,48000
287,resources/data/patches_3rdparty/Bluelight/Winds/Basson.fxp,contributor,23438,4feafbc7faf7501504437ffa0e67d940425f75fb,4feafbc7faf7501504437ffa0e67d940425f75fb,True,ok,,2,58914e59c608ed4384ba6002e44c3465c58b2e71,48000
288,resources/data/patches_3rdparty/Bluelight/Winds/Recorder.fxp,contributor,96387,e6238cc61d97145fb0755f24ac7ab9fe7e85c35e,e6238cc61d97145fb0755f24ac7ab9fe7e85c35e,True,ok,,6,58914e59c608ed4384ba6002e44c3465c58b2e71,48000
289,resources/data/patches_3rdparty/Cybersoda/Basses/Acid Bassline 1.fxp,contributor,30883,6d5c24960b23606f215dca7860a915a9679fc709,6d5c24960b23606f215dca7860a915a9679fc709,True,ok,,2,58914e59c608ed4384ba6002e44c3465c58b2e71,48000
290,resources/data/patches_3rdparty/Cybersoda/Basses/Acid Bassline 2.fxp,contributor,42038,d40a7c037b8e0d9d20c71edf273b469b4f702f2a,d40a7c037b8e0d9d20c71edf273b469b4f702f2a,True,ok,,2,58914e59c608ed4384ba6002e44c3465c58b2e71,48000
291,resources/data/patches_3rdparty/Cybersoda/Basses/Badass.fxp,contributor,40394,b3f2925de04c3fbe8029fd4e78de6b841671a0bb,b3f2925de04c3fbe8029fd4e78de6b841671a0bb,True,ok,,3,58914e59c608ed4384ba6002e44c3465c58b2e71,48000
292,resources/data/patches_3rdparty/Cybersoda/Basses/Emulation.fxp,contributor,34043,77171b89ea84a7b19c182bfad9a441a33fd4a2c0,77171b89ea84a7b19c182bfad9a441a33fd4a2c0,True,ok,,3,58914e59c608ed4384ba6002e44c3465c58b2e71,48000
293,resources/data/patches_3rdparty/Cybersoda/Basses/Fancy.fxp,contributor,30801,3ac3c39071b4675731d8d731363fb70cf1f6cce1,3ac3c39071b4675731d8d731363fb70cf1f6cce1,True,ok,,35,58914e59c608ed4384ba6002e44c3465c58b2e71,48000
294,resources/data/patches_3rdparty/Cybersoda/Basses/Ghoul.fxp,contributor,34071,7929a70c24ba1dd32097f2b54ed14ea6202d169c,7929a70c24ba1dd32097f2b54ed14ea6202d169c,True,ok,,3,58914e59c608ed4384ba6002e44c3465c58b2e71,48000
295,resources/data/patches_3rdparty/Cybersoda/Basses/Growl.fxp,contributor,33264,0b125e64653a3075f182b8197abf67ae63b3cd39,0b125e64653a3075f182b8197abf67ae63b3cd39,True,ok,,3,58914e59c608ed4384ba6002e44c3465c58b2e71,48000
296,resources/data/patches_3rdparty/Cybersoda/Basses/Housy.fxp,contributor,32444,0bbe96e5eb13b18515370c4413d9f190e5830f33,0bbe96e5eb13b18515370c4413d9f190e5830f33,True,ok,,3,58914e59c608ed4384ba6002e44c3465c58b2e71,48000
297,resources/data/patches_3rdparty/Cybersoda/Basses/Joe Has Had A Bad Day.fxp,contributor,37324,6e34dddde790d62af7123713617a213d8bed4e50,6e34dddde790d62af7123713617a213d8bed4e50,True,ok,,2,58914e59c608ed4384ba6002e44c3465c58b2e71,48000
298,resources/data/patches_3rdparty/Cybersoda/Basses/Moogish.fxp,contributor,33011,00c292cdc429ac03dd86a87fd6fdfaa24e9403fa,00c292cdc429ac03dd86a87fd6fdfaa24e9403fa,True,ok,,2,58914e59c608ed4384ba6002e44c3465c58b2e71,48000
299,resources/data/patches_3rdparty/Cybersoda/Basses/Synthwave.fxp,contributor,28685,24f4fc1aa5d4ff43b665ba9a3a4345d00e6648f8,24f4fc1aa5d4ff43b665ba9a3a4345d00e6648f8,True,ok,,3,58914e59c608ed4384ba6002e44c3465c58b2e71,48000
300,resources/data/patches_3rdparty/Cybersoda/Brass/Brassy.fxp,contributor,26183,2f51bdc89148e034c92a53de4fdc8835822b0e4e,2f51bdc89148e034c92a53de4fdc8835822b0e4e,True,ok,,2,58914e59c608ed4384ba6002e44c3465c58b2e71,48000
301,resources/data/patches_3rdparty/Cybersoda/Brass/Soft 80s Brass.fxp,contributor,27038,0e49064bf154612e90d2463bb2f6747e6d4d963d,0e49064bf154612e90d2463bb2f6747e6d4d963d,True,ok,,2,58914e59c608ed4384ba6002e44c3465c58b2e71,48000
302,resources/data/patches_3rdparty/Cybersoda/Brass/Synth Trumpet.fxp,contributor,33173,6c2adf00eee975d9c065a65dd538054159c47f25,6c2adf00eee975d9c065a65dd538054159c47f25,True,ok,,3,58914e59c608ed4384ba6002e44c3465c58b2e71,48000
303,resources/data/patches_3rdparty/Cybersoda/Drums/Acoustic Crash.fxp,contributor,29845,029a25ace9297ba1b14cf5f04030f541936d7a1e,029a25ace9297ba1b14cf5f04030f541936d7a1e,True,ok,,3,58914e59c608ed4384ba6002e44c3465c58b2e71,48000
304,resources/data/patches_3rdparty/Cybersoda/Drums/Acoustic HiHat.fxp,contributor,28960,6f992e94ee9e1d4633d3ea4a1c4e10df865bbd47,6f992e94ee9e1d4633d3ea4a1c4e10df865bbd47,True,ok,,5,58914e59c608ed4384ba6002e44c3465c58b2e71,48000
305,resources/data/patches_3rdparty/Cybersoda/Drums/Acoustic Kick.fxp,contributor,35545,689cad370b0b2eba8c23721e7bf948297c3dbe25,689cad370b0b2eba8c23721e7bf948297c3dbe25,True,ok,,3,58914e59c608ed4384ba6002e44c3465c58b2e71,48000
306,resources/data/patches_3rdparty/Cybersoda/Drums/Acoustic Ride.fxp,contributor,28569,c55aa93946d97bfb2bed0b76689035bf25a41a3a,c55aa93946d97bfb2bed0b76689035bf25a41a3a,True,ok,,3,58914e59c608ed4384ba6002e44c3465c58b2e71,48000
307,resources/data/patches_3rdparty/Cybersoda/Drums/Acoustic Snare.fxp,contributor,33018,c840ab363c2e7238e3de499255d2909005aac825,c840ab363c2e7238e3de499255d2909005aac825,True,ok,,3,58914e59c608ed4384ba6002e44c3465c58b2e71,48000
308,resources/data/patches_3rdparty/Cybersoda/Drums/Acoustic Tom.fxp,contributor,30277,4721483189303b09b39d75eaca2dad392b44948f,4721483189303b09b39d75eaca2dad392b44948f,True,ok,,4,58914e59c608ed4384ba6002e44c3465c58b2e71,48000
309,resources/data/patches_3rdparty/Cybersoda/Drums/Boomy Kick.fxp,contributor,35660,17769cd40f65b93f2fec10ca155f7236331c7571,17769cd40f65b93f2fec10ca155f7236331c7571,True,ok,,3,58914e59c608ed4384ba6002e44c3465c58b2e71,48000
310,resources/data/patches_3rdparty/Cybersoda/Drums/Cheap Hat.fxp,contributor,28365,333250f2352dfb8bee6ebfac1ab4dc4a757c1c67,333250f2352dfb8bee6ebfac1ab4dc4a757c1c67,True,ok,,3,58914e59c608ed4384ba6002e44c3465c58b2e71,48000
311,resources/data/patches_3rdparty/Cybersoda/Drums/Classic 808 Cowbell.fxp,contributor,28475,aa476698ed98f68158f94f5722c86e871554aaba,aa476698ed98f68158f94f5722c86e871554aaba,True,ok,,3,58914e59c608ed4384ba6002e44c3465c58b2e71,48000
312,resources/data/patches_3rdparty/Cybersoda/Drums/Classic Kick.fxp,contributor,29325,7a2a9094edbae5243e3b586baef21134f88a265f,7a2a9094edbae5243e3b586baef21134f88a265f,True,ok,,3,58914e59c608ed4384ba6002e44c3465c58b2e71,48000
313,resources/data/patches_3rdparty/Cybersoda/Drums/Destroyed Kick.fxp,contributor,34949,a9649d269d52f07738c9bfe9ff098567abaa8dd6,a9649d269d52f07738c9bfe9ff098567abaa8dd6,True,ok,,2,58914e59c608ed4384ba6002e44c3465c58b2e71,48000
314,resources/data/patches_3rdparty/Cybersoda/Drums/Dubstep Snare.fxp,contributor,30075,7ab3e3ccf47a42780adf3b29e6cbd61cd3a6b1c7,7ab3e3ccf47a42780adf3b29e6cbd61cd3a6b1c7,True,ok,,4,58914e59c608ed4384ba6002e44c3465c58b2e71,48000
315,resources/data/patches_3rdparty/Cybersoda/Drums/Nice Hat.fxp,contributor,26840,4485e38a013022339363e0a164ed5e9678239a7a,4485e38a013022339363e0a164ed5e9678239a7a,True,ok,,3,58914e59c608ed4384ba6002e44c3465c58b2e71,48000
316,resources/data/patches_3rdparty/Cybersoda/Drums/Old Hat.fxp,contributor,27474,095fe7b1ec8feb26deccd3ad4b92bea89bbd150f,095fe7b1ec8feb26deccd3ad4b92bea89bbd150f,True,ok,,3,58914e59c608ed4384ba6002e44c3465c58b2e71,48000
317,resources/data/patches_3rdparty/Cybersoda/Drums/Old Kick.fxp,contributor,33124,90f02312caa882abe7c1d76b8883ae0a51ed433b,90f02312caa882abe7c1d76b8883ae0a51ed433b,True,ok,,3,58914e59c608ed4384ba6002e44c3465c58b2e71,48000
318,resources/data/patches_3rdparty/Cybersoda/Drums/Old Snare.fxp,contributor,28771,d1078f98a8e5c90bc61b19ec012f7d6b2a4ea879,d1078f98a8e5c90bc61b19ec012f7d6b2a4ea879,True,ok,,3,58914e59c608ed4384ba6002e44c3465c58b2e71,48000
319,resources/data/patches_3rdparty/Cybersoda/Drums/Organic Snare.fxp,contributor,28395,4d28041bddbc5b63f530ba6496a6a63347a91fc0,4d28041bddbc5b63f530ba6496a6a63347a91fc0,True,ok,,3,58914e59c608ed4384ba6002e44c3465c58b2e71,48000
320,resources/data/patches_3rdparty/Cybersoda/Drums/Perc 1.fxp,contributor,28516,f9c94c882971483ee90d463b9e570fedc3600db3,f9c94c882971483ee90d463b9e570fedc3600db3,True,ok,,5,58914e59c608ed4384ba6002e44c3465c58b2e71,48000
321,resources/data/patches_3rdparty/Cybersoda/Drums/Perc 10.fxp,contributor,28047,f98fbfd31f9241357922a85b47f91819136c8607,f98fbfd31f9241357922a85b47f91819136c8607,True,ok,,5,58914e59c608ed4384ba6002e44c3465c58b2e71,48000
322,resources/data/patches_3rdparty/Cybersoda/Drums/Perc 11.fxp,contributor,26842,62d7307d5efadf634cbe2009377e3b07035a88c0,62d7307d5efadf634cbe2009377e3b07035a88c0,True,ok,,6,58914e59c608ed4384ba6002e44c3465c58b2e71,48000
323,resources/data/patches_3rdparty/Cybersoda/Drums/Perc 2.fxp,contributor,27117,268388702063680f69f0bf7f01a250c4d483ce8f,268388702063680f69f0bf7f01a250c4d483ce8f,True,ok,,4,58914e59c608ed4384ba6002e44c3465c58b2e71,48000
324,resources/data/patches_3rdparty/Cybersoda/Drums/Perc 3.fxp,contributor,27949,8210393e86ccc8a5126d9d8f6c2d8cd412c407d4,8210393e86ccc8a5126d9d8f6c2d8cd412c407d4,True,ok,,5,58914e59c608ed4384ba6002e44c3465c58b2e71,48000
325,resources/data/patches_3rdparty/Cybersoda/Drums/Perc 4.fxp,contributor,26729,465942c76cff2bd1cab5cf91af78de9a65092d0f,465942c76cff2bd1cab5cf91af78de9a65092d0f,True,ok,,4,58914e59c608ed4384ba6002e44c3465c58b2e71,48000
326,resources/data/patches_3rdparty/Cybersoda/Drums/Perc 5.fxp,contributor,27982,1e24c8d4ba4b44809ec571dee87cc1ebc1c00e1a,1e24c8d4ba4b44809ec571dee87cc1ebc1c00e1a,True,ok,,2,58914e59c608ed4384ba6002e44c3465c58b2e71,48000
327,resources/data/patches_3rdparty/Cybersoda/Drums/Perc 6.fxp,contributor,26975,2252c903bffe067caf8ddaff6997b5e3d8a199f8,2252c903bffe067caf8ddaff6997b5e3d8a199f8,True,ok,,4,58914e59c608ed4384ba6002e44c3465c58b2e71,48000
328,resources/data/patches_3rdparty/Cybersoda/Drums/Perc 7.fxp,contributor,28871,22b855c08a4a2f1af014b22098ef0affffedb3d6,22b855c08a4a2f1af014b22098ef0affffedb3d6,True,ok,,4,58914e59c608ed4384ba6002e44c3465c58b2e71,48000
329,resources/data/patches_3rdparty/Cybersoda/Drums/Perc 8.fxp,contributor,29748,ad8ce1e1a49b56f4b51e27101a856fb48d14bebb,ad8ce1e1a49b56f4b51e27101a856fb48d14bebb,True,ok,,8,58914e59c608ed4384ba6002e44c3465c58b2e71,48000
330,resources/data/patches_3rdparty/Cybersoda/Drums/Perc 9.fxp,contributor,36197,3b35d4b8c565af48a29602bc56c7751bd561b760,3b35d4b8c565af48a29602bc56c7751bd561b760,True,ok,,3,58914e59c608ed4384ba6002e44c3465c58b2e71,48000
331,resources/data/patches_3rdparty/Cybersoda/Drums/Rickroll Tom.fxp,contributor,27806,62a39254e0c576cb8eaf07e73f6e4ceb739ee1bd,62a39254e0c576cb8eaf07e73f6e4ceb739ee1bd,True,ok,,2,58914e59c608ed4384ba6002e44c3465c58b2e71,48000
332,resources/data/patches_3rdparty/Cybersoda/Drums/Shaker Loop.fxp,contributor,27208,f18ed730c4675067c5cc25e1b8ac119ab3964e10,f18ed730c4675067c5cc25e1b8ac119ab3964e10,True,ok,,3,58914e59c608ed4384ba6002e44c3465c58b2e71,48000
333,resources/data/patches_3rdparty/Cybersoda/Drums/Short Hat.fxp,contributor,28647,09394f1b325ce85a26f23ffcb8954e50f0255ce9,09394f1b325ce85a26f23ffcb8954e50f0255ce9,True,ok,,2,58914e59c608ed4384ba6002e44c3465c58b2e71,48000
334,resources/data/patches_3rdparty/Cybersoda/Drums/Short Snare.fxp,contributor,29411,29228657b9cc6618d5a1d47dcb3e0fb9f456a971,29228657b9cc6618d5a1d47dcb3e0fb9f456a971,True,ok,,11,58914e59c608ed4384ba6002e44c3465c58b2e71,48000
335,resources/data/patches_3rdparty/Cybersoda/Drums/Snap.fxp,contributor,28668,1ca7a7991372d72ae359160b09607a649fb09988,1ca7a7991372d72ae359160b09607a649fb09988,True,ok,,4,58914e59c608ed4384ba6002e44c3465c58b2e71,48000
336,resources/data/patches_3rdparty/Cybersoda/Drums/Vinyl Kick.fxp,contributor,34471,61ed4fb7e6da62d5fc4ac3b65221b73b7631ffdc,61ed4fb7e6da62d5fc4ac3b65221b73b7631ffdc,True,ok,,2,58914e59c608ed4384ba6002e44c3465c58b2e71,48000
337,resources/data/patches_3rdparty/Cybersoda/FX/After Spicy Chip.fxp,contributor,30422,bb06a397e53cfd03f00385ce1dffccc88ae95908,bb06a397e53cfd03f00385ce1dffccc88ae95908,True,ok,,5,58914e59c608ed4384ba6002e44c3465c58b2e71,48000
338,resources/data/patches_3rdparty/Cybersoda/FX/Alarm.fxp,contributor,27893,581008e85eee98ce38fa3ff31a491ffc5bb65225,581008e85eee98ce38fa3ff31a491ffc5bb65225,True,ok,,6,58914e59c608ed4384ba6002e44c3465c58b2e71,48000
339,resources/data/patches_3rdparty/Cybersoda/FX/Alien Communication.fxp,contributor,29635,6cbc43e789cd4130623e86b2c546c59178f96a84,6cbc43e789cd4130623e86b2c546c59178f96a84,True,ok,,2,58914e59c608ed4384ba6002e44c3465c58b2e71,48000
340,resources/data/patches_3rdparty/Cybersoda/FX/Evening On Pluto.fxp,contributor,34487,5212d837af1afb64e30a8bc8fede284660431890,5212d837af1afb64e30a8bc8fede284660431890,True,ok,,8,58914e59c608ed4384ba6002e44c3465c58b2e71,48000
341,resources/data/patches_3rdparty/Cybersoda/FX/Ominus Drown.fxp,contributor,32970,a1f45dc5b1fdb81e53c639e93a7b174888325757,a1f45dc5b1fdb81e53c639e93a7b174888325757,True,ok,,4,58914e59c608ed4384ba6002e44c3465c58b2e71,48000
342,resources/data/patches_3rdparty/Cybersoda/FX/Plasma Gun.fxp,contributor,41693,15222fe368edd8d0c36bae0e1e872f1486187501,15222fe368edd8d0c36bae0e1e872f1486187501,True,ok,,84,58914e59c608ed4384ba6002e44c3465c58b2e71,48000
343,"resources/data/patches_3rdparty/Cybersoda/FX/Prowler, The Little Friendly Elephant.fxp",contributor,35073,53116ae6a9ae445193a4a9d17fc951d2f6364e8e,53116ae6a9ae445193a4a9d17fc951d2f6364e8e,True,ok,,8,58914e59c608ed4384ba6002e44c3465c58b2e71,48000
344,resources/data/patches_3rdparty/Cybersoda/FX/Siren.fxp,contributor,27994,ff8f8b475660151cb4f2ca254cb1e30b917255d5,ff8f8b475660151cb4f2ca254cb1e30b917255d5,True,ok,,4,58914e59c608ed4384ba6002e44c3465c58b2e71,48000
345,resources/data/patches_3rdparty/Cybersoda/FX/Stormy Weather.fxp,contributor,30148,6173050341a2e0be4dc33b0087bf79ab1622fc49,6173050341a2e0be4dc33b0087bf79ab1622fc49,True,ok,,4,58914e59c608ed4384ba6002e44c3465c58b2e71,48000
346,resources/data/patches_3rdparty/Cybersoda/FX/Sub Drop.fxp,contributor,26220,a28fe989af0ad9aef6c8caf4a8031cd90969c940,a28fe989af0ad9aef6c8caf4a8031cd90969c940,True,ok,,3,58914e59c608ed4384ba6002e44c3465c58b2e71,48000
347,resources/data/patches_3rdparty/Cybersoda/FX/Tape Stop.fxp,contributor,27313,03009a3edded2c610667aa06ebe7658de6ff89b4,03009a3edded2c610667aa06ebe7658de6ff89b4,True,ok,,2,58914e59c608ed4384ba6002e44c3465c58b2e71,48000
348,resources/data/patches_3rdparty/Cybersoda/FX/Top Ten Voices In My Head.fxp,contributor,29669,606d07134cc7433a220caed6f105ef658bfaccb0,606d07134cc7433a220caed6f105ef658bfaccb0,True,ok,,3,58914e59c608ed4384ba6002e44c3465c58b2e71,48000
349,resources/data/patches_3rdparty/Cybersoda/FX/Vinyl Noise 1.fxp,contributor,28673,c6f5c3b18086dbbb38eee0b53e6f2c59c1b31c6e,c6f5c3b18086dbbb38eee0b53e6f2c59c1b31c6e,True,ok,,3,58914e59c608ed4384ba6002e44c3465c58b2e71,48000
350,resources/data/patches_3rdparty/Cybersoda/FX/Vinyl Noise 2.fxp,contributor,27733,208edd6f51315354e693ca07d81ddb575de6e39b,208edd6f51315354e693ca07d81ddb575de6e39b,True,ok,,3,58914e59c608ed4384ba6002e44c3465c58b2e71,48000
351,resources/data/patches_3rdparty/Cybersoda/FX/Vinyl Noise 3.fxp,contributor,27732,8c6b042c0e6f99c17522a29565ef2488eb7b893b,8c6b042c0e6f99c17522a29565ef2488eb7b893b,True,ok,,3,58914e59c608ed4384ba6002e44c3465c58b2e71,48000
352,resources/data/patches_3rdparty/Cybersoda/Keys/Daisy.fxp,contributor,33984,c36fc7626dfe072585dbffe9e73d5b2b0e05b3b4,c36fc7626dfe072585dbffe9e73d5b2b0e05b3b4,True,ok,,3,58914e59c608ed4384ba6002e44c3465c58b2e71,48000
353,resources/data/patches_3rdparty/Cybersoda/Keys/Dizzy.fxp,contributor,30039,575687dacca8721d94b28625f328fdb3f79446ea,575687dacca8721d94b28625f328fdb3f79446ea,True,ok,,4,58914e59c608ed4384ba6002e44c3465c58b2e71,48000
354,resources/data/patches_3rdparty/Cybersoda/Keys/Fake Bell.fxp,contributor,28913,590505598d5ba33c8bb91fec2d873ba9603b7c96,590505598d5ba33c8bb91fec2d873ba9603b7c96,True,ok,,3,58914e59c608ed4384ba6002e44c3465c58b2e71,48000
355,resources/data/patches_3rdparty/Cybersoda/Keys/Gentle.fxp,contributor,27477,63bf026619105692599894d76fef5c98a8aaa962,63bf026619105692599894d76fef5c98a8aaa962,True,ok,,5,58914e59c608ed4384ba6002e44c3465c58b2e71,48000
356,resources/data/patches_3rdparty/Cybersoda/Keys/Moonman.fxp,contributor,27152,522ffdef4a5f78b72f696e70152b6f2a9262f788,522ffdef4a5f78b72f696e70152b6f2a9262f788,True,ok,,5,58914e59c608ed4384ba6002e44c3465c58b2e71,48000
357,resources/data/patches_3rdparty/Cybersoda/Keys/Noisy.fxp,contributor,28176,21acbf0d79241bd3111b05cb84929ce200cd90ea,21acbf0d79241bd3111b05cb84929ce200cd90ea,True,ok,,4,58914e59c608ed4384ba6002e44c3465c58b2e71,48000
358,resources/data/patches_3rdparty/Cybersoda/Keys/Tape Keys.fxp,contributor,27629,6be82078e360c9c56d31b0b71b28d57e7a9ee8ae,6be82078e360c9c56d31b0b71b28d57e7a9ee8ae,True,ok,,6,58914e59c608ed4384ba6002e44c3465c58b2e71,48000
359,resources/data/patches_3rdparty/Cybersoda/Keys/Vintage EP.fxp,contributor,30872,e0889c7a1231fef6cffe42f23416e48c2325828f,e0889c7a1231fef6cffe42f23416e48c2325828f,True,ok,,5,58914e59c608ed4384ba6002e44c3465c58b2e71,48000
360,resources/data/patches_3rdparty/Cybersoda/Keys/Wurli.fxp,contributor,28200,de78f7f6e3ed91a57c41f25c6117d9b2c948e501,de78f7f6e3ed91a57c41f25c6117d9b2c948e501,True,ok,,6,58914e59c608ed4384ba6002e44c3465c58b2e71,48000
361,resources/data/patches_3rdparty/Cybersoda/Leads/Aggressive Brass Lead.fxp,contributor,32472,9eb4ac959658bdbf02f4ee5b08643bc119331dc8,9eb4ac959658bdbf02f4ee5b08643bc119331dc8,True,ok,,3,58914e59c608ed4384ba6002e44c3465c58b2e71,48000
362,resources/data/patches_3rdparty/Cybersoda/Leads/Destroyed 808.fxp,contributor,31658,95ea90d8edcfd7de1ba2837c976eb009189d911f,95ea90d8edcfd7de1ba2837c976eb009189d911f,True,ok,,2,58914e59c608ed4384ba6002e44c3465c58b2e71,48000
363,resources/data/patches_3rdparty/Cybersoda/Leads/FMey 808.fxp,contributor,31713,165e2aa0bc6077e257062fde85130376573e2e1d,165e2aa0bc6077e257062fde85130376573e2e1d,True,ok,,2,58914e59c608ed4384ba6002e44c3465c58b2e71,48000
364,resources/data/patches_3rdparty/Cybersoda/Leads/Funky Sine.fxp,contributor,26638,984aa3971a9e83c7f4bbda48a58256ff9d9c004a,984aa3971a9e83c7f4bbda48a58256ff9d9c004a,True,ok,,2,58914e59c608ed4384ba6002e44c3465c58b2e71,48000
365,resources/data/patches_3rdparty/Cybersoda/Leads/Jazzy Guitar Lead.fxp,contributor,34966,729f7fa7dfa5edb19a2cb64a0ddf24eb22b4ef34,729f7fa7dfa5edb19a2cb64a0ddf24eb22b4ef34,True,ok,,8,58914e59c608ed4384ba6002e44c3465c58b2e71,48000
366,resources/data/patches_3rdparty/Cybersoda/Leads/Music Box Lead.fxp,contributor,167108,67eae918be5c0dfc563b5320414aa161eef430d2,67eae918be5c0dfc563b5320414aa161eef430d2,True,ok,,25,58914e59c608ed4384ba6002e44c3465c58b2e71,48000
367,resources/data/patches_3rdparty/Cybersoda/Leads/Simple 808.fxp,contributor,31506,37245c7f11a0c3f8efbf7dba925b03b83add1bb5,37245c7f11a0c3f8efbf7dba925b03b83add1bb5,True,ok,,5,58914e59c608ed4384ba6002e44c3465c58b2e71,48000
368,resources/data/patches_3rdparty/Cybersoda/Leads/Snails.fxp,contributor,34129,cc3e7ad5dd66087f5fee6266bd956519ab8f036e,cc3e7ad5dd66087f5fee6266bd956519ab8f036e,True,ok,,3,58914e59c608ed4384ba6002e44c3465c58b2e71,48000
369,resources/data/patches_3rdparty/Cybersoda/Organs/Clicky Organ.fxp,contributor,33038,51ec5afea4c0d43c8722b8e2be87103bd9692725,51ec5afea4c0d43c8722b8e2be87103bd9692725,True,ok,,3,58914e59c608ed4384ba6002e44c3465c58b2e71,48000
370,resources/data/patches_3rdparty/Cybersoda/Pads/FM Pad.fxp,contributor,27791,432278ad2cea303fc37fe610c2fbf2af8892f552,432278ad2cea303fc37fe610c2fbf2af8892f552,True,ok,,7,58914e59c608ed4384ba6002e44c3465c58b2e71,48000
371,resources/data/patches_3rdparty/Cybersoda/Pads/Lush.fxp,contributor,26768,2b64796fbf48d0b83cc0eb1a322eec9d2961a454,2b64796fbf48d0b83cc0eb1a322eec9d2961a454,True,ok,,5,58914e59c608ed4384ba6002e44c3465c58b2e71,48000
372,resources/data/patches_3rdparty/Cybersoda/Pads/Origin.fxp,contributor,27720,f202610850d913ee9d8703cba87d756c95c1b4e3,f202610850d913ee9d8703cba87d756c95c1b4e3,True,ok,,8,58914e59c608ed4384ba6002e44c3465c58b2e71,48000
373,resources/data/patches_3rdparty/Cybersoda/Pads/Space Station.fxp,contributor,28520,ce1b8f7db47445fd0b54d3e2dde942820bc411aa,ce1b8f7db47445fd0b54d3e2dde942820bc411aa,True,ok,,3,58914e59c608ed4384ba6002e44c3465c58b2e71,48000
374,resources/data/patches_3rdparty/Cybersoda/Pads/Sparkle Mountain.fxp,contributor,166395,c74b9f7b515f334165ac0f2c88e928983ecbf206,c74b9f7b515f334165ac0f2c88e928983ecbf206,True,ok,,35,58914e59c608ed4384ba6002e44c3465c58b2e71,48000
375,resources/data/patches_3rdparty/Cybersoda/Pads/Strings.fxp,contributor,31090,b025b6c5e21b7749c292884402b234444b6734b3,b025b6c5e21b7749c292884402b234444b6734b3,True,ok,,3,58914e59c608ed4384ba6002e44c3465c58b2e71,48000
376,resources/data/patches_3rdparty/Cybersoda/Pads/Sussy Baka Pad.fxp,contributor,35429,2ea9d8175d4e840f48df1c00f1adb74deca18541,2ea9d8175d4e840f48df1c00f1adb74deca18541,True,ok,,3,58914e59c608ed4384ba6002e44c3465c58b2e71,48000
377,resources/data/patches_3rdparty/Cybersoda/Pads/Utopia.fxp,contributor,27458,12d56b80146d8bfa9bab79d3906bd7767fd1357a,12d56b80146d8bfa9bab79d3906bd7767fd1357a,True,ok,,3,58914e59c608ed4384ba6002e44c3465c58b2e71,48000
378,resources/data/patches_3rdparty/Cybersoda/Winds/Bubbly Flute.fxp,contributor,29508,717394ab72f0179a96f3634381326f5007264a61,717394ab72f0179a96f3634381326f5007264a61,True,ok,,3,58914e59c608ed4384ba6002e44c3465c58b2e71,48000
379,resources/data/patches_3rdparty/Cybersoda/Winds/Saxophone Emulation.fxp,contributor,31693,6aa1f5ea1e276448e31226a4d9f61c1d466e8ad6,6aa1f5ea1e276448e31226a4d9f61c1d466e8ad6,True,ok,,2,58914e59c608ed4384ba6002e44c3465c58b2e71,48000
380,resources/data/patches_3rdparty/Damon Armani/Arps/Cinematic Arp.fxp,contributor,204197,fcdd6c52a3a164a4a010a9bdae528b76648ac4e8,fcdd6c52a3a164a4a010a9bdae528b76648ac4e8,True,ok,,19,58914e59c608ed4384ba6002e44c3465c58b2e71,48000
381,resources/data/patches_3rdparty/Damon Armani/Arps/Cinematic RTM.fxp,contributor,60699,96de6485042440ad2924c24233caaafa1a6f79c2,96de6485042440ad2924c24233caaafa1a6f79c2,True,ok,,6,58914e59c608ed4384ba6002e44c3465c58b2e71,48000
382,resources/data/patches_3rdparty/Damon Armani/Arps/Dark & Rhythmic.fxp,contributor,295442,12f7c75885af9c739ead0e808630d01491ad14f8,12f7c75885af9c739ead0e808630d01491ad14f8,True,ok,,58,58914e59c608ed4384ba6002e44c3465c58b2e71,48000
383,resources/data/patches_3rdparty/Damon Armani/Arps/Lush Style.fxp,contributor,171428,10ad571d5205e9eab5665fd04e524272e677e886,10ad571d5205e9eab5665fd04e524272e677e886,True,ok,,18,58914e59c608ed4384ba6002e44c3465c58b2e71,48000
384,resources/data/patches_3rdparty/Damon Armani/Arps/Metallic Arp.fxp,contributor,225325,3204fb118addc416a5ad0746e545d5fc56d11e8a,3204fb118addc416a5ad0746e545d5fc56d11e8a,True,ok,,23,58914e59c608ed4384ba6002e44c3465c58b2e71,48000
385,resources/data/patches_3rdparty/Damon Armani/Arps/Scratched Arp.fxp,contributor,340895,d51dfa10782ab4ee06a226a15d1f1f5dcd4bb158,d51dfa10782ab4ee06a226a15d1f1f5dcd4bb158,True,ok,,28,58914e59c608ed4384ba6002e44c3465c58b2e71,48000
386,resources/data/patches_3rdparty/Damon Armani/Arps/Transparent.fxp,contributor,184346,c69d52f0183d50fcc50445226a475146ba6ffe77,c69d52f0183d50fcc50445226a475146ba6ffe77,True,ok,,20,58914e59c608ed4384ba6002e44c3465c58b2e71,48000
387,resources/data/patches_3rdparty/Damon Armani/Basses/Analog Magic.fxp,contributor,106953,446efb1e91c11859903e2d39c099e778af6411c4,446efb1e91c11859903e2d39c099e778af6411c4,True,ok,,9,58914e59c608ed4384ba6002e44c3465c58b2e71,48000
388,resources/data/patches_3rdparty/Damon Armani/Basses/Another Dubstep.fxp,contributor,101155,514cb4596e184fae75e9b93455e81db09daa2b13,514cb4596e184fae75e9b93455e81db09daa2b13,True,ok,,20,58914e59c608ed4384ba6002e44c3465c58b2e71,48000
389,resources/data/patches_3rdparty/Damon Armani/Basses/BC Bass.fxp,contributor,76885,22d3246804d5b65bcd0272c811597ca51d6b5cf0,22d3246804d5b65bcd0272c811597ca51d6b5cf0,True,ok,,6,58914e59c608ed4384ba6002e44c3465c58b2e71,48000
390,resources/data/patches_3rdparty/Damon Armani/Basses/Bam Bo Bass.fxp,contributor,166842,25c8368cf215a2f70a8efd2cc6b8a69b28cefad0,25c8368cf215a2f70a8efd2cc6b8a69b28cefad0,True,ok,,26,58914e59c608ed4384ba6002e44c3465c58b2e71,48000
391,resources/data/patches_3rdparty/Damon Armani/Basses/Bass N4.fxp,contributor,93460,6061b409158b59705bc47b0fedd5087751512e94,6061b409158b59705bc47b0fedd5087751512e94,True,ok,,8,58914e59c608ed4384ba6002e44c3465c58b2e71,48000
392,resources/data/patches_3rdparty/Damon Armani/Basses/Bulky.fxp,contributor,133151,8a85d41a9e5ef4dbe13683b214942c8a638ebfe4,8a85d41a9e5ef4dbe13683b214942c8a638ebfe4,True,ok,,8,58914e59c608ed4384ba6002e44c3465c58b2e71,48000
393,resources/data/patches_3rdparty/Damon Armani/Basses/Crazy Dub.fxp,contributor,165682,47a0a53a409dd28411e22056bca918be7b580dc4,47a0a53a409dd28411e22056bca918be7b580dc4,True,ok,,13,58914e59c608ed4384ba6002e44c3465c58b2e71,48000
394,resources/data/patches_3rdparty/Damon Armani/Basses/Distinguished.fxp,contributor,187829,f992f8baff756014ded1c47a6da87125e930e006,f992f8baff756014ded1c47a6da87125e930e006,True,ok,,47,58914e59c608ed4384ba6002e44c3465c58b2e71,48000
395,resources/data/patches_3rdparty/Damon Armani/Basses/Disto Bass.fxp,contributor,232651,47fb6393aa4cf98e04d96481a11424649a4765bd,47fb6393aa4cf98e04d96481a11424649a4765bd,True,ok,,25,58914e59c608ed4384ba6002e44c3465c58b2e71,48000
396,resources/data/patches_3rdparty/Damon Armani/Basses/Dubstep.fxp,contributor,112564,3855dbda4377f2da3f742068b59aaff44fdeaae3,3855dbda4377f2da3f742068b59aaff44fdeaae3,True,ok,,13,58914e59c608ed4384ba6002e44c3465c58b2e71,48000
397,resources/data/patches_3rdparty/Damon Armani/Basses/FX Bass.fxp,contributor,166668,cef8770c70b9ca13636d8b489316dda062adb543,cef8770c70b9ca13636d8b489316dda062adb543,True,ok,,17,58914e59c608ed4384ba6002e44c3465c58b2e71,48000
398,resources/data/patches_3rdparty/Damon Armani/Basses/Fast & Furious.fxp,contributor,97760,2e0b7e6d93ee9a1983538173846d402368168c45,2e0b7e6d93ee9a1983538173846d402368168c45,True,ok,,8,58914e59c608ed4384ba6002e44c3465c58b2e71,48000
399,resources/data/patches_3rdparty/Damon Armani/Basses/Ho Ho.fxp,contributor,232382,f04af13bc188fc1a7c05c73fb52e053a645190e1,f04af13bc188fc1a7c05c73fb52e053a645190e1,True,ok,,24,58914e59c608ed4384ba6002e44c3465c58b2e71,48000
400,resources/data/patches_3rdparty/Damon Armani/Basses/House Fly.fxp,contributor,72484,8ede1b51dd2b9795ae1e53c769c26c439eaf053b,8ede1b51dd2b9795ae1e53c769c26c439eaf053b,True,ok,,7,58914e59c608ed4384ba6002e44c3465c58b2e71,48000
401,resources/data/patches_3rdparty/Damon Armani/Basses/Little Finger.fxp,contributor,25142,5bb8705c453e6a5fa2e54dd20e5eded1480d3c78,5bb8705c453e6a5fa2e54dd20e5eded1480d3c78,True,ok,,6,58914e59c608ed4384ba6002e44c3465c58b2e71,48000
402,resources/data/patches_3rdparty/Damon Armani/Basses/Longest Bass.fxp,contributor,137491,008951a4543da6febb6e84dc7cdb4bdebf3abda2,008951a4543da6febb6e84dc7cdb4bdebf3abda2,True,ok,,11,58914e59c608ed4384ba6002e44c3465c58b2e71,48000
403,resources/data/patches_3rdparty/Damon Armani/Basses/Massive Dubstep.fxp,contributor,194207,70180ff303e5fc52d7e72eab4e7a6fc31ff697e7,70180ff303e5fc52d7e72eab4e7a6fc31ff697e7,True,ok,,32,58914e59c608ed4384ba6002e44c3465c58b2e71,48000
404,resources/data/patches_3rdparty/Damon Armani/Basses/Normal Bass.fxp,contributor,201361,8a38d372414ded214868341deaa66723218ae4ed,8a38d372414ded214868341deaa66723218ae4ed,True,ok,,54,58914e59c608ed4384ba6002e44c3465c58b2e71,48000
405,resources/data/patches_3rdparty/Damon Armani/Basses/Satu Bass.fxp,contributor,306193,227e9885a30ad7fc194e1b9ad73ee0b96d5bf04d,227e9885a30ad7fc194e1b9ad73ee0b96d5bf04d,True,ok,,53,58914e59c608ed4384ba6002e44c3465c58b2e71,48000
406,resources/data/patches_3rdparty/Damon Armani/Basses/Side Bass N1.fxp,contributor,169258,70f2c0e669030f998cc9897e70998999dab4c54c,70f2c0e669030f998cc9897e70998999dab4c54c,True,ok,,24,58914e59c608ed4384ba6002e44c3465c58b2e71,48000
407,resources/data/patches_3rdparty/Damon Armani/Basses/Unknowing Bass.fxp,contributor,98908,e7490e106047b0ea14a13dd604a32e83124074f3,e7490e106047b0ea14a13dd604a32e83124074f3,True,ok,,7,58914e59c608ed4384ba6002e44c3465c58b2e71,48000
408,resources/data/patches_3rdparty/Damon Armani/Basses/Whisper.fxp,contributor,40396,fca59a74f5bec9245dbf88451e19e4ea21a7ebc9,fca59a74f5bec9245dbf88451e19e4ea21a7ebc9,True,ok,,3,58914e59c608ed4384ba6002e44c3465c58b2e71,48000
409,resources/data/patches_3rdparty/Damon Armani/Drums/FX Glitch.fxp,contributor,30595,cfa72711287720221ad71868b6c13474a6027bef,cfa72711287720221ad71868b6c13474a6027bef,True,ok,,2,58914e59c608ed4384ba6002e44c3465c58b2e71,48000
410,resources/data/patches_3rdparty/Damon Armani/Drums/Hi-Hat.fxp,contributor,26020,2dc1b0432d89585b63a490ad28b99765dcf7d3f7,2dc1b0432d89585b63a490ad28b99765dcf7d3f7,True,ok,,2,58914e59c608ed4384ba6002e44c3465c58b2e71,48000
411,resources/data/patches_3rdparty/Damon Armani/Drums/Kick.fxp,contributor,93202,f7019ec1ee655e02a0ebcf7ef6d4bbb9a3b7fecb,f7019ec1ee655e02a0ebcf7ef6d4bbb9a3b7fecb,True,ok,,7,58914e59c608ed4384ba6002e44c3465c58b2e71,48000
412,resources/data/patches_3rdparty/Damon Armani/Drums/Perc.fxp,contributor,99099,12d8385e14a2b0af14484cb84df385003048f84f,12d8385e14a2b0af14484cb84df385003048f84f,True,ok,,7,58914e59c608ed4384ba6002e44c3465c58b2e71,48000
413,resources/data/patches_3rdparty/Damon Armani/Drums/Reverse Crash.fxp,contributor,41961,de5c684d96d6090728dfe2ede0a3dbd73af1d65f,de5c684d96d6090728dfe2ede0a3dbd73af1d65f,True,ok,,4,58914e59c608ed4384ba6002e44c3465c58b2e71,48000
414,resources/data/patches_3rdparty/Damon Armani/Drums/Snare.fxp,contributor,92636,70fb9dd387cc0b87a0de6d33cb3f9df2e6277157,70fb9dd387cc0b87a0de6d33cb3f9df2e6277157,True,ok,,7,58914e59c608ed4384ba6002e44c3465c58b2e71,48000
415,resources/data/patches_3rdparty/Damon Armani/Drums/Tom L.fxp,contributor,25449,095a57e6a34a45dfdbcf6749aa864f3f8fa80c25,095a57e6a34a45dfdbcf6749aa864f3f8fa80c25,True,ok,,3,58914e59c608ed4384ba6002e44c3465c58b2e71,48000
416,resources/data/patches_3rdparty/Damon Armani/Drums/Tom R.fxp,contributor,25448,10c33e43af6469f63c38f2bf07271404600f757c,10c33e43af6469f63c38f2bf07271404600f757c,True,ok,,2,58914e59c608ed4384ba6002e44c3465c58b2e71,48000
417,resources/data/patches_3rdparty/Damon Armani/Leads/Attacky.fxp,contributor,172185,d9ab3036f47ba55713580a3b971b2e67e165625b,d9ab3036f47ba55713580a3b971b2e67e165625b,True,ok,,38,58914e59c608ed4384ba6002e44c3465c58b2e71,48000
418,resources/data/patches_3rdparty/Damon Armani/Leads/Dark Strange.fxp,contributor,32995,55f0837dc6ebe6dae893907bb63811ebf7a817d5,55f0837dc6ebe6dae893907bb63811ebf7a817d5,True,ok,,3,58914e59c608ed4384ba6002e44c3465c58b2e71,48000
419,resources/data/patches_3rdparty/Damon Armani/Leads/Funky.fxp,contributor,79188,c2d606b6e5eaf3def16b4d69edd5d8321e26e96a,c2d606b6e5eaf3def16b4d69edd5d8321e26e96a,True,ok,,54,58914e59c608ed4384ba6002e44c3465c58b2e71,48000
420,resources/data/patches_3rdparty/Damon Armani/Leads/Golden Chord.fxp,contributor,296907,da375be7ad4267604853d6db1b045040bdfa9b87,da375be7ad4267604853d6db1b045040bdfa9b87,True,ok,,48,58914e59c608ed4384ba6002e44c3465c58b2e71,48000
421,resources/data/patches_3rdparty/Damon Armani/Leads/RoboTalker.fxp,contributor,276588,ed48513a12247967b6190a1a7e3675de1f8be8bb,ed48513a12247967b6190a1a7e3675de1f8be8bb,True,ok,,29,58914e59c608ed4384ba6002e44c3465c58b2e71,48000
422,resources/data/patches_3rdparty/Damon Armani/Leads/Rough & Soft.fxp,contributor,73901,d48a59ce2f69505524fa5a075aa231ecc5a8758a,d48a59ce2f69505524fa5a075aa231ecc5a8758a,True,ok,,6,58914e59c608ed4384ba6002e44c3465c58b2e71,48000
423,resources/data/patches_3rdparty/Damon Armani/Leads/Staccato String Land.fxp,contributor,90846,10a35dce1aa274e14d9da4868ef86bcfb34b8720,10a35dce1aa274e14d9da4868ef86bcfb34b8720,True,ok,,9,58914e59c608ed4384ba6002e44c3465c58b2e71,48000
424,resources/data/patches_3rdparty/Damon Armani/Leads/Welding.fxp,contributor,162600,63cb167d883844b6072749d72eaa80c9eb29fc70,63cb167d883844b6072749d72eaa80c9eb29fc70,True,ok,,11,58914e59c608ed4384ba6002e44c3465c58b2e71,48000
425,resources/data/patches_3rdparty/Damon Armani/Pads/Church Pad.fxp,contributor,227970,9a0d7af32f5c0a3ced9c780be77c4d27c8e0815d,9a0d7af32f5c0a3ced9c780be77c4d27c8e0815d,True,ok,,21,58914e59c608ed4384ba6002e44c3465c58b2e71,48000
426,resources/data/patches_3rdparty/Damon Armani/Pads/Dispell.fxp,contributor,29126,24e4e961f2577027dffc4319a338d43ee0e5a9c1,24e4e961f2577027dffc4319a338d43ee0e5a9c1,True,ok,,4,58914e59c608ed4384ba6002e44c3465c58b2e71,48000
427,resources/data/patches_3rdparty/Damon Armani/Pads/Dusty Ambience.fxp,contributor,28310,538778c937b439d7a496c551d0556c5a064be993,538778c937b439d7a496c551d0556c5a064be993,True,ok,,7,58914e59c608ed4384ba6002e44c3465c58b2e71,48000
428,resources/data/patches_3rdparty/Damon Armani/Pads/Freedom Message.fxp,contributor,272179,101105cbd89d9ff4ea9a1d2f70aaac971099198a,101105cbd89d9ff4ea9a1d2f70aaac971099198a,True,ok,,31,58914e59c608ed4384ba6002e44c3465c58b2e71,48000
429,resources/data/patches_3rdparty/Damon Armani/Pads/Funky Gate.fxp,contributor,57196,6ceea34afc62827f5edee92187dfaa94fc2bfc3a,6ceea34afc62827f5edee92187dfaa94fc2bfc3a,True,ok,,11,58914e59c608ed4384ba6002e44c3465c58b2e71,48000
430,resources/data/patches_3rdparty/Damon Armani/Pads/House Of Chords.fxp,contributor,169628,ceaa96a85b3fdd3d9f026087c70d6fb2a6e76057,ceaa96a85b3fdd3d9f026087c70d6fb2a6e76057,True,ok,,42,58914e59c608ed4384ba6002e44c3465c58b2e71,48000
431,resources/data/patches_3rdparty/Damon Armani/Pads/Paddington.fxp,contributor,161606,28cdee3890a1a45dbd0d6db6eab872dcd6a77f14,28cdee3890a1a45dbd0d6db6eab872dcd6a77f14,True,ok,,13,58914e59c608ed4384ba6002e44c3465c58b2e71,48000
432,resources/data/patches_3rdparty/Damon Armani/Pads/Rising Pad.fxp,contributor,110818,579e858be316dbb28317be8c7cd201c8f8dd09de,579e858be316dbb28317be8c7cd201c8f8dd09de,True,ok,,9,58914e59c608ed4384ba6002e44c3465c58b2e71,48000
433,resources/data/patches_3rdparty/Damon Armani/Pads/Spaceship.fxp,contributor,149772,a76c0dda07e86d9a5fc09897b52c947a7ff9add9,a76c0dda07e86d9a5fc09897b52c947a7ff9add9,True,ok,,11,58914e59c608ed4384ba6002e44c3465c58b2e71,48000
434,resources/data/patches_3rdparty/Damon Armani/Plucks/Brass N4.fxp,contributor,32625,6b2556657c5f525a71574b0dbf53a3219e21127b,6b2556657c5f525a71574b0dbf53a3219e21127b,True,ok,,3,58914e59c608ed4384ba6002e44c3465c58b2e71,48000
435,resources/data/patches_3rdparty/Damon Armani/Plucks/Brass Pluck 1.fxp,contributor,25834,a4df99623c32c5a17cd911b0e7c20975691cdb5a,a4df99623c32c5a17cd911b0e7c20975691cdb5a,True,ok,,3,58914e59c608ed4384ba6002e44c3465c58b2e71,48000
436,resources/data/patches_3rdparty/Damon Armani/Plucks/Brass Pluck 2.fxp,contributor,168455,9406ff5dd82db08d4bc9bcf3db513db009e50ef3,9406ff5dd82db08d4bc9bcf3db513db009e50ef3,True,ok,,42,58914e59c608ed4384ba6002e44c3465c58b2e71,48000
437,resources/data/patches_3rdparty/Damon Armani/Plucks/Brass Synth.fxp,contributor,132635,417279ec0762764787dc749a29a0062d5edef4b7,417279ec0762764787dc749a29a0062d5edef4b7,True,ok,,10,58914e59c608ed4384ba6002e44c3465c58b2e71,48000
438,resources/data/patches_3rdparty/Damon Armani/Plucks/Daft Punk.fxp,contributor,159800,451844198e8c2bc2e8f812b63cfe7c60d5756f5e,451844198e8c2bc2e8f812b63cfe7c60d5756f5e,True,ok,,13,58914e59c608ed4384ba6002e44c3465c58b2e71,48000
439,resources/data/patches_3rdparty/Damon Armani/Plucks/Dark Clouds.fxp,contributor,134611,6837d3394f32f3f3086285a3fade083ee1ab5111,6837d3394f32f3f3086285a3fade083ee1ab5111,True,ok,,10,58914e59c608ed4384ba6002e44c3465c58b2e71,48000
440,resources/data/patches_3rdparty/Damon Armani/Plucks/Disto.fxp,contributor,181475,2a1f1c956adc4db0c7ce33e8deb49e173f398692,2a1f1c956adc4db0c7ce33e8deb49e173f398692,True,ok,,20,58914e59c608ed4384ba6002e44c3465c58b2e71,48000
441,resources/data/patches_3rdparty/Damon Armani/Plucks/Drunk Pluck.fxp,contributor,491281,52263d3ec35379a603d66d6992aca57f7b8e90a1,52263d3ec35379a603d66d6992aca57f7b8e90a1,True,ok,,40,58914e59c608ed4384ba6002e44c3465c58b2e71,48000
442,resources/data/patches_3rdparty/Damon Armani/Plucks/Fun Key.fxp,contributor,101023,e689a4d0bbc478951b419f0951f4cc0ccc0adc94,e689a4d0bbc478951b419f0951f4cc0ccc0adc94,True,ok,,8,58914e59c608ed4384ba6002e44c3465c58b2e71,48000
443,resources/data/patches_3rdparty/Damon Armani/Plucks/Glassier.fxp,contributor,169071,4f5a9b293715faacbf65630cc099c47907992aca,4f5a9b293715faacbf65630cc099c47907992aca,True,ok,,15,58914e59c608ed4384ba6002e44c3465c58b2e71,48000
444,resources/data/patches_3rdparty/Damon Armani/Plucks/Happy Snappy.fxp,contributor,24109,49a124f407ebdbc6b07349d8239ac2bd963de44b,49a124f407ebdbc6b07349d8239ac2bd963de44b,True,ok,,6,58914e59c608ed4384ba6002e44c3465c58b2e71,48000
445,resources/data/patches_3rdparty/Damon Armani/Plucks/Like Piano.fxp,contributor,109026,6ab13f0dd71d1daf1b66b9cdb19878f3cb8247f9,6ab13f0dd71d1daf1b66b9cdb19878f3cb8247f9,True,ok,,10,58914e59c608ed4384ba6002e44c3465c58b2e71,48000
446,resources/data/patches_3rdparty/Damon Armani/Plucks/Main Brass.fxp,contributor,102534,5377665368711db5785c98179ece7f9f3996392b,5377665368711db5785c98179ece7f9f3996392b,True,ok,,10,58914e59c608ed4384ba6002e44c3465c58b2e71,48000
447,resources/data/patches_3rdparty/Damon Armani/Plucks/Modern Bell.fxp,contributor,2154907,a2ef6693f372c76de6380f99b313d08cf51f6e85,a2ef6693f372c76de6380f99b313d08cf51f6e85,True,ok,,263,58914e59c608ed4384ba6002e44c3465c58b2e71,48000
448,resources/data/patches_3rdparty/Damon Armani/Plucks/Rattler.fxp,contributor,25361,d3d834d5286cd25520e88039419a5b9705a4f873,d3d834d5286cd25520e88039419a5b9705a4f873,True,ok,,7,58914e59c608ed4384ba6002e44c3465c58b2e71,48000
449,resources/data/patches_3rdparty/Damon Armani/Plucks/Talking.fxp,contributor,115228,3bf2ca5026ee2fb000a5e2d3b3880cab0819d46a,3bf2ca5026ee2fb000a5e2d3b3880cab0819d46a,True,ok,,20,58914e59c608ed4384ba6002e44c3465c58b2e71,48000
450,resources/data/patches_3rdparty/Damon Armani/Plucks/Trance Pluck.fxp,contributor,93075,1bb5209f0f1d306df05a109d6015cf1a99c73d08,1bb5209f0f1d306df05a109d6015cf1a99c73d08,True,ok,,7,58914e59c608ed4384ba6002e44c3465c58b2e71,48000
451,resources/data/patches_3rdparty/Damon Armani/Sequences/Psyvoice.fxp,contributor,105906,b7238e9a9ba4846ce1b5706728359a5d3d393002,b7238e9a9ba4846ce1b5706728359a5d3d393002,True,ok,,8,58914e59c608ed4384ba6002e44c3465c58b2e71,48000
452,resources/data/patches_3rdparty/Damon Armani/Sequences/Shimmeration.fxp,contributor,44888,4e6ffbb308b9b5e7b6d9442266f66a5fa0422f8d,4e6ffbb308b9b5e7b6d9442266f66a5fa0422f8d,True,ok,,4,58914e59c608ed4384ba6002e44c3465c58b2e71,48000
453,resources/data/patches_3rdparty/Dan Maurer/Basses/Lucy Louise.fxp,contributor,30955,66e32c437ea73c7338ad9b7e868c2114d67184d1,66e32c437ea73c7338ad9b7e868c2114d67184d1,True,ok,,3,58914e59c608ed4384ba6002e44c3465c58b2e71,48000
454,resources/data/patches_3rdparty/Dan Maurer/Basses/Piglet.fxp,contributor,30628,2973604458ccdb05944ddb563dc3701f49dc48b7,2973604458ccdb05944ddb563dc3701f49dc48b7,True,ok,,3,58914e59c608ed4384ba6002e44c3465c58b2e71,48000
455,resources/data/patches_3rdparty/Dan Maurer/Basses/Throated Bass.fxp,contributor,29091,78decc899c4d2018bd42e906bc5ca0703572d2e2,78decc899c4d2018bd42e906bc5ca0703572d2e2,True,ok,,3,58914e59c608ed4384ba6002e44c3465c58b2e71,48000
456,resources/data/patches_3rdparty/Dan Maurer/FX/Airplane Fly-By.fxp,contributor,28242,e9f0ac4211afd5956f844c3a644dd07efdf183b6,e9f0ac4211afd5956f844c3a644dd07efdf183b6,True,ok,,2,58914e59c608ed4384ba6002e44c3465c58b2e71,48000
457,resources/data/patches_3rdparty/Dan Maurer/FX/Cricket Song.fxp,contributor,28490,fc462348a689d705eef3031231de43d3c637522e,fc462348a689d705eef3031231de43d3c637522e,True,ok,,2,58914e59c608ed4384ba6002e44c3465c58b2e71,48000
458,resources/data/patches_3rdparty/Dan Maurer/FX/Flubber.fxp,contributor,29190,68b4bb6d0d58784e90941d7cffc02a89fa46a9b4,68b4bb6d0d58784e90941d7cffc02a89fa46a9b4,True,ok,,3,58914e59c608ed4384ba6002e44c3465c58b2e71,48000
459,resources/data/patches_3rdparty/Dan Maurer/FX/Lake Eerie.fxp,contributor,28746,f593e68e5eddb7f1e7bd6a22cf6166ba2bf42f75,f593e68e5eddb7f1e7bd6a22cf6166ba2bf42f75,True,ok,,2,58914e59c608ed4384ba6002e44c3465c58b2e71,48000
460,resources/data/patches_3rdparty/Dan Maurer/FX/Manic.fxp,contributor,29488,e85ed07b4404bffba08c6cbe27feae1bebf1ec53,e85ed07b4404bffba08c6cbe27feae1bebf1ec53,True,ok,,4,58914e59c608ed4384ba6002e44c3465c58b2e71,48000
461,resources/data/patches_3rdparty/Dan Maurer/FX/Rainfall.fxp,contributor,29872,7b40b06df4b66028e0ee0ae02eddccfe79f154e9,7b40b06df4b66028e0ee0ae02eddccfe79f154e9,True,ok,,3,58914e59c608ed4384ba6002e44c3465c58b2e71,48000
462,resources/data/patches_3rdparty/Dan Maurer/FX/Space Pigs.fxp,contributor,24898,10622985032378aff286f122e074918ef50234d7,10622985032378aff286f122e074918ef50234d7,True,ok,,2,58914e59c608ed4384ba6002e44c3465c58b2e71,48000
463,resources/data/patches_3rdparty/Dan Maurer/FX/Star Dust.fxp,contributor,28932,5f4258a576b9802d866d08a3189b0274757fe47d,5f4258a576b9802d866d08a3189b0274757fe47d,True,ok,,3,58914e59c608ed4384ba6002e44c3465c58b2e71,48000
464,resources/data/patches_3rdparty/Dan Maurer/FX/Summer Insects.fxp,contributor,29993,f095b0799385dbbf91ff0939a027b099e39bc3ab,f095b0799385dbbf91ff0939a027b099e39bc3ab,True,ok,,3,58914e59c608ed4384ba6002e44c3465c58b2e71,48000
465,resources/data/patches_3rdparty/Dan Maurer/FX/The Descent.fxp,contributor,58210,2714e1ce2a5c7a280dc5a3bb3388decb736d09b3,2714e1ce2a5c7a280dc5a3bb3388decb736d09b3,True,ok,,54,58914e59c608ed4384ba6002e44c3465c58b2e71,48000
466,resources/data/patches_3rdparty/Dan Maurer/Keys/Bonita Keys.fxp,contributor,28601,e16bcb74ca6b7e464738985f97f54dd7ca0b94b4,e16bcb74ca6b7e464738985f97f54dd7ca0b94b4,True,ok,,4,58914e59c608ed4384ba6002e44c3465c58b2e71,48000
467,resources/data/patches_3rdparty/Dan Maurer/Keys/Detuned Vibes.fxp,contributor,25320,5fd81cddae0392229928e34e78a37842d9da837c,5fd81cddae0392229928e34e78a37842d9da837c,True,ok,,2,58914e59c608ed4384ba6002e44c3465c58b2e71,48000
468,resources/data/patches_3rdparty/Dan Maurer/Keys/FM Acoustic Piano 1.fxp,contributor,25936,5ca18e336bc9015004a06c5da6850e5ff5d010fc,5ca18e336bc9015004a06c5da6850e5ff5d010fc,True,ok,,2,58914e59c608ed4384ba6002e44c3465c58b2e71,48000
469,resources/data/patches_3rdparty/Dan Maurer/Keys/FM Acoustic Piano 2.fxp,contributor,25979,efe99e4620cf51e20cbcff718b5f9971fe34e35c,efe99e4620cf51e20cbcff718b5f9971fe34e35c,True,ok,,2,58914e59c608ed4384ba6002e44c3465c58b2e71,48000
470,resources/data/patches_3rdparty/Dan Maurer/Keys/FM Piano 1.fxp,contributor,25210,0f155eaa2f5e9b23a1fecb3c1ce701860982556e,0f155eaa2f5e9b23a1fecb3c1ce701860982556e,True,ok,,2,58914e59c608ed4384ba6002e44c3465c58b2e71,48000
471,resources/data/patches_3rdparty/Dan Maurer/Keys/FM Piano 2.fxp,contributor,29771,302a0534a1ee19bef9d7bca21ded704a521f9fcf,302a0534a1ee19bef9d7bca21ded704a521f9fcf,True,ok,,3,58914e59c608ed4384ba6002e44c3465c58b2e71,48000
472,resources/data/patches_3rdparty/Dan Maurer/Keys/FM Piano 3.fxp,contributor,26239,a690cf54e8e87ceb6d7d3e4b42d8c300e786b76c,a690cf54e8e87ceb6d7d3e4b42d8c300e786b76c,True,ok,,2,58914e59c608ed4384ba6002e44c3465c58b2e71,48000
473,resources/data/patches_3rdparty/Dan Maurer/Keys/Forte Piano.fxp,contributor,29982,4f37bfce95f35fcc061d2fd3b1f000f0784aba8a,4f37bfce95f35fcc061d2fd3b1f000f0784aba8a,True,ok,,3,58914e59c608ed4384ba6002e44c3465c58b2e71,48000
474,resources/data/patches_3rdparty/Dan Maurer/Keys/Glass Harpsichord.fxp,contributor,30960,cece63ae62ff18e79ec53a7ca68af25d34d19e4f,cece63ae62ff18e79ec53a7ca68af25d34d19e4f,True,ok,,3,58914e59c608ed4384ba6002e44c3465c58b2e71,48000
475,resources/data/patches_3rdparty/Dan Maurer/Keys/Piano Vector.fxp,contributor,46203,c576ee78ff9a0c3eb6cadf22554f58ca2d593e99,c576ee78ff9a0c3eb6cadf22554f58ca2d593e99,True,ok,,5,58914e59c608ed4384ba6002e44c3465c58b2e71,48000
476,resources/data/patches_3rdparty/Dan Maurer/Leads/By The Way....fxp,contributor,35796,d86518daa1af3c99eb9004d99240f0cf5094e587,d86518daa1af3c99eb9004d99240f0cf5094e587,True,ok,,3,58914e59c608ed4384ba6002e44c3465c58b2e71,48000
477,resources/data/patches_3rdparty/Dan Maurer/Leads/Positive Feedback.fxp,contributor,36130,9341525e47591094fe70cb4abb26a1db61296b65,9341525e47591094fe70cb4abb26a1db61296b65,True,ok,,3,58914e59c608ed4384ba6002e44c3465c58b2e71,48000
478,resources/data/patches_3rdparty/Dan Maurer/Leads/Reluctant Leader.fxp,contributor,36607,ce41e22de5c7c863f01dd9f3d77a20619de4ab0a,ce41e22de5c7c863f01dd9f3d77a20619de4ab0a,True,ok,,4,58914e59c608ed4384ba6002e44c3465c58b2e71,48000
479,resources/data/patches_3rdparty/Dan Maurer/Leads/Second Thoughts.fxp,contributor,38416,d4372453feff4f7f97fe04eb1e1cd5c2e2f71d71,d4372453feff4f7f97fe04eb1e1cd5c2e2f71d71,True,ok,,3,58914e59c608ed4384ba6002e44c3465c58b2e71,48000
480,resources/data/patches_3rdparty/Dan Maurer/Leads/Sharp Lead.fxp,contributor,32487,92ec8921be306d56813b9a0c46e0822eead717cf,92ec8921be306d56813b9a0c46e0822eead717cf,True,ok,,3,58914e59c608ed4384ba6002e44c3465c58b2e71,48000
481,resources/data/patches_3rdparty/Dan Maurer/Leads/Soft Sync.fxp,contributor,29089,cc8db436d43b0354789fc508363920297766f5d0,cc8db436d43b0354789fc508363920297766f5d0,True,ok,,3,58914e59c608ed4384ba6002e44c3465c58b2e71,48000
482,resources/data/patches_3rdparty/Dan Maurer/Leads/Sync Sweep Lead.fxp,contributor,35561,0b5edc809a38cd2eab316d44f0fdc2fa27d3e3a6,0b5edc809a38cd2eab316d44f0fdc2fa27d3e3a6,True,ok,,4,58914e59c608ed4384ba6002e44c3465c58b2e71,48000
483,resources/data/patches_3rdparty/Dan Maurer/Leads/Third Release.fxp,contributor,36376,7510827a23caac002ff5757a21c0e782f48222ec,7510827a23caac002ff5757a21c0e782f48222ec,True,ok,,5,58914e59c608ed4384ba6002e44c3465c58b2e71,48000
484,resources/data/patches_3rdparty/Dan Maurer/Pads/Dark Friday.fxp,contributor,24957,49b1e9a7a69eb5798c6a084804cb5bc2af5644dc,49b1e9a7a69eb5798c6a084804cb5bc2af5644dc,True,ok,,3,58914e59c608ed4384ba6002e44c3465c58b2e71,48000
485,resources/data/patches_3rdparty/Dan Maurer/Pads/Drone Bee.fxp,contributor,28842,cf8a471f73203319622ea259e88bcc4c6f0111af,cf8a471f73203319622ea259e88bcc4c6f0111af,True,ok,,3,58914e59c608ed4384ba6002e44c3465c58b2e71,48000
486,resources/data/patches_3rdparty/Dan Maurer/Pads/Fingers On Wine Glass.fxp,contributor,28255,a41014dc72ce21ca71325340f09d538808db8285,a41014dc72ce21ca71325340f09d538808db8285,True,ok,,2,58914e59c608ed4384ba6002e44c3465c58b2e71,48000
487,resources/data/patches_3rdparty/Dan Maurer/Pads/Galaxy Pad.fxp,contributor,29163,cd7b65b9ac619777a621be864edda5dc1684f1ff,cd7b65b9ac619777a621be864edda5dc1684f1ff,True,ok,,3,58914e59c608ed4384ba6002e44c3465c58b2e71,48000
488,resources/data/patches_3rdparty/Dan Maurer/Pads/Here's Your Sine.fxp,contributor,31324,e03c51d77401fc899002f66628310c3b38b71141,e03c51d77401fc899002f66628310c3b38b71141,True,ok,,3,58914e59c608ed4384ba6002e44c3465c58b2e71,48000
489,resources/data/patches_3rdparty/Dan Maurer/Pads/Ice Cream Sundae.fxp,contributor,94975,855c5c18781dac5612c086153bda481feb4afada,855c5c18781dac5612c086153bda481feb4afada,True,ok,,9,58914e59c608ed4384ba6002e44c3465c58b2e71,48000
490,resources/data/patches_3rdparty/Dan Maurer/Pads/Jellyfish.fxp,contributor,41714,6a35e0f39a433c85ef7cfd5d787fd9c33f35dbb4,6a35e0f39a433c85ef7cfd5d787fd9c33f35dbb4,True,ok,,4,58914e59c608ed4384ba6002e44c3465c58b2e71,48000
491,resources/data/patches_3rdparty/Dan Maurer/Pads/Lush PWM Strings.fxp,contributor,42147,05f14b0db191a4538944fb1e1961e9fc2c9a1933,05f14b0db191a4538944fb1e1961e9fc2c9a1933,True,ok,,4,58914e59c608ed4384ba6002e44c3465c58b2e71,48000
492,resources/data/patches_3rdparty/Dan Maurer/Pads/Muted Square Pad.fxp,contributor,28859,bdf606c7c0e446302e727efda22c69844e54ebf8,bdf606c7c0e446302e727efda22c69844e54ebf8,True,ok,,3,58914e59c608ed4384ba6002e44c3465c58b2e71,48000
493,resources/data/patches_3rdparty/Dan Maurer/Pads/Pulling Strings.fxp,contributor,62213,04f402c62cca1601de26d5b1dca8fabf13150560,04f402c62cca1601de26d5b1dca8fabf13150560,True,ok,,7,58914e59c608ed4384ba6002e44c3465c58b2e71,48000
494,resources/data/patches_3rdparty/Dan Maurer/Pads/The Voice.fxp,contributor,160672,cbda3b1d43395312fd3341ee051e01400727e5da,cbda3b1d43395312fd3341ee051e01400727e5da,True,ok,,71,58914e59c608ed4384ba6002e44c3465c58b2e71,48000
495,resources/data/patches_3rdparty/Dan Maurer/Pads/Touch Brass.fxp,contributor,58917,00b7142c6496409f801efad5686a550945c30d3b,00b7142c6496409f801efad5686a550945c30d3b,True,ok,,23,58914e59c608ed4384ba6002e44c3465c58b2e71,48000
496,resources/data/patches_3rdparty/Dan Maurer/Pads/Touch String - Brass.fxp,contributor,26520,8981aac0948f74895b56f5bf247d85f169d5ac0d,8981aac0948f74895b56f5bf247d85f169d5ac0d,True,ok,,4,58914e59c608ed4384ba6002e44c3465c58b2e71,48000
497,resources/data/patches_3rdparty/Dan Maurer/Pads/Until Then.fxp,contributor,149300,a9e1a91daff5b49230babc61ae65aafd0a616eb1,a9e1a91daff5b49230babc61ae65aafd0a616eb1,True,ok,,11,58914e59c608ed4384ba6002e44c3465c58b2e71,48000
498,resources/data/patches_3rdparty/Dan Maurer/Pads/Wave Complex.fxp,contributor,227542,83b802f9494414484ce58aff838adc32867ab9d0,83b802f9494414484ce58aff838adc32867ab9d0,True,ok,,58,58914e59c608ed4384ba6002e44c3465c58b2e71,48000
499,resources/data/patches_3rdparty/Dan Maurer/Percussion/Big Bells.fxp,contributor,27830,d0acf89231dce662052a5a3023ed73d8d24e570f,d0acf89231dce662052a5a3023ed73d8d24e570f,True,ok,,7,58914e59c608ed4384ba6002e44c3465c58b2e71,48000
500,resources/data/patches_3rdparty/Dan Maurer/Percussion/Morphing Bells.fxp,contributor,29075,0f4431161b744a017d00ab81779571ec63697a17,0f4431161b744a017d00ab81779571ec63697a17,True,ok,,4,58914e59c608ed4384ba6002e44c3465c58b2e71,48000
501,resources/data/patches_3rdparty/Dan Maurer/Percussion/Phased Gong 1.fxp,contributor,27698,3fe5c4f3f0e150176dc4d04e32305a35ca96cbbe,3fe5c4f3f0e150176dc4d04e32305a35ca96cbbe,True,ok,,2,58914e59c608ed4384ba6002e44c3465c58b2e71,48000
502,resources/data/patches_3rdparty/Dan Maurer/Percussion/Phased Gong 2.fxp,contributor,28928,ce4466d0a6a212f916a65b3041ae8539b04694c4,ce4466d0a6a212f916a65b3041ae8539b04694c4,True,ok,,2,58914e59c608ed4384ba6002e44c3465c58b2e71,48000
503,resources/data/patches_3rdparty/Dan Maurer/Percussion/Phased Gong 3.fxp,contributor,28230,a358506a90f1645b4fc4133b153c5c8ae745b11a,a358506a90f1645b4fc4133b153c5c8ae745b11a,True,ok,,2,58914e59c608ed4384ba6002e44c3465c58b2e71,48000
504,resources/data/patches_3rdparty/Dan Maurer/Percussion/Smooth Bells.fxp,contributor,34106,0c6a0a1a50ed4758d653f91087c2a88cc5328646,0c6a0a1a50ed4758d653f91087c2a88cc5328646,True,ok,,3,58914e59c608ed4384ba6002e44c3465c58b2e71,48000
505,resources/data/patches_3rdparty/Dan Maurer/Percussion/Synclav Bells.fxp,contributor,26010,a9166c6784ceaeecc745783c33c4ac7c9a6cc956,a9166c6784ceaeecc745783c33c4ac7c9a6cc956,True,ok,,2,58914e59c608ed4384ba6002e44c3465c58b2e71,48000
506,resources/data/patches_3rdparty/Dan Maurer/Plucks/Bowed Plucked Pipe.fxp,contributor,29694,20d76e71810eb78b5bb7cf220281d1a3c77e7a11,20d76e71810eb78b5bb7cf220281d1a3c77e7a11,True,ok,,2,58914e59c608ed4384ba6002e44c3465c58b2e71,48000
507,resources/data/patches_3rdparty/Dan Maurer/Plucks/Comb Harp.fxp,contributor,28978,4d01c61e29a1194a3c12383ff0cd3cf5192a7654,4d01c61e29a1194a3c12383ff0cd3cf5192a7654,True,ok,,3,58914e59c608ed4384ba6002e44c3465c58b2e71,48000
508,resources/data/patches_3rdparty/Dan Maurer/Plucks/Galactic Harp.fxp,contributor,28853,e80cf3424928c26edc37b6b535fb27f90adeacd0,e80cf3424928c26edc37b6b535fb27f90adeacd0,True,ok,,3,58914e59c608ed4384ba6002e44c3465c58b2e71,48000
509,resources/data/patches_3rdparty/Dan Maurer/Plucks/Hidden Tiger.fxp,contributor,29077,ed6d767bcc1dd81f5913528d7d11c951d79ab99c,ed6d767bcc1dd81f5913528d7d11c951d79ab99c,True,ok,,3,58914e59c608ed4384ba6002e44c3465c58b2e71,48000
510,resources/data/patches_3rdparty/Dan Maurer/Plucks/Muther Plucker.fxp,contributor,29168,410423da4eb078c8eb41cf1eef6e7c2379efb663,410423da4eb078c8eb41cf1eef6e7c2379efb663,True,ok,,3,58914e59c608ed4384ba6002e44c3465c58b2e71,48000
511,resources/data/patches_3rdparty/Dan Maurer/Plucks/Power Chord.fxp,contributor,27080,016504f0e79c94146495b2fc3974a40b25dca6bb,016504f0e79c94146495b2fc3974a40b25dca6bb,True,ok,,2,58914e59c608ed4384ba6002e44c3465c58b2e71,48000
512,resources/data/patches_3rdparty/Dan Maurer/Plucks/Purple.fxp,contributor,29660,686937b6bd827bda720a937aaa6f618adfb35607,686937b6bd827bda720a937aaa6f618adfb35607,True,ok,,3,58914e59c608ed4384ba6002e44c3465c58b2e71,48000
513,resources/data/patches_3rdparty/Dan Maurer/Plucks/Resonated Pluck.fxp,contributor,29029,34a9c1d97945869533d7899644e0c00339a6f25d,34a9c1d97945869533d7899644e0c00339a6f25d,True,ok,,3,58914e59c608ed4384ba6002e44c3465c58b2e71,48000
514,resources/data/patches_3rdparty/Dan Maurer/Plucks/Sine Of The Times.fxp,contributor,35157,8dd9fa7d2aeef3998a2c2d0e32b355ab905a5cbd,8dd9fa7d2aeef3998a2c2d0e32b355ab905a5cbd,True,ok,,3,58914e59c608ed4384ba6002e44c3465c58b2e71,48000
515,resources/data/patches_3rdparty/Dan Maurer/Plucks/Strum Up.fxp,contributor,23669,f92685cb5aa1fe82c48438beb783e8b5ebc247f2,f92685cb5aa1fe82c48438beb783e8b5ebc247f2,True,ok,,2,58914e59c608ed4384ba6002e44c3465c58b2e71,48000
516,resources/data/patches_3rdparty/Dan Maurer/Rhythms/A Robotic Mind.fxp,contributor,49482,556fa08e76a082a91c34f9d0deaca113ddd04826,556fa08e76a082a91c34f9d0deaca113ddd04826,True,ok,,4,58914e59c608ed4384ba6002e44c3465c58b2e71,48000
517,resources/data/patches_3rdparty/Dan Maurer/Rhythms/Alternate Solution.fxp,contributor,31721,338cdbdc1a910b84c922dce205dfa3632bdfda35,338cdbdc1a910b84c922dce205dfa3632bdfda35,True,ok,,3,58914e59c608ed4384ba6002e44c3465c58b2e71,48000
518,resources/data/patches_3rdparty/Dan Maurer/Rhythms/Bad Influence.fxp,contributor,217252,4e79379314857a4608ae5d19195f4989a84f879b,4e79379314857a4608ae5d19195f4989a84f879b,True,ok,,112,58914e59c608ed4384ba6002e44c3465c58b2e71,48000
519,resources/data/patches_3rdparty/Dan Maurer/Rhythms/Boidae.fxp,contributor,46972,0ed5ab89d9d43c503825c291a924290786db59d8,0ed5ab89d9d43c503825c291a924290786db59d8,True,ok,,9,58914e59c608ed4384ba6002e44c3465c58b2e71,48000
520,resources/data/patches_3rdparty/Dan Maurer/Rhythms/Brave New World.fxp,contributor,193312,baf9147f09bc01af9556f381847550f05eb97e58,baf9147f09bc01af9556f381847550f05eb97e58,True,ok,,14,58914e59c608ed4384ba6002e44c3465c58b2e71,48000
521,resources/data/patches_3rdparty/Dan Maurer/Rhythms/Certified.fxp,contributor,281376,f879c45a12d72c6a5600151ea6f16da93355a513,f879c45a12d72c6a5600151ea6f16da93355a513,True,ok,,61,58914e59c608ed4384ba6002e44c3465c58b2e71,48000
522,resources/data/patches_3rdparty/Dan Maurer/Rhythms/Chime Charm.fxp,contributor,78622,8a0e8d3e14185f9a715271f5a4de4c2a74d05192,8a0e8d3e14185f9a715271f5a4de4c2a74d05192,True,ok,,16,58914e59c608ed4384ba6002e44c3465c58b2e71,48000
523,resources/data/patches_3rdparty/Dan Maurer/Rhythms/Dancing Strings.fxp,contributor,39267,e250965155989fe9e9d98b6ce31f2129f02c252d,e250965155989fe9e9d98b6ce31f2129f02c252d,True,ok,,5,58914e59c608ed4384ba6002e44c3465c58b2e71,48000
524,resources/data/patches_3rdparty/Dan Maurer/Rhythms/Dizzy Busy.fxp,contributor,209237,e36ee2308b6ffad7af43375334120f69dccc4b1b,e36ee2308b6ffad7af43375334120f69dccc4b1b,True,ok,,23,58914e59c608ed4384ba6002e44c3465c58b2e71,48000
525,resources/data/patches_3rdparty/Dan Maurer/Rhythms/Dropper.fxp,contributor,30591,99c72c3a070c53d51f6ac5cf0824b26404c2dc0a,99c72c3a070c53d51f6ac5cf0824b26404c2dc0a,True,ok,,3,58914e59c608ed4384ba6002e44c3465c58b2e71,48000
526,resources/data/patches_3rdparty/Dan Maurer/Rhythms/Earfull.fxp,contributor,210678,bd516b6e47d62b5e04620d1266c8f76646f3f5de,bd516b6e47d62b5e04620d1266c8f76646f3f5de,True,ok,,22,58914e59c608ed4384ba6002e44c3465c58b2e71,48000
527,resources/data/patches_3rdparty/Dan Maurer/Rhythms/FM Waves 01.fxp,contributor,35815,875463cd205eaeaa28c2819f8b7d79f743eb9714,875463cd205eaeaa28c2819f8b7d79f743eb9714,True,ok,,6,58914e59c608ed4384ba6002e44c3465c58b2e71,48000
528,resources/data/patches_3rdparty/Dan Maurer/Rhythms/FM Waves 02.fxp,contributor,26488,fe57c9e178eac1afbb46dce258d00def2a4f86c0,fe57c9e178eac1afbb46dce258d00def2a4f86c0,True,ok,,6,58914e59c608ed4384ba6002e44c3465c58b2e71,48000
529,resources/data/patches_3rdparty/Dan Maurer/Rhythms/Fire Breather.fxp,contributor,31055,9ebd32e1a12fad45a40514514b548a2d7174fc19,9ebd32e1a12fad45a40514514b548a2d7174fc19,True,ok,,6,58914e59c608ed4384ba6002e44c3465c58b2e71,48000
530,resources/data/patches_3rdparty/Dan Maurer/Rhythms/Generator.fxp,contributor,80022,a11f3e598323b7705ad1c47c1ed0ae6aa540c313,a11f3e598323b7705ad1c47c1ed0ae6aa540c313,True,ok,,6,58914e59c608ed4384ba6002e44c3465c58b2e71,48000
531,resources/data/patches_3rdparty/Dan Maurer/Rhythms/Hartsfield.fxp,contributor,87491,ededa8610551807d45e40fd19ecf0ee54fe93a74,ededa8610551807d45e40fd19ecf0ee54fe93a74,True,ok,,7,58914e59c608ed4384ba6002e44c3465c58b2e71,48000
532,resources/data/patches_3rdparty/Dan Maurer/Rhythms/Jambourie.fxp,contributor,45918,b41647aa53da9092780329b2b443bba50dcb31f3,b41647aa53da9092780329b2b443bba50dcb31f3,True,ok,,5,58914e59c608ed4384ba6002e44c3465c58b2e71,48000
533,resources/data/patches_3rdparty/Dan Maurer/Rhythms/Ka$h.fxp,contributor,56189,fac3fb96afb1ac590eb5b5fb40a25a94fe6c3d6a,fac3fb96afb1ac590eb5b5fb40a25a94fe6c3d6a,True,ok,,6,58914e59c608ed4384ba6002e44c3465c58b2e71,48000
534,resources/data/patches_3rdparty/Dan Maurer/Rhythms/Lanes.fxp,contributor,232942,0a09dbc21be74b4f47ac4a85048c748c476a5d52,0a09dbc21be74b4f47ac4a85048c748c476a5d52,True,ok,,22,58914e59c608ed4384ba6002e44c3465c58b2e71,48000
535,resources/data/patches_3rdparty/Dan Maurer/Rhythms/Moving Day.fxp,contributor,45502,e21e386f4b4bfb6714b7ef5136588d0ba77f4b46,e21e386f4b4bfb6714b7ef5136588d0ba77f4b46,True,ok,,5,58914e59c608ed4384ba6002e44c3465c58b2e71,48000
536,resources/data/patches_3rdparty/Dan Maurer/Rhythms/Mumford's the Word.fxp,contributor,166208,4ced4798e8c34016cf85831c8663a423a52cf92d,4ced4798e8c34016cf85831c8663a423a52cf92d,True,ok,,16,58914e59c608ed4384ba6002e44c3465c58b2e71,48000
537,resources/data/patches_3rdparty/Dan Maurer/Rhythms/North Atlantic.fxp,contributor,107068,42f1eef3df34f92eaa0732711a1b52dcae117e48,42f1eef3df34f92eaa0732711a1b52dcae117e48,True,ok,,9,58914e59c608ed4384ba6002e44c3465c58b2e71,48000
538,resources/data/patches_3rdparty/Dan Maurer/Rhythms/Old Tool Motion.fxp,contributor,67944,ae8979d7e0d4672fb02a5f0b77c0b5231aff5413,ae8979d7e0d4672fb02a5f0b77c0b5231aff5413,True,ok,,6,58914e59c608ed4384ba6002e44c3465c58b2e71,48000
539,resources/data/patches_3rdparty/Dan Maurer/Rhythms/Pick Me Minor Arp.fxp,contributor,169173,4163a84a949eebea80761575dc5f962d09003ced,4163a84a949eebea80761575dc5f962d09003ced,True,ok,,16,58914e59c608ed4384ba6002e44c3465c58b2e71,48000
540,resources/data/patches_3rdparty/Dan Maurer/Rhythms/Pick Me.fxp,contributor,168291,6e1f3ac8262621ceaa51fc8e13aab02057f50426,6e1f3ac8262621ceaa51fc8e13aab02057f50426,True,ok,,20,58914e59c608ed4384ba6002e44c3465c58b2e71,48000
541,resources/data/patches_3rdparty/Dan Maurer/Rhythms/Pipe Dreams.fxp,contributor,132642,1266b76d9853019a4bacc6f507fbfeea78541dd4,1266b76d9853019a4bacc6f507fbfeea78541dd4,True,ok,,13,58914e59c608ed4384ba6002e44c3465c58b2e71,48000
542,resources/data/patches_3rdparty/Dan Maurer/Rhythms/Prism.fxp,contributor,50614,000e866e516034d38cf38179d0c067002712a093,000e866e516034d38cf38179d0c067002712a093,True,ok,,5,58914e59c608ed4384ba6002e44c3465c58b2e71,48000
543,resources/data/patches_3rdparty/Dan Maurer/Rhythms/Pulstronic.fxp,contributor,55477,569bf9397c50e61a0d0e56cee565ae94c1d92913,569bf9397c50e61a0d0e56cee565ae94c1d92913,True,ok,,8,58914e59c608ed4384ba6002e44c3465c58b2e71,48000
544,resources/data/patches_3rdparty/Dan Maurer/Rhythms/Quinceanera.fxp,contributor,314426,a69e4ba3a4abe27d0455c898df44150ef9830ee6,a69e4ba3a4abe27d0455c898df44150ef9830ee6,True,ok,,32,58914e59c608ed4384ba6002e44c3465c58b2e71,48000
545,resources/data/patches_3rdparty/Dan Maurer/Rhythms/Reanimation.fxp,contributor,240120,11d5c3067dffa292a19c7fac180e33d9b26ca46c,11d5c3067dffa292a19c7fac180e33d9b26ca46c,True,ok,,18,58914e59c608ed4384ba6002e44c3465c58b2e71,48000
546,resources/data/patches_3rdparty/Dan Maurer/Rhythms/Rhythm and Lead.fxp,contributor,64183,c6d604f7622e0403a9b3fe0298864eed899a5836,c6d604f7622e0403a9b3fe0298864eed899a5836,True,ok,,7,58914e59c608ed4384ba6002e44c3465c58b2e71,48000
547,resources/data/patches_3rdparty/Dan Maurer/Rhythms/Rice Paper.fxp,contributor,31079,f7b7cc3faac97e5c6b33c1bba1bc32f5d4bfa364,f7b7cc3faac97e5c6b33c1bba1bc32f5d4bfa364,True,ok,,4,58914e59c608ed4384ba6002e44c3465c58b2e71,48000
548,resources/data/patches_3rdparty/Dan Maurer/Rhythms/Shuddup!.fxp,contributor,74512,7729c6a971a74c18c3dc022de514f13ec705f644,7729c6a971a74c18c3dc022de514f13ec705f644,True,ok,,7,58914e59c608ed4384ba6002e44c3465c58b2e71,48000
549,resources/data/patches_3rdparty/Dan Maurer/Rhythms/Six Palms.fxp,contributor,138631,2cf74738cc8339a1e787e83fe436c5a32b8ea597,2cf74738cc8339a1e787e83fe436c5a32b8ea597,True,ok,,12,58914e59c608ed4384ba6002e44c3465c58b2e71,48000
550,resources/data/patches_3rdparty/Dan Maurer/Rhythms/Stepping Out.fxp,contributor,85935,c6965c8aa79bb64217a927a55468266f0554aa79,c6965c8aa79bb64217a927a55468266f0554aa79,True,ok,,10,58914e59c608ed4384ba6002e44c3465c58b2e71,48000
551,resources/data/patches_3rdparty/Dan Maurer/Rhythms/Sweet Sixteen.fxp,contributor,110062,8a8fc4f4ac575a0d2eea6cac3257493384063264,8a8fc4f4ac575a0d2eea6cac3257493384063264,True,ok,,10,58914e59c608ed4384ba6002e44c3465c58b2e71,48000
552,resources/data/patches_3rdparty/Dan Maurer/Rhythms/Syncing Ship.fxp,contributor,166573,ab9f6b02d6f22541c8bf96c9b4b6ae7dd2ef8cff,ab9f6b02d6f22541c8bf96c9b4b6ae7dd2ef8cff,True,ok,,13,58914e59c608ed4384ba6002e44c3465c58b2e71,48000
553,resources/data/patches_3rdparty/Dan Maurer/Rhythms/Tin Men.fxp,contributor,172200,88c3884d93dfd1f22758661303046fa2bce24ccf,88c3884d93dfd1f22758661303046fa2bce24ccf,True,ok,,24,58914e59c608ed4384ba6002e44c3465c58b2e71,48000
554,resources/data/patches_3rdparty/Dan Maurer/Rhythms/Tinker Toys.fxp,contributor,30554,339dd88f5cdd08a722ad3bce40db15e496f98067,339dd88f5cdd08a722ad3bce40db15e496f98067,True,ok,,4,58914e59c608ed4384ba6002e44c3465c58b2e71,48000
555,resources/data/patches_3rdparty/Dan Maurer/Rhythms/Twelve Step Layer.fxp,contributor,56907,93c72f3e05e883dd6579702757fa8c20a4c8de31,93c72f3e05e883dd6579702757fa8c20a4c8de31,True,ok,,5,58914e59c608ed4384ba6002e44c3465c58b2e71,48000
556,resources/data/patches_3rdparty/Dan Maurer/Rhythms/Two Bit.fxp,contributor,106692,4d109760829a38a40e15a546b9debfb74b97259e,4d109760829a38a40e15a546b9debfb74b97259e,True,ok,,8,58914e59c608ed4384ba6002e44c3465c58b2e71,48000
557,"resources/data/patches_3rdparty/Dan Maurer/Rhythms/What's Your Vector, Victor.fxp",contributor,168531,91c226b21c35e6e15bc91ea9ecee2c8fb7719834,91c226b21c35e6e15bc91ea9ecee2c8fb7719834,True,ok,,18,58914e59c608ed4384ba6002e44c3465c58b2e71,48000
558,resources/data/patches_3rdparty/Dan Maurer/Sequences/Bass & Rhythm 1.fxp,contributor,33931,45dcec3eabca4e891cf036a4991614e4cda6aea7,45dcec3eabca4e891cf036a4991614e4cda6aea7,True,ok,,3,58914e59c608ed4384ba6002e44c3465c58b2e71,48000
559,resources/data/patches_3rdparty/Dan Maurer/Sequences/Bass & Rhythm 2.fxp,contributor,37106,f4c608c187ee818fa0c3fcf4684c30ccb0860c59,f4c608c187ee818fa0c3fcf4684c30ccb0860c59,True,ok,,3,58914e59c608ed4384ba6002e44c3465c58b2e71,48000
560,resources/data/patches_3rdparty/Dan Maurer/Sequences/Carolina Reaper.fxp,contributor,42844,592637b9f70fe7d8dce4e12752b46134aacb1cc5,592637b9f70fe7d8dce4e12752b46134aacb1cc5,True,ok,,4,58914e59c608ed4384ba6002e44c3465c58b2e71,48000
561,resources/data/patches_3rdparty/Dan Maurer/Sequences/Drum Loop 1.fxp,contributor,34725,dbe2e686d001b9cacc1a2d4cae9e6eafe576343b,dbe2e686d001b9cacc1a2d4cae9e6eafe576343b,True,ok,,3,58914e59c608ed4384ba6002e44c3465c58b2e71,48000
562,resources/data/patches_3rdparty/Dan Maurer/Sequences/Drum Loop 2.fxp,contributor,52813,d1bceba13d5e3fa4dc754a201ef07c016b151e26,d1bceba13d5e3fa4dc754a201ef07c016b151e26,True,ok,,4,58914e59c608ed4384ba6002e44c3465c58b2e71,48000
563,resources/data/patches_3rdparty/Dan Maurer/Sequences/Drum Loop 3.fxp,contributor,37315,9fa426a805a6b6369b4d2bb1f19f4f5a8fa704e8,9fa426a805a6b6369b4d2bb1f19f4f5a8fa704e8,True,ok,,3,58914e59c608ed4384ba6002e44c3465c58b2e71,48000
564,resources/data/patches_3rdparty/Dan Maurer/Sequences/Flying Squares.fxp,contributor,25055,f483acf72bb86411d7423e70ef50f200c1c3ef78,f483acf72bb86411d7423e70ef50f200c1c3ef78,True,ok,,2,58914e59c608ed4384ba6002e44c3465c58b2e71,48000
565,resources/data/patches_3rdparty/Dan Maurer/Sequences/Tube Rhythm.fxp,contributor,28614,d33feb80b3905bd5cf42a40600d1ceed5698dbb8,d33feb80b3905bd5cf42a40600d1ceed5698dbb8,True,ok,,3,58914e59c608ed4384ba6002e44c3465c58b2e71,48000
566,resources/data/patches_3rdparty/Dan Maurer/Splits/Catalina.fxp,contributor,65459,579c9b6da4e70134318d5a3f3422f31673d8a55b,579c9b6da4e70134318d5a3f3422f31673d8a55b,True,ok,,6,58914e59c608ed4384ba6002e44c3465c58b2e71,48000
567,resources/data/patches_3rdparty/Dan Maurer/Splits/Dope Drummer.fxp,contributor,38692,a0b8fd0fcf48558944b5b3b839a6a70551bc84ad,a0b8fd0fcf48558944b5b3b839a6a70551bc84ad,True,ok,,3,58914e59c608ed4384ba6002e44c3465c58b2e71,48000
568,resources/data/patches_3rdparty/Dan Maurer/Splits/Walking Away.fxp,contributor,61249,a9438d8a302d1817bb753d942001dfc667e96655,a9438d8a302d1817bb753d942001dfc667e96655,True,ok,,5,58914e59c608ed4384ba6002e44c3465c58b2e71,48000
569,resources/data/patches_3rdparty/Dan Maurer/Synths/Big Brass.fxp,contributor,29869,7cac29c7c2b396b3e4d1528b6f6e593bdea2b1c9,7cac29c7c2b396b3e4d1528b6f6e593bdea2b1c9,True,ok,,3,58914e59c608ed4384ba6002e44c3465c58b2e71,48000
570,resources/data/patches_3rdparty/Dan Maurer/Synths/Cascade.fxp,contributor,29409,08417321477edbdbe244d56a43d7bf4df1838803,08417321477edbdbe244d56a43d7bf4df1838803,True,ok,,3,58914e59c608ed4384ba6002e44c3465c58b2e71,48000
571,resources/data/patches_3rdparty/Dan Maurer/Synths/Chainsaw.fxp,contributor,28896,b96d084f61d152895fa216a81ab2e393f8f61a4f,b96d084f61d152895fa216a81ab2e393f8f61a4f,True,ok,,108,58914e59c608ed4384ba6002e44c3465c58b2e71,48000
572,resources/data/patches_3rdparty/Dan Maurer/Synths/Chime Charm.fxp,contributor,28530,d9c8768a4f17f62c3ae567980ca6d2e23a19e968,d9c8768a4f17f62c3ae567980ca6d2e23a19e968,True,ok,,3,58914e59c608ed4384ba6002e44c3465c58b2e71,48000
573,resources/data/patches_3rdparty/Dan Maurer/Synths/Comb String Section.fxp,contributor,28847,e4ab641a147f127befd5d5d6efc142004024b5a4,e4ab641a147f127befd5d5d6efc142004024b5a4,True,ok,,3,58914e59c608ed4384ba6002e44c3465c58b2e71,48000
574,resources/data/patches_3rdparty/Dan Maurer/Synths/Feedback Cycle.fxp,contributor,25055,12b349412998a0478fc27a3a0fde9bdedadd26e5,12b349412998a0478fc27a3a0fde9bdedadd26e5,True,ok,,3,58914e59c608ed4384ba6002e44c3465c58b2e71,48000
575,resources/data/patches_3rdparty/Dan Maurer/Synths/Freeform.fxp,contributor,28035,06e921d121ef2dc2b32b3c9163455033d7a379bc,06e921d121ef2dc2b32b3c9163455033d7a379bc,True,ok,,3,58914e59c608ed4384ba6002e44c3465c58b2e71,48000
576,resources/data/patches_3rdparty/Dan Maurer/Synths/Grey And Black.fxp,contributor,28473,6303c1850c64f1c5f8eda1fea3826d6e8ba46f70,6303c1850c64f1c5f8eda1fea3826d6e8ba46f70,True,ok,,4,58914e59c608ed4384ba6002e44c3465c58b2e71,48000
577,resources/data/patches_3rdparty/Dan Maurer/Synths/Lyrica.fxp,contributor,28473,90952cc101b0050be1bbc24b365f50c1ea97388c,90952cc101b0050be1bbc24b365f50c1ea97388c,True,ok,,5,58914e59c608ed4384ba6002e44c3465c58b2e71,48000
578,resources/data/patches_3rdparty/Dan Maurer/Synths/Metal Head.fxp,contributor,28926,6af84eab8a1066b92a4667561f8e0d36cc17f763,6af84eab8a1066b92a4667561f8e0d36cc17f763,True,ok,,5,58914e59c608ed4384ba6002e44c3465c58b2e71,48000
579,resources/data/patches_3rdparty/Dan Maurer/Synths/Overdriven Cello.fxp,contributor,25144,b045f8aa93a855ab300fbd7f5e5c7d99e5b926e1,b045f8aa93a855ab300fbd7f5e5c7d99e5b926e1,True,ok,,7,58914e59c608ed4384ba6002e44c3465c58b2e71,48000
580,resources/data/patches_3rdparty/Dan Maurer/Synths/Saskatoon.fxp,contributor,26339,ff9af47966419fcf0fd78f3caf3bb7092a06199b,ff9af47966419fcf0fd78f3caf3bb7092a06199b,True,ok,,7,58914e59c608ed4384ba6002e44c3465c58b2e71,48000
581,resources/data/patches_3rdparty/Dan Maurer/Synths/Saturation.fxp,contributor,28930,bac15d632f7f607a9a49c838e552e38654712595,bac15d632f7f607a9a49c838e552e38654712595,True,ok,,7,58914e59c608ed4384ba6002e44c3465c58b2e71,48000
582,resources/data/patches_3rdparty/Dan Maurer/Synths/Scrooge McDuck.fxp,contributor,30585,99d3641f000b238deaf58b3bc523397a59b207e1,99d3641f000b238deaf58b3bc523397a59b207e1,True,ok,,9,58914e59c608ed4384ba6002e44c3465c58b2e71,48000
583,resources/data/patches_3rdparty/Dan Maurer/Synths/Splash Mouth.fxp,contributor,28995,3a2e3c7e17ee11ef69ce3eb1a09c5cb815d495cd,3a2e3c7e17ee11ef69ce3eb1a09c5cb815d495cd,True,ok,,9,58914e59c608ed4384ba6002e44c3465c58b2e71,48000
584,resources/data/patches_3rdparty/Dan Maurer/Synths/Square Wave.fxp,contributor,28750,4473ee9b02142ecfd6d2032fb03ec5f1cd506c80,4473ee9b02142ecfd6d2032fb03ec5f1cd506c80,True,ok,,9,58914e59c608ed4384ba6002e44c3465c58b2e71,48000
585,resources/data/patches_3rdparty/Dan Maurer/Synths/String Quartet.fxp,contributor,27492,53210ad5b733c448e2f5cbb55dc2819c7752f607,53210ad5b733c448e2f5cbb55dc2819c7752f607,True,ok,,7,58914e59c608ed4384ba6002e44c3465c58b2e71,48000
586,resources/data/patches_3rdparty/Dan Maurer/Synths/Virtual Sync Sweep.fxp,contributor,29011,52d3f6fc99699c16e5737e85c0d83adf2fc21a23,52d3f6fc99699c16e5737e85c0d83adf2fc21a23,True,ok,,7,58914e59c608ed4384ba6002e44c3465c58b2e71,48000
587,resources/data/patches_3rdparty/Dan Maurer/Synths/Warm Reception.fxp,contributor,30972,9f8580fa282bcf4d453ba3cb1c9363bc3a74b75f,9f8580fa282bcf4d453ba3cb1c9363bc3a74b75f,True,ok,,6,58914e59c608ed4384ba6002e44c3465c58b2e71,48000
588,resources/data/patches_3rdparty/Dan Maurer/Synths/Wudang.fxp,contributor,28917,310443636240c6c8dbf0de5a222ea3b18b6b598e,310443636240c6c8dbf0de5a222ea3b18b6b598e,True,ok,,3,58914e59c608ed4384ba6002e44c3465c58b2e71,48000
589,resources/data/patches_3rdparty/Dan Maurer/Winds/Amped Harmonica.fxp,contributor,29037,359878408f07b53b30e32cc62a3bc0572b7bb68e,359878408f07b53b30e32cc62a3bc0572b7bb68e,True,ok,,4,58914e59c608ed4384ba6002e44c3465c58b2e71,48000
590,resources/data/patches_3rdparty/Dan Maurer/Winds/Andes Pipes.fxp,contributor,29668,97e8ff0f997c610393da8bef5b2d31bc62ab94af,97e8ff0f997c610393da8bef5b2d31bc62ab94af,True,ok,,7,58914e59c608ed4384ba6002e44c3465c58b2e71,48000
591,resources/data/patches_3rdparty/Dan Maurer/Winds/Clarinet.fxp,contributor,24865,59ae4be9885e5e29e3b9daef423d5d9affb7b3ba,59ae4be9885e5e29e3b9daef423d5d9affb7b3ba,True,ok,,6,58914e59c608ed4384ba6002e44c3465c58b2e71,48000
592,resources/data/patches_3rdparty/Dan Maurer/Winds/Double Reed.fxp,contributor,28805,2e8661f2261bf84558e4afc5319e621543a9f758,2e8661f2261bf84558e4afc5319e621543a9f758,True,ok,,6,58914e59c608ed4384ba6002e44c3465c58b2e71,48000
593,resources/data/patches_3rdparty/Dan Maurer/Winds/Flute 1.fxp,contributor,29197,67d799a5e1033cbd8824fd0023d565cecde8a4be,67d799a5e1033cbd8824fd0023d565cecde8a4be,True,ok,,24,58914e59c608ed4384ba6002e44c3465c58b2e71,48000
594,resources/data/patches_3rdparty/Dan Maurer/Winds/Flute 2.fxp,contributor,28969,65022fac22230cf11e475d7e92a759fc96face1f,65022fac22230cf11e475d7e92a759fc96face1f,True,ok,,3,58914e59c608ed4384ba6002e44c3465c58b2e71,48000
595,resources/data/patches_3rdparty/Dan Maurer/Winds/Huangshan.fxp,contributor,28894,f3a098a0e52a0e24bc88af80f01e5e76400de411,f3a098a0e52a0e24bc88af80f01e5e76400de411,True,ok,,3,58914e59c608ed4384ba6002e44c3465c58b2e71,48000
596,resources/data/patches_3rdparty/Dan Maurer/Winds/Junkyard Dog.fxp,contributor,29683,1e32f8da7f2fcdad27ad3b9b3a73cf27b233b14c,1e32f8da7f2fcdad27ad3b9b3a73cf27b233b14c,True,ok,,3,58914e59c608ed4384ba6002e44c3465c58b2e71,48000
597,resources/data/patches_3rdparty/Dan Maurer/Winds/Oboe-Wan-Can-No-Be.fxp,contributor,35979,3ade2392218b08efb17bd331390ca5105509aa96,3ade2392218b08efb17bd331390ca5105509aa96,True,ok,,3,58914e59c608ed4384ba6002e44c3465c58b2e71,48000
598,resources/data/patches_3rdparty/Dan Maurer/Winds/Oscar The Grouch.fxp,contributor,25318,078fee7a0ff53f0128650f733b7ed655b7ca9d1f,078fee7a0ff53f0128650f733b7ed655b7ca9d1f,True,ok,,2,58914e59c608ed4384ba6002e44c3465c58b2e71,48000
599,resources/data/patches_3rdparty/Dan Maurer/Winds/Physical Therapy.fxp,contributor,28979,ab38214d52d7f1191733281bb04ff40f0d03874f,ab38214d52d7f1191733281bb04ff40f0d03874f,True,ok,,3,58914e59c608ed4384ba6002e44c3465c58b2e71,48000
600,resources/data/patches_3rdparty/Dan Maurer/Winds/Pipe Attack.fxp,contributor,28830,75ff0051f1169659ffcc24e75b3e959773edd980,75ff0051f1169659ffcc24e75b3e959773edd980,True,ok,,3,58914e59c608ed4384ba6002e44c3465c58b2e71,48000
601,resources/data/patches_3rdparty/Dan Maurer/Winds/Reed To Pipe Morph.fxp,contributor,29416,a5b6ba3425f51e4ca70ca6d405af35eeb23c9bcd,a5b6ba3425f51e4ca70ca6d405af35eeb23c9bcd,True,ok,,3,58914e59c608ed4384ba6002e44c3465c58b2e71,48000
602,resources/data/patches_3rdparty/Dan Maurer/Winds/Scratchy Throat.fxp,contributor,36593,891bbcc55612e36ccd5a2e0972913f8c4272105e,891bbcc55612e36ccd5a2e0972913f8c4272105e,True,ok,,3,58914e59c608ed4384ba6002e44c3465c58b2e71,48000
603,resources/data/patches_3rdparty/Dan Maurer/Winds/Simple Pipe.fxp,contributor,28332,9db0d1ac6a3d9f54343d92cfc7f1edcdbee61270,9db0d1ac6a3d9f54343d92cfc7f1edcdbee61270,True,ok,,3,58914e59c608ed4384ba6002e44c3465c58b2e71,48000
604,resources/data/patches_3rdparty/Dan Maurer/Winds/Tenor Sax.fxp,contributor,32659,e958fa80fdbe1b554290c0dccbcf726c8725ced7,e958fa80fdbe1b554290c0dccbcf726c8725ced7,True,ok,,3,58914e59c608ed4384ba6002e44c3465c58b2e71,48000
605,resources/data/patches_3rdparty/Databroth/Basses/Crystal Rip.fxp,contributor,51139,c2960eab86a7faca7555346b9baccafb6e398228,c2960eab86a7faca7555346b9baccafb6e398228,True,ok,,4,58914e59c608ed4384ba6002e44c3465c58b2e71,48000
606,resources/data/patches_3rdparty/Databroth/Basses/Cure.fxp,contributor,32081,fb3d86f7c8cfd755da7aa23d5d999f190fc54736,fb3d86f7c8cfd755da7aa23d5d999f190fc54736,True,ok,,2,58914e59c608ed4384ba6002e44c3465c58b2e71,48000
607,resources/data/patches_3rdparty/Databroth/Basses/Dirty Grime.fxp,contributor,32606,b84a3eaa13ff806dfdf1d7bfd0d1e6ca266aff0a,b84a3eaa13ff806dfdf1d7bfd0d1e6ca266aff0a,True,ok,,2,58914e59c608ed4384ba6002e44c3465c58b2e71,48000
608,resources/data/patches_3rdparty/Databroth/Basses/Moognt.fxp,contributor,25761,dc56f3517bb26949aab62aba51faa40adf5c3401,dc56f3517bb26949aab62aba51faa40adf5c3401,True,ok,,2,58914e59c608ed4384ba6002e44c3465c58b2e71,48000
609,resources/data/patches_3rdparty/Databroth/Basses/Wadded Beef.fxp,contributor,44447,50e1184921604ed5e82a0a7fe6cfad3b197c91d4,50e1184921604ed5e82a0a7fe6cfad3b197c91d4,True,ok,,4,58914e59c608ed4384ba6002e44c3465c58b2e71,48000
610,resources/data/patches_3rdparty/Databroth/Basses/Wandering Tremors.fxp,contributor,52285,885220b7530541c0130228cc940b7b53911a955b,885220b7530541c0130228cc940b7b53911a955b,True,ok,,5,58914e59c608ed4384ba6002e44c3465c58b2e71,48000
611,resources/data/patches_3rdparty/Databroth/FX/2 Glitched.fxp,contributor,28523,336e1efaf93f35eabd1a5bcb87a1dd5c818a0ced,336e1efaf93f35eabd1a5bcb87a1dd5c818a0ced,True,ok,,3,58914e59c608ed4384ba6002e44c3465c58b2e71,48000
612,resources/data/patches_3rdparty/Databroth/FX/Bata Dending.fxp,contributor,35030,b74f3bdf275fe2a384d4238a0aeecb6ff589122c,b74f3bdf275fe2a384d4238a0aeecb6ff589122c,True,ok,,4,58914e59c608ed4384ba6002e44c3465c58b2e71,48000
613,resources/data/patches_3rdparty/Databroth/FX/Chaos Bits.fxp,contributor,38084,f8288370554aec6aee92e747ff9bd532fc6d6e01,f8288370554aec6aee92e747ff9bd532fc6d6e01,True,ok,,5,58914e59c608ed4384ba6002e44c3465c58b2e71,48000
614,resources/data/patches_3rdparty/Databroth/FX/Chaos Grips.fxp,contributor,28430,a1f65f0e8f57f6639dccbe61c90fbd1b82ec0c64,a1f65f0e8f57f6639dccbe61c90fbd1b82ec0c64,True,ok,,3,58914e59c608ed4384ba6002e44c3465c58b2e71,48000
615,resources/data/patches_3rdparty/Databroth/FX/Dead MT.fxp,contributor,36791,d7e0a5c98aae86d9d58e02b4a5bdaac2de8c9016,d7e0a5c98aae86d9d58e02b4a5bdaac2de8c9016,True,ok,,4,58914e59c608ed4384ba6002e44c3465c58b2e71,48000
616,resources/data/patches_3rdparty/Databroth/FX/Depletion.fxp,contributor,47274,3e18a5daa54fd8b18e0235eca5f90073ec7a7719,3e18a5daa54fd8b18e0235eca5f90073ec7a7719,True,ok,,4,58914e59c608ed4384ba6002e44c3465c58b2e71,48000
617,resources/data/patches_3rdparty/Databroth/FX/Dleeped.fxp,contributor,112254,74261522d456790e6ec6cf9e0bdbd741cec0cae4,74261522d456790e6ec6cf9e0bdbd741cec0cae4,True,ok,,9,58914e59c608ed4384ba6002e44c3465c58b2e71,48000
618,resources/data/patches_3rdparty/Databroth/FX/Emerald Caverns.fxp,contributor,58310,6e2bda03bf770082dbc31bc7f99ead477f4cef79,6e2bda03bf770082dbc31bc7f99ead477f4cef79,True,ok,,4,58914e59c608ed4384ba6002e44c3465c58b2e71,48000
619,resources/data/patches_3rdparty/Databroth/FX/Generative Greebles.fxp,contributor,36438,b8a8ee9353c3de07a1826f3c702eb19a0a9b0574,b8a8ee9353c3de07a1826f3c702eb19a0a9b0574,True,ok,,3,58914e59c608ed4384ba6002e44c3465c58b2e71,48000
620,resources/data/patches_3rdparty/Databroth/FX/Kick.fxp,contributor,90499,275042a1efaf4fa6b7394e65a62b64030f80fc29,275042a1efaf4fa6b7394e65a62b64030f80fc29,True,ok,,11,58914e59c608ed4384ba6002e44c3465c58b2e71,48000
621,resources/data/patches_3rdparty/Databroth/FX/Modularesque.fxp,contributor,34514,adb24356979be0f770b413384c7a208055d24123,adb24356979be0f770b413384c7a208055d24123,True,ok,,3,58914e59c608ed4384ba6002e44c3465c58b2e71,48000
622,resources/data/patches_3rdparty/Databroth/FX/Noninit.fxp,contributor,54971,f4eb968e178e9826767a20ed39cddd92deeebf1c,f4eb968e178e9826767a20ed39cddd92deeebf1c,True,ok,,5,58914e59c608ed4384ba6002e44c3465c58b2e71,48000
623,resources/data/patches_3rdparty/Databroth/FX/Rezdrop.fxp,contributor,29356,f0e8aee388506a6786bead5e84be97dc2bcd274b,f0e8aee388506a6786bead5e84be97dc2bcd274b,True,ok,,3,58914e59c608ed4384ba6002e44c3465c58b2e71,48000
624,resources/data/patches_3rdparty/Databroth/FX/Soupbell.fxp,contributor,26488,e700dacb21e5ca6aad8537c4780a3bc5d703f5d1,e700dacb21e5ca6aad8537c4780a3bc5d703f5d1,True,ok,,2,58914e59c608ed4384ba6002e44c3465c58b2e71,48000
625,resources/data/patches_3rdparty/Databroth/FX/Tears Of....fxp,contributor,26673,779db612ab985aea58ce8b63d97267f5d677a9a4,779db612ab985aea58ce8b63d97267f5d677a9a4,True,ok,,3,58914e59c608ed4384ba6002e44c3465c58b2e71,48000
626,resources/data/patches_3rdparty/Databroth/FX/Throwing Glass In A Stone House.fxp,contributor,27936,3ccf84c50784b2ca334064465daf79705c7c04c6,3ccf84c50784b2ca334064465daf79705c7c04c6,True,ok,,2,58914e59c608ed4384ba6002e44c3465c58b2e71,48000
627,resources/data/patches_3rdparty/Databroth/Pads/Basic Pad.fxp,contributor,26002,498bad3674ef5e198cc567f658bdd379cfd3c793,498bad3674ef5e198cc567f658bdd379cfd3c793,True,ok,,3,58914e59c608ed4384ba6002e44c3465c58b2e71,48000
628,resources/data/patches_3rdparty/Databroth/Pads/Bright Strings.fxp,contributor,34186,611554a0794ea61ab12796aa01c1aa382c140ed4,611554a0794ea61ab12796aa01c1aa382c140ed4,True,ok,,3,58914e59c608ed4384ba6002e44c3465c58b2e71,48000
629,resources/data/patches_3rdparty/Databroth/Pads/Crangellis.fxp,contributor,31420,542d9912c720ee956213c953f4f523a6c6022766,542d9912c720ee956213c953f4f523a6c6022766,True,ok,,3,58914e59c608ed4384ba6002e44c3465c58b2e71,48000
630,resources/data/patches_3rdparty/Databroth/Pads/Document.fxp,contributor,27035,1cc51e034297dabd86c0f8716f468363bde05688,1cc51e034297dabd86c0f8716f468363bde05688,True,ok,,3,58914e59c608ed4384ba6002e44c3465c58b2e71,48000
631,resources/data/patches_3rdparty/Databroth/Pads/Drifting Bodies.fxp,contributor,37404,8ee47ea1fab29af29d734f94370372b47b2497c2,8ee47ea1fab29af29d734f94370372b47b2497c2,True,ok,,3,58914e59c608ed4384ba6002e44c3465c58b2e71,48000
632,resources/data/patches_3rdparty/Databroth/Pads/Drying.fxp,contributor,25743,025bb1db9e57ee72958ded065106829916c79ba5,025bb1db9e57ee72958ded065106829916c79ba5,True,ok,,2,58914e59c608ed4384ba6002e44c3465c58b2e71,48000
633,resources/data/patches_3rdparty/Databroth/Pads/Ember.fxp,contributor,26581,76948bda91bef280ce436c2a05629534cad07fd1,76948bda91bef280ce436c2a05629534cad07fd1,True,ok,,2,58914e59c608ed4384ba6002e44c3465c58b2e71,48000
634,resources/data/patches_3rdparty/Databroth/Pads/Emulation Realtor.fxp,contributor,42362,5df1d736a677a3e9bb31b664c019e0af3786b123,5df1d736a677a3e9bb31b664c019e0af3786b123,True,ok,,4,58914e59c608ed4384ba6002e44c3465c58b2e71,48000
635,resources/data/patches_3rdparty/Databroth/Pads/Feed.fxp,contributor,25692,3da8c4c775c1f4333c5b5fbbe457bb11d6ea4af9,3da8c4c775c1f4333c5b5fbbe457bb11d6ea4af9,True,ok,,5,58914e59c608ed4384ba6002e44c3465c58b2e71,48000
636,resources/data/patches_3rdparty/Databroth/Pads/Grains Of Filth.fxp,contributor,26669,50ec30b52e37feb0f7aa12148a7e9ce0b4f23719,50ec30b52e37feb0f7aa12148a7e9ce0b4f23719,True,ok,,4,58914e59c608ed4384ba6002e44c3465c58b2e71,48000
637,resources/data/patches_3rdparty/Databroth/Pads/Hollow Code.fxp,contributor,32166,03b3b176eede6c6f8f058d3c2ac41c19c00d9357,03b3b176eede6c6f8f058d3c2ac41c19c00d9357,True,ok,,3,58914e59c608ed4384ba6002e44c3465c58b2e71,48000
638,resources/data/patches_3rdparty/Databroth/Pads/Languid Slide.fxp,contributor,25985,5ac2e59c729c626222946c0aebfd03c89e2e47a3,5ac2e59c729c626222946c0aebfd03c89e2e47a3,True,ok,,3,58914e59c608ed4384ba6002e44c3465c58b2e71,48000
639,resources/data/patches_3rdparty/Databroth/Pads/Meld.fxp,contributor,26036,3475cad6d92823ed2926ca192e60660fd4a6ca77,3475cad6d92823ed2926ca192e60660fd4a6ca77,True,ok,,2,58914e59c608ed4384ba6002e44c3465c58b2e71,48000
640,resources/data/patches_3rdparty/Databroth/Pads/Melting Bells.fxp,contributor,25067,c5fd19f539c8d06d99745f1a1bb5bf1023da248b,c5fd19f539c8d06d99745f1a1bb5bf1023da248b,True,ok,,2,58914e59c608ed4384ba6002e44c3465c58b2e71,48000
641,resources/data/patches_3rdparty/Databroth/Pads/Polished Cheese.fxp,contributor,42991,9cd492cb379342b0e16fcedd78e9c4d119236f01,9cd492cb379342b0e16fcedd78e9c4d119236f01,True,ok,,4,58914e59c608ed4384ba6002e44c3465c58b2e71,48000
642,resources/data/patches_3rdparty/Databroth/Pads/Quiet Lung.fxp,contributor,41636,8b5a2080280cc11d225dd2b999407a70869e6cb9,8b5a2080280cc11d225dd2b999407a70869e6cb9,True,ok,,4,58914e59c608ed4384ba6002e44c3465c58b2e71,48000
643,resources/data/patches_3rdparty/Databroth/Pads/Run The Blades.fxp,contributor,33883,e54f523ef96fe4c8fd4dd8218b80435946b9c656,e54f523ef96fe4c8fd4dd8218b80435946b9c656,True,ok,,3,58914e59c608ed4384ba6002e44c3465c58b2e71,48000
644,resources/data/patches_3rdparty/Databroth/Pads/Shining Broth.fxp,contributor,25595,41d411a3e5587853852a7190fd3e88cdaad3503c,41d411a3e5587853852a7190fd3e88cdaad3503c,True,ok,,3,58914e59c608ed4384ba6002e44c3465c58b2e71,48000
645,resources/data/patches_3rdparty/Databroth/Pads/Slewing Glass.fxp,contributor,38806,9e5b50a0a94c77f3b62bf8bcc318f2bcf3f46729,9e5b50a0a94c77f3b62bf8bcc318f2bcf3f46729,True,ok,,4,58914e59c608ed4384ba6002e44c3465c58b2e71,48000
646,resources/data/patches_3rdparty/Databroth/Pads/Spectration.fxp,contributor,26191,711ccc7a0dbcb93b13cbf15fdf95c3f4c5cb88cc,711ccc7a0dbcb93b13cbf15fdf95c3f4c5cb88cc,True,ok,,3,58914e59c608ed4384ba6002e44c3465c58b2e71,48000
647,resources/data/patches_3rdparty/Databroth/Pads/Tape Magic.fxp,contributor,56459,ccdef3970f402979e7a413f8bc3080834ed9f335,ccdef3970f402979e7a413f8bc3080834ed9f335,True,ok,,5,58914e59c608ed4384ba6002e44c3465c58b2e71,48000
648,resources/data/patches_3rdparty/Databroth/Pads/Vintaged.fxp,contributor,24839,b7d8cf9033834d06c7f0c1d0bca8f730015ec974,b7d8cf9033834d06c7f0c1d0bca8f730015ec974,True,ok,,2,58914e59c608ed4384ba6002e44c3465c58b2e71,48000
649,resources/data/patches_3rdparty/Databroth/Pads/Warmbo.fxp,contributor,26482,50d91b153ada12c0fa29a0e66f164b1758f5ed6c,50d91b153ada12c0fa29a0e66f164b1758f5ed6c,True,ok,,4,58914e59c608ed4384ba6002e44c3465c58b2e71,48000
650,resources/data/patches_3rdparty/Databroth/Pads/Yom Thork.fxp,contributor,25735,e90932bbcf95509143f83cc5d559891d89d38954,e90932bbcf95509143f83cc5d559891d89d38954,True,ok,,4,58914e59c608ed4384ba6002e44c3465c58b2e71,48000
651,resources/data/patches_3rdparty/Databroth/Sequences/City Windows.fxp,contributor,75508,eb4ac0b3da6ddfe5e4f745fb26bc57e3a172d39d,eb4ac0b3da6ddfe5e4f745fb26bc57e3a172d39d,True,ok,,11,58914e59c608ed4384ba6002e44c3465c58b2e71,48000
652,resources/data/patches_3rdparty/Databroth/Sequences/Deviations.fxp,contributor,52518,d30e3711c7dc73f70d14c54f27094ecf54f4c778,d30e3711c7dc73f70d14c54f27094ecf54f4c778,True,ok,,8,58914e59c608ed4384ba6002e44c3465c58b2e71,48000
653,resources/data/patches_3rdparty/Databroth/Sequences/Ghoul In The Machine.fxp,contributor,35713,a4c3b91068aa9c09aba6f56c31c6fe4c2320fda0,a4c3b91068aa9c09aba6f56c31c6fe4c2320fda0,True,ok,,5,58914e59c608ed4384ba6002e44c3465c58b2e71,48000
654,resources/data/patches_3rdparty/Databroth/Sequences/Irrelevant Number.fxp,contributor,87027,29994bcaa8381e6a3f3ee1bbd7205ba8822e2d34,29994bcaa8381e6a3f3ee1bbd7205ba8822e2d34,True,ok,,9,58914e59c608ed4384ba6002e44c3465c58b2e71,48000
655,resources/data/patches_3rdparty/Databroth/Sequences/Metric Complications.fxp,contributor,44541,11f3cc3ebcd43d1065f3a056074edfdad47d396d,11f3cc3ebcd43d1065f3a056074edfdad47d396d,True,ok,,6,58914e59c608ed4384ba6002e44c3465c58b2e71,48000
656,resources/data/patches_3rdparty/Databroth/Sequences/Obsoletion.fxp,contributor,61381,f5a4858ebccfd5df44d9ff579343146c8acf2909,f5a4858ebccfd5df44d9ff579343146c8acf2909,True,ok,,13,58914e59c608ed4384ba6002e44c3465c58b2e71,48000
657,resources/data/patches_3rdparty/Databroth/Sequences/Psybending.fxp,contributor,33615,7edbc1f13a9558993ee34c3f79307d628cb67966,7edbc1f13a9558993ee34c3f79307d628cb67966,True,ok,,6,58914e59c608ed4384ba6002e44c3465c58b2e71,48000
658,resources/data/patches_3rdparty/Databroth/Sequences/Risk Detention.fxp,contributor,58394,2e36c99bb88a0602f5bcd868b78eb108a467a778,2e36c99bb88a0602f5bcd868b78eb108a467a778,True,ok,,15,58914e59c608ed4384ba6002e44c3465c58b2e71,48000
659,resources/data/patches_3rdparty/Databroth/Sequences/Truncated Deviations.fxp,contributor,115142,83d602a7101bf1813370bbd64742fb70e964faed,83d602a7101bf1813370bbd64742fb70e964faed,True,ok,,16,58914e59c608ed4384ba6002e44c3465c58b2e71,48000
660,resources/data/patches_3rdparty/Databroth/Sequences/Truncating Deviant.fxp,contributor,58129,d4ccdf4ca761dc4caa50b466b83b4ffb2cbf6b13,d4ccdf4ca761dc4caa50b466b83b4ffb2cbf6b13,True,ok,,12,58914e59c608ed4384ba6002e44c3465c58b2e71,48000
661,resources/data/patches_3rdparty/Emu/Basses/Acidy FM Boy.fxp,contributor,58159,c26d6c4b8e598a224d1df4c105dcdd185fe7c0c8,c26d6c4b8e598a224d1df4c105dcdd185fe7c0c8,True,ok,,112,58914e59c608ed4384ba6002e44c3465c58b2e71,48000
662,resources/data/patches_3rdparty/Emu/Basses/Barfy Beauty.fxp,contributor,53266,5720558cdc11cdb8fa5869c90fc20a135acc24f3,5720558cdc11cdb8fa5869c90fc20a135acc24f3,True,ok,,4,58914e59c608ed4384ba6002e44c3465c58b2e71,48000
663,resources/data/patches_3rdparty/Emu/Basses/Beefy Boi.fxp,contributor,25277,d0d59a909d24f6711cda27fa908c70884404c4a7,d0d59a909d24f6711cda27fa908c70884404c4a7,True,ok,,4,58914e59c608ed4384ba6002e44c3465c58b2e71,48000
664,resources/data/patches_3rdparty/Emu/Basses/Soft Plucks.fxp,contributor,91865,3cc5649e2dd6392d83ecd72712e9fc399219a245,3cc5649e2dd6392d83ecd72712e9fc399219a245,True,ok,,11,58914e59c608ed4384ba6002e44c3465c58b2e71,48000
665,resources/data/patches_3rdparty/Emu/Drums/Egg Shaker.fxp,contributor,30821,d69032d499331569d01c21e15618659fa117b2ea,d69032d499331569d01c21e15618659fa117b2ea,True,ok,,3,58914e59c608ed4384ba6002e44c3465c58b2e71,48000
666,resources/data/patches_3rdparty/Emu/Drums/Hat Closed.fxp,contributor,36678,88d46a52a54b0b7c2dc6071f16f8d230676575a6,88d46a52a54b0b7c2dc6071f16f8d230676575a6,True,ok,,3,58914e59c608ed4384ba6002e44c3465c58b2e71,48000
667,resources/data/patches_3rdparty/Emu/Drums/Hat Open.fxp,contributor,36677,4d4f62e2b3b8bf265dd0615513c92414612e46f9,4d4f62e2b3b8bf265dd0615513c92414612e46f9,True,ok,,10,58914e59c608ed4384ba6002e44c3465c58b2e71,48000
668,resources/data/patches_3rdparty/Emu/Drums/Hat Split.fxp,contributor,36674,6167fabfb56bc93cd43617261a4ab4bafb54eeb9,6167fabfb56bc93cd43617261a4ab4bafb54eeb9,True,ok,,13,58914e59c608ed4384ba6002e44c3465c58b2e71,48000
669,resources/data/patches_3rdparty/Emu/Drums/Hat.fxp,contributor,70014,65f7fc65ba28a16732c1461dc5d3f5b585883724,65f7fc65ba28a16732c1461dc5d3f5b585883724,True,ok,,16,58914e59c608ed4384ba6002e44c3465c58b2e71,48000
670,resources/data/patches_3rdparty/Emu/Drums/Kick Room 1.fxp,contributor,176066,234cfc45108ebb0d0357422e50091c55a61e32a6,234cfc45108ebb0d0357422e50091c55a61e32a6,True,ok,,30,58914e59c608ed4384ba6002e44c3465c58b2e71,48000
671,resources/data/patches_3rdparty/Emu/Drums/Kick Room 2.fxp,contributor,327623,0436520a0509474f1e3051fcdd5c4d141623c3ae,0436520a0509474f1e3051fcdd5c4d141623c3ae,True,ok,,71,58914e59c608ed4384ba6002e44c3465c58b2e71,48000
672,resources/data/patches_3rdparty/Emu/Drums/Mort Chippy Bits.fxp,contributor,32881,44449f0512c138928712f927ec6bb5d431cf8d60,44449f0512c138928712f927ec6bb5d431cf8d60,True,ok,,3,58914e59c608ed4384ba6002e44c3465c58b2e71,48000
673,resources/data/patches_3rdparty/Emu/Drums/Mort Kick Chippy.fxp,contributor,32804,6b1ef7dd44b13411f211b23d732412deafa9c8ca,6b1ef7dd44b13411f211b23d732412deafa9c8ca,True,ok,,2,58914e59c608ed4384ba6002e44c3465c58b2e71,48000
674,resources/data/patches_3rdparty/Emu/Drums/Mort Kick.fxp,contributor,32858,e355879b2ed56b7e58e01886e6ae8195b12c37cd,e355879b2ed56b7e58e01886e6ae8195b12c37cd,True,ok,,2,58914e59c608ed4384ba6002e44c3465c58b2e71,48000
675,resources/data/patches_3rdparty/Emu/Drums/Mort Noisey Drum.fxp,contributor,33451,5e620bed7bf43c6001fa155f1ba47013893a866d,5e620bed7bf43c6001fa155f1ba47013893a866d,True,ok,,2,58914e59c608ed4384ba6002e44c3465c58b2e71,48000
676,resources/data/patches_3rdparty/Emu/Drums/Mort Snare.fxp,contributor,33984,054b5228301468f6e867d77b4b89fe1a37a08867,054b5228301468f6e867d77b4b89fe1a37a08867,True,ok,,4,58914e59c608ed4384ba6002e44c3465c58b2e71,48000
677,resources/data/patches_3rdparty/Emu/Drums/Snare Room 1.fxp,contributor,65811,4fe19d120d11f2c60b182b60b9c2bc158f984bb0,4fe19d120d11f2c60b182b60b9c2bc158f984bb0,True,ok,,4,58914e59c608ed4384ba6002e44c3465c58b2e71,48000
678,resources/data/patches_3rdparty/Emu/Drums/Snare Room 2.fxp,contributor,299291,2054a715336129c6cfd1f96603beaf462f93f368,2054a715336129c6cfd1f96603beaf462f93f368,True,ok,,76,58914e59c608ed4384ba6002e44c3465c58b2e71,48000
679,resources/data/patches_3rdparty/Emu/Drums/Splashy Ride.fxp,contributor,360502,0465bc8e921811f6528e15221cd726754269ed05,0465bc8e921811f6528e15221cd726754269ed05,True,ok,,51,58914e59c608ed4384ba6002e44c3465c58b2e71,48000
680,resources/data/patches_3rdparty/Emu/Drums/T8 Clap.fxp,contributor,32522,7214fe8ada88ebcf02c688bd130d4cdce7ded47f,7214fe8ada88ebcf02c688bd130d4cdce7ded47f,True,ok,,2,58914e59c608ed4384ba6002e44c3465c58b2e71,48000
681,resources/data/patches_3rdparty/Emu/Drums/T8 Conga.fxp,contributor,33148,17308086b68a183db5a55d8537ab72578195b321,17308086b68a183db5a55d8537ab72578195b321,True,ok,,13,58914e59c608ed4384ba6002e44c3465c58b2e71,48000
682,resources/data/patches_3rdparty/Emu/Drums/T8 Cowbell.fxp,contributor,31827,0045878fda2ba1b1f36a5a71dbc741189f5006a1,0045878fda2ba1b1f36a5a71dbc741189f5006a1,True,ok,,6,58914e59c608ed4384ba6002e44c3465c58b2e71,48000
683,resources/data/patches_3rdparty/Emu/Drums/T8 Cymbal.fxp,contributor,34780,184970806fd7fb8685bbd631e24750144e2be56e,184970806fd7fb8685bbd631e24750144e2be56e,True,ok,,5,58914e59c608ed4384ba6002e44c3465c58b2e71,48000
684,resources/data/patches_3rdparty/Emu/Drums/T8 Kick 1.fxp,contributor,32348,deb2bc0dd0380651571e87bb452b55d5f29cc6c6,deb2bc0dd0380651571e87bb452b55d5f29cc6c6,True,ok,,3,58914e59c608ed4384ba6002e44c3465c58b2e71,48000
685,resources/data/patches_3rdparty/Emu/Drums/T8 Kick 2.fxp,contributor,32554,ee3f1cd8c93be3f45cbd63ed7f5518a1558554a1,ee3f1cd8c93be3f45cbd63ed7f5518a1558554a1,True,ok,,5,58914e59c608ed4384ba6002e44c3465c58b2e71,48000
686,resources/data/patches_3rdparty/Emu/Drums/T8 Snare.fxp,contributor,35205,8c84162ffd5d349c354221f8e2a23c2caba1ecd2,8c84162ffd5d349c354221f8e2a23c2caba1ecd2,True,ok,,5,58914e59c608ed4384ba6002e44c3465c58b2e71,48000
687,resources/data/patches_3rdparty/Emu/Drums/T8 Tom.fxp,contributor,32390,4353fcfeb36dc8210328be654ef153a606b85e16,4353fcfeb36dc8210328be654ef153a606b85e16,True,ok,,3,58914e59c608ed4384ba6002e44c3465c58b2e71,48000
688,resources/data/patches_3rdparty/Emu/Drums/T9 Snare.fxp,contributor,33367,208ffebb752453d60da2901e2eb698ee5ab289ce,208ffebb752453d60da2901e2eb698ee5ab289ce,True,ok,,5,58914e59c608ed4384ba6002e44c3465c58b2e71,48000
689,resources/data/patches_3rdparty/Emu/Drums/T9 Tom.fxp,contributor,98341,314e3cc7e46d76381a5073fecf41d8d715b70e8b,314e3cc7e46d76381a5073fecf41d8d715b70e8b,True,ok,,28,58914e59c608ed4384ba6002e44c3465c58b2e71,48000
690,resources/data/patches_3rdparty/Emu/FX/Noise Particles.fxp,contributor,40073,5e11784499d3c2e4705a69ff726bd716c412975a,5e11784499d3c2e4705a69ff726bd716c412975a,True,ok,,5,58914e59c608ed4384ba6002e44c3465c58b2e71,48000
691,resources/data/patches_3rdparty/Emu/FX/Robot Exhaust.fxp,contributor,32506,40583e0f8d2d47880fab9999e026471cf8e3e853,40583e0f8d2d47880fab9999e026471cf8e3e853,True,ok,,5,58914e59c608ed4384ba6002e44c3465c58b2e71,48000
692,resources/data/patches_3rdparty/Emu/FX/Sick In The Super Dome.fxp,contributor,26051,288ebccbba4da1727a6a11fc34c25b23b302dca5,288ebccbba4da1727a6a11fc34c25b23b302dca5,True,ok,,3,58914e59c608ed4384ba6002e44c3465c58b2e71,48000
693,resources/data/patches_3rdparty/Emu/FX/Signature Talker 1S.fxp,contributor,29146,a609cc43994ed86d3f7ba6c3233fe56ba974a303,a609cc43994ed86d3f7ba6c3233fe56ba974a303,True,ok,,2,58914e59c608ed4384ba6002e44c3465c58b2e71,48000
694,resources/data/patches_3rdparty/Emu/FX/Slapshot.fxp,contributor,32418,0c0ec2b4aba206d68647cdef7fffa6208b159d58,0c0ec2b4aba206d68647cdef7fffa6208b159d58,True,ok,,2,58914e59c608ed4384ba6002e44c3465c58b2e71,48000
695,resources/data/patches_3rdparty/Emu/Keys/CowbellBanjo.fxp,contributor,119952,801dd42e9db1e75030904cb2be54937f00376337,801dd42e9db1e75030904cb2be54937f00376337,True,ok,,9,58914e59c608ed4384ba6002e44c3465c58b2e71,48000
696,resources/data/patches_3rdparty/Emu/Keys/Crispy Key.fxp,contributor,91560,3ef6089c02614f5d44f17d1fd406b14664851137,3ef6089c02614f5d44f17d1fd406b14664851137,True,ok,,7,58914e59c608ed4384ba6002e44c3465c58b2e71,48000
697,resources/data/patches_3rdparty/Emu/Keys/FMHappy.fxp,contributor,198909,21562735797f8216ebdad3fb09f99bfd4c0096dd,21562735797f8216ebdad3fb09f99bfd4c0096dd,True,ok,,62,58914e59c608ed4384ba6002e44c3465c58b2e71,48000
698,resources/data/patches_3rdparty/Emu/Keys/I Once Was A Cymbal.fxp,contributor,96884,a0adf2d561ffe9f62e98aeb96204e53f3656fd2a,a0adf2d561ffe9f62e98aeb96204e53f3656fd2a,True,ok,,10,58914e59c608ed4384ba6002e44c3465c58b2e71,48000
699,resources/data/patches_3rdparty/Emu/Keys/Light EP.fxp,contributor,91401,dca8e09a28661cc6b1004d3e792df69ff075f127,dca8e09a28661cc6b1004d3e792df69ff075f127,True,ok,,8,58914e59c608ed4384ba6002e44c3465c58b2e71,48000
700,resources/data/patches_3rdparty/Emu/Keys/SoftSaw.fxp,contributor,37899,f2a5d62f4a2bb4b0587a10fe0649ccd517619059,f2a5d62f4a2bb4b0587a10fe0649ccd517619059,True,ok,,7,58914e59c608ed4384ba6002e44c3465c58b2e71,48000
701,resources/data/patches_3rdparty/Emu/Keys/Thin and Gaseous Organ.fxp,contributor,42100,22dd9c5214faea17a693b19215f5df9f69196198,22dd9c5214faea17a693b19215f5df9f69196198,True,ok,,4,58914e59c608ed4384ba6002e44c3465c58b2e71,48000
702,resources/data/patches_3rdparty/Emu/Keys/Trashion EP.fxp,contributor,160651,517bbb7eda3201dc790368f65a93ec330963001e,517bbb7eda3201dc790368f65a93ec330963001e,True,ok,,12,58914e59c608ed4384ba6002e44c3465c58b2e71,48000
703,resources/data/patches_3rdparty/Emu/Keys/Trombone Harmonica.fxp,contributor,58925,ec81acbe27c5afd3c8caee340c95452f813e5fea,ec81acbe27c5afd3c8caee340c95452f813e5fea,True,ok,,5,58914e59c608ed4384ba6002e44c3465c58b2e71,48000
704,resources/data/patches_3rdparty/Emu/Keys/Yoobee Talker.fxp,contributor,57274,da351a85b3e49e94e7bdd22688c6990a472b1542,da351a85b3e49e94e7bdd22688c6990a472b1542,True,ok,,6,58914e59c608ed4384ba6002e44c3465c58b2e71,48000
705,resources/data/patches_3rdparty/Emu/Leads/Crushed Upright Piano.fxp,contributor,153809,5a4502c948989a492dd070800930025ef294ede9,5a4502c948989a492dd070800930025ef294ede9,True,ok,,13,58914e59c608ed4384ba6002e44c3465c58b2e71,48000
706,resources/data/patches_3rdparty/Emu/Leads/Doink Realm Organ.fxp,contributor,87307,e2c2f5de9a6c309e1bc454feceda9116ec033eea,e2c2f5de9a6c309e1bc454feceda9116ec033eea,True,ok,,9,58914e59c608ed4384ba6002e44c3465c58b2e71,48000
707,resources/data/patches_3rdparty/Emu/Leads/Droney FM Steamer.fxp,contributor,24096,21e0d302de2b70a09c93d11265bf2ca600cacfee,21e0d302de2b70a09c93d11265bf2ca600cacfee,True,ok,,3,58914e59c608ed4384ba6002e44c3465c58b2e71,48000
708,resources/data/patches_3rdparty/Emu/Leads/Melted Organ.fxp,contributor,65190,2110fa796d2b8ef5c4618cb0df6518109b24168c,2110fa796d2b8ef5c4618cb0df6518109b24168c,True,ok,,6,58914e59c608ed4384ba6002e44c3465c58b2e71,48000
709,resources/data/patches_3rdparty/Emu/Leads/Sax Destroyer.fxp,contributor,47317,6ec2d9816b3836a69e3bdffef9c0ef02ee30e1a9,6ec2d9816b3836a69e3bdffef9c0ef02ee30e1a9,True,ok,,5,58914e59c608ed4384ba6002e44c3465c58b2e71,48000
710,resources/data/patches_3rdparty/Emu/Leads/Square Adventure.fxp,contributor,29827,92f3f6b1c23d2a8990fc7dd51a2ee907b32236f6,92f3f6b1c23d2a8990fc7dd51a2ee907b32236f6,True,ok,,4,58914e59c608ed4384ba6002e44c3465c58b2e71,48000
711,resources/data/patches_3rdparty/Emu/Pads/Beautiful Flutebad.fxp,contributor,32092,3bdd17ff966fda9abe104765c7aadf23dcfb0cb1,3bdd17ff966fda9abe104765c7aadf23dcfb0cb1,True,ok,,4,58914e59c608ed4384ba6002e44c3465c58b2e71,48000
712,resources/data/patches_3rdparty/Emu/Pads/Blazing Galaxies.fxp,contributor,200964,411d0040329221f44d3398d3103a82ed7d976f62,411d0040329221f44d3398d3103a82ed7d976f62,True,ok,,17,58914e59c608ed4384ba6002e44c3465c58b2e71,48000
713,resources/data/patches_3rdparty/Emu/Pads/Buzzy Bees And Sitars.fxp,contributor,89335,ace55daa497036cb9562406a073e22899b6d52f3,ace55daa497036cb9562406a073e22899b6d52f3,True,ok,,7,58914e59c608ed4384ba6002e44c3465c58b2e71,48000
714,resources/data/patches_3rdparty/Emu/Pads/Fez Pad.fxp,contributor,23923,8a24be52f972b359399f3d801720b9e51399678d,8a24be52f972b359399f3d801720b9e51399678d,True,ok,,2,58914e59c608ed4384ba6002e44c3465c58b2e71,48000
715,resources/data/patches_3rdparty/Emu/Pads/Fuzzy Speaks.fxp,contributor,74022,e5f0609f6ea4208bb84963b70a81dc6715ea6187,e5f0609f6ea4208bb84963b70a81dc6715ea6187,True,ok,,5,58914e59c608ed4384ba6002e44c3465c58b2e71,48000
716,resources/data/patches_3rdparty/Emu/Pads/Ghostly Voices.fxp,contributor,100131,46c905d3f55da6c291a858fed7f42a4829709a9a,46c905d3f55da6c291a858fed7f42a4829709a9a,True,ok,,7,58914e59c608ed4384ba6002e44c3465c58b2e71,48000
717,resources/data/patches_3rdparty/Emu/Pads/Square And Back Again.fxp,contributor,29292,1295882a43a2bc68f5ea0ec79782030c64a2d4a8,1295882a43a2bc68f5ea0ec79782030c64a2d4a8,True,ok,,3,58914e59c608ed4384ba6002e44c3465c58b2e71,48000
718,resources/data/patches_3rdparty/Emu/Pads/Windy Brassmen.fxp,contributor,72664,c3797918d00cf5ccde9f015fb8a9e75d6a923619,c3797918d00cf5ccde9f015fb8a9e75d6a923619,True,ok,,5,58914e59c608ed4384ba6002e44c3465c58b2e71,48000
719,resources/data/patches_3rdparty/Emu/Plucks/Banjo Like.fxp,contributor,41597,b3781dbaac852dd7b2b0b3039ea6dc693b550aac,b3781dbaac852dd7b2b0b3039ea6dc693b550aac,True,ok,,5,58914e59c608ed4384ba6002e44c3465c58b2e71,48000
720,resources/data/patches_3rdparty/Emu/Plucks/Bossy Saw.fxp,contributor,23758,924e0672b91168007903956f905f1d71c96eca91,924e0672b91168007903956f905f1d71c96eca91,True,ok,,2,58914e59c608ed4384ba6002e44c3465c58b2e71,48000
721,resources/data/patches_3rdparty/Emu/Plucks/Brass Attacks.fxp,contributor,67669,677c9ad3ae5e235e7706ad69b177b852b116765c,677c9ad3ae5e235e7706ad69b177b852b116765c,True,ok,,5,58914e59c608ed4384ba6002e44c3465c58b2e71,48000
722,resources/data/patches_3rdparty/Emu/Plucks/Hidden Hats FM.fxp,contributor,40794,634db9632a8233fb40722952bb8734bb6e2343ca,634db9632a8233fb40722952bb8734bb6e2343ca,True,ok,,4,58914e59c608ed4384ba6002e44c3465c58b2e71,48000
723,resources/data/patches_3rdparty/Emu/Plucks/Horn Ring Boops.fxp,contributor,110889,7269891aba5c5edb4b156c0eec32cf8eabe37e1b,7269891aba5c5edb4b156c0eec32cf8eabe37e1b,True,ok,,8,58914e59c608ed4384ba6002e44c3465c58b2e71,48000
724,resources/data/patches_3rdparty/Emu/Plucks/Pluck 2 Pad Demon Sad.fxp,contributor,29605,428ead7abd1c00c8ee7bf55dc53345858bee7bce,428ead7abd1c00c8ee7bf55dc53345858bee7bce,True,ok,,2,58914e59c608ed4384ba6002e44c3465c58b2e71,48000
725,resources/data/patches_3rdparty/Emu/Sequences/Dancing Sine Boyz.fxp,contributor,28045,0bd676ab17e320a3cd5aceb310dd07d792ee69a3,0bd676ab17e320a3cd5aceb310dd07d792ee69a3,True,ok,,2,58914e59c608ed4384ba6002e44c3465c58b2e71,48000
726,resources/data/patches_3rdparty/Emu/Sequences/Dirty Saws.fxp,contributor,31689,030343e5bc441fb73da51d7a852a43beb8e0ec3b,030343e5bc441fb73da51d7a852a43beb8e0ec3b,True,ok,,3,58914e59c608ed4384ba6002e44c3465c58b2e71,48000
727,resources/data/patches_3rdparty/Emu/Synths/80s Future Key.fxp,contributor,99296,fff7a62baf9f49823cc45146ba1b075c79ab9f9c,fff7a62baf9f49823cc45146ba1b075c79ab9f9c,True,ok,,7,58914e59c608ed4384ba6002e44c3465c58b2e71,48000
728,resources/data/patches_3rdparty/Emu/Synths/Disto Brass Pass.fxp,contributor,90504,2a1585da4690e7fea3bfd825c2237ce7802a70a0,2a1585da4690e7fea3bfd825c2237ce7802a70a0,True,ok,,6,58914e59c608ed4384ba6002e44c3465c58b2e71,48000
729,resources/data/patches_3rdparty/Emu/Synths/Garbely Joe.fxp,contributor,23878,96b95a9153d9cd4a13c474d799cf865d08b08c42,96b95a9153d9cd4a13c474d799cf865d08b08c42,True,ok,,2,58914e59c608ed4384ba6002e44c3465c58b2e71,48000
730,resources/data/patches_3rdparty/Emu/Synths/Golden Square.fxp,contributor,23312,4d6d3ba2f8972595e1c47c09e2a4bf7666dc564b,4d6d3ba2f8972595e1c47c09e2a4bf7666dc564b,True,ok,,2,58914e59c608ed4384ba6002e44c3465c58b2e71,48000
731,resources/data/patches_3rdparty/Emu/Synths/Piercing Trumpet Morph.fxp,contributor,29991,0a74ef0ae0b4d01e9fc7be7a098654305a1d6caa,0a74ef0ae0b4d01e9fc7be7a098654305a1d6caa,True,ok,,3,58914e59c608ed4384ba6002e44c3465c58b2e71,48000
732,resources/data/patches_3rdparty/Emu/Synths/Strange Declarations.fxp,contributor,45434,d587cab38647fbfdc4ab57e88d1983706bb4a596,d587cab38647fbfdc4ab57e88d1983706bb4a596,True,ok,,5,58914e59c608ed4384ba6002e44c3465c58b2e71,48000
733,resources/data/patches_3rdparty/Emu/Synths/Wonky Game Pad.fxp,contributor,35268,cb84c129e81dcd45cc9c364b24eca609e71a7e8c,cb84c129e81dcd45cc9c364b24eca609e71a7e8c,True,ok,,3,58914e59c608ed4384ba6002e44c3465c58b2e71,48000
734,resources/data/patches_3rdparty/Exquis MPE/Ambiance/Blade.fxp,contributor,321132,3f4aa42d9750a05234b8ab28473d447c24776cc8,3f4aa42d9750a05234b8ab28473d447c24776cc8,True,ok,,131,58914e59c608ed4384ba6002e44c3465c58b2e71,48000
735,resources/data/patches_3rdparty/Exquis MPE/Ambiance/Brutus.fxp,contributor,130152,1041540a897b0299ddb437db42f8542abd9dfc46,1041540a897b0299ddb437db42f8542abd9dfc46,True,ok,,14,58914e59c608ed4384ba6002e44c3465c58b2e71,48000
736,resources/data/patches_3rdparty/Exquis MPE/Ambiance/Dad.fxp,contributor,110612,3ee118ab69ae2380cdf502c54709666a8c74ae0c,3ee118ab69ae2380cdf502c54709666a8c74ae0c,True,ok,,47,58914e59c608ed4384ba6002e44c3465c58b2e71,48000
737,resources/data/patches_3rdparty/Exquis MPE/Ambiance/Isolation.fxp,contributor,72601,c18701f54b051ef0b64abda0518123d66d9864fe,c18701f54b051ef0b64abda0518123d66d9864fe,True,ok,,6,58914e59c608ed4384ba6002e44c3465c58b2e71,48000
738,resources/data/patches_3rdparty/Exquis MPE/Basses/3x101.fxp,contributor,37506,6ffb39c5d07e589a19f994b386e1abd3493aeab6,6ffb39c5d07e589a19f994b386e1abd3493aeab6,True,ok,,3,58914e59c608ed4384ba6002e44c3465c58b2e71,48000
739,resources/data/patches_3rdparty/Exquis MPE/Basses/Big Car.fxp,contributor,69477,05a09428f7fd74d425f40775af932090c84e9c8a,05a09428f7fd74d425f40775af932090c84e9c8a,True,ok,,5,58914e59c608ed4384ba6002e44c3465c58b2e71,48000
740,resources/data/patches_3rdparty/Exquis MPE/Basses/Big Saw.fxp,contributor,37915,7f5759869c8e6107c5dfb39e524c98ae07c1ae17,7f5759869c8e6107c5dfb39e524c98ae07c1ae17,True,ok,,2,58914e59c608ed4384ba6002e44c3465c58b2e71,48000
741,resources/data/patches_3rdparty/Exquis MPE/Basses/Fat Growl.fxp,contributor,166879,ce705cd30ce7c29a15d67cac80bf0425f8d6cc9e,ce705cd30ce7c29a15d67cac80bf0425f8d6cc9e,True,ok,,13,58914e59c608ed4384ba6002e44c3465c58b2e71,48000
742,resources/data/patches_3rdparty/Exquis MPE/Basses/Hook FM.fxp,contributor,110126,fa0e3c27db63fffa1b5964d589c10bad4674a0f6,fa0e3c27db63fffa1b5964d589c10bad4674a0f6,True,ok,,8,58914e59c608ed4384ba6002e44c3465c58b2e71,48000
743,resources/data/patches_3rdparty/Exquis MPE/Basses/Infra Threat.fxp,contributor,42396,2b27b533da942034b2e29785900b0cc57189aee0,2b27b533da942034b2e29785900b0cc57189aee0,True,ok,,3,58914e59c608ed4384ba6002e44c3465c58b2e71,48000
744,resources/data/patches_3rdparty/Exquis MPE/Basses/Jigsaw.fxp,contributor,38470,676da8126b33e867fb2028701bf7be8ac63f2e72,676da8126b33e867fb2028701bf7be8ac63f2e72,True,ok,,4,58914e59c608ed4384ba6002e44c3465c58b2e71,48000
745,resources/data/patches_3rdparty/Exquis MPE/Basses/Low Key Funky.fxp,contributor,38087,63adcba3f8f9dda3b54eac44105149e3d1a9979b,63adcba3f8f9dda3b54eac44105149e3d1a9979b,True,ok,,3,58914e59c608ed4384ba6002e44c3465c58b2e71,48000
746,resources/data/patches_3rdparty/Exquis MPE/Basses/Mawg.fxp,contributor,104823,ba25c13be5621c19e5223d85c6b074f863cd97c7,ba25c13be5621c19e5223d85c6b074f863cd97c7,True,ok,,8,58914e59c608ed4384ba6002e44c3465c58b2e71,48000
747,resources/data/patches_3rdparty/Exquis MPE/Basses/Moogy Reese.fxp,contributor,3162650,3e570bbd749fe9ecaf8a800030c21d839f9a1a48,3e570bbd749fe9ecaf8a800030c21d839f9a1a48,True,ok,,337,58914e59c608ed4384ba6002e44c3465c58b2e71,48000
748,resources/data/patches_3rdparty/Exquis MPE/Basses/Never Settle.fxp,contributor,104692,07e9d852d972e606070266e7d0d4baa548545176,07e9d852d972e606070266e7d0d4baa548545176,True,ok,,12,58914e59c608ed4384ba6002e44c3465c58b2e71,48000
749,resources/data/patches_3rdparty/Exquis MPE/Basses/Precision Bass.fxp,contributor,456510,93ce2a20aabcd1d5081ba4516b5a900f55025604,93ce2a20aabcd1d5081ba4516b5a900f55025604,True,ok,,54,58914e59c608ed4384ba6002e44c3465c58b2e71,48000
750,resources/data/patches_3rdparty/Exquis MPE/Basses/Resurrection.fxp,contributor,37679,e2ccab1d70342ce5d18d4bb0993825ff7f959728,e2ccab1d70342ce5d18d4bb0993825ff7f959728,True,ok,,43,58914e59c608ed4384ba6002e44c3465c58b2e71,48000
751,resources/data/patches_3rdparty/Exquis MPE/Basses/Risible.fxp,contributor,56405,8b8a1fc91109fd700e6956f6cec00ef64f6c6857,8b8a1fc91109fd700e6956f6cec00ef64f6c6857,True,ok,,5,58914e59c608ed4384ba6002e44c3465c58b2e71,48000
752,resources/data/patches_3rdparty/Exquis MPE/Basses/Sharmall.fxp,contributor,53774,d60e36445e6749e460c501cb16eaa921d0d76d09,d60e36445e6749e460c501cb16eaa921d0d76d09,True,ok,,4,58914e59c608ed4384ba6002e44c3465c58b2e71,48000
753,resources/data/patches_3rdparty/Exquis MPE/Basses/Slapalog.fxp,contributor,76737,7e9e060b650ad97c89fb98caa13a456f49e77673,7e9e060b650ad97c89fb98caa13a456f49e77673,True,ok,,6,58914e59c608ed4384ba6002e44c3465c58b2e71,48000
754,resources/data/patches_3rdparty/Exquis MPE/Basses/Sub.fxp,contributor,36167,4a324fcc8d763dccea612068de291ca452fc6a45,4a324fcc8d763dccea612068de291ca452fc6a45,True,ok,,3,58914e59c608ed4384ba6002e44c3465c58b2e71,48000
755,resources/data/patches_3rdparty/Exquis MPE/Basses/Trance.fxp,contributor,42340,c277c51ec0094a57c5fc219b3763db3801d7869e,c277c51ec0094a57c5fc219b3763db3801d7869e,True,ok,,3,58914e59c608ed4384ba6002e44c3465c58b2e71,48000
756,resources/data/patches_3rdparty/Exquis MPE/Basses/Voco.fxp,contributor,35064,993c557712ecf6c419d3905660ce26de64a5f4ab,993c557712ecf6c419d3905660ce26de64a5f4ab,True,ok,,3,58914e59c608ed4384ba6002e44c3465c58b2e71,48000
757,resources/data/patches_3rdparty/Exquis MPE/Brass/Abyss.fxp,contributor,86947,ecbb93c7d17bf0fa428a60b2b2d64023e1d56fc7,ecbb93c7d17bf0fa428a60b2b2d64023e1d56fc7,True,ok,,7,58914e59c608ed4384ba6002e44c3465c58b2e71,48000
758,resources/data/patches_3rdparty/Exquis MPE/Brass/Barbrass.fxp,contributor,137172,b4b87255bbcbdcac46728dd334eecb61fb36efad,b4b87255bbcbdcac46728dd334eecb61fb36efad,True,ok,,9,58914e59c608ed4384ba6002e44c3465c58b2e71,48000
759,resources/data/patches_3rdparty/Exquis MPE/Brass/Batbrass.fxp,contributor,55435,e6b6f04bea58347fe3b999bc8ba19a0f7a36febf,e6b6f04bea58347fe3b999bc8ba19a0f7a36febf,True,ok,,4,58914e59c608ed4384ba6002e44c3465c58b2e71,48000
760,resources/data/patches_3rdparty/Exquis MPE/Brass/Brass Yourself.fxp,contributor,37092,9d5b57623470dc2770191859ff376bd561e8199d,9d5b57623470dc2770191859ff376bd561e8199d,True,ok,,3,58914e59c608ed4384ba6002e44c3465c58b2e71,48000
761,resources/data/patches_3rdparty/Exquis MPE/Brass/Brasscore.fxp,contributor,46334,d43e044d2be0787cca1a225a49e57e00746e281c,d43e044d2be0787cca1a225a49e57e00746e281c,True,ok,,3,58914e59c608ed4384ba6002e44c3465c58b2e71,48000
762,resources/data/patches_3rdparty/Exquis MPE/Brass/Morphing.fxp,contributor,67947,0ece5075e1646994c35a908959299debd7f63191,0ece5075e1646994c35a908959299debd7f63191,True,ok,,6,58914e59c608ed4384ba6002e44c3465c58b2e71,48000
763,resources/data/patches_3rdparty/Exquis MPE/Brass/Swumpet.fxp,contributor,65890,71a04510fd93c4d05cd3a6215510af29fc4022d4,71a04510fd93c4d05cd3a6215510af29fc4022d4,True,ok,,6,58914e59c608ed4384ba6002e44c3465c58b2e71,48000
764,resources/data/patches_3rdparty/Exquis MPE/FX/Carton.fxp,contributor,37339,3d6e87cd87b637dbeb26656ee9768f5c34bf007f,3d6e87cd87b637dbeb26656ee9768f5c34bf007f,True,ok,,6,58914e59c608ed4384ba6002e44c3465c58b2e71,48000
765,resources/data/patches_3rdparty/Exquis MPE/FX/Dystopia.fxp,contributor,41725,f884c4d1c866fdb2c50ec8bf67cf8c5345156f7d,f884c4d1c866fdb2c50ec8bf67cf8c5345156f7d,True,ok,,5,58914e59c608ed4384ba6002e44c3465c58b2e71,48000
766,resources/data/patches_3rdparty/Exquis MPE/Keys/Artificial.fxp,contributor,43120,80e653a987be999f820013805f898e1a840cb151,80e653a987be999f820013805f898e1a840cb151,True,ok,,4,58914e59c608ed4384ba6002e44c3465c58b2e71,48000
767,resources/data/patches_3rdparty/Exquis MPE/Keys/Awaken.fxp,contributor,189796,5acf28463682cd76e6cd5e89b03ba48046f84aa8,5acf28463682cd76e6cd5e89b03ba48046f84aa8,True,ok,,26,58914e59c608ed4384ba6002e44c3465c58b2e71,48000
768,resources/data/patches_3rdparty/Exquis MPE/Keys/Chimes.fxp,contributor,63311,3e6c1edd19a5067bb7df3ebf702413aab628f40b,3e6c1edd19a5067bb7df3ebf702413aab628f40b,True,ok,,7,58914e59c608ed4384ba6002e44c3465c58b2e71,48000
769,resources/data/patches_3rdparty/Exquis MPE/Keys/Churchy.fxp,contributor,44321,4043d90ffe2a2c4f44a31ea2f99b3b3b1cb59ab2,4043d90ffe2a2c4f44a31ea2f99b3b3b1cb59ab2,True,ok,,6,58914e59c608ed4384ba6002e44c3465c58b2e71,48000
770,resources/data/patches_3rdparty/Exquis MPE/Keys/Democe.fxp,contributor,59417,4a652f4677508b1cdae176f7506a291ec1a3de91,4a652f4677508b1cdae176f7506a291ec1a3de91,True,ok,,7,58914e59c608ed4384ba6002e44c3465c58b2e71,48000
771,resources/data/patches_3rdparty/Exquis MPE/Keys/Dirty House.fxp,contributor,37795,0bdbc92b33058e40cff7c5cf4a809e3b3b3aa5bb,0bdbc92b33058e40cff7c5cf4a809e3b3b3aa5bb,True,ok,,6,58914e59c608ed4384ba6002e44c3465c58b2e71,48000
772,resources/data/patches_3rdparty/Exquis MPE/Keys/Dub.fxp,contributor,306693,f1be24cb8eca2191e054a1c4cc3c94fd23c21083,f1be24cb8eca2191e054a1c4cc3c94fd23c21083,True,ok,,24,58914e59c608ed4384ba6002e44c3465c58b2e71,48000
773,resources/data/patches_3rdparty/Exquis MPE/Keys/Family Piano.fxp,contributor,39533,4bc5e19eb8115c6aee05ec9e7c7718bf39d6264b,4bc5e19eb8115c6aee05ec9e7c7718bf39d6264b,True,ok,,6,58914e59c608ed4384ba6002e44c3465c58b2e71,48000
774,resources/data/patches_3rdparty/Exquis MPE/Keys/Glass Of Speech.fxp,contributor,114880,5cc3175acee1fc7efdff3da9d87a732ed8f1d1a1,5cc3175acee1fc7efdff3da9d87a732ed8f1d1a1,True,ok,,66,58914e59c608ed4384ba6002e44c3465c58b2e71,48000
775,resources/data/patches_3rdparty/Exquis MPE/Keys/Ham World.fxp,contributor,45164,d5b62da3ed9f385be05364fe82a3c1da3a7610ce,d5b62da3ed9f385be05364fe82a3c1da3a7610ce,True,ok,,12,58914e59c608ed4384ba6002e44c3465c58b2e71,48000
776,resources/data/patches_3rdparty/Exquis MPE/Keys/Hammorgan.fxp,contributor,43237,0662f986dcc8653a1f561c15cabc38fde842eaa1,0662f986dcc8653a1f561c15cabc38fde842eaa1,True,ok,,4,58914e59c608ed4384ba6002e44c3465c58b2e71,48000
777,resources/data/patches_3rdparty/Exquis MPE/Keys/Harpsi Tech.fxp,contributor,38570,9b776ce9954a54b3c2cdc6f210cb39f6ef776614,9b776ce9954a54b3c2cdc6f210cb39f6ef776614,True,ok,,3,58914e59c608ed4384ba6002e44c3465c58b2e71,48000
778,resources/data/patches_3rdparty/Exquis MPE/Keys/Life.fxp,contributor,58291,517a24ac4000f735ed2e3baa583d627daafc2f42,517a24ac4000f735ed2e3baa583d627daafc2f42,True,ok,,4,58914e59c608ed4384ba6002e44c3465c58b2e71,48000
779,resources/data/patches_3rdparty/Exquis MPE/Keys/Magic Whistle.fxp,contributor,47533,cf72bb90d9d1d7e67161f3cf90589bd374cb8b62,cf72bb90d9d1d7e67161f3cf90589bd374cb8b62,True,ok,,4,58914e59c608ed4384ba6002e44c3465c58b2e71,48000
780,resources/data/patches_3rdparty/Exquis MPE/Keys/Neuro Beat.fxp,contributor,41549,bd97b4d850cb5ba81d2cd32fd57ea3fdf428a729,bd97b4d850cb5ba81d2cd32fd57ea3fdf428a729,True,ok,,4,58914e59c608ed4384ba6002e44c3465c58b2e71,48000
781,resources/data/patches_3rdparty/Exquis MPE/Keys/Phobos.fxp,contributor,311974,5e3907ad655db5cd294031e00a36928b5a3a8214,5e3907ad655db5cd294031e00a36928b5a3a8214,True,ok,,50,58914e59c608ed4384ba6002e44c3465c58b2e71,48000
782,resources/data/patches_3rdparty/Exquis MPE/Keys/Pixel.fxp,contributor,43149,3a9f5294f5c2e2c4e1111822ac910067adcbec3f,3a9f5294f5c2e2c4e1111822ac910067adcbec3f,True,ok,,5,58914e59c608ed4384ba6002e44c3465c58b2e71,48000
783,resources/data/patches_3rdparty/Exquis MPE/Keys/Prof Horm.fxp,contributor,39752,2c2f292d29f46fffc9d23ceff5342be292d49468,2c2f292d29f46fffc9d23ceff5342be292d49468,True,ok,,8,58914e59c608ed4384ba6002e44c3465c58b2e71,48000
784,resources/data/patches_3rdparty/Exquis MPE/Keys/Quirkey.fxp,contributor,132099,31cc6d9bed622c61e009f101f8cf245c9735cd62,31cc6d9bed622c61e009f101f8cf245c9735cd62,True,ok,,22,58914e59c608ed4384ba6002e44c3465c58b2e71,48000
785,resources/data/patches_3rdparty/Exquis MPE/Keys/Sand Storm.fxp,contributor,38034,2ba21470c23e49ca2bc12dd185159b1b539bbbb8,2ba21470c23e49ca2bc12dd185159b1b539bbbb8,True,ok,,7,58914e59c608ed4384ba6002e44c3465c58b2e71,48000
786,resources/data/patches_3rdparty/Exquis MPE/Keys/Surgitzer.fxp,contributor,105984,75b87a78e5acec88f241fd33a50a301cc0346962,75b87a78e5acec88f241fd33a50a301cc0346962,True,ok,,9,58914e59c608ed4384ba6002e44c3465c58b2e71,48000
787,resources/data/patches_3rdparty/Exquis MPE/Keys/Trident.fxp,contributor,103748,9b2ed6983f135c233fe1767520818466a6726d58,9b2ed6983f135c233fe1767520818466a6726d58,True,ok,,10,58914e59c608ed4384ba6002e44c3465c58b2e71,48000
788,resources/data/patches_3rdparty/Exquis MPE/Keys/Underworld.fxp,contributor,107043,19d81e7e6f3d73dba7165078bd56f9ba75ea0a00,19d81e7e6f3d73dba7165078bd56f9ba75ea0a00,True,ok,,9,58914e59c608ed4384ba6002e44c3465c58b2e71,48000
789,resources/data/patches_3rdparty/Exquis MPE/Keys/Woaaaa.fxp,contributor,49060,836b72d637d73ed0ec95fa20c9baa1db9e5cfccf,836b72d637d73ed0ec95fa20c9baa1db9e5cfccf,True,ok,,6,58914e59c608ed4384ba6002e44c3465c58b2e71,48000
790,resources/data/patches_3rdparty/Exquis MPE/Leads/Aerodynamics.fxp,contributor,42384,e07ceccbebe3a2912d7e3517ce6491c6f825a2af,e07ceccbebe3a2912d7e3517ce6491c6f825a2af,True,ok,,4,58914e59c608ed4384ba6002e44c3465c58b2e71,48000
791,resources/data/patches_3rdparty/Exquis MPE/Leads/Augmented.fxp,contributor,52600,bfd589ceabb4c5f7569dc3ac7229c1ff05ccef66,bfd589ceabb4c5f7569dc3ac7229c1ff05ccef66,True,ok,,5,58914e59c608ed4384ba6002e44c3465c58b2e71,48000
792,resources/data/patches_3rdparty/Exquis MPE/Leads/Basic Acid.fxp,contributor,39212,3c7d218a609240ac73bfcfcbda5e7913904b2458,3c7d218a609240ac73bfcfcbda5e7913904b2458,True,ok,,3,58914e59c608ed4384ba6002e44c3465c58b2e71,48000
793,resources/data/patches_3rdparty/Exquis MPE/Leads/Basic Saw.fxp,contributor,40760,1862a9ee8527b266deafe5ee3c82dba8492e2a5d,1862a9ee8527b266deafe5ee3c82dba8492e2a5d,True,ok,,5,58914e59c608ed4384ba6002e44c3465c58b2e71,48000
794,resources/data/patches_3rdparty/Exquis MPE/Leads/Basic Square.fxp,contributor,40769,a8130d516c153caced3ecd2632bb940cb6484f13,a8130d516c153caced3ecd2632bb940cb6484f13,True,ok,,6,58914e59c608ed4384ba6002e44c3465c58b2e71,48000
795,resources/data/patches_3rdparty/Exquis MPE/Leads/Basic Triangle.fxp,contributor,40955,0005423a30f2583fb855e23163780c9ce3f8e71f,0005423a30f2583fb855e23163780c9ce3f8e71f,True,ok,,4,58914e59c608ed4384ba6002e44c3465c58b2e71,48000
796,resources/data/patches_3rdparty/Exquis MPE/Leads/Daft.fxp,contributor,43710,59edcfeb446edd033ba3f3239cb3785ad68fc94c,59edcfeb446edd033ba3f3239cb3785ad68fc94c,True,ok,,4,58914e59c608ed4384ba6002e44c3465c58b2e71,48000
797,resources/data/patches_3rdparty/Exquis MPE/Leads/F-Lead.fxp,contributor,562124,6ce43534c45c6f19db3e6dc42b8a0a1b5801707b,6ce43534c45c6f19db3e6dc42b8a0a1b5801707b,True,ok,,56,58914e59c608ed4384ba6002e44c3465c58b2e71,48000
798,resources/data/patches_3rdparty/Exquis MPE/Leads/Fortune Chip.fxp,contributor,39416,880ee3099b0063e62cf79277de929e34147810f9,880ee3099b0063e62cf79277de929e34147810f9,True,ok,,12,58914e59c608ed4384ba6002e44c3465c58b2e71,48000
799,resources/data/patches_3rdparty/Exquis MPE/Leads/Grizz Lead.fxp,contributor,42039,6b886849a388a9a03a3dd1bcdbb4268af9c40f84,6b886849a388a9a03a3dd1bcdbb4268af9c40f84,True,ok,,5,58914e59c608ed4384ba6002e44c3465c58b2e71,48000
800,resources/data/patches_3rdparty/Exquis MPE/Leads/Multi Scraw.fxp,contributor,38475,8a31f3c7b0abd2b28f3dd24b3e3b271f0eab0437,8a31f3c7b0abd2b28f3dd24b3e3b271f0eab0437,True,ok,,5,58914e59c608ed4384ba6002e44c3465c58b2e71,48000
801,resources/data/patches_3rdparty/Exquis MPE/Leads/Naoua.fxp,contributor,40286,c1bcd550649016ecd14cfef29805eafaaf7c851f,c1bcd550649016ecd14cfef29805eafaaf7c851f,True,ok,,9,58914e59c608ed4384ba6002e44c3465c58b2e71,48000
802,resources/data/patches_3rdparty/Exquis MPE/Leads/Sand.fxp,contributor,36832,62bbe0ad755b6203ffa2f3326e107c430f71b0e1,62bbe0ad755b6203ffa2f3326e107c430f71b0e1,True,ok,,7,58914e59c608ed4384ba6002e44c3465c58b2e71,48000
803,resources/data/patches_3rdparty/Exquis MPE/Leads/Single Space Turtle.fxp,contributor,123116,d54c9e2fe9e769bc99624b947a10b286ebca559a,d54c9e2fe9e769bc99624b947a10b286ebca559a,True,ok,,12,58914e59c608ed4384ba6002e44c3465c58b2e71,48000
804,resources/data/patches_3rdparty/Exquis MPE/Leads/Stupid Voice.fxp,contributor,47247,5b1372034cd8db610b6072493acd22d71f49475a,5b1372034cd8db610b6072493acd22d71f49475a,True,ok,,4,58914e59c608ed4384ba6002e44c3465c58b2e71,48000
805,resources/data/patches_3rdparty/Exquis MPE/Leads/Surgical Love.fxp,contributor,50808,fc2bc1eeb64c12b938a7b192f177cfa7d98f9666,fc2bc1eeb64c12b938a7b192f177cfa7d98f9666,True,ok,,4,58914e59c608ed4384ba6002e44c3465c58b2e71,48000
806,resources/data/patches_3rdparty/Exquis MPE/Leads/Uneasynth.fxp,contributor,37830,6aecea11a107c84683ed1540ecdba291e10d61df,6aecea11a107c84683ed1540ecdba291e10d61df,True,ok,,2,58914e59c608ed4384ba6002e44c3465c58b2e71,48000
807,resources/data/patches_3rdparty/Exquis MPE/Pads/Atlan.fxp,contributor,107867,5abd1ead909c11b126429bf3c5db7353faf7a54c,5abd1ead909c11b126429bf3c5db7353faf7a54c,True,ok,,9,58914e59c608ed4384ba6002e44c3465c58b2e71,48000
808,resources/data/patches_3rdparty/Exquis MPE/Pads/Atom.fxp,contributor,42121,8e88e110178d089a208c8ead12b651cd7218ff7a,8e88e110178d089a208c8ead12b651cd7218ff7a,True,ok,,4,58914e59c608ed4384ba6002e44c3465c58b2e71,48000
809,resources/data/patches_3rdparty/Exquis MPE/Pads/Carbon.fxp,contributor,37842,6c0fff6907de3a5fd95e7f65eb30521178409205,6c0fff6907de3a5fd95e7f65eb30521178409205,True,ok,,3,58914e59c608ed4384ba6002e44c3465c58b2e71,48000
810,resources/data/patches_3rdparty/Exquis MPE/Pads/Cold Arrival.fxp,contributor,84365,46091c50d8b5a91c192d1c0efc7124d7970cf132,46091c50d8b5a91c192d1c0efc7124d7970cf132,True,ok,,6,58914e59c608ed4384ba6002e44c3465c58b2e71,48000
811,resources/data/patches_3rdparty/Exquis MPE/Pads/Deep Abyss.fxp,contributor,88242,e5c374c1fc6c7c290ed6b40aecf155fc47464174,e5c374c1fc6c7c290ed6b40aecf155fc47464174,True,ok,,7,58914e59c608ed4384ba6002e44c3465c58b2e71,48000
812,resources/data/patches_3rdparty/Exquis MPE/Pads/Dreaming Blades.fxp,contributor,89239,853b6ab2b5f7ddea917b15830a95b859e6862684,853b6ab2b5f7ddea917b15830a95b859e6862684,True,ok,,8,58914e59c608ed4384ba6002e44c3465c58b2e71,48000
813,resources/data/patches_3rdparty/Exquis MPE/Pads/Dreamy.fxp,contributor,66692,064da6b9979b1c6685d535f18639119e233af84e,064da6b9979b1c6685d535f18639119e233af84e,True,ok,,5,58914e59c608ed4384ba6002e44c3465c58b2e71,48000
814,resources/data/patches_3rdparty/Exquis MPE/Pads/Elements.fxp,contributor,1253922,4b58e709a335f2b3001637aefcbe89ceebf062cb,4b58e709a335f2b3001637aefcbe89ceebf062cb,True,ok,,258,58914e59c608ed4384ba6002e44c3465c58b2e71,48000
815,resources/data/patches_3rdparty/Exquis MPE/Pads/Eyes Of The Tiger.fxp,contributor,151496,754fef17d8908176916aa70385e37d0294025f32,754fef17d8908176916aa70385e37d0294025f32,True,ok,,19,58914e59c608ed4384ba6002e44c3465c58b2e71,48000
816,resources/data/patches_3rdparty/Exquis MPE/Pads/Lazy.fxp,contributor,41506,321848282edf3b40d6f93ad950a8ae35660f3258,321848282edf3b40d6f93ad950a8ae35660f3258,True,ok,,7,58914e59c608ed4384ba6002e44c3465c58b2e71,48000
817,resources/data/patches_3rdparty/Exquis MPE/Pads/Long Story Long.fxp,contributor,219673,bef37697e9e31da1a8bed87cf05d60e22897ab58,bef37697e9e31da1a8bed87cf05d60e22897ab58,True,ok,,29,58914e59c608ed4384ba6002e44c3465c58b2e71,48000
818,resources/data/patches_3rdparty/Exquis MPE/Pads/Man Research.fxp,contributor,40368,61a961cde1d5e2f4f05139a53a966f00d880839c,61a961cde1d5e2f4f05139a53a966f00d880839c,True,ok,,10,58914e59c608ed4384ba6002e44c3465c58b2e71,48000
819,resources/data/patches_3rdparty/Exquis MPE/Pads/Ophicle.fxp,contributor,37319,0f551804f5b5d5dcbb07066712597464b899664e,0f551804f5b5d5dcbb07066712597464b899664e,True,ok,,3,58914e59c608ed4384ba6002e44c3465c58b2e71,48000
820,resources/data/patches_3rdparty/Exquis MPE/Pads/Orion.fxp,contributor,349804,8cacc1db4a27f192662eb630e468e9affafaada6,8cacc1db4a27f192662eb630e468e9affafaada6,True,ok,,28,58914e59c608ed4384ba6002e44c3465c58b2e71,48000
821,resources/data/patches_3rdparty/Exquis MPE/Pads/Smoonk.fxp,contributor,56659,2a5d542f62d4703d2a09a1cb28b258f65770ecb1,2a5d542f62d4703d2a09a1cb28b258f65770ecb1,True,ok,,6,58914e59c608ed4384ba6002e44c3465c58b2e71,48000
822,resources/data/patches_3rdparty/Exquis MPE/Pads/Whales.fxp,contributor,110179,7238a0a7d5ce5fa34da24a1373bba70193aa3b0c,7238a0a7d5ce5fa34da24a1373bba70193aa3b0c,True,ok,,10,58914e59c608ed4384ba6002e44c3465c58b2e71,48000
823,resources/data/patches_3rdparty/Exquis MPE/Pads/Winter Woody.fxp,contributor,107361,5bee52a01bf30858d0c25c117dead904b37a5a68,5bee52a01bf30858d0c25c117dead904b37a5a68,True,ok,,11,58914e59c608ed4384ba6002e44c3465c58b2e71,48000
824,resources/data/patches_3rdparty/Exquis MPE/Pads/Zeus.fxp,contributor,64778,1fdc41e03a061a957cf54646ec4feda9761e30f1,1fdc41e03a061a957cf54646ec4feda9761e30f1,True,ok,,4,58914e59c608ed4384ba6002e44c3465c58b2e71,48000
825,resources/data/patches_3rdparty/Exquis MPE/Plucks/Alone In The Jungle.fxp,contributor,84723,13046bae9a516ffe7d79eaef519717aa7f6f7e01,13046bae9a516ffe7d79eaef519717aa7f6f7e01,True,ok,,10,58914e59c608ed4384ba6002e44c3465c58b2e71,48000
826,resources/data/patches_3rdparty/Exquis MPE/Plucks/Beauty.fxp,contributor,53212,701d16e0e09c981fa893c4d984854f6a5f4e2405,701d16e0e09c981fa893c4d984854f6a5f4e2405,True,ok,,4,58914e59c608ed4384ba6002e44c3465c58b2e71,48000
827,resources/data/patches_3rdparty/Exquis MPE/Plucks/Belleditary.fxp,contributor,1097385,aabca6c6c919d7fe4f749fa5fd2041b59338f495,aabca6c6c919d7fe4f749fa5fd2041b59338f495,True,ok,,125,58914e59c608ed4384ba6002e44c3465c58b2e71,48000
828,resources/data/patches_3rdparty/Exquis MPE/Plucks/Bongo Rub.fxp,contributor,42235,9f84b3e79f38051a159fa1a8a8c112d473a3dcb7,9f84b3e79f38051a159fa1a8a8c112d473a3dcb7,True,ok,,4,58914e59c608ed4384ba6002e44c3465c58b2e71,48000
829,resources/data/patches_3rdparty/Exquis MPE/Plucks/Bright.fxp,contributor,106589,e50be1e2800f0ce92aabcc8f32c7f119294780cd,e50be1e2800f0ce92aabcc8f32c7f119294780cd,True,ok,,7,58914e59c608ed4384ba6002e44c3465c58b2e71,48000
830,resources/data/patches_3rdparty/Exquis MPE/Plucks/Dirty Case.fxp,contributor,114777,aa2de8e4b9bbd5c20e6bcbeb5666b5acd45dea52,aa2de8e4b9bbd5c20e6bcbeb5666b5acd45dea52,True,ok,,7,58914e59c608ed4384ba6002e44c3465c58b2e71,48000
831,resources/data/patches_3rdparty/Exquis MPE/Plucks/Game Off.fxp,contributor,104819,7bec6dfbcbed21026cdb56e7399a73494f5dc28a,7bec6dfbcbed21026cdb56e7399a73494f5dc28a,True,ok,,8,58914e59c608ed4384ba6002e44c3465c58b2e71,48000
832,resources/data/patches_3rdparty/Exquis MPE/Plucks/Glockarama.fxp,contributor,136781,caaeca557bf140b4b27c4678dcb44b651e6bdd89,caaeca557bf140b4b27c4678dcb44b651e6bdd89,True,ok,,10,58914e59c608ed4384ba6002e44c3465c58b2e71,48000
833,resources/data/patches_3rdparty/Exquis MPE/Plucks/Hard Tropic.fxp,contributor,41131,1cf9c2653f3f4f5b913edf71c38b8bb09f1b0e25,1cf9c2653f3f4f5b913edf71c38b8bb09f1b0e25,True,ok,,3,58914e59c608ed4384ba6002e44c3465c58b2e71,48000
834,resources/data/patches_3rdparty/Exquis MPE/Plucks/Reindeer.fxp,contributor,99935,4916ec1c49576f52edb96403ff657df3435012d9,4916ec1c49576f52edb96403ff657df3435012d9,True,ok,,6,58914e59c608ed4384ba6002e44c3465c58b2e71,48000
835,resources/data/patches_3rdparty/Exquis MPE/Plucks/Ring A Bell.fxp,contributor,82693,62e2993083829952c6f95c03c636c1cceb7b1030,62e2993083829952c6f95c03c636c1cceb7b1030,True,ok,,6,58914e59c608ed4384ba6002e44c3465c58b2e71,48000
836,resources/data/patches_3rdparty/Exquis MPE/Plucks/Weird Church.fxp,contributor,40540,f555386e3f0b0e0013a27f709f791982b9654094,f555386e3f0b0e0013a27f709f791982b9654094,True,ok,,3,58914e59c608ed4384ba6002e44c3465c58b2e71,48000
837,resources/data/patches_3rdparty/Exquis MPE/Plucks/XyloFoM.fxp,contributor,48010,b4909d870a5d8e47aa234a8e8e12997573894465,b4909d870a5d8e47aa234a8e8e12997573894465,True,ok,,4,58914e59c608ed4384ba6002e44c3465c58b2e71,48000
838,resources/data/patches_3rdparty/Exquis MPE/Sequences/Arpinsky.fxp,contributor,36356,3b0b14bd07c73cbf22e9a656f37ee8bf7467e00e,3b0b14bd07c73cbf22e9a656f37ee8bf7467e00e,True,ok,,3,58914e59c608ed4384ba6002e44c3465c58b2e71,48000
839,resources/data/patches_3rdparty/Exquis MPE/Sequences/Kicks 'n' Hats.fxp,contributor,139855,29f6fe2971553f606ab8294f642e2ba8cca9bdaa,29f6fe2971553f606ab8294f642e2ba8cca9bdaa,True,ok,,10,58914e59c608ed4384ba6002e44c3465c58b2e71,48000
840,resources/data/patches_3rdparty/Exquis MPE/Sequences/Laser Hats.fxp,contributor,37962,d74cb6cff07f4429023164f79f6635e690a3ad5e,d74cb6cff07f4429023164f79f6635e690a3ad5e,True,ok,,3,58914e59c608ed4384ba6002e44c3465c58b2e71,48000
841,resources/data/patches_3rdparty/Exquis MPE/Sequences/Lo-Fi.fxp,contributor,39714,391d997846e993a1981f2e3250ed6fbe66ac5d64,391d997846e993a1981f2e3250ed6fbe66ac5d64,True,ok,,3,58914e59c608ed4384ba6002e44c3465c58b2e71,48000
842,resources/data/patches_3rdparty/Exquis MPE/Sequences/My Big Jersey.fxp,contributor,40855,b211bc853f9d616d81840c22e41535976e8d5bd8,b211bc853f9d616d81840c22e41535976e8d5bd8,True,ok,,9,58914e59c608ed4384ba6002e44c3465c58b2e71,48000
843,resources/data/patches_3rdparty/Exquis MPE/Sequences/Outer Space.fxp,contributor,70500,01a70211caf9bbffe5d41ece91edfa2650eebd00,01a70211caf9bbffe5d41ece91edfa2650eebd00,True,ok,,8,58914e59c608ed4384ba6002e44c3465c58b2e71,48000
844,resources/data/patches_3rdparty/Exquis MPE/Sequences/Starlane.fxp,contributor,35982,e2517a5f7936ee30e4e42c0b5d723e38407ad853,e2517a5f7936ee30e4e42c0b5d723e38407ad853,True,ok,,3,58914e59c608ed4384ba6002e44c3465c58b2e71,48000
845,resources/data/patches_3rdparty/Exquis MPE/Sequences/Supernova.fxp,contributor,42608,32408f4f5532cdedef483a20fa504058e32916dc,32408f4f5532cdedef483a20fa504058e32916dc,True,ok,,3,58914e59c608ed4384ba6002e44c3465c58b2e71,48000
846,resources/data/patches_3rdparty/Exquis MPE/Sequences/Temple Of Synths.fxp,contributor,40645,c7bcb0c3ce8cd3c6802f6b13a4cb51f840783b85,c7bcb0c3ce8cd3c6802f6b13a4cb51f840783b85,True,ok,,5,58914e59c608ed4384ba6002e44c3465c58b2e71,48000
847,resources/data/patches_3rdparty/Exquis MPE/Strings/Akoustik.fxp,contributor,81052,c5668aac6ded2f9cbd85ccb6539d0f2b0863f122,c5668aac6ded2f9cbd85ccb6539d0f2b0863f122,True,ok,,6,58914e59c608ed4384ba6002e44c3465c58b2e71,48000
848,resources/data/patches_3rdparty/Exquis MPE/Strings/Ari Acoustic.fxp,contributor,752538,a4b9db4448f9215f05bc40d23d76ba53c42e8eb3,a4b9db4448f9215f05bc40d23d76ba53c42e8eb3,True,ok,,86,58914e59c608ed4384ba6002e44c3465c58b2e71,48000
849,resources/data/patches_3rdparty/Exquis MPE/Strings/Cello From Beyond.fxp,contributor,53211,add261399b0b2575a56fc737b6029b6fe714697e,add261399b0b2575a56fc737b6029b6fe714697e,True,ok,,10,58914e59c608ed4384ba6002e44c3465c58b2e71,48000
850,resources/data/patches_3rdparty/Exquis MPE/Strings/County.fxp,contributor,148274,bcf571ee35925b9dba772ea95fa6325e5f87991d,bcf571ee35925b9dba772ea95fa6325e5f87991d,True,ok,,16,58914e59c608ed4384ba6002e44c3465c58b2e71,48000
851,resources/data/patches_3rdparty/Exquis MPE/Strings/Ficelle.fxp,contributor,63559,8d05fa36946ee39356d87cf2fa51d0960022d579,8d05fa36946ee39356d87cf2fa51d0960022d579,True,ok,,8,58914e59c608ed4384ba6002e44c3465c58b2e71,48000
852,resources/data/patches_3rdparty/Exquis MPE/Strings/Gib's Solid Guitar.fxp,contributor,247180,29051486c7c9b9310296d107e3f8de11ce91fee0,29051486c7c9b9310296d107e3f8de11ce91fee0,True,ok,,32,58914e59c608ed4384ba6002e44c3465c58b2e71,48000
853,resources/data/patches_3rdparty/Exquis MPE/Strings/Huge Epic.fxp,contributor,39408,73535e5bdd1c05085c31eee0dc167d943d6959b4,73535e5bdd1c05085c31eee0dc167d943d6959b4,True,ok,,10,58914e59c608ed4384ba6002e44c3465c58b2e71,48000
854,resources/data/patches_3rdparty/Exquis MPE/Strings/Lost Cello.fxp,contributor,100667,642c788d599c3e897e8e1d0c0afa20096c3c8025,642c788d599c3e897e8e1d0c0afa20096c3c8025,True,ok,,8,58914e59c608ed4384ba6002e44c3465c58b2e71,48000
855,resources/data/patches_3rdparty/Exquis MPE/Strings/Mr Cloche.fxp,contributor,51203,48157a4592cc50c3e9af9cc698f4a67990b4b55c,48157a4592cc50c3e9af9cc698f4a67990b4b55c,True,ok,,3,58914e59c608ed4384ba6002e44c3465c58b2e71,48000
856,resources/data/patches_3rdparty/Exquis MPE/Strings/Physy Cello.fxp,contributor,158565,1c26f5264cca8dacf355142caba156bec687786a,1c26f5264cca8dacf355142caba156bec687786a,True,ok,,11,58914e59c608ed4384ba6002e44c3465c58b2e71,48000
857,resources/data/patches_3rdparty/Exquis MPE/Strings/Physy Contrabass.fxp,contributor,674603,3081422dcee9b8f65bdea784ad975b4a9f84ed00,3081422dcee9b8f65bdea784ad975b4a9f84ed00,True,ok,,152,58914e59c608ed4384ba6002e44c3465c58b2e71,48000
858,resources/data/patches_3rdparty/Exquis MPE/Strings/Physy Viola.fxp,contributor,144573,ffdbc693270b44bf7a440f3adf00c99d870031a5,ffdbc693270b44bf7a440f3adf00c99d870031a5,True,ok,,14,58914e59c608ed4384ba6002e44c3465c58b2e71,48000
859,resources/data/patches_3rdparty/Exquis MPE/Strings/Physy Violin.fxp,contributor,216082,db8e0ab6af18d923c4691f7a02d7f04bb54dc822,db8e0ab6af18d923c4691f7a02d7f04bb54dc822,True,ok,,32,58914e59c608ed4384ba6002e44c3465c58b2e71,48000
860,resources/data/patches_3rdparty/Exquis MPE/Strings/Rock.fxp,contributor,136061,5cf02de086aa01e4de8a5cb96ca76b69bbbcd688,5cf02de086aa01e4de8a5cb96ca76b69bbbcd688,True,ok,,11,58914e59c608ed4384ba6002e44c3465c58b2e71,48000
861,resources/data/patches_3rdparty/Exquis MPE/Strings/Strynth.fxp,contributor,44463,f8c9666992e671d8ee5761d76867890c4c75c4ce,f8c9666992e671d8ee5761d76867890c4c75c4ce,True,ok,,4,58914e59c608ed4384ba6002e44c3465c58b2e71,48000
862,resources/data/patches_3rdparty/Exquis MPE/Strings/Synfinite Strings.fxp,contributor,36010,e7d996a33995ecce952ca2c1d411bc195f9fa447,e7d996a33995ecce952ca2c1d411bc195f9fa447,True,ok,,3,58914e59c608ed4384ba6002e44c3465c58b2e71,48000
863,resources/data/patches_3rdparty/Exquis MPE/Winds/Endemik.fxp,contributor,37935,47002aeeb77302995a94cdb705b32ebd11a6255b,47002aeeb77302995a94cdb705b32ebd11a6255b,True,ok,,3,58914e59c608ed4384ba6002e44c3465c58b2e71,48000
864,resources/data/patches_3rdparty/Exquis MPE/Winds/Fil Flute Recorder.fxp,contributor,42301,2b8d14b5e0d708321afd1bd8f352435b288fe953,2b8d14b5e0d708321afd1bd8f352435b288fe953,True,ok,,3,58914e59c608ed4384ba6002e44c3465c58b2e71,48000
865,resources/data/patches_3rdparty/Exquis MPE/Winds/Pulp.fxp,contributor,108841,5a25ecff27e664b0cef753b9edbfa1f359369d1f,5a25ecff27e664b0cef753b9edbfa1f359369d1f,True,ok,,11,58914e59c608ed4384ba6002e44c3465c58b2e71,48000
866,resources/data/patches_3rdparty/Exquis MPE/Winds/Saxophonk.fxp,contributor,46741,869fff60abb9053316ee2074acc6e51a70ada5d9,869fff60abb9053316ee2074acc6e51a70ada5d9,True,ok,,6,58914e59c608ed4384ba6002e44c3465c58b2e71,48000
867,resources/data/patches_3rdparty/Exquis MPE/Winds/Scottish.fxp,contributor,330516,e3ecd16a6dd8f70d16996bb51408fbd38407e082,e3ecd16a6dd8f70d16996bb51408fbd38407e082,True,ok,,24,58914e59c608ed4384ba6002e44c3465c58b2e71,48000
868,resources/data/patches_3rdparty/Exquis MPE/Winds/Shakuhachi.fxp,contributor,70804,34987cc14a97af5bd859c015ba8acf76783f9467,34987cc14a97af5bd859c015ba8acf76783f9467,True,ok,,7,58914e59c608ed4384ba6002e44c3465c58b2e71,48000
869,resources/data/patches_3rdparty/Giana Brotherz/Basses/Black Swarm.fxp,contributor,37516,1d6b048a8859b24f535d13fde193ebfd8e41ef0c,1d6b048a8859b24f535d13fde193ebfd8e41ef0c,True,ok,,3,58914e59c608ed4384ba6002e44c3465c58b2e71,48000
870,resources/data/patches_3rdparty/Giana Brotherz/Basses/Dark Notch.fxp,contributor,31284,d5c958d19c7e2c948cdb2d69b9159fbebbf052cd,d5c958d19c7e2c948cdb2d69b9159fbebbf052cd,True,ok,,3,58914e59c608ed4384ba6002e44c3465c58b2e71,48000
871,resources/data/patches_3rdparty/Giana Brotherz/Basses/Dark Trancer.fxp,contributor,25045,004fdf5a0f0c39cfa3eeb1b27c7af8cf1002282d,004fdf5a0f0c39cfa3eeb1b27c7af8cf1002282d,True,ok,,3,58914e59c608ed4384ba6002e44c3465c58b2e71,48000
872,resources/data/patches_3rdparty/Giana Brotherz/Basses/Deep Jungler.fxp,contributor,48606,83a75c457b7fdd2341e241e25a890e47feebb299,83a75c457b7fdd2341e241e25a890e47feebb299,True,ok,,4,58914e59c608ed4384ba6002e44c3465c58b2e71,48000
873,resources/data/patches_3rdparty/Giana Brotherz/Basses/Distorro.fxp,contributor,24530,3bbfa73cd46ee8c6cb3a492a3d5c390e3c70a57e,3bbfa73cd46ee8c6cb3a492a3d5c390e3c70a57e,True,ok,,3,58914e59c608ed4384ba6002e44c3465c58b2e71,48000
874,resources/data/patches_3rdparty/Giana Brotherz/Basses/Dog.fxp,contributor,31511,ce6db92cd71d488879421dec9a7e1110119e0115,ce6db92cd71d488879421dec9a7e1110119e0115,True,ok,,5,58914e59c608ed4384ba6002e44c3465c58b2e71,48000
875,resources/data/patches_3rdparty/Giana Brotherz/Basses/Highpass Terror.fxp,contributor,30739,a87a4d83f3048e23e6cd6338147ae7aa72067af4,a87a4d83f3048e23e6cd6338147ae7aa72067af4,True,ok,,3,58914e59c608ed4384ba6002e44c3465c58b2e71,48000
876,resources/data/patches_3rdparty/Giana Brotherz/Basses/Hoovin' Spot.fxp,contributor,33451,54e188acc338864e7d7e77a30d2b4d4734b15863,54e188acc338864e7d7e77a30d2b4d4734b15863,True,ok,,3,58914e59c608ed4384ba6002e44c3465c58b2e71,48000
877,resources/data/patches_3rdparty/Giana Brotherz/Basses/Mid Band Diver.fxp,contributor,31393,18e32ab11df80a19990d00fb3f078b76abc299e7,18e32ab11df80a19990d00fb3f078b76abc299e7,True,ok,,4,58914e59c608ed4384ba6002e44c3465c58b2e71,48000
878,resources/data/patches_3rdparty/Giana Brotherz/Basses/Module Hunter.fxp,contributor,23466,78e52505faba3f3ea85914c2e40e2599f93c5735,78e52505faba3f3ea85914c2e40e2599f93c5735,True,ok,,4,58914e59c608ed4384ba6002e44c3465c58b2e71,48000
879,resources/data/patches_3rdparty/Giana Brotherz/Basses/Multisaw Ring.fxp,contributor,23452,9fd03ba0c85f08f82240aa7c5206652112121f5e,9fd03ba0c85f08f82240aa7c5206652112121f5e,True,ok,,2,58914e59c608ed4384ba6002e44c3465c58b2e71,48000
880,resources/data/patches_3rdparty/Giana Brotherz/Basses/Phasing Warp.fxp,contributor,31580,f8f408120d56f3d8acf6f4cafeddc074b445c89d,f8f408120d56f3d8acf6f4cafeddc074b445c89d,True,ok,,3,58914e59c608ed4384ba6002e44c3465c58b2e71,48000
881,resources/data/patches_3rdparty/Giana Brotherz/Basses/Rave Detuner.fxp,contributor,31289,32c244046bb3463bce47f6886d37ccca758d4892,32c244046bb3463bce47f6886d37ccca758d4892,True,ok,,2,58914e59c608ed4384ba6002e44c3465c58b2e71,48000
882,resources/data/patches_3rdparty/Giana Brotherz/Basses/Ring 'n' Shape.fxp,contributor,24014,0c6e6e89f52ab1206dbb8b4c22d39411486136e4,0c6e6e89f52ab1206dbb8b4c22d39411486136e4,True,ok,,5,58914e59c608ed4384ba6002e44c3465c58b2e71,48000
883,resources/data/patches_3rdparty/Giana Brotherz/Basses/Shaped Tri-Saw.fxp,contributor,39533,b612d436bc98796e1d3596f91c1edfaafb41fc3f,b612d436bc98796e1d3596f91c1edfaafb41fc3f,True,ok,,4,58914e59c608ed4384ba6002e44c3465c58b2e71,48000
884,resources/data/patches_3rdparty/Giana Brotherz/Basses/Sinus To Sinus.fxp,contributor,31115,0fea5e5ccf1b8438c2c4ac0613620327fa59eb20,0fea5e5ccf1b8438c2c4ac0613620327fa59eb20,True,ok,,4,58914e59c608ed4384ba6002e44c3465c58b2e71,48000
885,resources/data/patches_3rdparty/Giana Brotherz/Basses/Sirens and Fire.fxp,contributor,31578,ee2a850ead95bf80da1a691ff20762398f812393,ee2a850ead95bf80da1a691ff20762398f812393,True,ok,,3,58914e59c608ed4384ba6002e44c3465c58b2e71,48000
886,resources/data/patches_3rdparty/Giana Brotherz/Basses/Squeezy Chaos.fxp,contributor,32487,6e615d4ad84dfe49db9afcc56a1eaa77c6af97c8,6e615d4ad84dfe49db9afcc56a1eaa77c6af97c8,True,ok,,5,58914e59c608ed4384ba6002e44c3465c58b2e71,48000
887,resources/data/patches_3rdparty/Giana Brotherz/Basses/Swell Reece.fxp,contributor,31901,c76e941aa4b5f5e2af5241df8f8be6f591c396ff,c76e941aa4b5f5e2af5241df8f8be6f591c396ff,True,ok,,5,58914e59c608ed4384ba6002e44c3465c58b2e71,48000
888,resources/data/patches_3rdparty/Giana Brotherz/Basses/Tech Cabinet.fxp,contributor,32631,ac70343581b3606fdd34c63481df7ad941e94f0a,ac70343581b3606fdd34c63481df7ad941e94f0a,True,ok,,5,58914e59c608ed4384ba6002e44c3465c58b2e71,48000
889,resources/data/patches_3rdparty/Giana Brotherz/Basses/VA Experience.fxp,contributor,30496,3d790da67304375589e31e82815a0ce7a4090695,3d790da67304375589e31e82815a0ce7a4090695,True,ok,,5,58914e59c608ed4384ba6002e44c3465c58b2e71,48000
890,resources/data/patches_3rdparty/Giana Brotherz/Basses/Warm Square.fxp,contributor,32504,9b2ba6c6d1f2007720744bdb4bc977f508db827a,9b2ba6c6d1f2007720744bdb4bc977f508db827a,True,ok,,6,58914e59c608ed4384ba6002e44c3465c58b2e71,48000
891,resources/data/patches_3rdparty/Giana Brotherz/Basses/Wave Joke.fxp,contributor,64039,cca1d367fa502bb9c3c7e888bba9bf589440d458,cca1d367fa502bb9c3c7e888bba9bf589440d458,True,ok,,8,58914e59c608ed4384ba6002e44c3465c58b2e71,48000
892,resources/data/patches_3rdparty/Giana Brotherz/Basses/Wellblech.fxp,contributor,32026,126cb154dc65d45c76c3a5beec42bf124fa4c213,126cb154dc65d45c76c3a5beec42bf124fa4c213,True,ok,,9,58914e59c608ed4384ba6002e44c3465c58b2e71,48000
893,resources/data/patches_3rdparty/Giana Brotherz/Basses/Wobbler.fxp,contributor,39982,5ebcbd826795d07acab7bcc25f0fa253e5e9b61f,5ebcbd826795d07acab7bcc25f0fa253e5e9b61f,True,ok,,4,58914e59c608ed4384ba6002e44c3465c58b2e71,48000
894,resources/data/patches_3rdparty/Giana Brotherz/Basses/X0X Bassline.fxp,contributor,32513,2639d091ae2f8abe93038e4cd9a7eb86e8aadeaa,2639d091ae2f8abe93038e4cd9a7eb86e8aadeaa,True,ok,,2,58914e59c608ed4384ba6002e44c3465c58b2e71,48000
895,resources/data/patches_3rdparty/Giana Brotherz/Chords/5th Element.fxp,contributor,31865,d3d57e08b373880bc505f5a449eb48cb5712bb64,d3d57e08b373880bc505f5a449eb48cb5712bb64,True,ok,,5,58914e59c608ed4384ba6002e44c3465c58b2e71,48000
896,resources/data/patches_3rdparty/Giana Brotherz/Chords/Dual Ensemble.fxp,contributor,33253,62215eaa771a3225d4d90a3f2132e7d91a074814,62215eaa771a3225d4d90a3f2132e7d91a074814,True,ok,,3,58914e59c608ed4384ba6002e44c3465c58b2e71,48000
897,resources/data/patches_3rdparty/Giana Brotherz/Chords/Happy Old Vibe.fxp,contributor,228559,ca9acd92a271c960bbe9a344645ee09cd056cb0f,ca9acd92a271c960bbe9a344645ee09cd056cb0f,True,ok,,23,58914e59c608ed4384ba6002e44c3465c58b2e71,48000
898,resources/data/patches_3rdparty/Giana Brotherz/Chords/Inside The Place.fxp,contributor,31861,977670f97ed52fac07723592226b91a95798f910,977670f97ed52fac07723592226b91a95798f910,True,ok,,5,58914e59c608ed4384ba6002e44c3465c58b2e71,48000
899,resources/data/patches_3rdparty/Giana Brotherz/Chords/Minor Flag.fxp,contributor,77581,2eed8f4dfc0cbafbf0a91a4525726b9311f4c91e,2eed8f4dfc0cbafbf0a91a4525726b9311f4c91e,True,ok,,9,58914e59c608ed4384ba6002e44c3465c58b2e71,48000
900,resources/data/patches_3rdparty/Giana Brotherz/Chords/Minor Synth Piano.fxp,contributor,31767,d6e3f03c2b0db6696dd74b967bb2b248ecdf4eb0,d6e3f03c2b0db6696dd74b967bb2b248ecdf4eb0,True,ok,,4,58914e59c608ed4384ba6002e44c3465c58b2e71,48000
901,resources/data/patches_3rdparty/Giana Brotherz/Chords/Pluck Character.fxp,contributor,31858,5e3170bc52b12c0b7b4dcf188a1032a475c0ec6b,5e3170bc52b12c0b7b4dcf188a1032a475c0ec6b,True,ok,,7,58914e59c608ed4384ba6002e44c3465c58b2e71,48000
902,resources/data/patches_3rdparty/Giana Brotherz/Chords/Synth Stab Minor.fxp,contributor,77521,bf4ac565d8d1f6e554fb5f62498a402d47430a7d,bf4ac565d8d1f6e554fb5f62498a402d47430a7d,True,ok,,7,58914e59c608ed4384ba6002e44c3465c58b2e71,48000
903,resources/data/patches_3rdparty/Giana Brotherz/Chords/Unison Minority.fxp,contributor,77523,ea67998a857450ecfcca2d23b7f8c70381db39c5,ea67998a857450ecfcca2d23b7f8c70381db39c5,True,ok,,13,58914e59c608ed4384ba6002e44c3465c58b2e71,48000
904,resources/data/patches_3rdparty/Giana Brotherz/Chords/Visitor's Playground.fxp,contributor,31865,73e3f70362ee6d694fe35de2d27f384e4e43b090,73e3f70362ee6d694fe35de2d27f384e4e43b090,True,ok,,3,58914e59c608ed4384ba6002e44c3465c58b2e71,48000
905,resources/data/patches_3rdparty/Giana Brotherz/Drums/Bass Drum.fxp,contributor,23395,b00ab1fb17aaafb5ba2247ff4c8bafa31c0729fd,b00ab1fb17aaafb5ba2247ff4c8bafa31c0729fd,True,ok,,3,58914e59c608ed4384ba6002e44c3465c58b2e71,48000
906,resources/data/patches_3rdparty/Giana Brotherz/Drums/Clap.fxp,contributor,24179,f2eae85fc73f201b8e5f8a451732d3ac334ce0d1,f2eae85fc73f201b8e5f8a451732d3ac334ce0d1,True,ok,,2,58914e59c608ed4384ba6002e44c3465c58b2e71,48000
907,resources/data/patches_3rdparty/Giana Brotherz/Drums/Closed Hi-Hat.fxp,contributor,23345,60258ba783da4bd264bcf37386aae6a383b7b8e3,60258ba783da4bd264bcf37386aae6a383b7b8e3,True,ok,,2,58914e59c608ed4384ba6002e44c3465c58b2e71,48000
908,resources/data/patches_3rdparty/Giana Brotherz/Drums/Open Hi-Hat.fxp,contributor,23342,50c607757ea923526f2543ac0f99e277d98af4e0,50c607757ea923526f2543ac0f99e277d98af4e0,True,ok,,2,58914e59c608ed4384ba6002e44c3465c58b2e71,48000
909,resources/data/patches_3rdparty/Giana Brotherz/Drums/Snare.fxp,contributor,31789,c3e3c6a3aa3b0adf18079a807037903a199a3060,c3e3c6a3aa3b0adf18079a807037903a199a3060,True,ok,,3,58914e59c608ed4384ba6002e44c3465c58b2e71,48000
910,resources/data/patches_3rdparty/Giana Brotherz/Drums/Zap.fxp,contributor,23441,56169b0a200773511ea6b7ebe21f0e801865b0b1,56169b0a200773511ea6b7ebe21f0e801865b0b1,True,ok,,2,58914e59c608ed4384ba6002e44c3465c58b2e71,48000
911,resources/data/patches_3rdparty/Giana Brotherz/FX/1 2 3 Auf Die.fxp,contributor,72086,759c8eed349599920920a61ad1247d1822731175,759c8eed349599920920a61ad1247d1822731175,True,ok,,6,58914e59c608ed4384ba6002e44c3465c58b2e71,48000
912,resources/data/patches_3rdparty/Giana Brotherz/FX/Alien Appears.fxp,contributor,24390,6febbaccecf81ffe4ba27debdba0290c40e5eb07,6febbaccecf81ffe4ba27debdba0290c40e5eb07,True,ok,,2,58914e59c608ed4384ba6002e44c3465c58b2e71,48000
913,resources/data/patches_3rdparty/Giana Brotherz/FX/Anomaly.fxp,contributor,40959,1db1ba5ae696233a6dd3d3a060f099f0045b9bdf,1db1ba5ae696233a6dd3d3a060f099f0045b9bdf,True,ok,,4,58914e59c608ed4384ba6002e44c3465c58b2e71,48000
914,resources/data/patches_3rdparty/Giana Brotherz/FX/Elf Steps.fxp,contributor,115506,eb831be4ae71c6d263de03c4c81d69478ff46e64,eb831be4ae71c6d263de03c4c81d69478ff46e64,True,ok,,9,58914e59c608ed4384ba6002e44c3465c58b2e71,48000
915,resources/data/patches_3rdparty/Giana Brotherz/FX/Industry Facility.fxp,contributor,73460,bf715e10ecf1afb453d6bc0269a627d84d6b4dbe,bf715e10ecf1afb453d6bc0269a627d84d6b4dbe,True,ok,,6,58914e59c608ed4384ba6002e44c3465c58b2e71,48000
916,resources/data/patches_3rdparty/Giana Brotherz/FX/Machine Room.fxp,contributor,82823,341c1e6b2501a28d3bea650b0c6489e4350f4e6a,341c1e6b2501a28d3bea650b0c6489e4350f4e6a,True,ok,,7,58914e59c608ed4384ba6002e44c3465c58b2e71,48000
917,resources/data/patches_3rdparty/Giana Brotherz/FX/Mystery Hole.fxp,contributor,89569,dbabc97d958bde957add5a28c59d4a3a75972348,dbabc97d958bde957add5a28c59d4a3a75972348,True,ok,,6,58914e59c608ed4384ba6002e44c3465c58b2e71,48000
918,resources/data/patches_3rdparty/Giana Brotherz/FX/Outside Planet.fxp,contributor,40846,8014c6db35370736c46e59e95f827c9212d96db7,8014c6db35370736c46e59e95f827c9212d96db7,True,ok,,4,58914e59c608ed4384ba6002e44c3465c58b2e71,48000
919,resources/data/patches_3rdparty/Giana Brotherz/FX/Pitch Up Drop 1.fxp,contributor,33096,f5f2e05515cce15b01fedaa97fee8bf42b46f58b,f5f2e05515cce15b01fedaa97fee8bf42b46f58b,True,ok,,3,58914e59c608ed4384ba6002e44c3465c58b2e71,48000
920,resources/data/patches_3rdparty/Giana Brotherz/FX/Pitch Up Drop 2.fxp,contributor,33471,00f8e033076a01a0d86eecb875049ccba53d8350,00f8e033076a01a0d86eecb875049ccba53d8350,True,ok,,3,58914e59c608ed4384ba6002e44c3465c58b2e71,48000
921,resources/data/patches_3rdparty/Giana Brotherz/FX/R2D2.fxp,contributor,24862,cf4681868a501e872613cf0f12a8d6eb104b4563,cf4681868a501e872613cf0f12a8d6eb104b4563,True,ok,,3,58914e59c608ed4384ba6002e44c3465c58b2e71,48000
922,resources/data/patches_3rdparty/Giana Brotherz/FX/Stream Sparkle.fxp,contributor,146084,0e096ac56dc65de7e0687f6c7f61951bace3b73f,0e096ac56dc65de7e0687f6c7f61951bace3b73f,True,ok,,11,58914e59c608ed4384ba6002e44c3465c58b2e71,48000
923,resources/data/patches_3rdparty/Giana Brotherz/FX/Weird Bells.fxp,contributor,82810,5fe2b8c903408beaa59c6510010227574c3ac5a1,5fe2b8c903408beaa59c6510010227574c3ac5a1,True,ok,,8,58914e59c608ed4384ba6002e44c3465c58b2e71,48000
924,resources/data/patches_3rdparty/Giana Brotherz/Keys/Funny Dub.fxp,contributor,54944,ad6504d139fdf4e52252d9eeebdd1dae906d22b2,ad6504d139fdf4e52252d9eeebdd1dae906d22b2,True,ok,,6,58914e59c608ed4384ba6002e44c3465c58b2e71,48000
925,resources/data/patches_3rdparty/Giana Brotherz/Keys/Glass Tick.fxp,contributor,40321,cb9ce54a341d74bc81a3d24a0da5b9b94d22d1e6,cb9ce54a341d74bc81a3d24a0da5b9b94d22d1e6,True,ok,,3,58914e59c608ed4384ba6002e44c3465c58b2e71,48000
926,resources/data/patches_3rdparty/Giana Brotherz/Keys/Glassy E-Piano.fxp,contributor,71292,44a5ef8119f78d43cb26c1232b69727a9343dac3,44a5ef8119f78d43cb26c1232b69727a9343dac3,True,ok,,6,58914e59c608ed4384ba6002e44c3465c58b2e71,48000
927,resources/data/patches_3rdparty/Giana Brotherz/Keys/Glockenmorph.fxp,contributor,56018,5def88c2b74d378832f4b09f942a58b8bbf8ea32,5def88c2b74d378832f4b09f942a58b8bbf8ea32,True,ok,,6,58914e59c608ed4384ba6002e44c3465c58b2e71,48000
928,resources/data/patches_3rdparty/Giana Brotherz/Keys/Harmonic Ring.fxp,contributor,23769,13cd8f33be75855bb77f43bef3ed89ead9eb7b89,13cd8f33be75855bb77f43bef3ed89ead9eb7b89,True,ok,,4,58914e59c608ed4384ba6002e44c3465c58b2e71,48000
929,resources/data/patches_3rdparty/Giana Brotherz/Keys/Moody Piano.fxp,contributor,31910,b94f403c6254a875d8db2aed11621b76a5f68b9b,b94f403c6254a875d8db2aed11621b76a5f68b9b,True,ok,,3,58914e59c608ed4384ba6002e44c3465c58b2e71,48000
930,resources/data/patches_3rdparty/Giana Brotherz/Keys/Ring Piano.fxp,contributor,38861,663460bf400df63da26a696507992faa46382e35,663460bf400df63da26a696507992faa46382e35,True,ok,,4,58914e59c608ed4384ba6002e44c3465c58b2e71,48000
931,resources/data/patches_3rdparty/Giana Brotherz/Keys/Sin Ring.fxp,contributor,23892,3d46df3a2a0cd7ab6fe91ad64365cd48ba276797,3d46df3a2a0cd7ab6fe91ad64365cd48ba276797,True,ok,,2,58914e59c608ed4384ba6002e44c3465c58b2e71,48000
932,resources/data/patches_3rdparty/Giana Brotherz/Keys/Table Morph.fxp,contributor,56108,14f4cb8c86b09cd08a71eeb2f9a3d97205e71b21,14f4cb8c86b09cd08a71eeb2f9a3d97205e71b21,True,ok,,6,58914e59c608ed4384ba6002e44c3465c58b2e71,48000
933,resources/data/patches_3rdparty/Giana Brotherz/Keys/Tri Meets Saw.fxp,contributor,39024,a1f3324d84dc20bb0a47b9f6e13d8cb88e751eab,a1f3324d84dc20bb0a47b9f6e13d8cb88e751eab,True,ok,,5,58914e59c608ed4384ba6002e44c3465c58b2e71,48000
934,resources/data/patches_3rdparty/Giana Brotherz/Keys/Vintage Boost.fxp,contributor,71300,0b4fa2be570e8c605088de0a52b9f969702017d9,0b4fa2be570e8c605088de0a52b9f969702017d9,True,ok,,7,58914e59c608ed4384ba6002e44c3465c58b2e71,48000
935,resources/data/patches_3rdparty/Giana Brotherz/Leads/Background Sweep.fxp,contributor,47871,05adc495631a4e4482cc374be62b254c979864c8,05adc495631a4e4482cc374be62b254c979864c8,True,ok,,4,58914e59c608ed4384ba6002e44c3465c58b2e71,48000
936,resources/data/patches_3rdparty/Giana Brotherz/Leads/Crisp Cross.fxp,contributor,34228,cf6036b71c96a2fb3197f7646d1147b19fcb0ec9,cf6036b71c96a2fb3197f7646d1147b19fcb0ec9,True,ok,,6,58914e59c608ed4384ba6002e44c3465c58b2e71,48000
937,resources/data/patches_3rdparty/Giana Brotherz/Leads/Cut Through.fxp,contributor,30971,39a9e3b39177e439d3cb3aea1ae4f5e71532ab78,39a9e3b39177e439d3cb3aea1ae4f5e71532ab78,True,ok,,3,58914e59c608ed4384ba6002e44c3465c58b2e71,48000
938,resources/data/patches_3rdparty/Giana Brotherz/Leads/Formant Tables.fxp,contributor,92910,99395fd5b7c7cd7b2113b00ec8ef0d19d536fc0d,99395fd5b7c7cd7b2113b00ec8ef0d19d536fc0d,True,ok,,7,58914e59c608ed4384ba6002e44c3465c58b2e71,48000
939,resources/data/patches_3rdparty/Giana Brotherz/Leads/Frag 7th Syn.fxp,contributor,33861,8ae57a1e5a295db3dc21518c21ce1d806e1fcbbc,8ae57a1e5a295db3dc21518c21ce1d806e1fcbbc,True,ok,,7,58914e59c608ed4384ba6002e44c3465c58b2e71,48000
940,resources/data/patches_3rdparty/Giana Brotherz/Leads/Future Sax.fxp,contributor,28372,b60d94e668791100c9b61923c24561a5b8285d67,b60d94e668791100c9b61923c24561a5b8285d67,True,ok,,3,58914e59c608ed4384ba6002e44c3465c58b2e71,48000
941,resources/data/patches_3rdparty/Giana Brotherz/Leads/Guitar Vibe.fxp,contributor,31360,b89fae90ee9a8bac8ee6892d45a67ad3216cca9c,b89fae90ee9a8bac8ee6892d45a67ad3216cca9c,True,ok,,4,58914e59c608ed4384ba6002e44c3465c58b2e71,48000
942,resources/data/patches_3rdparty/Giana Brotherz/Leads/House Vibe.fxp,contributor,45710,b6f2a23fc30b595365e13bb3b99af793d8735ffd,b6f2a23fc30b595365e13bb3b99af793d8735ffd,True,ok,,6,58914e59c608ed4384ba6002e44c3465c58b2e71,48000
943,resources/data/patches_3rdparty/Giana Brotherz/Leads/Mechanic Unison.fxp,contributor,30413,44823c38ca281c7f35670ed2231b336889e1eeaa,44823c38ca281c7f35670ed2231b336889e1eeaa,True,ok,,3,58914e59c608ed4384ba6002e44c3465c58b2e71,48000
944,resources/data/patches_3rdparty/Giana Brotherz/Leads/Ravin' Stalker.fxp,contributor,24016,ac7fb71fb1c37245c2ab32dc46c5743718698ee6,ac7fb71fb1c37245c2ab32dc46c5743718698ee6,True,ok,,2,58914e59c608ed4384ba6002e44c3465c58b2e71,48000
945,resources/data/patches_3rdparty/Giana Brotherz/Leads/Saw Rings.fxp,contributor,31655,057cbd52d57e2ba4f1c82bff057d9a58bb4e1c75,057cbd52d57e2ba4f1c82bff057d9a58bb4e1c75,True,ok,,3,58914e59c608ed4384ba6002e44c3465c58b2e71,48000
946,resources/data/patches_3rdparty/Giana Brotherz/Leads/Squary Sync.fxp,contributor,23957,379fd5ec542a0fde33a689aeafdecb133597edf7,379fd5ec542a0fde33a689aeafdecb133597edf7,True,ok,,3,58914e59c608ed4384ba6002e44c3465c58b2e71,48000
947,resources/data/patches_3rdparty/Giana Brotherz/Leads/Street Parade.fxp,contributor,31855,4c5947ea831934322ad01e0d8df4ad0cb716a368,4c5947ea831934322ad01e0d8df4ad0cb716a368,True,ok,,2,58914e59c608ed4384ba6002e44c3465c58b2e71,48000
948,resources/data/patches_3rdparty/Giana Brotherz/Leads/Synth Surfer.fxp,contributor,31309,70dada740465e0d7dfa8a24d4d68b3b3282046f4,70dada740465e0d7dfa8a24d4d68b3b3282046f4,True,ok,,3,58914e59c608ed4384ba6002e44c3465c58b2e71,48000
949,resources/data/patches_3rdparty/Giana Brotherz/Leads/Tech Ring.fxp,contributor,31160,107d6a41016c9cfcb2fb3491045c260cc677f2c9,107d6a41016c9cfcb2fb3491045c260cc677f2c9,True,ok,,3,58914e59c608ed4384ba6002e44c3465c58b2e71,48000
950,resources/data/patches_3rdparty/Giana Brotherz/Leads/Under The Tomb.fxp,contributor,31693,b52ddc4e4dabcfb599f2a6788784fe1d01b45b1e,b52ddc4e4dabcfb599f2a6788784fe1d01b45b1e,True,ok,,3,58914e59c608ed4384ba6002e44c3465c58b2e71,48000
951,resources/data/patches_3rdparty/Giana Brotherz/Leads/Wave Arp.fxp,contributor,71863,7d0563a5b2f755cb63cf98a539bcf2954bd74ee6,7d0563a5b2f755cb63cf98a539bcf2954bd74ee6,True,ok,,94,58914e59c608ed4384ba6002e44c3465c58b2e71,48000
952,resources/data/patches_3rdparty/Giana Brotherz/Organs/Charmy Organ.fxp,contributor,72657,90cdbd44b70ab5f67f22647c6ec6f29b6816a9dc,90cdbd44b70ab5f67f22647c6ec6f29b6816a9dc,True,ok,,6,58914e59c608ed4384ba6002e44c3465c58b2e71,48000
953,resources/data/patches_3rdparty/Giana Brotherz/Organs/Deep Houser.fxp,contributor,76102,48342a0e3600c4e301e9cf8da164ebcfeedff815,48342a0e3600c4e301e9cf8da164ebcfeedff815,True,ok,,6,58914e59c608ed4384ba6002e44c3465c58b2e71,48000
954,resources/data/patches_3rdparty/Giana Brotherz/Organs/Draft Card.fxp,contributor,55655,076eb9885df972f17e6049cff08e9872154496b6,076eb9885df972f17e6049cff08e9872154496b6,True,ok,,5,58914e59c608ed4384ba6002e44c3465c58b2e71,48000
955,resources/data/patches_3rdparty/Giana Brotherz/Organs/Hammond's Hall.fxp,contributor,28671,ed811c7e59326b305a5051403e6d8ed821d49c67,ed811c7e59326b305a5051403e6d8ed821d49c67,True,ok,,3,58914e59c608ed4384ba6002e44c3465c58b2e71,48000
956,resources/data/patches_3rdparty/Giana Brotherz/Organs/Late Night.fxp,contributor,49800,123e9f7d8e9546690f98297ca65e3172ffbf0cc0,123e9f7d8e9546690f98297ca65e3172ffbf0cc0,True,ok,,8,58914e59c608ed4384ba6002e44c3465c58b2e71,48000
957,resources/data/patches_3rdparty/Giana Brotherz/Organs/Liquid Steel.fxp,contributor,70817,e7f1b7e98952a7457942263a26ec9bd7280d72ac,e7f1b7e98952a7457942263a26ec9bd7280d72ac,True,ok,,8,58914e59c608ed4384ba6002e44c3465c58b2e71,48000
958,resources/data/patches_3rdparty/Giana Brotherz/Organs/Lot Of Drawbars.fxp,contributor,59303,5c93de3b86d63ac06ece752b918ff35e58d705c1,5c93de3b86d63ac06ece752b918ff35e58d705c1,True,ok,,10,58914e59c608ed4384ba6002e44c3465c58b2e71,48000
959,resources/data/patches_3rdparty/Giana Brotherz/Organs/Morph Magic.fxp,contributor,55809,e02281ff9ee80ad081b08cd4daa18f59cb0b154b,e02281ff9ee80ad081b08cd4daa18f59cb0b154b,True,ok,,12,58914e59c608ed4384ba6002e44c3465c58b2e71,48000
960,resources/data/patches_3rdparty/Giana Brotherz/Organs/Wanna B3.fxp,contributor,70700,7c1c27ba65aeeb158555dc5af41a23dd9846eadd,7c1c27ba65aeeb158555dc5af41a23dd9846eadd,True,ok,,7,58914e59c608ed4384ba6002e44c3465c58b2e71,48000
961,resources/data/patches_3rdparty/Giana Brotherz/Pads/Back Texture.fxp,contributor,90486,cc40fb1b27916e926286bc5aa78e6694914e600d,cc40fb1b27916e926286bc5aa78e6694914e600d,True,ok,,10,58914e59c608ed4384ba6002e44c3465c58b2e71,48000
962,resources/data/patches_3rdparty/Giana Brotherz/Pads/Breath Of China.fxp,contributor,29109,0cce0868d7a36764a47cceda539fc70e3d4dbefb,0cce0868d7a36764a47cceda539fc70e3d4dbefb,True,ok,,4,58914e59c608ed4384ba6002e44c3465c58b2e71,48000
963,resources/data/patches_3rdparty/Giana Brotherz/Pads/Changing Sines.fxp,contributor,145348,311f6a593a78b5b685341b73758fb506e74422f6,311f6a593a78b5b685341b73758fb506e74422f6,True,ok,,10,58914e59c608ed4384ba6002e44c3465c58b2e71,48000
964,resources/data/patches_3rdparty/Giana Brotherz/Pads/Chorbells.fxp,contributor,71673,7a10bb8118532be318323d246d70235280931d6f,7a10bb8118532be318323d246d70235280931d6f,True,ok,,6,58914e59c608ed4384ba6002e44c3465c58b2e71,48000
965,resources/data/patches_3rdparty/Giana Brotherz/Pads/Cyborg Texture.fxp,contributor,74855,95f896f8af5bb8c96b30361bbb0b24e1d0c4655a,95f896f8af5bb8c96b30361bbb0b24e1d0c4655a,True,ok,,7,58914e59c608ed4384ba6002e44c3465c58b2e71,48000
966,resources/data/patches_3rdparty/Giana Brotherz/Pads/Dark Whisper.fxp,contributor,75832,c6087485464ed72f57e4374b1695db463c83e411,c6087485464ed72f57e4374b1695db463c83e411,True,ok,,7,58914e59c608ed4384ba6002e44c3465c58b2e71,48000
967,resources/data/patches_3rdparty/Giana Brotherz/Pads/Deep Choir.fxp,contributor,146021,4d936f706f90b5c9c6e28776a557a696a61ad742,4d936f706f90b5c9c6e28776a557a696a61ad742,True,ok,,12,58914e59c608ed4384ba6002e44c3465c58b2e71,48000
968,resources/data/patches_3rdparty/Giana Brotherz/Pads/Digitized Choir.fxp,contributor,29248,7ce28079a9231fe17dc82c0b18e44f456bb976ff,7ce28079a9231fe17dc82c0b18e44f456bb976ff,True,ok,,4,58914e59c608ed4384ba6002e44c3465c58b2e71,48000
969,resources/data/patches_3rdparty/Giana Brotherz/Pads/Dub Choir.fxp,contributor,31620,8b09f8abf1a4f2f0ea1ba886f9fea38cf0486eac,8b09f8abf1a4f2f0ea1ba886f9fea38cf0486eac,True,ok,,5,58914e59c608ed4384ba6002e44c3465c58b2e71,48000
970,resources/data/patches_3rdparty/Giana Brotherz/Pads/Electric City.fxp,contributor,40225,4a3b52525307fd6a95e95b35de593aa17907734d,4a3b52525307fd6a95e95b35de593aa17907734d,True,ok,,3,58914e59c608ed4384ba6002e44c3465c58b2e71,48000
971,resources/data/patches_3rdparty/Giana Brotherz/Pads/Horizon Opens.fxp,contributor,27994,6abe71afdf6a180aa49983244b3943feb6b31b17,6abe71afdf6a180aa49983244b3943feb6b31b17,True,ok,,2,58914e59c608ed4384ba6002e44c3465c58b2e71,48000
972,resources/data/patches_3rdparty/Giana Brotherz/Pads/Moon and Water.fxp,contributor,76065,8ceac48f3550ff23978abc9c8cd553c31964cbf8,8ceac48f3550ff23978abc9c8cd553c31964cbf8,True,ok,,8,58914e59c608ed4384ba6002e44c3465c58b2e71,48000
973,resources/data/patches_3rdparty/Giana Brotherz/Pads/OAH Choir.fxp,contributor,58048,6f824bfd1bf1a3e610b30e5d22283d6979798458,6f824bfd1bf1a3e610b30e5d22283d6979798458,True,ok,,7,58914e59c608ed4384ba6002e44c3465c58b2e71,48000
974,resources/data/patches_3rdparty/Giana Brotherz/Pads/Organaut.fxp,contributor,162239,52f0662711564485764d3a76a02f53eb56aacf28,52f0662711564485764d3a76a02f53eb56aacf28,True,ok,,16,58914e59c608ed4384ba6002e44c3465c58b2e71,48000
975,resources/data/patches_3rdparty/Giana Brotherz/Pads/Sci-Fi Church.fxp,contributor,30526,7ae3538e0f47e530d4f306047aa22249a9dc8f00,7ae3538e0f47e530d4f306047aa22249a9dc8f00,True,ok,,3,58914e59c608ed4384ba6002e44c3465c58b2e71,48000
976,resources/data/patches_3rdparty/Giana Brotherz/Pads/Sun Rising.fxp,contributor,28841,a2bf13a8bb20122d3db5e8338f85fe8090827401,a2bf13a8bb20122d3db5e8338f85fe8090827401,True,ok,,6,58914e59c608ed4384ba6002e44c3465c58b2e71,48000
977,resources/data/patches_3rdparty/Giana Brotherz/Pads/Time Shift.fxp,contributor,67082,8544be1dee7a70448902a23eb9323804af57fcaa,8544be1dee7a70448902a23eb9323804af57fcaa,True,ok,,6,58914e59c608ed4384ba6002e44c3465c58b2e71,48000
978,resources/data/patches_3rdparty/Giana Brotherz/Pads/Vocodarian.fxp,contributor,254386,89baca50261ce999aa1f70ca0f68750030fe0dfe,89baca50261ce999aa1f70ca0f68750030fe0dfe,True,ok,,21,58914e59c608ed4384ba6002e44c3465c58b2e71,48000
979,resources/data/patches_3rdparty/Giana Brotherz/Pads/Wide Vibrations.fxp,contributor,25003,f004b97dd7b5be5ff764db824f00dc92f87ba9fa,f004b97dd7b5be5ff764db824f00dc92f87ba9fa,True,ok,,2,58914e59c608ed4384ba6002e44c3465c58b2e71,48000
980,resources/data/patches_3rdparty/Giana Brotherz/Pads/Wood Walk.fxp,contributor,144130,854d9ad278bd72937378dfc0d5c957f2ba8f2685,854d9ad278bd72937378dfc0d5c957f2ba8f2685,True,ok,,13,58914e59c608ed4384ba6002e44c3465c58b2e71,48000
981,resources/data/patches_3rdparty/Giana Brotherz/Rhythms/Alarm Reese.fxp,contributor,41878,b2c1ca1f4085ddd21b3f867bdd5431a73220240b,b2c1ca1f4085ddd21b3f867bdd5431a73220240b,True,ok,,5,58914e59c608ed4384ba6002e44c3465c58b2e71,48000
982,resources/data/patches_3rdparty/Giana Brotherz/Rhythms/Bellchordian.fxp,contributor,122393,0598554a898d6719ef836aa51cf0e5ef1492683b,0598554a898d6719ef836aa51cf0e5ef1492683b,True,ok,,12,58914e59c608ed4384ba6002e44c3465c58b2e71,48000
983,resources/data/patches_3rdparty/Giana Brotherz/Rhythms/Bellistic.fxp,contributor,60831,4b116eec385c93c937137d9b8691f77e1984ddc2,4b116eec385c93c937137d9b8691f77e1984ddc2,True,ok,,8,58914e59c608ed4384ba6002e44c3465c58b2e71,48000
984,resources/data/patches_3rdparty/Giana Brotherz/Rhythms/Hard Hacked.fxp,contributor,71723,4f8132f665ce11ff97c57fddf1268a6fe4071208,4f8132f665ce11ff97c57fddf1268a6fe4071208,True,ok,,8,58914e59c608ed4384ba6002e44c3465c58b2e71,48000
985,resources/data/patches_3rdparty/Giana Brotherz/Rhythms/Mellow On Sync.fxp,contributor,31528,7c496061831e8263e24f68ee016c42f91efa0538,7c496061831e8263e24f68ee016c42f91efa0538,True,ok,,2,58914e59c608ed4384ba6002e44c3465c58b2e71,48000
986,resources/data/patches_3rdparty/Giana Brotherz/Rhythms/Reeseliner.fxp,contributor,32085,4a727d6527cb6d0738e4d38ca4db4425048d1fb3,4a727d6527cb6d0738e4d38ca4db4425048d1fb3,True,ok,,3,58914e59c608ed4384ba6002e44c3465c58b2e71,48000
987,resources/data/patches_3rdparty/Giana Brotherz/Rhythms/Sine Hammer.fxp,contributor,34304,bd017106743f59803b24e5c44211906aedae76ee,bd017106743f59803b24e5c44211906aedae76ee,True,ok,,4,58914e59c608ed4384ba6002e44c3465c58b2e71,48000
988,resources/data/patches_3rdparty/Giana Brotherz/Rhythms/Staccato Mellow.fxp,contributor,25052,f72d4c9f17bb569a4067ffef29df4f2ed33c12fe,f72d4c9f17bb569a4067ffef29df4f2ed33c12fe,True,ok,,4,58914e59c608ed4384ba6002e44c3465c58b2e71,48000
989,resources/data/patches_3rdparty/Giana Brotherz/Rhythms/Trance Ground.fxp,contributor,34053,dc8f64feee3c98460256ee03636ece4c79dd30ac,dc8f64feee3c98460256ee03636ece4c79dd30ac,True,ok,,4,58914e59c608ed4384ba6002e44c3465c58b2e71,48000
990,resources/data/patches_3rdparty/Giana Brotherz/Rhythms/Tubularity.fxp,contributor,72465,5fdce6a879a0641296dd0fb1cb8326cb1dda350d,5fdce6a879a0641296dd0fb1cb8326cb1dda350d,True,ok,,6,58914e59c608ed4384ba6002e44c3465c58b2e71,48000
991,resources/data/patches_3rdparty/Giana Brotherz/Rhythms/Unison Retrigger.fxp,contributor,31912,4044bf087c2b1685a93a447bac23a834fbc02d98,4044bf087c2b1685a93a447bac23a834fbc02d98,True,ok,,3,58914e59c608ed4384ba6002e44c3465c58b2e71,48000
992,resources/data/patches_3rdparty/Giana Brotherz/Winds/Clarinet.fxp,contributor,40479,deec06d3addb66a7684aa397e501d197b117422e,deec06d3addb66a7684aa397e501d197b117422e,True,ok,,3,58914e59c608ed4384ba6002e44c3465c58b2e71,48000
993,resources/data/patches_3rdparty/Giana Brotherz/Winds/Flute.fxp,contributor,44269,aa46a563930125bad2b58685916abe8490f1a14d,aa46a563930125bad2b58685916abe8490f1a14d,True,ok,,4,58914e59c608ed4384ba6002e44c3465c58b2e71,48000
994,resources/data/patches_3rdparty/Giana Brotherz/Winds/Horns.fxp,contributor,34989,c33c18b525d09c35d413168bfa5b1aaf5c71f0d9,c33c18b525d09c35d413168bfa5b1aaf5c71f0d9,True,ok,,3,58914e59c608ed4384ba6002e44c3465c58b2e71,48000
995,resources/data/patches_3rdparty/Giana Brotherz/Winds/Oboe.fxp,contributor,87271,315b6ea3872201ff8053dc655adacb18fa603d5b,315b6ea3872201ff8053dc655adacb18fa603d5b,True,ok,,7,58914e59c608ed4384ba6002e44c3465c58b2e71,48000
996,resources/data/patches_3rdparty/Giana Brotherz/Winds/Trumpet.fxp,contributor,33514,2707d19256f70a24268448639556a6b3b95b8c06,2707d19256f70a24268448639556a6b3b95b8c06,True,ok,,3,58914e59c608ed4384ba6002e44c3465c58b2e71,48000
997,resources/data/patches_3rdparty/Inigo Kennedy/Atmospheres/Alone.fxp,contributor,35292,9b8b3d8d31426ea9c7d35ca1991e48378d9d5489,9b8b3d8d31426ea9c7d35ca1991e48378d9d5489,True,ok,,4,58914e59c608ed4384ba6002e44c3465c58b2e71,48000
998,resources/data/patches_3rdparty/Inigo Kennedy/Atmospheres/Autumn 2.fxp,contributor,61741,7a86ee1242e973d08edb0554bcbe46bb7dd01954,7a86ee1242e973d08edb0554bcbe46bb7dd01954,True,ok,,6,58914e59c608ed4384ba6002e44c3465c58b2e71,48000
999,resources/data/patches_3rdparty/Inigo Kennedy/Atmospheres/Beautiful Thoughts 1.fxp,contributor,49017,433cca65e132ec9c2cbe097ebbb47dd4d0fb2545,433cca65e132ec9c2cbe097ebbb47dd4d0fb2545,True,ok,,5,58914e59c608ed4384ba6002e44c3465c58b2e71,48000
1000,resources/data/patches_3rdparty/Inigo Kennedy/Atmospheres/Beautiful Thoughts 2.fxp,contributor,57246,13fa4e0278686d290c2b89bd66bff959dab08f9c,13fa4e0278686d290c2b89bd66bff959dab08f9c,True,ok,,5,58914e59c608ed4384ba6002e44c3465c58b2e71,48000
1001,resources/data/patches_3rdparty/Inigo Kennedy/Atmospheres/Bell Cave.fxp,contributor,24785,687f1281e90d329f39c9153f2bdc47e0863a52b5,687f1281e90d329f39c9153f2bdc47e0863a52b5,True,ok,,2,58914e59c608ed4384ba6002e44c3465c58b2e71,48000
1002,resources/data/patches_3rdparty/Inigo Kennedy/Atmospheres/Bloody Valentine.fxp,contributor,25198,f369e296fa16ac71026dc63347e43db3ed94bd99,f369e296fa16ac71026dc63347e43db3ed94bd99,True,ok,,2,58914e59c608ed4384ba6002e44c3465c58b2e71,48000
1003,resources/data/patches_3rdparty/Inigo Kennedy/Atmospheres/Dark Bell.fxp,contributor,44366,9124fba486b2225b52e8949083ff9decfa6e0616,9124fba486b2225b52e8949083ff9decfa6e0616,True,ok,,3,58914e59c608ed4384ba6002e44c3465c58b2e71,48000
1004,resources/data/patches_3rdparty/Inigo Kennedy/Atmospheres/Deep Space 4.fxp,contributor,27898,9e9e4e933e6604a1f74616d8a13dd86d919ad329,9e9e4e933e6604a1f74616d8a13dd86d919ad329,True,ok,,3,58914e59c608ed4384ba6002e44c3465c58b2e71,48000
1005,resources/data/patches_3rdparty/Inigo Kennedy/Atmospheres/Deep Space 5.fxp,contributor,29504,b68392714d14ee2ed69f29df8c2f3532fe1977d0,b68392714d14ee2ed69f29df8c2f3532fe1977d0,True,ok,,3,58914e59c608ed4384ba6002e44c3465c58b2e71,48000
1006,resources/data/patches_3rdparty/Inigo Kennedy/Atmospheres/Disturbances.fxp,contributor,48742,a49b09353cdd657a8ae1c2e04f17c14408ff9549,a49b09353cdd657a8ae1c2e04f17c14408ff9549,True,ok,,4,58914e59c608ed4384ba6002e44c3465c58b2e71,48000
1007,resources/data/patches_3rdparty/Inigo Kennedy/Atmospheres/Fragile 3.fxp,contributor,52809,60293d24dc8174242d39cc7363034621f847bfb5,60293d24dc8174242d39cc7363034621f847bfb5,True,ok,,4,58914e59c608ed4384ba6002e44c3465c58b2e71,48000
1008,resources/data/patches_3rdparty/Inigo Kennedy/Atmospheres/Fragile 4.fxp,contributor,61003,bc042ddcb46a6b39e8bc534ba08e2ef8719d5047,bc042ddcb46a6b39e8bc534ba08e2ef8719d5047,True,ok,,5,58914e59c608ed4384ba6002e44c3465c58b2e71,48000
1009,resources/data/patches_3rdparty/Inigo Kennedy/Atmospheres/Fragile 5.fxp,contributor,25023,ec5417d3dacb92ddcbaac6575e20150a931bab03,ec5417d3dacb92ddcbaac6575e20150a931bab03,True,ok,,3,58914e59c608ed4384ba6002e44c3465c58b2e71,48000
1010,resources/data/patches_3rdparty/Inigo Kennedy/Atmospheres/Fragile 6.fxp,contributor,26224,5f82464fdbac474004d9b8fb9a8d3ade1520b9b6,5f82464fdbac474004d9b8fb9a8d3ade1520b9b6,True,ok,,3,58914e59c608ed4384ba6002e44c3465c58b2e71,48000
1011,resources/data/patches_3rdparty/Inigo Kennedy/Atmospheres/Fragile 7.fxp,contributor,52758,5b4a030ebccc76386ab9b84a285e9529712a553a,5b4a030ebccc76386ab9b84a285e9529712a553a,True,ok,,5,58914e59c608ed4384ba6002e44c3465c58b2e71,48000
1012,resources/data/patches_3rdparty/Inigo Kennedy/Atmospheres/Further 2.fxp,contributor,25159,75e401e11bced492e615ba36a929fb27c3aa17ee,75e401e11bced492e615ba36a929fb27c3aa17ee,True,ok,,46,58914e59c608ed4384ba6002e44c3465c58b2e71,48000
1013,resources/data/patches_3rdparty/Inigo Kennedy/Atmospheres/Further 3.fxp,contributor,26048,a832e96ee371e17fa8766a3a05b306af16326a5b,a832e96ee371e17fa8766a3a05b306af16326a5b,True,ok,,2,58914e59c608ed4384ba6002e44c3465c58b2e71,48000
1014,resources/data/patches_3rdparty/Inigo Kennedy/Atmospheres/Go Carefully.fxp,contributor,41399,acdf2e02c3a23e35308801257e4547a66d29e4de,acdf2e02c3a23e35308801257e4547a66d29e4de,True,ok,,4,58914e59c608ed4384ba6002e44c3465c58b2e71,48000
1015,resources/data/patches_3rdparty/Inigo Kennedy/Atmospheres/Going Away.fxp,contributor,40832,d1ce0c1652e4cc88b55b77384da862a8d4d4c714,d1ce0c1652e4cc88b55b77384da862a8d4d4c714,True,ok,,3,58914e59c608ed4384ba6002e44c3465c58b2e71,48000
1016,resources/data/patches_3rdparty/Inigo Kennedy/Atmospheres/Hangars 1.fxp,contributor,40897,4b67ba58046f5aef338b44c0c5e945f239cf5727,4b67ba58046f5aef338b44c0c5e945f239cf5727,True,ok,,4,58914e59c608ed4384ba6002e44c3465c58b2e71,48000
1017,resources/data/patches_3rdparty/Inigo Kennedy/Atmospheres/Hangars 2.fxp,contributor,24621,fc3b063955fd6295c6d197a22cb5a86443ed55d9,fc3b063955fd6295c6d197a22cb5a86443ed55d9,True,ok,,3,58914e59c608ed4384ba6002e44c3465c58b2e71,48000
1018,resources/data/patches_3rdparty/Inigo Kennedy/Atmospheres/Hangars 3.fxp,contributor,40683,85385a23f93d80c0b264c59b6d3b4dcc0ec32444,85385a23f93d80c0b264c59b6d3b4dcc0ec32444,True,ok,,4,58914e59c608ed4384ba6002e44c3465c58b2e71,48000
1019,resources/data/patches_3rdparty/Inigo Kennedy/Atmospheres/Hangars 4.fxp,contributor,25993,d1bf817d41a78e02ec3fbb66b523c90d90e35693,d1bf817d41a78e02ec3fbb66b523c90d90e35693,True,ok,,2,58914e59c608ed4384ba6002e44c3465c58b2e71,48000
1020,resources/data/patches_3rdparty/Inigo Kennedy/Atmospheres/Isolation 1.fxp,contributor,41087,15234156b264feece49f98a2d42605613e0c64fd,15234156b264feece49f98a2d42605613e0c64fd,True,ok,,4,58914e59c608ed4384ba6002e44c3465c58b2e71,48000
1021,resources/data/patches_3rdparty/Inigo Kennedy/Atmospheres/Isolation 2.fxp,contributor,41089,5a4660870f7e1a3278f164dcccdbd07cbd3b19a3,5a4660870f7e1a3278f164dcccdbd07cbd3b19a3,True,ok,,4,58914e59c608ed4384ba6002e44c3465c58b2e71,48000
1022,resources/data/patches_3rdparty/Inigo Kennedy/Atmospheres/Isolation 3.fxp,contributor,41166,eb742deeadc1be294fa0971b16840db261e9d5df,eb742deeadc1be294fa0971b16840db261e9d5df,True,ok,,4,58914e59c608ed4384ba6002e44c3465c58b2e71,48000
1023,resources/data/patches_3rdparty/Inigo Kennedy/Atmospheres/Isolation 4.fxp,contributor,41162,0a33db865632211986503d7cb79744d321d7891c,0a33db865632211986503d7cb79744d321d7891c,True,ok,,4,58914e59c608ed4384ba6002e44c3465c58b2e71,48000
1024,resources/data/patches_3rdparty/Inigo Kennedy/Atmospheres/Isolation 5.fxp,contributor,41402,7ee2e9ede6dd8d3293aac735af51949a2dc23096,7ee2e9ede6dd8d3293aac735af51949a2dc23096,True,ok,,4,58914e59c608ed4384ba6002e44c3465c58b2e71,48000
1025,resources/data/patches_3rdparty/Inigo Kennedy/Atmospheres/Mystery 1.fxp,contributor,42747,7eb7a30e68e0ed4fc5b30c59fc920912fc247920,7eb7a30e68e0ed4fc5b30c59fc920912fc247920,True,ok,,4,58914e59c608ed4384ba6002e44c3465c58b2e71,48000
1026,resources/data/patches_3rdparty/Inigo Kennedy/Atmospheres/Mystery 4.fxp,contributor,45439,42324f4fe796d636cbf55b4331c444e75fb93c7b,42324f4fe796d636cbf55b4331c444e75fb93c7b,True,ok,,4,58914e59c608ed4384ba6002e44c3465c58b2e71,48000
1027,resources/data/patches_3rdparty/Inigo Kennedy/Atmospheres/Nasal Cavern.fxp,contributor,24314,46698be22e0c054e576a4292e4237178dcf4a3f6,46698be22e0c054e576a4292e4237178dcf4a3f6,True,ok,,2,58914e59c608ed4384ba6002e44c3465c58b2e71,48000
1028,resources/data/patches_3rdparty/Inigo Kennedy/Atmospheres/No End Drum.fxp,contributor,25165,fd3ca2da4cd409151c90db59ddcd9cc9693745c0,fd3ca2da4cd409151c90db59ddcd9cc9693745c0,True,ok,,3,58914e59c608ed4384ba6002e44c3465c58b2e71,48000
1029,resources/data/patches_3rdparty/Inigo Kennedy/Atmospheres/Persistance.fxp,contributor,53094,fc26587bf5cfa21243fd373cb2ca62eb5f5b6e25,fc26587bf5cfa21243fd373cb2ca62eb5f5b6e25,True,ok,,4,58914e59c608ed4384ba6002e44c3465c58b2e71,48000
1030,resources/data/patches_3rdparty/Inigo Kennedy/Atmospheres/Pure 4.fxp,contributor,26802,705f23d35d9ce97b9eef61e95c61dda4327852e5,705f23d35d9ce97b9eef61e95c61dda4327852e5,True,ok,,3,58914e59c608ed4384ba6002e44c3465c58b2e71,48000
1031,resources/data/patches_3rdparty/Inigo Kennedy/Atmospheres/Ravine.fxp,contributor,24651,d46e983346d776f102df395d1b11bbf7ea38bf5b,d46e983346d776f102df395d1b11bbf7ea38bf5b,True,ok,,3,58914e59c608ed4384ba6002e44c3465c58b2e71,48000
1032,resources/data/patches_3rdparty/Inigo Kennedy/Atmospheres/Resonant Atmosphere 1.fxp,contributor,32831,6205052cf4b8d41605675d1758bc5444f672bfde,6205052cf4b8d41605675d1758bc5444f672bfde,True,ok,,3,58914e59c608ed4384ba6002e44c3465c58b2e71,48000
1033,resources/data/patches_3rdparty/Inigo Kennedy/Atmospheres/Resonant Atmosphere 2.fxp,contributor,32772,0e10a3b1cb8bddc19ec4b67a2aadb1509701beb5,0e10a3b1cb8bddc19ec4b67a2aadb1509701beb5,True,ok,,61,58914e59c608ed4384ba6002e44c3465c58b2e71,48000
1034,resources/data/patches_3rdparty/Inigo Kennedy/Atmospheres/Sine Movers 1.fxp,contributor,73593,be528e657de04291a46bccd53f0ed32695f31950,be528e657de04291a46bccd53f0ed32695f31950,True,ok,,11,58914e59c608ed4384ba6002e44c3465c58b2e71,48000
1035,resources/data/patches_3rdparty/Inigo Kennedy/Atmospheres/Sine Movers 2.fxp,contributor,73701,c8bccbfd60cf30a4d99fe11d64461febb5e83a4c,c8bccbfd60cf30a4d99fe11d64461febb5e83a4c,True,ok,,7,58914e59c608ed4384ba6002e44c3465c58b2e71,48000
1036,resources/data/patches_3rdparty/Inigo Kennedy/Atmospheres/Something At The Lighthouse.fxp,contributor,33361,98e6f9f93386ab244eb0f04cfec6ce7ca5178622,98e6f9f93386ab244eb0f04cfec6ce7ca5178622,True,ok,,3,58914e59c608ed4384ba6002e44c3465c58b2e71,48000
1037,resources/data/patches_3rdparty/Inigo Kennedy/Atmospheres/Suspense.fxp,contributor,32723,5181a885d47713dfe337df0de8d0123ee05dcaed,5181a885d47713dfe337df0de8d0123ee05dcaed,True,ok,,5,58914e59c608ed4384ba6002e44c3465c58b2e71,48000
1038,resources/data/patches_3rdparty/Inigo Kennedy/Atmospheres/Tables Turning.fxp,contributor,35673,95fea9ccac7ec3683f415033b4bf44265238e415,95fea9ccac7ec3683f415033b4bf44265238e415,True,ok,,5,58914e59c608ed4384ba6002e44c3465c58b2e71,48000
1039,resources/data/patches_3rdparty/Inigo Kennedy/Atmospheres/The Well.fxp,contributor,40840,f3b4615285037ebdb941ee32efaff7c9710c70e0,f3b4615285037ebdb941ee32efaff7c9710c70e0,True,ok,,7,58914e59c608ed4384ba6002e44c3465c58b2e71,48000
1040,resources/data/patches_3rdparty/Inigo Kennedy/Atmospheres/Thoughts 5.fxp,contributor,29306,8824da41ae2592b055c331bc84723a3f6c572d9e,8824da41ae2592b055c331bc84723a3f6c572d9e,True,ok,,4,58914e59c608ed4384ba6002e44c3465c58b2e71,48000
1041,resources/data/patches_3rdparty/Inigo Kennedy/Atmospheres/Unexpected.fxp,contributor,48796,674e002f34bfa317ac82d13e21307e1d5326a8d9,674e002f34bfa317ac82d13e21307e1d5326a8d9,True,ok,,6,58914e59c608ed4384ba6002e44c3465c58b2e71,48000
1042,resources/data/patches_3rdparty/Inigo Kennedy/Atmospheres/Winter 10.fxp,contributor,41459,a41870e9c09a302eb8a579cbc8df6bf002236b47,a41870e9c09a302eb8a579cbc8df6bf002236b47,True,ok,,5,58914e59c608ed4384ba6002e44c3465c58b2e71,48000
1043,resources/data/patches_3rdparty/Inigo Kennedy/Atmospheres/Winter 4.fxp,contributor,42932,add2955bc9e9db3a7661810ea455e85e57362af4,add2955bc9e9db3a7661810ea455e85e57362af4,True,ok,,3,58914e59c608ed4384ba6002e44c3465c58b2e71,48000
1044,resources/data/patches_3rdparty/Inigo Kennedy/Atmospheres/Winter 6.fxp,contributor,44487,713497d70b1340f950d269b523f5fd955e627ab6,713497d70b1340f950d269b523f5fd955e627ab6,True,ok,,41,58914e59c608ed4384ba6002e44c3465c58b2e71,48000
1045,resources/data/patches_3rdparty/Inigo Kennedy/Atmospheres/Winter 8.fxp,contributor,42868,af04a9fa9463d6e3253a62a9ea623973d5294a6a,af04a9fa9463d6e3253a62a9ea623973d5294a6a,True,ok,,4,58914e59c608ed4384ba6002e44c3465c58b2e71,48000
1046,resources/data/patches_3rdparty/Inigo Kennedy/Atmospheres/Wonk 1.fxp,contributor,25721,a2c7152666c2cbe368d7683433dc04ff05f9e433,a2c7152666c2cbe368d7683433dc04ff05f9e433,True,ok,,2,58914e59c608ed4384ba6002e44c3465c58b2e71,48000
1047,resources/data/patches_3rdparty/Inigo Kennedy/Atmospheres/Wonk 2.fxp,contributor,44899,a7cda20bc68e2b1cacfe34491e6e4dff4bf0648c,a7cda20bc68e2b1cacfe34491e6e4dff4bf0648c,True,ok,,4,58914e59c608ed4384ba6002e44c3465c58b2e71,48000
1048,resources/data/patches_3rdparty/Inigo Kennedy/Atmospheres/Yearn.fxp,contributor,48564,2a2d870e383159760ab78d19475199477db012b8,2a2d870e383159760ab78d19475199477db012b8,True,ok,,4,58914e59c608ed4384ba6002e44c3465c58b2e71,48000
1049,resources/data/patches_3rdparty/Inigo Kennedy/Basses/Autumn 3.fxp,contributor,55335,3fbac9be2785a735af082d87cbb0944289069cc3,3fbac9be2785a735af082d87cbb0944289069cc3,True,ok,,4,58914e59c608ed4384ba6002e44c3465c58b2e71,48000
1050,resources/data/patches_3rdparty/Inigo Kennedy/Basses/Autumn 4.fxp,contributor,53679,afbd94cea9a73df221042a3b9ffe2025f43caa5b,afbd94cea9a73df221042a3b9ffe2025f43caa5b,True,ok,,4,58914e59c608ed4384ba6002e44c3465c58b2e71,48000
1051,resources/data/patches_3rdparty/Inigo Kennedy/Basses/Bass 1.fxp,contributor,32776,29494a56ed5e3e52bc0184f409053ff4100b7846,29494a56ed5e3e52bc0184f409053ff4100b7846,True,ok,,3,58914e59c608ed4384ba6002e44c3465c58b2e71,48000
1052,resources/data/patches_3rdparty/Inigo Kennedy/Basses/Bass 2.fxp,contributor,31248,d1c024975d8cb809e9e63faf360f33ac5a115708,d1c024975d8cb809e9e63faf360f33ac5a115708,True,ok,,3,58914e59c608ed4384ba6002e44c3465c58b2e71,48000
1053,resources/data/patches_3rdparty/Inigo Kennedy/Basses/Bass 3.fxp,contributor,32946,25c019011c2975e0554c2fb6db45b1b9a55026d9,25c019011c2975e0554c2fb6db45b1b9a55026d9,True,ok,,3,58914e59c608ed4384ba6002e44c3465c58b2e71,48000
1054,resources/data/patches_3rdparty/Inigo Kennedy/Basses/Bass 4.fxp,contributor,35065,02c8ccc8895c14c3da224931289af492a890dff3,02c8ccc8895c14c3da224931289af492a890dff3,True,ok,,3,58914e59c608ed4384ba6002e44c3465c58b2e71,48000
1055,resources/data/patches_3rdparty/Inigo Kennedy/Basses/Bass 5.fxp,contributor,31059,3e20f52ed54f8ee4a640d2e50d36cb5778339fdc,3e20f52ed54f8ee4a640d2e50d36cb5778339fdc,True,ok,,3,58914e59c608ed4384ba6002e44c3465c58b2e71,48000
1056,resources/data/patches_3rdparty/Inigo Kennedy/Basses/Bass 6.fxp,contributor,44716,65189bb29613e120a05e1eecdf9d4135c093ea5f,65189bb29613e120a05e1eecdf9d4135c093ea5f,True,ok,,4,58914e59c608ed4384ba6002e44c3465c58b2e71,48000
1057,resources/data/patches_3rdparty/Inigo Kennedy/Basses/Cat Bass.fxp,contributor,27733,f8fd7ec2e8c376478d92c06f5f9b3ea2ef167250,f8fd7ec2e8c376478d92c06f5f9b3ea2ef167250,True,ok,,3,58914e59c608ed4384ba6002e44c3465c58b2e71,48000
1058,resources/data/patches_3rdparty/Inigo Kennedy/Basses/Dark Bass.fxp,contributor,49518,f57e7ed68de43e33f430c22c2f55375514918c8e,f57e7ed68de43e33f430c22c2f55375514918c8e,True,ok,,4,58914e59c608ed4384ba6002e44c3465c58b2e71,48000
1059,resources/data/patches_3rdparty/Inigo Kennedy/Basses/Digitalis.fxp,contributor,33442,2c427dd13466f88284b680a2e2f50cf2c5ee4c4a,2c427dd13466f88284b680a2e2f50cf2c5ee4c4a,True,ok,,3,58914e59c608ed4384ba6002e44c3465c58b2e71,48000
1060,resources/data/patches_3rdparty/Inigo Kennedy/Basses/Irreversible 1.fxp,contributor,24395,db22f16036ebda9e9caec3db3a88677cd307c2c6,db22f16036ebda9e9caec3db3a88677cd307c2c6,True,ok,,3,58914e59c608ed4384ba6002e44c3465c58b2e71,48000
1061,resources/data/patches_3rdparty/Inigo Kennedy/Basses/Irreversible 2.fxp,contributor,26093,184242ed68417c2b7bdf057c9a99d025c9b8845b,184242ed68417c2b7bdf057c9a99d025c9b8845b,True,ok,,2,58914e59c608ed4384ba6002e44c3465c58b2e71,48000
1062,resources/data/patches_3rdparty/Inigo Kennedy/Basses/Ladder 4.fxp,contributor,24589,d80b8655af9536e59fe30d643026ffd25b1e00cc,d80b8655af9536e59fe30d643026ffd25b1e00cc,True,ok,,2,58914e59c608ed4384ba6002e44c3465c58b2e71,48000
1063,resources/data/patches_3rdparty/Inigo Kennedy/Basses/Softer Bass.fxp,contributor,33437,7738383c41264ae88a5c3785ff3fd0d5aeaa3509,7738383c41264ae88a5c3785ff3fd0d5aeaa3509,True,ok,,3,58914e59c608ed4384ba6002e44c3465c58b2e71,48000
1064,resources/data/patches_3rdparty/Inigo Kennedy/Basses/Squelch 1.fxp,contributor,35070,10ab736b70880532ecde8ae59612ee7e71c127d6,10ab736b70880532ecde8ae59612ee7e71c127d6,True,ok,,3,58914e59c608ed4384ba6002e44c3465c58b2e71,48000
1065,resources/data/patches_3rdparty/Inigo Kennedy/Basses/Squelch 2.fxp,contributor,27455,d6eb88dee2431cb90059ac9c5bf7a73fc6bb90f1,d6eb88dee2431cb90059ac9c5bf7a73fc6bb90f1,True,ok,,3,58914e59c608ed4384ba6002e44c3465c58b2e71,48000
1066,resources/data/patches_3rdparty/Inigo Kennedy/Basses/Squelch 3.fxp,contributor,33411,056718491bfd3721d92c9178f2b74cc7153d6366,056718491bfd3721d92c9178f2b74cc7153d6366,True,ok,,3,58914e59c608ed4384ba6002e44c3465c58b2e71,48000
1067,resources/data/patches_3rdparty/Inigo Kennedy/Basses/Undulation.fxp,contributor,24994,5964b066d8b57f76c2d29a542abd5e14b6595393,5964b066d8b57f76c2d29a542abd5e14b6595393,True,ok,,3,58914e59c608ed4384ba6002e44c3465c58b2e71,48000
1068,resources/data/patches_3rdparty/Inigo Kennedy/Basses/Unstable Bass.fxp,contributor,37411,7f0f6463b64bfdebd8687c26c6c6660c237d63d8,7f0f6463b64bfdebd8687c26c6c6660c237d63d8,True,ok,,5,58914e59c608ed4384ba6002e44c3465c58b2e71,48000
1069,resources/data/patches_3rdparty/Inigo Kennedy/Basses/Warm Fuzzy Bass.fxp,contributor,41012,9e581afc19623ef73ca651d49822d152ec8018ac,9e581afc19623ef73ca651d49822d152ec8018ac,True,ok,,4,58914e59c608ed4384ba6002e44c3465c58b2e71,48000
1070,resources/data/patches_3rdparty/Inigo Kennedy/Basses/Watch Out Below.fxp,contributor,48931,62784e76764ddf387862ec9569c81d1d962d3688,62784e76764ddf387862ec9569c81d1d962d3688,True,ok,,5,58914e59c608ed4384ba6002e44c3465c58b2e71,48000
1071,resources/data/patches_3rdparty/Inigo Kennedy/Basses/Wrong Bass.fxp,contributor,23821,f7ea29973839fca43029deae890182f9dfcddb44,f7ea29973839fca43029deae890182f9dfcddb44,True,ok,,2,58914e59c608ed4384ba6002e44c3465c58b2e71,48000
1072,resources/data/patches_3rdparty/Inigo Kennedy/FX/60s Sci-Fi.fxp,contributor,34042,04c5e6e4db6b934fd83e792e5c6bf1225f5885b6,04c5e6e4db6b934fd83e792e5c6bf1225f5885b6,True,ok,,5,58914e59c608ed4384ba6002e44c3465c58b2e71,48000
1073,resources/data/patches_3rdparty/Inigo Kennedy/FX/Air Spray.fxp,contributor,32906,50b278e1e2a9349344293ca55969c6e872fdd165,50b278e1e2a9349344293ca55969c6e872fdd165,True,ok,,4,58914e59c608ed4384ba6002e44c3465c58b2e71,48000
1074,resources/data/patches_3rdparty/Inigo Kennedy/FX/Calamity 1.fxp,contributor,26406,d6b00bf0b147b7b07a70b76f5fc1f8fae9a377b1,d6b00bf0b147b7b07a70b76f5fc1f8fae9a377b1,True,ok,,3,58914e59c608ed4384ba6002e44c3465c58b2e71,48000
1075,resources/data/patches_3rdparty/Inigo Kennedy/FX/Calamity 2.fxp,contributor,49246,fabd3796e1cb51d9fe4c3c335509f9f0a806209d,fabd3796e1cb51d9fe4c3c335509f9f0a806209d,True,ok,,7,58914e59c608ed4384ba6002e44c3465c58b2e71,48000
1076,resources/data/patches_3rdparty/Inigo Kennedy/FX/Dark Dyson.fxp,contributor,57211,a22c99768520a78890abbb6d2715400f79ddef26,a22c99768520a78890abbb6d2715400f79ddef26,True,ok,,5,58914e59c608ed4384ba6002e44c3465c58b2e71,48000
1077,resources/data/patches_3rdparty/Inigo Kennedy/FX/Drone Melancholy.fxp,contributor,24501,b4d88d2c4d82e9ac4a12e8fa180e146944bc22e0,b4d88d2c4d82e9ac4a12e8fa180e146944bc22e0,True,ok,,4,58914e59c608ed4384ba6002e44c3465c58b2e71,48000
1078,resources/data/patches_3rdparty/Inigo Kennedy/FX/Edgy.fxp,contributor,33073,867af0d1cc66450d63a1ecb7aa060fda45883cb5,867af0d1cc66450d63a1ecb7aa060fda45883cb5,True,ok,,5,58914e59c608ed4384ba6002e44c3465c58b2e71,48000
1079,resources/data/patches_3rdparty/Inigo Kennedy/FX/Knocks.fxp,contributor,32842,3bc98f7791acfc6f28a17e421d132b153896448c,3bc98f7791acfc6f28a17e421d132b153896448c,True,ok,,3,58914e59c608ed4384ba6002e44c3465c58b2e71,48000
1080,resources/data/patches_3rdparty/Inigo Kennedy/FX/Saturn V.fxp,contributor,32939,dbad377ee0c0c716fcc4dca18ad7bacbe0da67a2,dbad377ee0c0c716fcc4dca18ad7bacbe0da67a2,True,ok,,4,58914e59c608ed4384ba6002e44c3465c58b2e71,48000
1081,resources/data/patches_3rdparty/Inigo Kennedy/FX/Sea Pipe.fxp,contributor,50325,e38bdaa3fa77e835bd9de18c1dedc9b5a7396b40,e38bdaa3fa77e835bd9de18c1dedc9b5a7396b40,True,ok,,6,58914e59c608ed4384ba6002e44c3465c58b2e71,48000
1082,resources/data/patches_3rdparty/Inigo Kennedy/FX/Uplifting Noise.fxp,contributor,24558,7ea53235116c5f3c500b3a08cb93b97bd57122e5,7ea53235116c5f3c500b3a08cb93b97bd57122e5,True,ok,,5,58914e59c608ed4384ba6002e44c3465c58b2e71,48000
1083,resources/data/patches_3rdparty/Inigo Kennedy/Keys/Blade 1.fxp,contributor,27093,828457476226a0e055149ca839c86dd94ce13933,828457476226a0e055149ca839c86dd94ce13933,True,ok,,3,58914e59c608ed4384ba6002e44c3465c58b2e71,48000
1084,resources/data/patches_3rdparty/Inigo Kennedy/Keys/Blade 2.fxp,contributor,26937,5d613fb5eb0c7ee44db8029963bf77e6f586a9ca,5d613fb5eb0c7ee44db8029963bf77e6f586a9ca,True,ok,,4,58914e59c608ed4384ba6002e44c3465c58b2e71,48000
1085,resources/data/patches_3rdparty/Inigo Kennedy/Keys/Blade 3.fxp,contributor,25253,b3985ee922464935f3dcf573d1dbf2a08bef379a,b3985ee922464935f3dcf573d1dbf2a08bef379a,True,ok,,2,58914e59c608ed4384ba6002e44c3465c58b2e71,48000
1086,resources/data/patches_3rdparty/Inigo Kennedy/Keys/Blade 4.fxp,contributor,27205,238b8967a5489f8b869c9c2f9e9eef88d894e625,238b8967a5489f8b869c9c2f9e9eef88d894e625,True,ok,,5,58914e59c608ed4384ba6002e44c3465c58b2e71,48000
1087,resources/data/patches_3rdparty/Inigo Kennedy/Keys/Blade 5.fxp,contributor,25196,0aa716caa916502772063bd9c8732da1c29eed2f,0aa716caa916502772063bd9c8732da1c29eed2f,True,ok,,3,58914e59c608ed4384ba6002e44c3465c58b2e71,48000
1088,resources/data/patches_3rdparty/Inigo Kennedy/Keys/Dreaming.fxp,contributor,25509,ffde9be890e40b09bfa43425a4174deafa9e820f,ffde9be890e40b09bfa43425a4174deafa9e820f,True,ok,,2,58914e59c608ed4384ba6002e44c3465c58b2e71,48000
1089,resources/data/patches_3rdparty/Inigo Kennedy/Keys/Fizzer 4.fxp,contributor,25162,1accc3a41209b632b6f0789b2d53279ca18d59b4,1accc3a41209b632b6f0789b2d53279ca18d59b4,True,ok,,3,58914e59c608ed4384ba6002e44c3465c58b2e71,48000
1090,resources/data/patches_3rdparty/Inigo Kennedy/Keys/Fizzer 5.fxp,contributor,48757,7cbf36857e4a9f1c1c4980fb5e034d5321d0c60c,7cbf36857e4a9f1c1c4980fb5e034d5321d0c60c,True,ok,,4,58914e59c608ed4384ba6002e44c3465c58b2e71,48000
1091,resources/data/patches_3rdparty/Inigo Kennedy/Keys/Fragile 1.fxp,contributor,52803,4c4850b4deb47267f3ebfa2798758c6ed83289bf,4c4850b4deb47267f3ebfa2798758c6ed83289bf,True,ok,,6,58914e59c608ed4384ba6002e44c3465c58b2e71,48000
1092,resources/data/patches_3rdparty/Inigo Kennedy/Keys/Fragile 2.fxp,contributor,54553,7fcd965b5bb11c4fb3ae44dc6ea22f04aab30374,7fcd965b5bb11c4fb3ae44dc6ea22f04aab30374,True,ok,,45,58914e59c608ed4384ba6002e44c3465c58b2e71,48000
1093,resources/data/patches_3rdparty/Inigo Kennedy/Keys/Further 1.fxp,contributor,27208,26822251ec01db6bf27597da9cec67efc1975767,26822251ec01db6bf27597da9cec67efc1975767,True,ok,,3,58914e59c608ed4384ba6002e44c3465c58b2e71,48000
1094,resources/data/patches_3rdparty/Inigo Kennedy/Keys/Glitter 1.fxp,contributor,234398,7d8fcdc7d1c537e4896f2093c4b05dae692ee57a,7d8fcdc7d1c537e4896f2093c4b05dae692ee57a,True,ok,,28,58914e59c608ed4384ba6002e44c3465c58b2e71,48000
1095,resources/data/patches_3rdparty/Inigo Kennedy/Keys/Glitter 3.fxp,contributor,183598,4f007617da38e28b81ebacfa1552c7fc8ea5334c,4f007617da38e28b81ebacfa1552c7fc8ea5334c,True,ok,,13,58914e59c608ed4384ba6002e44c3465c58b2e71,48000
1096,resources/data/patches_3rdparty/Inigo Kennedy/Keys/Harpsick.fxp,contributor,44368,9931b86b62650f47f532cc1ad3c2a4ba88a9e891,9931b86b62650f47f532cc1ad3c2a4ba88a9e891,True,ok,,4,58914e59c608ed4384ba6002e44c3465c58b2e71,48000
1097,resources/data/patches_3rdparty/Inigo Kennedy/Keys/Melodic Organ.fxp,contributor,24196,dbe0f3c00a382bc695530f77ac2eb3361b01a3d4,dbe0f3c00a382bc695530f77ac2eb3361b01a3d4,True,ok,,3,58914e59c608ed4384ba6002e44c3465c58b2e71,48000
1098,resources/data/patches_3rdparty/Inigo Kennedy/Keys/Piano 1.fxp,contributor,46473,e6c7ac76d15ae4b2fc67ef6ce6da809f3e1639ce,e6c7ac76d15ae4b2fc67ef6ce6da809f3e1639ce,True,ok,,4,58914e59c608ed4384ba6002e44c3465c58b2e71,48000
1099,resources/data/patches_3rdparty/Inigo Kennedy/Keys/Piano 2.fxp,contributor,48836,59b8f733c62d4efb2014fbfcd4f4fde38ea7bf9a,59b8f733c62d4efb2014fbfcd4f4fde38ea7bf9a,True,ok,,4,58914e59c608ed4384ba6002e44c3465c58b2e71,48000
1100,resources/data/patches_3rdparty/Inigo Kennedy/Keys/Piano 3.fxp,contributor,46671,b02745d7f9077ec8e4fc5bf2ec5ae857b569b10f,b02745d7f9077ec8e4fc5bf2ec5ae857b569b10f,True,ok,,5,58914e59c608ed4384ba6002e44c3465c58b2e71,48000
1101,resources/data/patches_3rdparty/Inigo Kennedy/Keys/Piano 4.fxp,contributor,24602,06d6a645a245f9ae448d730dded031371bccc488,06d6a645a245f9ae448d730dded031371bccc488,True,ok,,2,58914e59c608ed4384ba6002e44c3465c58b2e71,48000
1102,resources/data/patches_3rdparty/Inigo Kennedy/Keys/Piano 5.fxp,contributor,24547,d721306cefb00962d7d75c6df8e14e05dd090a0b,d721306cefb00962d7d75c6df8e14e05dd090a0b,True,ok,,2,58914e59c608ed4384ba6002e44c3465c58b2e71,48000
1103,resources/data/patches_3rdparty/Inigo Kennedy/Keys/Piano 6.fxp,contributor,49881,a32ece117f583e6788e2c2310e1c334a0998ac6d,a32ece117f583e6788e2c2310e1c334a0998ac6d,True,ok,,4,58914e59c608ed4384ba6002e44c3465c58b2e71,48000
1104,resources/data/patches_3rdparty/Inigo Kennedy/Keys/The Softest Melody.fxp,contributor,33354,6f6438980f8a3d2a563ca6409ad3dc8305f23fb7,6f6438980f8a3d2a563ca6409ad3dc8305f23fb7,True,ok,,13,58914e59c608ed4384ba6002e44c3465c58b2e71,48000
1105,resources/data/patches_3rdparty/Inigo Kennedy/Keys/Thoughts 1.fxp,contributor,30864,a7180f4491b3c13a2b0cba372e865ff2ee997238,a7180f4491b3c13a2b0cba372e865ff2ee997238,True,ok,,3,58914e59c608ed4384ba6002e44c3465c58b2e71,48000
1106,resources/data/patches_3rdparty/Inigo Kennedy/Keys/Thoughts 2.fxp,contributor,29256,4079ad7765a4bf4347249b173033148fc6df0f52,4079ad7765a4bf4347249b173033148fc6df0f52,True,ok,,3,58914e59c608ed4384ba6002e44c3465c58b2e71,48000
1107,resources/data/patches_3rdparty/Inigo Kennedy/Keys/Thoughts 3.fxp,contributor,27643,541290ae520bab75013f59e25f3212e975ba8de9,541290ae520bab75013f59e25f3212e975ba8de9,True,ok,,3,58914e59c608ed4384ba6002e44c3465c58b2e71,48000
1108,resources/data/patches_3rdparty/Inigo Kennedy/Keys/Thoughts 4.fxp,contributor,27645,9297fe605f39ea833bd6e06964ca94dddbfef9d4,9297fe605f39ea833bd6e06964ca94dddbfef9d4,True,ok,,2,58914e59c608ed4384ba6002e44c3465c58b2e71,48000
1109,resources/data/patches_3rdparty/Inigo Kennedy/Keys/Thoughts 6.fxp,contributor,29268,bbda972150fa12e0cf6658998f6d541a7c188431,bbda972150fa12e0cf6658998f6d541a7c188431,True,ok,,3,58914e59c608ed4384ba6002e44c3465c58b2e71,48000
1110,resources/data/patches_3rdparty/Inigo Kennedy/Keys/Thoughts 7.fxp,contributor,29807,98be96da9c9b9ce3109f15571f3e44e4e1150d06,98be96da9c9b9ce3109f15571f3e44e4e1150d06,True,ok,,2,58914e59c608ed4384ba6002e44c3465c58b2e71,48000
1111,resources/data/patches_3rdparty/Inigo Kennedy/Keys/Winter 1.fxp,contributor,44397,936214891d2eae1d1fc0e39e10b16aa4e29186fa,936214891d2eae1d1fc0e39e10b16aa4e29186fa,True,ok,,4,58914e59c608ed4384ba6002e44c3465c58b2e71,48000
1112,resources/data/patches_3rdparty/Inigo Kennedy/Keys/Winter 3.fxp,contributor,44585,b5a711cb5468f4d95484adf23987d31736f3e2dc,b5a711cb5468f4d95484adf23987d31736f3e2dc,True,ok,,4,58914e59c608ed4384ba6002e44c3465c58b2e71,48000
1113,resources/data/patches_3rdparty/Inigo Kennedy/Leads/Apex Arp 1.fxp,contributor,31360,b7b647bd8d264b26a58d7cec0ebd613fd53a0527,b7b647bd8d264b26a58d7cec0ebd613fd53a0527,True,ok,,3,58914e59c608ed4384ba6002e44c3465c58b2e71,48000
1114,resources/data/patches_3rdparty/Inigo Kennedy/Leads/Apex Arp 2.fxp,contributor,33108,3cd967e967960c3666bfeb7c8bf02391ce2d95e1,3cd967e967960c3666bfeb7c8bf02391ce2d95e1,True,ok,,3,58914e59c608ed4384ba6002e44c3465c58b2e71,48000
1115,resources/data/patches_3rdparty/Inigo Kennedy/Leads/Atonal.fxp,contributor,37384,7ea8d4dd9930877765e03555eca1346a26ee3865,7ea8d4dd9930877765e03555eca1346a26ee3865,True,ok,,3,58914e59c608ed4384ba6002e44c3465c58b2e71,48000
1116,resources/data/patches_3rdparty/Inigo Kennedy/Leads/Autumn 1.fxp,contributor,63320,e679ce53b6382190e862ac2ca1aa945141ad309f,e679ce53b6382190e862ac2ca1aa945141ad309f,True,ok,,5,58914e59c608ed4384ba6002e44c3465c58b2e71,48000
1117,resources/data/patches_3rdparty/Inigo Kennedy/Leads/Bellish Lead.fxp,contributor,24783,294856656750219d30fd3b084cf6b19b9be52f38,294856656750219d30fd3b084cf6b19b9be52f38,True,ok,,2,58914e59c608ed4384ba6002e44c3465c58b2e71,48000
1118,resources/data/patches_3rdparty/Inigo Kennedy/Leads/Chiff 1.fxp,contributor,35031,b8a7fa83d42f9a6341434c53a9c45a96571ae84b,b8a7fa83d42f9a6341434c53a9c45a96571ae84b,True,ok,,3,58914e59c608ed4384ba6002e44c3465c58b2e71,48000
1119,resources/data/patches_3rdparty/Inigo Kennedy/Leads/Chiff 2.fxp,contributor,31705,1effc073e5bba1298ddb374499122569721ecfb7,1effc073e5bba1298ddb374499122569721ecfb7,True,ok,,3,58914e59c608ed4384ba6002e44c3465c58b2e71,48000
1120,resources/data/patches_3rdparty/Inigo Kennedy/Leads/Chiff 3.fxp,contributor,42950,87b92eebd2310e3380bd01d0661adf7abe744e90,87b92eebd2310e3380bd01d0661adf7abe744e90,True,ok,,3,58914e59c608ed4384ba6002e44c3465c58b2e71,48000
1121,resources/data/patches_3rdparty/Inigo Kennedy/Leads/Chiff 4.fxp,contributor,44591,72cb360d213ca5a3bbc0fc49ccf1885b8b83d2ed,72cb360d213ca5a3bbc0fc49ccf1885b8b83d2ed,True,ok,,3,58914e59c608ed4384ba6002e44c3465c58b2e71,48000
1122,resources/data/patches_3rdparty/Inigo Kennedy/Leads/Children's Lead.fxp,contributor,65553,cf13cd50d55b6557c561f59b0f791e8ece380e7d,cf13cd50d55b6557c561f59b0f791e8ece380e7d,True,ok,,5,58914e59c608ed4384ba6002e44c3465c58b2e71,48000
1123,resources/data/patches_3rdparty/Inigo Kennedy/Leads/Clockers 1.fxp,contributor,36546,19fb89082bcc8a34ce5302f9cc7e523bba6b2ef0,19fb89082bcc8a34ce5302f9cc7e523bba6b2ef0,True,ok,,4,58914e59c608ed4384ba6002e44c3465c58b2e71,48000
1124,resources/data/patches_3rdparty/Inigo Kennedy/Leads/Clockers 2.fxp,contributor,33200,f6e1daacbe1b06c16d2a0d009fba5b6699688044,f6e1daacbe1b06c16d2a0d009fba5b6699688044,True,ok,,3,58914e59c608ed4384ba6002e44c3465c58b2e71,48000
1125,resources/data/patches_3rdparty/Inigo Kennedy/Leads/Clockers 3.fxp,contributor,33324,240fd4beabf1b5dc71a41b4b3f52cb24d8ae5bd1,240fd4beabf1b5dc71a41b4b3f52cb24d8ae5bd1,True,ok,,3,58914e59c608ed4384ba6002e44c3465c58b2e71,48000
1126,resources/data/patches_3rdparty/Inigo Kennedy/Leads/Clockers 4.fxp,contributor,34020,09d594295e2efa7115d1f3901f7eb7e6df79ea4d,09d594295e2efa7115d1f3901f7eb7e6df79ea4d,True,ok,,3,58914e59c608ed4384ba6002e44c3465c58b2e71,48000
1127,resources/data/patches_3rdparty/Inigo Kennedy/Leads/Crackles.fxp,contributor,44741,813a300226320b02b46cfc50b7876a5a1bb48fc3,813a300226320b02b46cfc50b7876a5a1bb48fc3,True,ok,,4,58914e59c608ed4384ba6002e44c3465c58b2e71,48000
1128,resources/data/patches_3rdparty/Inigo Kennedy/Leads/Delicate.fxp,contributor,60970,6136ead288b4bd6c673136e6e9f3f2c69dae8247,6136ead288b4bd6c673136e6e9f3f2c69dae8247,True,ok,,5,58914e59c608ed4384ba6002e44c3465c58b2e71,48000
1129,resources/data/patches_3rdparty/Inigo Kennedy/Leads/Digital Lead.fxp,contributor,33327,69c6838e208906340d6f4d87d1d601337a99e8ac,69c6838e208906340d6f4d87d1d601337a99e8ac,True,ok,,3,58914e59c608ed4384ba6002e44c3465c58b2e71,48000
1130,resources/data/patches_3rdparty/Inigo Kennedy/Leads/Dirty Hardcore 1.fxp,contributor,48738,c77c90b4304e2dd1b0e84aacce3c51a9355871a3,c77c90b4304e2dd1b0e84aacce3c51a9355871a3,True,ok,,4,58914e59c608ed4384ba6002e44c3465c58b2e71,48000
1131,resources/data/patches_3rdparty/Inigo Kennedy/Leads/Dirty Hardcore 2.fxp,contributor,49239,e6313233aeddd1b0eb0e24b9ef4bb55715d99fa0,e6313233aeddd1b0eb0e24b9ef4bb55715d99fa0,True,ok,,4,58914e59c608ed4384ba6002e44c3465c58b2e71,48000
1132,resources/data/patches_3rdparty/Inigo Kennedy/Leads/Distance Between Us.fxp,contributor,64900,4e1fb2ee4ac0855b2208eeee05fc60a3473cd5b2,4e1fb2ee4ac0855b2208eeee05fc60a3473cd5b2,True,ok,,62,58914e59c608ed4384ba6002e44c3465c58b2e71,48000
1133,resources/data/patches_3rdparty/Inigo Kennedy/Leads/Faint Memory.fxp,contributor,66655,14a32431f07c1bf9fbb5b6637985c1d092805212,14a32431f07c1bf9fbb5b6637985c1d092805212,True,ok,,5,58914e59c608ed4384ba6002e44c3465c58b2e71,48000
1134,resources/data/patches_3rdparty/Inigo Kennedy/Leads/Faraway Tree.fxp,contributor,80267,5fd5949ba4c850420e7825d63514dda79b5a1204,5fd5949ba4c850420e7825d63514dda79b5a1204,True,ok,,5,58914e59c608ed4384ba6002e44c3465c58b2e71,48000
1135,resources/data/patches_3rdparty/Inigo Kennedy/Leads/Fat Detuned Squares.fxp,contributor,31499,673a43a2dc398fa3e095bbcc3d2cb87cf2baf3ab,673a43a2dc398fa3e095bbcc3d2cb87cf2baf3ab,True,ok,,3,58914e59c608ed4384ba6002e44c3465c58b2e71,48000
1136,resources/data/patches_3rdparty/Inigo Kennedy/Leads/Fat Detuned Sync.fxp,contributor,24315,adcbf7d255e484c639c6eba3a6b8fbaf5835676a,adcbf7d255e484c639c6eba3a6b8fbaf5835676a,True,ok,,2,58914e59c608ed4384ba6002e44c3465c58b2e71,48000
1137,resources/data/patches_3rdparty/Inigo Kennedy/Leads/Fizzer 1.fxp,contributor,48905,f9c8d891573062038ae93833970272dc76af6934,f9c8d891573062038ae93833970272dc76af6934,True,ok,,4,58914e59c608ed4384ba6002e44c3465c58b2e71,48000
1138,resources/data/patches_3rdparty/Inigo Kennedy/Leads/Fizzer 2.fxp,contributor,48784,28c0aef4d649bc6659818fe15e5b8eb4d57b5822,28c0aef4d649bc6659818fe15e5b8eb4d57b5822,True,ok,,4,58914e59c608ed4384ba6002e44c3465c58b2e71,48000
1139,resources/data/patches_3rdparty/Inigo Kennedy/Leads/Fizzer 3.fxp,contributor,32862,0db6c17e088bc3e4ff07ca3fc960ea928d68691f,0db6c17e088bc3e4ff07ca3fc960ea928d68691f,True,ok,,4,58914e59c608ed4384ba6002e44c3465c58b2e71,48000
1140,resources/data/patches_3rdparty/Inigo Kennedy/Leads/Glitter 2.fxp,contributor,98910,94370e081f9c10c283f898b9a62d4abeed6fca77,94370e081f9c10c283f898b9a62d4abeed6fca77,True,ok,,9,58914e59c608ed4384ba6002e44c3465c58b2e71,48000
1141,resources/data/patches_3rdparty/Inigo Kennedy/Leads/Happy Saws.fxp,contributor,24639,187d101e8a850afe2e6fb8344537270ada8982d2,187d101e8a850afe2e6fb8344537270ada8982d2,True,ok,,3,58914e59c608ed4384ba6002e44c3465c58b2e71,48000
1142,resources/data/patches_3rdparty/Inigo Kennedy/Leads/Hello Little Weed.fxp,contributor,32187,2f9037ba82e28a822fd7e0cb6d406808d6aefae6,2f9037ba82e28a822fd7e0cb6d406808d6aefae6,True,ok,,3,58914e59c608ed4384ba6002e44c3465c58b2e71,48000
1143,resources/data/patches_3rdparty/Inigo Kennedy/Leads/Klop.fxp,contributor,41018,b3c7bcad907489f5e538865c62cdfa7daa88c23e,b3c7bcad907489f5e538865c62cdfa7daa88c23e,True,ok,,4,58914e59c608ed4384ba6002e44c3465c58b2e71,48000
1144,resources/data/patches_3rdparty/Inigo Kennedy/Leads/Melodic Line 1.fxp,contributor,164797,77ac084bf87f442253c5dded79e6e32f27b931ee,77ac084bf87f442253c5dded79e6e32f27b931ee,True,ok,,93,58914e59c608ed4384ba6002e44c3465c58b2e71,48000
1145,resources/data/patches_3rdparty/Inigo Kennedy/Leads/Melodic Line 2.fxp,contributor,42822,dbd53b5963acae4fd0178e03905d07d5c29fd3e7,dbd53b5963acae4fd0178e03905d07d5c29fd3e7,True,ok,,4,58914e59c608ed4384ba6002e44c3465c58b2e71,48000
1146,resources/data/patches_3rdparty/Inigo Kennedy/Leads/Melodic Line 3.fxp,contributor,43077,0f9b7fd3576d9ae90a6ae9ff33a39b5ec67eee68,0f9b7fd3576d9ae90a6ae9ff33a39b5ec67eee68,True,ok,,3,58914e59c608ed4384ba6002e44c3465c58b2e71,48000
1147,resources/data/patches_3rdparty/Inigo Kennedy/Leads/Melodic Line 4.fxp,contributor,43163,9bdd7d1675096af0bf50d1db7f0fbc5cc456238a,9bdd7d1675096af0bf50d1db7f0fbc5cc456238a,True,ok,,4,58914e59c608ed4384ba6002e44c3465c58b2e71,48000
1148,resources/data/patches_3rdparty/Inigo Kennedy/Leads/Mystery 3.fxp,contributor,46462,7eb7f2d57cdb02d839e4983be2cbb29dbbab579c,7eb7f2d57cdb02d839e4983be2cbb29dbbab579c,True,ok,,5,58914e59c608ed4384ba6002e44c3465c58b2e71,48000
1149,resources/data/patches_3rdparty/Inigo Kennedy/Leads/Nova 1.fxp,contributor,24503,548d66b243494b72d9c9d785b7d5ba2174d54404,548d66b243494b72d9c9d785b7d5ba2174d54404,True,ok,,3,58914e59c608ed4384ba6002e44c3465c58b2e71,48000
1150,resources/data/patches_3rdparty/Inigo Kennedy/Leads/Nova 2.fxp,contributor,28197,f11bdff0fe135771160e802395b5f8e305471dee,f11bdff0fe135771160e802395b5f8e305471dee,True,ok,,3,58914e59c608ed4384ba6002e44c3465c58b2e71,48000
1151,resources/data/patches_3rdparty/Inigo Kennedy/Leads/Pops.fxp,contributor,40777,630c21fd10835062d68efe9a4ee086ce83d34431,630c21fd10835062d68efe9a4ee086ce83d34431,True,ok,,4,58914e59c608ed4384ba6002e44c3465c58b2e71,48000
1152,resources/data/patches_3rdparty/Inigo Kennedy/Leads/Rain On Top.fxp,contributor,40999,7a91df5fa7fa0f5913b472df0e48d9e65fd68117,7a91df5fa7fa0f5913b472df0e48d9e65fd68117,True,ok,,4,58914e59c608ed4384ba6002e44c3465c58b2e71,48000
1153,resources/data/patches_3rdparty/Inigo Kennedy/Leads/Scaffold.fxp,contributor,32839,6009db2372ea33a2eb4bc6a886cf9a3fa9a2f008,6009db2372ea33a2eb4bc6a886cf9a3fa9a2f008,True,ok,,4,58914e59c608ed4384ba6002e44c3465c58b2e71,48000
1154,resources/data/patches_3rdparty/Inigo Kennedy/Leads/Simply Moving.fxp,contributor,23487,3c429698069c8af205df76bc6a6acf2c6e3b22e9,3c429698069c8af205df76bc6a6acf2c6e3b22e9,True,ok,,3,58914e59c608ed4384ba6002e44c3465c58b2e71,48000
1155,resources/data/patches_3rdparty/Inigo Kennedy/Leads/Spook 1.fxp,contributor,32921,8128f11ca0748b7336dfc55d67e103afe8fed864,8128f11ca0748b7336dfc55d67e103afe8fed864,True,ok,,6,58914e59c608ed4384ba6002e44c3465c58b2e71,48000
1156,resources/data/patches_3rdparty/Inigo Kennedy/Leads/Spook 2.fxp,contributor,34531,6c4d7dd09f92a96e2efbbf16a3bb5a48dd03f09d,6c4d7dd09f92a96e2efbbf16a3bb5a48dd03f09d,True,ok,,5,58914e59c608ed4384ba6002e44c3465c58b2e71,48000
1157,resources/data/patches_3rdparty/Inigo Kennedy/Leads/Subtle Lead.fxp,contributor,40680,e18c839598fba66f3b69c21ce0691f5db91cf66c,e18c839598fba66f3b69c21ce0691f5db91cf66c,True,ok,,4,58914e59c608ed4384ba6002e44c3465c58b2e71,48000
1158,resources/data/patches_3rdparty/Inigo Kennedy/Leads/Sweet.fxp,contributor,36729,efbc7d0323591bd1f21ede5133d77dc2ba82ebe4,efbc7d0323591bd1f21ede5133d77dc2ba82ebe4,True,ok,,4,58914e59c608ed4384ba6002e44c3465c58b2e71,48000
1159,resources/data/patches_3rdparty/Inigo Kennedy/Leads/Trill.fxp,contributor,37224,db9f2dce87af25a00329ebab7b0733b30665a489,db9f2dce87af25a00329ebab7b0733b30665a489,True,ok,,7,58914e59c608ed4384ba6002e44c3465c58b2e71,48000
1160,resources/data/patches_3rdparty/Inigo Kennedy/Leads/Twinkle.fxp,contributor,29303,aead47f1a5c78d220c507090f8af6691ad1d587f,aead47f1a5c78d220c507090f8af6691ad1d587f,True,ok,,5,58914e59c608ed4384ba6002e44c3465c58b2e71,48000
1161,resources/data/patches_3rdparty/Inigo Kennedy/Leads/Winter 2.fxp,contributor,42934,19271e8a0d07ced083003e5b984361de87b26541,19271e8a0d07ced083003e5b984361de87b26541,True,ok,,6,58914e59c608ed4384ba6002e44c3465c58b2e71,48000
1162,resources/data/patches_3rdparty/Inigo Kennedy/Leads/Winter 5.fxp,contributor,44957,84180dff9c34511a1d48987419c7571959485460,84180dff9c34511a1d48987419c7571959485460,True,ok,,7,58914e59c608ed4384ba6002e44c3465c58b2e71,48000
1163,resources/data/patches_3rdparty/Inigo Kennedy/Leads/Wobbly.fxp,contributor,33207,c24ffb296da5be5be4ed7a1c7782d7d8c331b9ed,c24ffb296da5be5be4ed7a1c7782d7d8c331b9ed,True,ok,,4,58914e59c608ed4384ba6002e44c3465c58b2e71,48000
1164,resources/data/patches_3rdparty/Inigo Kennedy/Pads/Deep Space 1.fxp,contributor,25733,50627b5828927425495aad63ce4ae1a1bdd7eeec,50627b5828927425495aad63ce4ae1a1bdd7eeec,True,ok,,2,58914e59c608ed4384ba6002e44c3465c58b2e71,48000
1165,resources/data/patches_3rdparty/Inigo Kennedy/Pads/Deep Space 2.fxp,contributor,25768,16953d660538bf47d3f8d7e20ee83db9d2ec9ba9,16953d660538bf47d3f8d7e20ee83db9d2ec9ba9,True,ok,,3,58914e59c608ed4384ba6002e44c3465c58b2e71,48000
1166,resources/data/patches_3rdparty/Inigo Kennedy/Pads/Deep Space 3.fxp,contributor,26257,7cabaf3fcfa8553c437e08efe787bbe2525495e3,7cabaf3fcfa8553c437e08efe787bbe2525495e3,True,ok,,2,58914e59c608ed4384ba6002e44c3465c58b2e71,48000
1167,resources/data/patches_3rdparty/Inigo Kennedy/Pads/Dirty Pad.fxp,contributor,56960,64976606764e710a46e291c014d318df1280a8ee,64976606764e710a46e291c014d318df1280a8ee,True,ok,,4,58914e59c608ed4384ba6002e44c3465c58b2e71,48000
1168,resources/data/patches_3rdparty/Inigo Kennedy/Pads/Hangars 5.fxp,contributor,42764,ebf2ef80251e3beef51801cf883769af51be9f2a,ebf2ef80251e3beef51801cf883769af51be9f2a,True,ok,,4,58914e59c608ed4384ba6002e44c3465c58b2e71,48000
1169,resources/data/patches_3rdparty/Inigo Kennedy/Pads/Mystery 2.fxp,contributor,25763,d99f9d746df528d1b67e0c0969bae264497815ea,d99f9d746df528d1b67e0c0969bae264497815ea,True,ok,,5,58914e59c608ed4384ba6002e44c3465c58b2e71,48000
1170,resources/data/patches_3rdparty/Inigo Kennedy/Pads/Pad Basics.fxp,contributor,25474,9631849490091eb6f4014bb2bf61353ab72c675d,9631849490091eb6f4014bb2bf61353ab72c675d,True,ok,,3,58914e59c608ed4384ba6002e44c3465c58b2e71,48000
1171,resources/data/patches_3rdparty/Inigo Kennedy/Pads/Paddy Power.fxp,contributor,25061,dbfefe7e407ed6096eef15d54da454fbc981fd17,dbfefe7e407ed6096eef15d54da454fbc981fd17,True,ok,,9,58914e59c608ed4384ba6002e44c3465c58b2e71,48000
1172,resources/data/patches_3rdparty/Inigo Kennedy/Pads/Pure 1.fxp,contributor,26663,491d8a6eed6d43a425af51abd0b46d576909ee36,491d8a6eed6d43a425af51abd0b46d576909ee36,True,ok,,5,58914e59c608ed4384ba6002e44c3465c58b2e71,48000
1173,resources/data/patches_3rdparty/Inigo Kennedy/Pads/Pure 2.fxp,contributor,26664,54eb42ee7ce1104e0985e72cba6d0ac016671ced,54eb42ee7ce1104e0985e72cba6d0ac016671ced,True,ok,,5,58914e59c608ed4384ba6002e44c3465c58b2e71,48000
1174,resources/data/patches_3rdparty/Inigo Kennedy/Pads/Pure 3.fxp,contributor,26813,d1504be957c148a9eccdd46807dcb89d70f94c50,d1504be957c148a9eccdd46807dcb89d70f94c50,True,ok,,3,58914e59c608ed4384ba6002e44c3465c58b2e71,48000
1175,resources/data/patches_3rdparty/Inigo Kennedy/Pads/Saw Pad 1.fxp,contributor,23966,c6552abfe02e00f85618b6a4eb7e3ced0c4182cd,c6552abfe02e00f85618b6a4eb7e3ced0c4182cd,True,ok,,2,58914e59c608ed4384ba6002e44c3465c58b2e71,48000
1176,resources/data/patches_3rdparty/Inigo Kennedy/Pads/Saw Pad 2.fxp,contributor,24242,279af2978cbfe5d7a77d4df6915ae4ce4c4328fa,279af2978cbfe5d7a77d4df6915ae4ce4c4328fa,True,ok,,3,58914e59c608ed4384ba6002e44c3465c58b2e71,48000
1177,resources/data/patches_3rdparty/Inigo Kennedy/Pads/Thoughts 7.fxp,contributor,26003,5357159cbb7cd0e95dfd2adab18242a4e7a2fbb5,5357159cbb7cd0e95dfd2adab18242a4e7a2fbb5,True,ok,,3,58914e59c608ed4384ba6002e44c3465c58b2e71,48000
1178,resources/data/patches_3rdparty/Inigo Kennedy/Pads/Thoughts 8.fxp,contributor,29240,a7232b541eeb8abcbc8ae5682ced629366e3b3ab,a7232b541eeb8abcbc8ae5682ced629366e3b3ab,True,ok,,2,58914e59c608ed4384ba6002e44c3465c58b2e71,48000
1179,resources/data/patches_3rdparty/Inigo Kennedy/Pads/Thoughts 9.fxp,contributor,28094,540ac78cbfd7421ca3375f5bd59caa44c6de3d2e,540ac78cbfd7421ca3375f5bd59caa44c6de3d2e,True,ok,,20,58914e59c608ed4384ba6002e44c3465c58b2e71,48000
1180,resources/data/patches_3rdparty/Inigo Kennedy/Pads/Tonal.fxp,contributor,23244,19293040d57a555f5db4cf6d9a128d20bfedfc68,19293040d57a555f5db4cf6d9a128d20bfedfc68,True,ok,,2,58914e59c608ed4384ba6002e44c3465c58b2e71,48000
1181,resources/data/patches_3rdparty/Inigo Kennedy/Pads/Winter 7.fxp,contributor,44605,fc6d81d364a363071ff46a3ccb7818555d811066,fc6d81d364a363071ff46a3ccb7818555d811066,True,ok,,4,58914e59c608ed4384ba6002e44c3465c58b2e71,48000
1182,resources/data/patches_3rdparty/Inigo Kennedy/Pads/Winter 9.fxp,contributor,44654,5f101950297b6dc9bfe6097f845e9085f47e3f5a,5f101950297b6dc9bfe6097f845e9085f47e3f5a,True,ok,,4,58914e59c608ed4384ba6002e44c3465c58b2e71,48000
1183,resources/data/patches_3rdparty/Inigo Kennedy/Rhythms/Arp 1.fxp,contributor,34036,e08b788c57b48ad246a485c83c29c3135547c4df,e08b788c57b48ad246a485c83c29c3135547c4df,True,ok,,4,58914e59c608ed4384ba6002e44c3465c58b2e71,48000
1184,resources/data/patches_3rdparty/Inigo Kennedy/Rhythms/Arp 2.fxp,contributor,35659,29d6146381186eb6219085de88611660d41dc703,29d6146381186eb6219085de88611660d41dc703,True,ok,,3,58914e59c608ed4384ba6002e44c3465c58b2e71,48000
1185,resources/data/patches_3rdparty/Inigo Kennedy/Rhythms/Arp 3.fxp,contributor,34014,81aadffdc389ee1827abb8ebd465f83090568f77,81aadffdc389ee1827abb8ebd465f83090568f77,True,ok,,2,58914e59c608ed4384ba6002e44c3465c58b2e71,48000
1186,resources/data/patches_3rdparty/Inigo Kennedy/Rhythms/Arp 4.fxp,contributor,34034,7afb853f7f985c4239f5568d2ab5539609b85f44,7afb853f7f985c4239f5568d2ab5539609b85f44,True,ok,,3,58914e59c608ed4384ba6002e44c3465c58b2e71,48000
1187,resources/data/patches_3rdparty/Inigo Kennedy/Rhythms/Arp 5.fxp,contributor,35699,158fc08af7f709e9a3a0bb8ba39bdfd3a85d3778,158fc08af7f709e9a3a0bb8ba39bdfd3a85d3778,True,ok,,3,58914e59c608ed4384ba6002e44c3465c58b2e71,48000
1188,resources/data/patches_3rdparty/Inigo Kennedy/Rhythms/Arp 6.fxp,contributor,35676,74f2cf39bf47227a447cd7813756ad0f21a26542,74f2cf39bf47227a447cd7813756ad0f21a26542,True,ok,,3,58914e59c608ed4384ba6002e44c3465c58b2e71,48000
1189,resources/data/patches_3rdparty/Inigo Kennedy/Rhythms/Arp 7.fxp,contributor,35677,f8e7efffe8ea575a440f509c8a72617d7f4c5c03,f8e7efffe8ea575a440f509c8a72617d7f4c5c03,True,ok,,3,58914e59c608ed4384ba6002e44c3465c58b2e71,48000
1190,resources/data/patches_3rdparty/Inigo Kennedy/Rhythms/Arp 8.fxp,contributor,35699,c84ba81736bf30360c8424a36bc84ee046d1a67f,c84ba81736bf30360c8424a36bc84ee046d1a67f,True,ok,,4,58914e59c608ed4384ba6002e44c3465c58b2e71,48000
1191,resources/data/patches_3rdparty/Inigo Kennedy/Rhythms/Ladder 1.fxp,contributor,73874,a8aabc1d40e1e7174b5664e29933f00cd1590e5b,a8aabc1d40e1e7174b5664e29933f00cd1590e5b,True,ok,,6,58914e59c608ed4384ba6002e44c3465c58b2e71,48000
1192,resources/data/patches_3rdparty/Inigo Kennedy/Rhythms/Ladder 2.fxp,contributor,32708,d402aab0f800ae06aee85f96ef7175c5cd4d1e36,d402aab0f800ae06aee85f96ef7175c5cd4d1e36,True,ok,,3,58914e59c608ed4384ba6002e44c3465c58b2e71,48000
1193,resources/data/patches_3rdparty/Inigo Kennedy/Rhythms/Ladder 3.fxp,contributor,24514,e4d5df646e011ffcdd5e520367d89a9b642abf99,e4d5df646e011ffcdd5e520367d89a9b642abf99,True,ok,,3,58914e59c608ed4384ba6002e44c3465c58b2e71,48000
1194,resources/data/patches_3rdparty/Inigo Kennedy/Rhythms/Shipping.fxp,contributor,36041,9707b9e2464e1902ec46d3a68a896e0f54148f93,9707b9e2464e1902ec46d3a68a896e0f54148f93,True,ok,,3,58914e59c608ed4384ba6002e44c3465c58b2e71,48000
1195,resources/data/patches_3rdparty/Inigo Kennedy/Rhythms/Six Way 1.fxp,contributor,25008,cbc7875ff0b04ab7839713e4c180b1c08a8a2bf2,cbc7875ff0b04ab7839713e4c180b1c08a8a2bf2,True,ok,,2,58914e59c608ed4384ba6002e44c3465c58b2e71,48000
1196,resources/data/patches_3rdparty/Inigo Kennedy/Rhythms/Three Way 1.fxp,contributor,23878,f68eb9bc96eec995475983ec44b16a565f78d2c5,f68eb9bc96eec995475983ec44b16a565f78d2c5,True,ok,,3,58914e59c608ed4384ba6002e44c3465c58b2e71,48000
1197,resources/data/patches_3rdparty/Inigo Kennedy/Rhythms/Three Way 2.fxp,contributor,23822,f0b2b12190296d76fba6732db2dfa3da38b765a7,f0b2b12190296d76fba6732db2dfa3da38b765a7,True,ok,,2,58914e59c608ed4384ba6002e44c3465c58b2e71,48000
1198,resources/data/patches_3rdparty/Inigo Kennedy/Rhythms/Three Way 3.fxp,contributor,24036,2e93c1aa67040e4207afd5d89373908336383a5e,2e93c1aa67040e4207afd5d89373908336383a5e,True,ok,,2,58914e59c608ed4384ba6002e44c3465c58b2e71,48000
1199,resources/data/patches_3rdparty/Inigo Kennedy/Winds/Flat Oboe.fxp,contributor,24421,eea636a4f8c0b55abf44dc58b4dd6bacdb884dad,eea636a4f8c0b55abf44dc58b4dd6bacdb884dad,True,ok,,2,58914e59c608ed4384ba6002e44c3465c58b2e71,48000
1200,resources/data/patches_3rdparty/Inigo Kennedy/Winds/Mountain Pipe.fxp,contributor,33929,69c1b7a94f8c104eeb336ded17241a47e8598d75,69c1b7a94f8c104eeb336ded17241a47e8598d75,True,ok,,3,58914e59c608ed4384ba6002e44c3465c58b2e71,48000
1201,resources/data/patches_3rdparty/Jacky Ligon/Ambiance/Above.fxp,contributor,93198,e6c97c48a25445edadc99ffffde17fe7e4e7fa7c,e6c97c48a25445edadc99ffffde17fe7e4e7fa7c,True,ok,,8,58914e59c608ed4384ba6002e44c3465c58b2e71,48000
1202,resources/data/patches_3rdparty/Jacky Ligon/Ambiance/Brass Swells.fxp,contributor,34161,28b50e646301ca2682800e12a2a542a1aa6df898,28b50e646301ca2682800e12a2a542a1aa6df898,True,ok,,4,58914e59c608ed4384ba6002e44c3465c58b2e71,48000
1203,resources/data/patches_3rdparty/Jacky Ligon/Ambiance/Bright Hybrid.fxp,contributor,32147,2ca9624f2405d7afb5b605335e2de68b87ec8ea3,2ca9624f2405d7afb5b605335e2de68b87ec8ea3,True,ok,,18,58914e59c608ed4384ba6002e44c3465c58b2e71,48000
1204,resources/data/patches_3rdparty/Jacky Ligon/Ambiance/Brightly.fxp,contributor,30724,5ca89b3ef39d32df6e4901415fce95642acb88bd,5ca89b3ef39d32df6e4901415fce95642acb88bd,True,ok,,3,58914e59c608ed4384ba6002e44c3465c58b2e71,48000
1205,resources/data/patches_3rdparty/Jacky Ligon/Ambiance/Circles Squared.fxp,contributor,34563,7edfa56d6c8bd094e80bfc0d5d1747df477e4202,7edfa56d6c8bd094e80bfc0d5d1747df477e4202,True,ok,,3,58914e59c608ed4384ba6002e44c3465c58b2e71,48000
1206,resources/data/patches_3rdparty/Jacky Ligon/Ambiance/Divaesque.fxp,contributor,30853,31d29c07c0e6ec60a04a8e86fc6aca0de6334ee7,31d29c07c0e6ec60a04a8e86fc6aca0de6334ee7,True,ok,,4,58914e59c608ed4384ba6002e44c3465c58b2e71,48000
1207,resources/data/patches_3rdparty/Jacky Ligon/Ambiance/FMiscellanea 1.fxp,contributor,32377,5f713f022a3c2470bd66d642f5da777f4edb10bc,5f713f022a3c2470bd66d642f5da777f4edb10bc,True,ok,,4,58914e59c608ed4384ba6002e44c3465c58b2e71,48000
1208,resources/data/patches_3rdparty/Jacky Ligon/Ambiance/FMiscellanea 2.fxp,contributor,32823,8c22ef9630e0e76c6151439d07ac8f6c44539dd2,8c22ef9630e0e76c6151439d07ac8f6c44539dd2,True,ok,,3,58914e59c608ed4384ba6002e44c3465c58b2e71,48000
1209,resources/data/patches_3rdparty/Jacky Ligon/Ambiance/Fade To Black.fxp,contributor,33965,ea28ac2e1ca75915cede19798e1e44fb89b96f8c,ea28ac2e1ca75915cede19798e1e44fb89b96f8c,True,ok,,2,58914e59c608ed4384ba6002e44c3465c58b2e71,48000
1210,resources/data/patches_3rdparty/Jacky Ligon/Ambiance/Faded Polaroids.fxp,contributor,33618,8ba919cc64f009e08b7f880b5ff35829b29f2079,8ba919cc64f009e08b7f880b5ff35829b29f2079,True,ok,,3,58914e59c608ed4384ba6002e44c3465c58b2e71,48000
1211,resources/data/patches_3rdparty/Jacky Ligon/Ambiance/First Light (1-3-7).fxp,contributor,34486,321282dd120ef7eac55b6b848f466607549fc8a9,321282dd120ef7eac55b6b848f466607549fc8a9,True,ok,,4,58914e59c608ed4384ba6002e44c3465c58b2e71,48000
1212,resources/data/patches_3rdparty/Jacky Ligon/Ambiance/First Light (Variant).fxp,contributor,34636,84d0d92147f0ac5ba9b5b8c2c4c84f332adfc619,84d0d92147f0ac5ba9b5b8c2c4c84f332adfc619,True,ok,,3,58914e59c608ed4384ba6002e44c3465c58b2e71,48000
1213,resources/data/patches_3rdparty/Jacky Ligon/Ambiance/Harold Budd (1936-2020).fxp,contributor,33977,00055942a405164af921cb7d4c36d134636698e7,00055942a405164af921cb7d4c36d134636698e7,True,ok,,8,58914e59c608ed4384ba6002e44c3465c58b2e71,48000
1214,resources/data/patches_3rdparty/Jacky Ligon/Ambiance/Iso Pad.fxp,contributor,104914,0a5b6c048db334a1d08998854bd302535733e671,0a5b6c048db334a1d08998854bd302535733e671,True,ok,,8,58914e59c608ed4384ba6002e44c3465c58b2e71,48000
1215,resources/data/patches_3rdparty/Jacky Ligon/Ambiance/Life In Major Keys (1-3-7).fxp,contributor,34897,ec452cfdbf2bbb72f289a5b2ec45b39627696ed2,ec452cfdbf2bbb72f289a5b2ec45b39627696ed2,True,ok,,3,58914e59c608ed4384ba6002e44c3465c58b2e71,48000
1216,resources/data/patches_3rdparty/Jacky Ligon/Ambiance/Life In Major Keys (Variant).fxp,contributor,34501,36b52e2f43ffbe095014860d037d507f7c86ef45,36b52e2f43ffbe095014860d037d507f7c86ef45,True,ok,,8,58914e59c608ed4384ba6002e44c3465c58b2e71,48000
1217,resources/data/patches_3rdparty/Jacky Ligon/Ambiance/Mod Sixteen (1-61-19).fxp,contributor,34570,f08f1fd3a467e92da8cd89f51306b467ec3a7335,f08f1fd3a467e92da8cd89f51306b467ec3a7335,True,ok,,5,58914e59c608ed4384ba6002e44c3465c58b2e71,48000
1218,resources/data/patches_3rdparty/Jacky Ligon/Ambiance/Mod Sixteen (Variant).fxp,contributor,34996,2634bd8bc9427d57eb4f3e6d0dd60dddaf09d109,2634bd8bc9427d57eb4f3e6d0dd60dddaf09d109,True,ok,,11,58914e59c608ed4384ba6002e44c3465c58b2e71,48000
1219,resources/data/patches_3rdparty/Jacky Ligon/Ambiance/Next Spring.fxp,contributor,33512,7122ec46bf6c187b29c5bc5610492e4f6be47279,7122ec46bf6c187b29c5bc5610492e4f6be47279,True,ok,,10,58914e59c608ed4384ba6002e44c3465c58b2e71,48000
1220,resources/data/patches_3rdparty/Jacky Ligon/Ambiance/Other Bright Themes.fxp,contributor,95817,5a5d78b31bb24b4c59889f4a60c9bfddfa5b7f03,5a5d78b31bb24b4c59889f4a60c9bfddfa5b7f03,True,ok,,15,58914e59c608ed4384ba6002e44c3465c58b2e71,48000
1221,resources/data/patches_3rdparty/Jacky Ligon/Ambiance/ReSurgence.fxp,contributor,30809,4270be635608ada57e7546c60a19fb17f33c73ce,4270be635608ada57e7546c60a19fb17f33c73ce,True,ok,,7,58914e59c608ed4384ba6002e44c3465c58b2e71,48000
1222,resources/data/patches_3rdparty/Jacky Ligon/Ambiance/Stringish.fxp,contributor,31195,ce7c6d4ac1ed268ffda0fc0e5aa0ac68de216876,ce7c6d4ac1ed268ffda0fc0e5aa0ac68de216876,True,ok,,5,58914e59c608ed4384ba6002e44c3465c58b2e71,48000
1223,resources/data/patches_3rdparty/Jacky Ligon/Ambiance/Swirling.fxp,contributor,31336,34df308afa7fa179aa4a80ee31517ab6de1c9947,34df308afa7fa179aa4a80ee31517ab6de1c9947,True,ok,,6,58914e59c608ed4384ba6002e44c3465c58b2e71,48000
1224,resources/data/patches_3rdparty/Jacky Ligon/Ambiance/That Morning (1-3-7).fxp,contributor,34887,eb2e91fffce428d1fe3e70d0ded6c6b3694dc399,eb2e91fffce428d1fe3e70d0ded6c6b3694dc399,True,ok,,8,58914e59c608ed4384ba6002e44c3465c58b2e71,48000
1225,resources/data/patches_3rdparty/Jacky Ligon/Ambiance/That Morning (Variant).fxp,contributor,34493,0f257e77baeae4c90fc4d5de8b2f08aae33de62e,0f257e77baeae4c90fc4d5de8b2f08aae33de62e,True,ok,,6,58914e59c608ed4384ba6002e44c3465c58b2e71,48000
1226,resources/data/patches_3rdparty/Jacky Ligon/Ambiance/TransHarmonics (1-3-5).fxp,contributor,48903,2437e831ffe8a93347407b5d98a9944dcae8a7ae,2437e831ffe8a93347407b5d98a9944dcae8a7ae,True,ok,,13,58914e59c608ed4384ba6002e44c3465c58b2e71,48000
1227,resources/data/patches_3rdparty/Jacky Ligon/Ambiance/Unbearable Lightness.fxp,contributor,33349,18958d6a27abb13128d6c1acc22c72c56e7f6100,18958d6a27abb13128d6c1acc22c72c56e7f6100,True,ok,,3,58914e59c608ed4384ba6002e44c3465c58b2e71,48000
1228,resources/data/patches_3rdparty/Jacky Ligon/Ambiance/Warm Theme.fxp,contributor,32537,f4cb27a2d7e637fcde66a915d506197edb443d50,f4cb27a2d7e637fcde66a915d506197edb443d50,True,ok,,3,58914e59c608ed4384ba6002e44c3465c58b2e71,48000
1229,resources/data/patches_3rdparty/Jacky Ligon/Ambiance/Whispering Waves.fxp,contributor,33545,91aef0e53849997ab664e6bb32e5b89eabcc4038,91aef0e53849997ab664e6bb32e5b89eabcc4038,True,ok,,3,58914e59c608ed4384ba6002e44c3465c58b2e71,48000
1230,resources/data/patches_3rdparty/Jacky Ligon/Ambiance/X-Fade Ensemble.fxp,contributor,42751,f08ee5f974f6c6bfd24d79308822eb7400d80a17,f08ee5f974f6c6bfd24d79308822eb7400d80a17,True,ok,,8,58914e59c608ed4384ba6002e44c3465c58b2e71,48000
1231,resources/data/patches_3rdparty/Jacky Ligon/Ambiance/X-Fade Sines 1.fxp,contributor,33889,475798cf60d0d50e73f6be982bbb8c0c5cfb48c1,475798cf60d0d50e73f6be982bbb8c0c5cfb48c1,True,ok,,27,58914e59c608ed4384ba6002e44c3465c58b2e71,48000
1232,resources/data/patches_3rdparty/Jacky Ligon/Ambiance/X-Fade Sines 2.fxp,contributor,34063,585d24172e5838281aa8e7e2a949d94d226108bf,585d24172e5838281aa8e7e2a949d94d226108bf,True,ok,,9,58914e59c608ed4384ba6002e44c3465c58b2e71,48000
1233,resources/data/patches_3rdparty/Jacky Ligon/Ambiance/Y87 (Variant).fxp,contributor,34826,21919990cbe4325f56dab200557621f3e6929576,21919990cbe4325f56dab200557621f3e6929576,True,ok,,4,58914e59c608ed4384ba6002e44c3465c58b2e71,48000
1234,resources/data/patches_3rdparty/Jacky Ligon/Atmospheres/Anticipation.fxp,contributor,35156,98629d7860b255fce8c903bac5c8a6d46ff90bfd,98629d7860b255fce8c903bac5c8a6d46ff90bfd,True,ok,,15,58914e59c608ed4384ba6002e44c3465c58b2e71,48000
1235,resources/data/patches_3rdparty/Jacky Ligon/Atmospheres/Beginnings (1-3-7).fxp,contributor,33847,a415b0edb9c1df5b8b48156eedea3109595a3938,a415b0edb9c1df5b8b48156eedea3109595a3938,True,ok,,85,58914e59c608ed4384ba6002e44c3465c58b2e71,48000
1236,resources/data/patches_3rdparty/Jacky Ligon/Atmospheres/Beginnings (Variant).fxp,contributor,37324,5602a40fe9c69ab4e7afa9008e381188609dbe11,5602a40fe9c69ab4e7afa9008e381188609dbe11,True,ok,,4,58914e59c608ed4384ba6002e44c3465c58b2e71,48000
1237,resources/data/patches_3rdparty/Jacky Ligon/Atmospheres/Duality.fxp,contributor,32552,319d2f11f7804fceac576ebd9c5e63321add6c21,319d2f11f7804fceac576ebd9c5e63321add6c21,True,ok,,5,58914e59c608ed4384ba6002e44c3465c58b2e71,48000
1238,resources/data/patches_3rdparty/Jacky Ligon/Atmospheres/Ensemble.fxp,contributor,155668,6491c882b267425a414693b89729df4d30f64eb4,6491c882b267425a414693b89729df4d30f64eb4,True,ok,,43,58914e59c608ed4384ba6002e44c3465c58b2e71,48000
1239,resources/data/patches_3rdparty/Jacky Ligon/Atmospheres/New Waves.fxp,contributor,35125,0d7b51a2fb965ef9e09ba61833a3294ec5a6c3e4,0d7b51a2fb965ef9e09ba61833a3294ec5a6c3e4,True,ok,,5,58914e59c608ed4384ba6002e44c3465c58b2e71,48000
1240,resources/data/patches_3rdparty/Jacky Ligon/Atmospheres/Orchestral.fxp,contributor,225953,b5178160a4c602b01ddbf0fd3069e13a1f12c106,b5178160a4c602b01ddbf0fd3069e13a1f12c106,True,ok,,21,58914e59c608ed4384ba6002e44c3465c58b2e71,48000
1241,resources/data/patches_3rdparty/Jacky Ligon/Atmospheres/Planet Surge.fxp,contributor,33269,9f90a06a635a1e6a57674e82030142b95da5abbc,9f90a06a635a1e6a57674e82030142b95da5abbc,True,ok,,3,58914e59c608ed4384ba6002e44c3465c58b2e71,48000
1242,resources/data/patches_3rdparty/Jacky Ligon/Atmospheres/ReSines.fxp,contributor,36501,ed0aa99734eb96beb389e107adf6cb5a4ec75d8e,ed0aa99734eb96beb389e107adf6cb5a4ec75d8e,True,ok,,4,58914e59c608ed4384ba6002e44c3465c58b2e71,48000
1243,resources/data/patches_3rdparty/Jacky Ligon/Atmospheres/Reflective States.fxp,contributor,155184,5183cc49243f1ee555da6384a14404a21cd89d6a,5183cc49243f1ee555da6384a14404a21cd89d6a,True,ok,,12,58914e59c608ed4384ba6002e44c3465c58b2e71,48000
1244,resources/data/patches_3rdparty/Jacky Ligon/Atmospheres/Renewal Loops.fxp,contributor,35872,d1dca31a64f2a9395be7f9e3f28d32c0f808ed34,d1dca31a64f2a9395be7f9e3f28d32c0f808ed34,True,ok,,4,58914e59c608ed4384ba6002e44c3465c58b2e71,48000
1245,resources/data/patches_3rdparty/Jacky Ligon/Atmospheres/Sixfades.fxp,contributor,47556,8760bceaee3ee24be792727820a6304c9a9ede17,8760bceaee3ee24be792727820a6304c9a9ede17,True,ok,,5,58914e59c608ed4384ba6002e44c3465c58b2e71,48000
1246,resources/data/patches_3rdparty/Jacky Ligon/Atmospheres/When Soaring.fxp,contributor,94404,63c671d1652ed9233309b5e2e89f2d8552caca0a,63c671d1652ed9233309b5e2e89f2d8552caca0a,True,ok,,11,58914e59c608ed4384ba6002e44c3465c58b2e71,48000
1247,resources/data/patches_3rdparty/Jacky Ligon/Atmospheres/Written In Tone.fxp,contributor,93920,75922674fd54a3f21ced95ddd9eda8e1f0ff3073,75922674fd54a3f21ced95ddd9eda8e1f0ff3073,True,ok,,7,58914e59c608ed4384ba6002e44c3465c58b2e71,48000
1248,resources/data/patches_3rdparty/Jacky Ligon/Basses/BackWord.fxp,contributor,35991,d0335fa5274f8bb1c62c8cbb29c5161cd3091b8f,d0335fa5274f8bb1c62c8cbb29c5161cd3091b8f,True,ok,,3,58914e59c608ed4384ba6002e44c3465c58b2e71,48000
1249,resources/data/patches_3rdparty/Jacky Ligon/Basses/FM Sub.fxp,contributor,34618,fec624f8bcc4f19a8510d185c451906383826b0c,fec624f8bcc4f19a8510d185c451906383826b0c,True,ok,,3,58914e59c608ed4384ba6002e44c3465c58b2e71,48000
1250,resources/data/patches_3rdparty/Jacky Ligon/Basses/Mod Bass.fxp,contributor,32733,cbfd4bc5993134631645a80a0ff67ecbbe5c1118,cbfd4bc5993134631645a80a0ff67ecbbe5c1118,True,ok,,3,58914e59c608ed4384ba6002e44c3465c58b2e71,48000
1251,resources/data/patches_3rdparty/Jacky Ligon/Basses/Monohuge.fxp,contributor,737280,2df8b1d10567be3ac18308e598ae554d5d187d6c,2df8b1d10567be3ac18308e598ae554d5d187d6c,True,ok,,52,58914e59c608ed4384ba6002e44c3465c58b2e71,48000
1252,resources/data/patches_3rdparty/Jacky Ligon/Basses/Play Low.fxp,contributor,34851,f87cf66888897b903b099e8dedbd82c4fcbc5864,f87cf66888897b903b099e8dedbd82c4fcbc5864,True,ok,,3,58914e59c608ed4384ba6002e44c3465c58b2e71,48000
1253,resources/data/patches_3rdparty/Jacky Ligon/Basses/Pulse.fxp,contributor,33087,767c47bea5e5b28aa37d0635a73409dd78bbceb0,767c47bea5e5b28aa37d0635a73409dd78bbceb0,True,ok,,4,58914e59c608ed4384ba6002e44c3465c58b2e71,48000
1254,resources/data/patches_3rdparty/Jacky Ligon/Basses/ResamplEmu.fxp,contributor,199457,6b44298a5823304d6cca7def6a4d9d0209b56670,6b44298a5823304d6cca7def6a4d9d0209b56670,True,ok,,17,58914e59c608ed4384ba6002e44c3465c58b2e71,48000
1255,resources/data/patches_3rdparty/Jacky Ligon/Basses/Scraper.fxp,contributor,35291,fe8160694cb5cd9558ad5e228bd5f1a960456b03,fe8160694cb5cd9558ad5e228bd5f1a960456b03,True,ok,,4,58914e59c608ed4384ba6002e44c3465c58b2e71,48000
1256,resources/data/patches_3rdparty/Jacky Ligon/Keys/80s Futures Pasts.fxp,contributor,34627,a029f02e42b8f90f1853e1d98cbbd417172b404d,a029f02e42b8f90f1853e1d98cbbd417172b404d,True,ok,,4,58914e59c608ed4384ba6002e44c3465c58b2e71,48000
1257,resources/data/patches_3rdparty/Jacky Ligon/Keys/Afterglow.fxp,contributor,65030,cc33281d710fb2febde9ea3b37a263f9c8f89369,cc33281d710fb2febde9ea3b37a263f9c8f89369,True,ok,,6,58914e59c608ed4384ba6002e44c3465c58b2e71,48000
1258,resources/data/patches_3rdparty/Jacky Ligon/Keys/Arpsychord.fxp,contributor,33021,5d14befc0d2fc1cda766f3849baf70cce66a5da8,5d14befc0d2fc1cda766f3849baf70cce66a5da8,True,ok,,3,58914e59c608ed4384ba6002e44c3465c58b2e71,48000
1259,resources/data/patches_3rdparty/Jacky Ligon/Keys/Bell Keys 1 (1-3-5).fxp,contributor,33733,9426c878ff096aa9dfec4cdc83fcc3c9581ef855,9426c878ff096aa9dfec4cdc83fcc3c9581ef855,True,ok,,3,58914e59c608ed4384ba6002e44c3465c58b2e71,48000
1260,resources/data/patches_3rdparty/Jacky Ligon/Keys/Bell Keys 2 (1-5-6).fxp,contributor,33540,6077bb58c8418de0e11832812b334feda792b536,6077bb58c8418de0e11832812b334feda792b536,True,ok,,3,58914e59c608ed4384ba6002e44c3465c58b2e71,48000
1261,resources/data/patches_3rdparty/Jacky Ligon/Keys/Bell Keys 3 (1-3-5).fxp,contributor,34102,6fb7a886a1b54e1d978ae2c02bf7054ffcfe7018,6fb7a886a1b54e1d978ae2c02bf7054ffcfe7018,True,ok,,5,58914e59c608ed4384ba6002e44c3465c58b2e71,48000
1262,resources/data/patches_3rdparty/Jacky Ligon/Keys/Bell Song.fxp,contributor,32410,08da8ab0650bf5f829bfdaff6db6b0f1cee15fba,08da8ab0650bf5f829bfdaff6db6b0f1cee15fba,True,ok,,3,58914e59c608ed4384ba6002e44c3465c58b2e71,48000
1263,resources/data/patches_3rdparty/Jacky Ligon/Keys/Bore Excitations.fxp,contributor,37356,6523eb0a3c20eaee25e42de32a47021ef55b7552,6523eb0a3c20eaee25e42de32a47021ef55b7552,True,ok,,5,58914e59c608ed4384ba6002e44c3465c58b2e71,48000
1264,resources/data/patches_3rdparty/Jacky Ligon/Keys/Brass Nostalgia.fxp,contributor,39268,bdedd1d859f98259b1e971192db5b1391db3594b,bdedd1d859f98259b1e971192db5b1391db3594b,True,ok,,4,58914e59c608ed4384ba6002e44c3465c58b2e71,48000
1265,resources/data/patches_3rdparty/Jacky Ligon/Keys/Corporealities.fxp,contributor,34623,7b217d60e3a5c530d3d9880294fd67d450f2a80d,7b217d60e3a5c530d3d9880294fd67d450f2a80d,True,ok,,7,58914e59c608ed4384ba6002e44c3465c58b2e71,48000
1266,resources/data/patches_3rdparty/Jacky Ligon/Keys/EPad.fxp,contributor,30907,97f938443c3bd74b427c7dae9d5a8c7993f2f325,97f938443c3bd74b427c7dae9d5a8c7993f2f325,True,ok,,6,58914e59c608ed4384ba6002e44c3465c58b2e71,48000
1267,resources/data/patches_3rdparty/Jacky Ligon/Keys/EPleasantries.fxp,contributor,33895,ec02ed5d01c03766e4b9a0e529e9bbdbf77a0ed0,ec02ed5d01c03766e4b9a0e529e9bbdbf77a0ed0,True,ok,,5,58914e59c608ed4384ba6002e44c3465c58b2e71,48000
1268,"resources/data/patches_3rdparty/Jacky Ligon/Keys/FM E-Piano 1, 3, 5.fxp",contributor,33948,9a4148aa39a6cc1abec27bb758b3f874cd5af710,9a4148aa39a6cc1abec27bb758b3f874cd5af710,True,ok,,3,58914e59c608ed4384ba6002e44c3465c58b2e71,48000
1269,resources/data/patches_3rdparty/Jacky Ligon/Keys/FM Swirlscapes.fxp,contributor,35431,3fd33aee249f6ad0d5f3176a12edea0ed1bb9d42,3fd33aee249f6ad0d5f3176a12edea0ed1bb9d42,True,ok,,4,58914e59c608ed4384ba6002e44c3465c58b2e71,48000
1270,resources/data/patches_3rdparty/Jacky Ligon/Keys/FM3 Deiified.fxp,contributor,40314,35fe60db1e19c29a123b39e7be9bba72c852db4f,35fe60db1e19c29a123b39e7be9bba72c852db4f,True,ok,,4,58914e59c608ed4384ba6002e44c3465c58b2e71,48000
1271,resources/data/patches_3rdparty/Jacky Ligon/Keys/Fiftyish.fxp,contributor,38773,a6fa5fae9d8c32f80d6134d5eaebce2fec8b11b2,a6fa5fae9d8c32f80d6134d5eaebce2fec8b11b2,True,ok,,5,58914e59c608ed4384ba6002e44c3465c58b2e71,48000
1272,resources/data/patches_3rdparty/Jacky Ligon/Keys/Harmonic Dimensions.fxp,contributor,33512,0b75b5ab8d34358aa6796615a29c521e7ed37f86,0b75b5ab8d34358aa6796615a29c521e7ed37f86,True,ok,,4,58914e59c608ed4384ba6002e44c3465c58b2e71,48000
1273,resources/data/patches_3rdparty/Jacky Ligon/Keys/Harmonicscape.fxp,contributor,92599,cbfcb1029279683709f6e19c7f63ec2284c5fff3,cbfcb1029279683709f6e19c7f63ec2284c5fff3,True,ok,,8,58914e59c608ed4384ba6002e44c3465c58b2e71,48000
1274,resources/data/patches_3rdparty/Jacky Ligon/Keys/Iso EP.fxp,contributor,47653,ff9bae33069ca24c031acfb88a4b210affafd7ca,ff9bae33069ca24c031acfb88a4b210affafd7ca,True,ok,,6,58914e59c608ed4384ba6002e44c3465c58b2e71,48000
1275,resources/data/patches_3rdparty/Jacky Ligon/Keys/Iso-Keys.fxp,contributor,43317,cb86d688a4420593283c07bf0b9aecb4b4667116,cb86d688a4420593283c07bf0b9aecb4b4667116,True,ok,,4,58914e59c608ed4384ba6002e44c3465c58b2e71,48000
1276,resources/data/patches_3rdparty/Jacky Ligon/Keys/Lighter Still.fxp,contributor,33141,ed88f8af795c2c512c9a67147a002682ac60e2fe,ed88f8af795c2c512c9a67147a002682ac60e2fe,True,ok,,3,58914e59c608ed4384ba6002e44c3465c58b2e71,48000
1277,resources/data/patches_3rdparty/Jacky Ligon/Keys/Midnight Retrospections.fxp,contributor,104517,8785613906781a31fba6c898193c3911af0bdd06,8785613906781a31fba6c898193c3911af0bdd06,True,ok,,9,58914e59c608ed4384ba6002e44c3465c58b2e71,48000
1278,resources/data/patches_3rdparty/Jacky Ligon/Keys/Midnightly.fxp,contributor,38754,b4871e72bb44e41d022c9473e41c5531f56e7523,b4871e72bb44e41d022c9473e41c5531f56e7523,True,ok,,4,58914e59c608ed4384ba6002e44c3465c58b2e71,48000
1279,resources/data/patches_3rdparty/Jacky Ligon/Keys/Min-Triad Me.fxp,contributor,30846,576bb0b8b16b874c856bbe628de521cc307d17fc,576bb0b8b16b874c856bbe628de521cc307d17fc,True,ok,,4,58914e59c608ed4384ba6002e44c3465c58b2e71,48000
1280,resources/data/patches_3rdparty/Jacky Ligon/Keys/Open Windows.fxp,contributor,32732,437a868015d666d72d7ce332f58c04a140d6a343,437a868015d666d72d7ce332f58c04a140d6a343,True,ok,,5,58914e59c608ed4384ba6002e44c3465c58b2e71,48000
1281,resources/data/patches_3rdparty/Jacky Ligon/Keys/Our Stories.fxp,contributor,33657,070863e59b4d09bffc5d12a42a458ae7b40d0476,070863e59b4d09bffc5d12a42a458ae7b40d0476,True,ok,,5,58914e59c608ed4384ba6002e44c3465c58b2e71,48000
1282,resources/data/patches_3rdparty/Jacky Ligon/Keys/Palm Mute Pi.fxp,contributor,35754,413677f5863268ae0bbfb02059cbf0f1ce2b7bc8,413677f5863268ae0bbfb02059cbf0f1ce2b7bc8,True,ok,,4,58914e59c608ed4384ba6002e44c3465c58b2e71,48000
1283,resources/data/patches_3rdparty/Jacky Ligon/Keys/Pluckstring.fxp,contributor,34981,f45170f5919448762d24f8377ebf71500ec34354,f45170f5919448762d24f8377ebf71500ec34354,True,ok,,4,58914e59c608ed4384ba6002e44c3465c58b2e71,48000
1284,resources/data/patches_3rdparty/Jacky Ligon/Keys/Rediscoveries (1-3-6).fxp,contributor,33206,6193e101188cbc8810967d7af6027e3c70c06b7c,6193e101188cbc8810967d7af6027e3c70c06b7c,True,ok,,4,58914e59c608ed4384ba6002e44c3465c58b2e71,48000
1285,resources/data/patches_3rdparty/Jacky Ligon/Keys/Rediscoveries (Variant).fxp,contributor,34510,8131da09ec308dd35ff6179653d8e272460116b0,8131da09ec308dd35ff6179653d8e272460116b0,True,ok,,4,58914e59c608ed4384ba6002e44c3465c58b2e71,48000
1286,resources/data/patches_3rdparty/Jacky Ligon/Keys/Saw Things.fxp,contributor,33927,054223a4a7421b5226c6478c9e3e6e0bb955e2eb,054223a4a7421b5226c6478c9e3e6e0bb955e2eb,True,ok,,6,58914e59c608ed4384ba6002e44c3465c58b2e71,48000
1287,resources/data/patches_3rdparty/Jacky Ligon/Keys/Slow Waves.fxp,contributor,33779,b8f450cbec5c000b534633418008de5d78dfb3e5,b8f450cbec5c000b534633418008de5d78dfb3e5,True,ok,,6,58914e59c608ed4384ba6002e44c3465c58b2e71,48000
1288,resources/data/patches_3rdparty/Jacky Ligon/Keys/Sunny.fxp,contributor,31826,1dcf160335b3cd066c35ef19335ddb671fdb3ab0,1dcf160335b3cd066c35ef19335ddb671fdb3ab0,True,ok,,6,58914e59c608ed4384ba6002e44c3465c58b2e71,48000
1289,resources/data/patches_3rdparty/Jacky Ligon/Keys/Through Open Windows.fxp,contributor,42521,3ba930dd311d4cf347613872a260b3ef491df750,3ba930dd311d4cf347613872a260b3ef491df750,True,ok,,5,58914e59c608ed4384ba6002e44c3465c58b2e71,48000
1290,resources/data/patches_3rdparty/Jacky Ligon/Keys/X-Fade Keys.fxp,contributor,50572,c8fa82246111386b90554c8da73194c8dc4ad775,c8fa82246111386b90554c8da73194c8dc4ad775,True,ok,,4,58914e59c608ed4384ba6002e44c3465c58b2e71,48000
1291,resources/data/patches_3rdparty/Jacky Ligon/Keys/Y87 (1-3-9).fxp,contributor,34495,9862a4018d90f204a8f85f3f6bb1d0925a4cf6c6,9862a4018d90f204a8f85f3f6bb1d0925a4cf6c6,True,ok,,5,58914e59c608ed4384ba6002e44c3465c58b2e71,48000
1292,resources/data/patches_3rdparty/Jacky Ligon/Leads/Freerunaway.fxp,contributor,46278,8b8cfcfd2f706ef5f5e0dfaa6bb0754990fdde7f,8b8cfcfd2f706ef5f5e0dfaa6bb0754990fdde7f,True,ok,,7,58914e59c608ed4384ba6002e44c3465c58b2e71,48000
1293,resources/data/patches_3rdparty/Jacky Ligon/Leads/Hammer-On Hammer-Off.fxp,contributor,40235,758a72ac479aa29f19542724bdd857ce6c6e4fc7,758a72ac479aa29f19542724bdd857ce6c6e4fc7,True,ok,,5,58914e59c608ed4384ba6002e44c3465c58b2e71,48000
1294,resources/data/patches_3rdparty/Jacky Ligon/Leads/Journey To The Center Of The Surge.fxp,contributor,37546,0ed778af80bd8c356de1889fc7c545303e50ad2b,0ed778af80bd8c356de1889fc7c545303e50ad2b,True,ok,,3,58914e59c608ed4384ba6002e44c3465c58b2e71,48000
1295,resources/data/patches_3rdparty/Jacky Ligon/Leads/Lovely Lead.fxp,contributor,37973,42eee47b75cd92172bc4f0aead10db1014b09911,42eee47b75cd92172bc4f0aead10db1014b09911,True,ok,,4,58914e59c608ed4384ba6002e44c3465c58b2e71,48000
1296,resources/data/patches_3rdparty/Jacky Ligon/Leads/Lucky Woman.fxp,contributor,37440,45a572db175e5d13cf746f5116fa03a8d70e5844,45a572db175e5d13cf746f5116fa03a8d70e5844,True,ok,,3,58914e59c608ed4384ba6002e44c3465c58b2e71,48000
1297,resources/data/patches_3rdparty/Jacky Ligon/Leads/Monosynths Forever.fxp,contributor,38097,5dea1129686a31e3e07731ded946a67892dedabe,5dea1129686a31e3e07731ded946a67892dedabe,True,ok,,4,58914e59c608ed4384ba6002e44c3465c58b2e71,48000
1298,resources/data/patches_3rdparty/Jacky Ligon/Leads/Mountaintops.fxp,contributor,40848,f4e300a376f5d539021e4278d38c3774439401fa,f4e300a376f5d539021e4278d38c3774439401fa,True,ok,,7,58914e59c608ed4384ba6002e44c3465c58b2e71,48000
1299,resources/data/patches_3rdparty/Jacky Ligon/Leads/Riffing For Peace.fxp,contributor,38458,6ce9c02ea85fd49b84d949f508f3770f857471ac,6ce9c02ea85fd49b84d949f508f3770f857471ac,True,ok,,3,58914e59c608ed4384ba6002e44c3465c58b2e71,48000
1300,resources/data/patches_3rdparty/Jacky Ligon/Leads/Saw Swarm.fxp,contributor,37635,d9228fecdd399b3eca2825838df605e7cf189d3a,d9228fecdd399b3eca2825838df605e7cf189d3a,True,ok,,3,58914e59c608ed4384ba6002e44c3465c58b2e71,48000
1301,resources/data/patches_3rdparty/Jacky Ligon/Leads/Shredder 1.fxp,contributor,33495,de6838992fd620bc90c736d0f6512ef75109a8ed,de6838992fd620bc90c736d0f6512ef75109a8ed,True,ok,,4,58914e59c608ed4384ba6002e44c3465c58b2e71,48000
1302,resources/data/patches_3rdparty/Jacky Ligon/Leads/Shredder 2.fxp,contributor,34787,b4f4a5b49c8eba632c8e1ecf38a4f5aac71089ee,b4f4a5b49c8eba632c8e1ecf38a4f5aac71089ee,True,ok,,6,58914e59c608ed4384ba6002e44c3465c58b2e71,48000
1303,resources/data/patches_3rdparty/Jacky Ligon/Leads/Shredder 3.fxp,contributor,34787,deb392bd96891872f3bf8355aea8207e50fdd17a,deb392bd96891872f3bf8355aea8207e50fdd17a,True,ok,,3,58914e59c608ed4384ba6002e44c3465c58b2e71,48000
1304,resources/data/patches_3rdparty/Jacky Ligon/Leads/Sines Of Our Times.fxp,contributor,37958,701b3d948fdad7d1d02e8bdf7745962d912f23aa,701b3d948fdad7d1d02e8bdf7745962d912f23aa,True,ok,,5,58914e59c608ed4384ba6002e44c3465c58b2e71,48000
1305,resources/data/patches_3rdparty/Jacky Ligon/Leads/Stories In One Voice.fxp,contributor,37960,4f498c0504667e3aafeccdb459c14a44e40baa72,4f498c0504667e3aafeccdb459c14a44e40baa72,True,ok,,6,58914e59c608ed4384ba6002e44c3465c58b2e71,48000
1306,resources/data/patches_3rdparty/Jacky Ligon/Leads/Warm One.fxp,contributor,38290,f7f2afdf1e32a7bfe1a408575513b74c31a60cb8,f7f2afdf1e32a7bfe1a408575513b74c31a60cb8,True,ok,,5,58914e59c608ed4384ba6002e44c3465c58b2e71,48000
1307,resources/data/patches_3rdparty/Jacky Ligon/Leads/With One Voice.fxp,contributor,54133,87e770cbcf3b9b91dfad4a5d486a3335d8d73885,87e770cbcf3b9b91dfad4a5d486a3335d8d73885,True,ok,,6,58914e59c608ed4384ba6002e44c3465c58b2e71,48000
1308,resources/data/patches_3rdparty/Jacky Ligon/Mallets/Bass Marimba 1.fxp,contributor,32652,63b08eaa4d1abc0e039b206bb439dfcf1d9b5a64,63b08eaa4d1abc0e039b206bb439dfcf1d9b5a64,True,ok,,4,58914e59c608ed4384ba6002e44c3465c58b2e71,48000
1309,resources/data/patches_3rdparty/Jacky Ligon/Mallets/Bass Marimba 2.fxp,contributor,32652,5521f01534b5f28dc4dad3e22510dbdf79043b03,5521f01534b5f28dc4dad3e22510dbdf79043b03,True,ok,,6,58914e59c608ed4384ba6002e44c3465c58b2e71,48000
1310,resources/data/patches_3rdparty/Jacky Ligon/Mallets/Chimes 1.fxp,contributor,32408,23209c9e794e04ac3cef49863860dcc48b2ac17a,23209c9e794e04ac3cef49863860dcc48b2ac17a,True,ok,,4,58914e59c608ed4384ba6002e44c3465c58b2e71,48000
1311,resources/data/patches_3rdparty/Jacky Ligon/Mallets/Cymbell 1.fxp,contributor,31616,3d1df24beb763d1fdcc4f057f624a36c85bfdd4e,3d1df24beb763d1fdcc4f057f624a36c85bfdd4e,True,ok,,4,58914e59c608ed4384ba6002e44c3465c58b2e71,48000
1312,resources/data/patches_3rdparty/Jacky Ligon/Mallets/Cymbell 2.fxp,contributor,31617,a05b1c2d51360e7d6fe2b253d695e2ec5f863b7b,a05b1c2d51360e7d6fe2b253d695e2ec5f863b7b,True,ok,,4,58914e59c608ed4384ba6002e44c3465c58b2e71,48000
1313,resources/data/patches_3rdparty/Jacky Ligon/Mallets/Golden Mallets.fxp,contributor,33725,38c2b8b18f155e741996abae13a389df3cc0c62d,38c2b8b18f155e741996abae13a389df3cc0c62d,True,ok,,4,58914e59c608ed4384ba6002e44c3465c58b2e71,48000
1314,resources/data/patches_3rdparty/Jacky Ligon/Mallets/Lithovibes.fxp,contributor,33505,57463442b31caf6f5624bfca1c3a9d181048bfd4,57463442b31caf6f5624bfca1c3a9d181048bfd4,True,ok,,3,58914e59c608ed4384ba6002e44c3465c58b2e71,48000
1315,resources/data/patches_3rdparty/Jacky Ligon/Mallets/Square Metallophone.fxp,contributor,28434,81047ae46f7c46581af6bcb233226cf6d4cbab2c,81047ae46f7c46581af6bcb233226cf6d4cbab2c,True,ok,,4,58914e59c608ed4384ba6002e44c3465c58b2e71,48000
1316,resources/data/patches_3rdparty/Jacky Ligon/Mallets/Toy Piano.fxp,contributor,27532,b694fe480c2cd73f3bcd450daa467bf114ea9147,b694fe480c2cd73f3bcd450daa467bf114ea9147,True,ok,,2,58914e59c608ed4384ba6002e44c3465c58b2e71,48000
1317,resources/data/patches_3rdparty/Jacky Ligon/Modelled/Bowed Psaltery.fxp,contributor,30326,d9b81e8989caa878dd114de737972fc9827fee80,d9b81e8989caa878dd114de737972fc9827fee80,True,ok,,3,58914e59c608ed4384ba6002e44c3465c58b2e71,48000
1318,resources/data/patches_3rdparty/Jacky Ligon/Modelled/Clavichord.fxp,contributor,29046,51e2fa3ee450909ef3cbb1ef0ed5ceda1b8adf96,51e2fa3ee450909ef3cbb1ef0ed5ceda1b8adf96,True,ok,,3,58914e59c608ed4384ba6002e44c3465c58b2e71,48000
1319,resources/data/patches_3rdparty/Jacky Ligon/Modelled/Hammered Dulcimer.fxp,contributor,31350,042a900102b602dd137f58a25daa5d85dae3141d,042a900102b602dd137f58a25daa5d85dae3141d,True,ok,,3,58914e59c608ed4384ba6002e44c3465c58b2e71,48000
1320,resources/data/patches_3rdparty/Jacky Ligon/Modelled/PMinimalism.fxp,contributor,35657,0ffffd3351cdf97bdff44d2438ef063b05cb2c20,0ffffd3351cdf97bdff44d2438ef063b05cb2c20,True,ok,,4,58914e59c608ed4384ba6002e44c3465c58b2e71,48000
1321,resources/data/patches_3rdparty/Jacky Ligon/Modelled/Piano Fictions.fxp,contributor,31241,0f4065108e4c73f575b4d2ef26123454056bd88a,0f4065108e4c73f575b4d2ef26123454056bd88a,True,ok,,3,58914e59c608ed4384ba6002e44c3465c58b2e71,48000
1322,resources/data/patches_3rdparty/Jacky Ligon/Modelled/Santoor.fxp,contributor,31147,4ad3cc3964b96e68c130bdffb186492283d241d1,4ad3cc3964b96e68c130bdffb186492283d241d1,True,ok,,3,58914e59c608ed4384ba6002e44c3465c58b2e71,48000
1323,resources/data/patches_3rdparty/Jacky Ligon/Modelled/Stringed Traditions.fxp,contributor,30621,aca489ea553268d52d1f65aa363576a3d56b44fd,aca489ea553268d52d1f65aa363576a3d56b44fd,True,ok,,3,58914e59c608ed4384ba6002e44c3465c58b2e71,48000
1324,resources/data/patches_3rdparty/Jacky Ligon/Pads/8-Bit Singing.fxp,contributor,31809,b2cceb5b4a5f3cee233ab114e335ee4baee360fa,b2cceb5b4a5f3cee233ab114e335ee4baee360fa,True,ok,,3,58914e59c608ed4384ba6002e44c3465c58b2e71,48000
1325,resources/data/patches_3rdparty/Jacky Ligon/Pads/Aliascape.fxp,contributor,31805,d79af986fc42203edc0fafe2c5daaad910d16e8d,d79af986fc42203edc0fafe2c5daaad910d16e8d,True,ok,,5,58914e59c608ed4384ba6002e44c3465c58b2e71,48000
1326,resources/data/patches_3rdparty/Jacky Ligon/Pads/Aliaspace.fxp,contributor,31805,75279f8e7188cd71a37f1d0c370dee52246983d5,75279f8e7188cd71a37f1d0c370dee52246983d5,True,ok,,3,58914e59c608ed4384ba6002e44c3465c58b2e71,48000
1327,resources/data/patches_3rdparty/Jacky Ligon/Pads/Bright Drone.fxp,contributor,31809,3c67f54467d48b3182fcbf21743827fec21c8bc0,3c67f54467d48b3182fcbf21743827fec21c8bc0,True,ok,,2,58914e59c608ed4384ba6002e44c3465c58b2e71,48000
1328,resources/data/patches_3rdparty/Jacky Ligon/Pads/Closer Still.fxp,contributor,33007,b8a6123497a44169fe1e8ab43d12b5ec0cb3a289,b8a6123497a44169fe1e8ab43d12b5ec0cb3a289,True,ok,,5,58914e59c608ed4384ba6002e44c3465c58b2e71,48000
1329,resources/data/patches_3rdparty/Jacky Ligon/Pads/Ensemble Modern.fxp,contributor,32013,cffa0759ab85ea6a795e1f8b2ba96c9e3b858548,cffa0759ab85ea6a795e1f8b2ba96c9e3b858548,True,ok,,3,58914e59c608ed4384ba6002e44c3465c58b2e71,48000
1330,resources/data/patches_3rdparty/Jacky Ligon/Pads/Glitch Choir.fxp,contributor,30681,ca0e341c7b144901013fe2c258b55810f49f559e,ca0e341c7b144901013fe2c258b55810f49f559e,True,ok,,3,58914e59c608ed4384ba6002e44c3465c58b2e71,48000
1331,resources/data/patches_3rdparty/Jacky Ligon/Pads/Granularity.fxp,contributor,44700,d769d0a459f27749a1eb25230ad1e6be2cccc8bd,d769d0a459f27749a1eb25230ad1e6be2cccc8bd,True,ok,,4,58914e59c608ed4384ba6002e44c3465c58b2e71,48000
1332,resources/data/patches_3rdparty/Jacky Ligon/Pads/Granularwaves.fxp,contributor,33064,4d9014a91ffc91e3d928a4fe27ea0d08889514f3,4d9014a91ffc91e3d928a4fe27ea0d08889514f3,True,ok,,4,58914e59c608ed4384ba6002e44c3465c58b2e71,48000
1333,resources/data/patches_3rdparty/Jacky Ligon/Pads/Modern XFS 1.fxp,contributor,34405,2b3880a4ea84850cb6121e794338d239a19ef200,2b3880a4ea84850cb6121e794338d239a19ef200,True,ok,,3,58914e59c608ed4384ba6002e44c3465c58b2e71,48000
1334,resources/data/patches_3rdparty/Jacky Ligon/Pads/Morphestra.fxp,contributor,34334,28228a09083d5c2eb785ab4f09825825a1101761,28228a09083d5c2eb785ab4f09825825a1101761,True,ok,,4,58914e59c608ed4384ba6002e44c3465c58b2e71,48000
1335,resources/data/patches_3rdparty/Jacky Ligon/Pads/Now And Then.fxp,contributor,29772,74bc08a6f71cc9a47097c2d9636e3c15eabd782a,74bc08a6f71cc9a47097c2d9636e3c15eabd782a,True,ok,,3,58914e59c608ed4384ba6002e44c3465c58b2e71,48000
1336,resources/data/patches_3rdparty/Jacky Ligon/Pads/Open Spaces.fxp,contributor,31861,090aa4274fcb80e7e029591124505669b7d659fc,090aa4274fcb80e7e029591124505669b7d659fc,True,ok,,3,58914e59c608ed4384ba6002e44c3465c58b2e71,48000
1337,resources/data/patches_3rdparty/Jacky Ligon/Pads/Other X-Fades 1.fxp,contributor,34026,48325d4a84c00ab754d77bd2d18ef101df947f16,48325d4a84c00ab754d77bd2d18ef101df947f16,True,ok,,3,58914e59c608ed4384ba6002e44c3465c58b2e71,48000
1338,resources/data/patches_3rdparty/Jacky Ligon/Pads/Other X-Fades 2.fxp,contributor,33399,7445a35cf45e07922e9188471f521a1819f35d23,7445a35cf45e07922e9188471f521a1819f35d23,True,ok,,3,58914e59c608ed4384ba6002e44c3465c58b2e71,48000
1339,resources/data/patches_3rdparty/Jacky Ligon/Pads/Other X-Fades 3.fxp,contributor,33014,45f0d98d0b0d1794fa9f79f918dcd662f227bc46,45f0d98d0b0d1794fa9f79f918dcd662f227bc46,True,ok,,3,58914e59c608ed4384ba6002e44c3465c58b2e71,48000
1340,resources/data/patches_3rdparty/Jacky Ligon/Pads/Planetarium.fxp,contributor,33035,506c3787015bdd43dc5e6c0852c7282794419f46,506c3787015bdd43dc5e6c0852c7282794419f46,True,ok,,4,58914e59c608ed4384ba6002e44c3465c58b2e71,48000
1341,resources/data/patches_3rdparty/Jacky Ligon/Pads/Pulse Glitcher.fxp,contributor,31423,5c9e09d87b04b0c319054f82bbfd34ed5ccdd2ea,5c9e09d87b04b0c319054f82bbfd34ed5ccdd2ea,True,ok,,3,58914e59c608ed4384ba6002e44c3465c58b2e71,48000
1342,resources/data/patches_3rdparty/Jacky Ligon/Pads/Random FM Brass.fxp,contributor,33291,7e2a777034ba8e3a7035df4c38427291a4c272a1,7e2a777034ba8e3a7035df4c38427291a4c272a1,True,ok,,4,58914e59c608ed4384ba6002e44c3465c58b2e71,48000
1343,resources/data/patches_3rdparty/Jacky Ligon/Pads/Sineplicity.fxp,contributor,33208,1943ac4ce9ab356aa178cc541deda3dc19ed1adc,1943ac4ce9ab356aa178cc541deda3dc19ed1adc,True,ok,,4,58914e59c608ed4384ba6002e44c3465c58b2e71,48000
1344,resources/data/patches_3rdparty/Jacky Ligon/Pads/Smooth Chorus.fxp,contributor,31737,4107298b6d20a57f4b97b9fde6ba027249d1f7f4,4107298b6d20a57f4b97b9fde6ba027249d1f7f4,True,ok,,4,58914e59c608ed4384ba6002e44c3465c58b2e71,48000
1345,resources/data/patches_3rdparty/Jacky Ligon/Pads/String Machine 1.fxp,contributor,30425,760088d3e53ef4424b4b1bb9018fc6c9335738f9,760088d3e53ef4424b4b1bb9018fc6c9335738f9,True,ok,,3,58914e59c608ed4384ba6002e44c3465c58b2e71,48000
1346,resources/data/patches_3rdparty/Jacky Ligon/Pads/String Machine 10.fxp,contributor,33274,09b07febefc4f1c3a8c19397461f846caca35f29,09b07febefc4f1c3a8c19397461f846caca35f29,True,ok,,4,58914e59c608ed4384ba6002e44c3465c58b2e71,48000
1347,resources/data/patches_3rdparty/Jacky Ligon/Pads/String Machine 11.fxp,contributor,31869,ab769d15bd3f0c9e58a3716c6af8bcca64039366,ab769d15bd3f0c9e58a3716c6af8bcca64039366,True,ok,,13,58914e59c608ed4384ba6002e44c3465c58b2e71,48000
1348,resources/data/patches_3rdparty/Jacky Ligon/Pads/String Machine 2.fxp,contributor,30424,09a2565555564eac22ee67492722f137742a1b0b,09a2565555564eac22ee67492722f137742a1b0b,True,ok,,3,58914e59c608ed4384ba6002e44c3465c58b2e71,48000
1349,resources/data/patches_3rdparty/Jacky Ligon/Pads/String Machine 3.fxp,contributor,30034,db9f2c96a090f0233b3b4a7c290b91d7063e12d4,db9f2c96a090f0233b3b4a7c290b91d7063e12d4,True,ok,,3,58914e59c608ed4384ba6002e44c3465c58b2e71,48000
1350,resources/data/patches_3rdparty/Jacky Ligon/Pads/String Machine 4.fxp,contributor,30669,05b87a81d4e176303d2782cbea2a5c2c2dd20a7b,05b87a81d4e176303d2782cbea2a5c2c2dd20a7b,True,ok,,4,58914e59c608ed4384ba6002e44c3465c58b2e71,48000
1351,resources/data/patches_3rdparty/Jacky Ligon/Pads/String Machine 5.fxp,contributor,31382,0b15c497bbc73bc321e974bda9d3fafd6fd4166b,0b15c497bbc73bc321e974bda9d3fafd6fd4166b,True,ok,,3,58914e59c608ed4384ba6002e44c3465c58b2e71,48000
1352,resources/data/patches_3rdparty/Jacky Ligon/Pads/String Machine 6.fxp,contributor,31828,14e0f314e4ce78bfd3963d5602e5ed700ffed29e,14e0f314e4ce78bfd3963d5602e5ed700ffed29e,True,ok,,4,58914e59c608ed4384ba6002e44c3465c58b2e71,48000
1353,resources/data/patches_3rdparty/Jacky Ligon/Pads/String Machine 7.fxp,contributor,31823,9f70c4809e40d26f2778b639783783184b1261af,9f70c4809e40d26f2778b639783783184b1261af,True,ok,,3,58914e59c608ed4384ba6002e44c3465c58b2e71,48000
1354,resources/data/patches_3rdparty/Jacky Ligon/Pads/String Machine 8.fxp,contributor,31921,9f654bbcff2e1eb5b722ff7663f1c46f96611bf1,9f654bbcff2e1eb5b722ff7663f1c46f96611bf1,True,ok,,3,58914e59c608ed4384ba6002e44c3465c58b2e71,48000
1355,resources/data/patches_3rdparty/Jacky Ligon/Pads/String Machine 9.fxp,contributor,30685,9e9d14e89987dff3b19b0888ec1c9227b916709a,9e9d14e89987dff3b19b0888ec1c9227b916709a,True,ok,,3,58914e59c608ed4384ba6002e44c3465c58b2e71,48000
1356,resources/data/patches_3rdparty/Jacky Ligon/Percussion/Bell Drum.fxp,contributor,31799,59fa3d84485accff20970bb544223b6c27a3a3b9,59fa3d84485accff20970bb544223b6c27a3a3b9,True,ok,,3,58914e59c608ed4384ba6002e44c3465c58b2e71,48000
1357,resources/data/patches_3rdparty/Jacky Ligon/Percussion/Dunun With Bell.fxp,contributor,34952,70d296926320c84bc1aa7a50a97ba99edb61aa11,70d296926320c84bc1aa7a50a97ba99edb61aa11,True,ok,,3,58914e59c608ed4384ba6002e44c3465c58b2e71,48000
1358,resources/data/patches_3rdparty/Jacky Ligon/Percussion/Membranophone 1.fxp,contributor,32303,6c1102c83cd8237d402baa30b53fd56d4f2bbe6e,6c1102c83cd8237d402baa30b53fd56d4f2bbe6e,True,ok,,3,58914e59c608ed4384ba6002e44c3465c58b2e71,48000
1359,resources/data/patches_3rdparty/Jacky Ligon/Percussion/Membranophone 2.fxp,contributor,31196,ace3bd1015106aae0961fbebac0cc0b9c02820c2,ace3bd1015106aae0961fbebac0cc0b9c02820c2,True,ok,,2,58914e59c608ed4384ba6002e44c3465c58b2e71,48000
1360,resources/data/patches_3rdparty/Jacky Ligon/Percussion/Membranophone 3.fxp,contributor,32873,6de4160935bb30c7a9363cd094a5499a07402c99,6de4160935bb30c7a9363cd094a5499a07402c99,True,ok,,3,58914e59c608ed4384ba6002e44c3465c58b2e71,48000
1361,resources/data/patches_3rdparty/Jacky Ligon/Percussion/Membranophone Dum-Tek.fxp,contributor,37060,0cb30796e99e2dc6f09404aa8dde7d6ed87e0041,0cb30796e99e2dc6f09404aa8dde7d6ed87e0041,True,ok,,3,58914e59c608ed4384ba6002e44c3465c58b2e71,48000
1362,resources/data/patches_3rdparty/Jacky Ligon/Percussion/Metal Things.fxp,contributor,35926,e5986985ebab1cf241423eb246d00835a1305b10,e5986985ebab1cf241423eb246d00835a1305b10,True,ok,,3,58914e59c608ed4384ba6002e44c3465c58b2e71,48000
1363,resources/data/patches_3rdparty/Jacky Ligon/Percussion/Tarang.fxp,contributor,30884,cd7c0afc7c7231027e2c1c44d560876e80694479,cd7c0afc7c7231027e2c1c44d560876e80694479,True,ok,,2,58914e59c608ed4384ba6002e44c3465c58b2e71,48000
1364,resources/data/patches_3rdparty/Jacky Ligon/Plucks/Bass Sawari.fxp,contributor,34997,3af2a3bb87cf79584d83a6ced378e2355c9f8d4d,3af2a3bb87cf79584d83a6ced378e2355c9f8d4d,True,ok,,3,58914e59c608ed4384ba6002e44c3465c58b2e71,48000
1365,resources/data/patches_3rdparty/Jacky Ligon/Plucks/Bright Attack.fxp,contributor,37390,54306083eb3784660865be64942ed0b8a7d49be9,54306083eb3784660865be64942ed0b8a7d49be9,True,ok,,3,58914e59c608ed4384ba6002e44c3465c58b2e71,48000
1366,resources/data/patches_3rdparty/Jacky Ligon/Plucks/Bright Pizzicato.fxp,contributor,38918,71e29543241789d2abb1bff358384a8c47618fd3,71e29543241789d2abb1bff358384a8c47618fd3,True,ok,,3,58914e59c608ed4384ba6002e44c3465c58b2e71,48000
1367,resources/data/patches_3rdparty/Jacky Ligon/Plucks/Bright Res Body.fxp,contributor,42655,2f2c7ca445cbd52ed4c2b2f3a36237e33e3df464,2f2c7ca445cbd52ed4c2b2f3a36237e33e3df464,True,ok,,4,58914e59c608ed4384ba6002e44c3465c58b2e71,48000
1368,resources/data/patches_3rdparty/Jacky Ligon/Plucks/Bright Short.fxp,contributor,34067,5b07afb63f7928eb12186b558b3efe58cb983de4,5b07afb63f7928eb12186b558b3efe58cb983de4,True,ok,,4,58914e59c608ed4384ba6002e44c3465c58b2e71,48000
1369,resources/data/patches_3rdparty/Jacky Ligon/Plucks/Bright String Glide.fxp,contributor,35591,fd2d0d3007785ec1a52279658a516425155d39d3,fd2d0d3007785ec1a52279658a516425155d39d3,True,ok,,3,58914e59c608ed4384ba6002e44c3465c58b2e71,48000
1370,resources/data/patches_3rdparty/Jacky Ligon/Plucks/Long FM.fxp,contributor,29016,43d5b6154e50b0ebee62537bf542cb594124db9c,43d5b6154e50b0ebee62537bf542cb594124db9c,True,ok,,4,58914e59c608ed4384ba6002e44c3465c58b2e71,48000
1371,resources/data/patches_3rdparty/Jacky Ligon/Plucks/Muted Bass.fxp,contributor,35712,922519ca5e887f224785a5d1745ca78391ea723d,922519ca5e887f224785a5d1745ca78391ea723d,True,ok,,3,58914e59c608ed4384ba6002e44c3465c58b2e71,48000
1372,resources/data/patches_3rdparty/Jacky Ligon/Plucks/Orch Hit Short.fxp,contributor,39915,a48d0042f56af68a5f52e44f53ebe6f162b78554,a48d0042f56af68a5f52e44f53ebe6f162b78554,True,ok,,4,58914e59c608ed4384ba6002e44c3465c58b2e71,48000
1373,resources/data/patches_3rdparty/Jacky Ligon/Plucks/Porta Mod.fxp,contributor,31948,547be860f847a6030b2631403649f29f72d88073,547be860f847a6030b2631403649f29f72d88073,True,ok,,3,58914e59c608ed4384ba6002e44c3465c58b2e71,48000
1374,resources/data/patches_3rdparty/Jacky Ligon/Plucks/Resonant Body Pizz.fxp,contributor,35573,69cc53ac1da7c65351093886ac75114d5621db2e,69cc53ac1da7c65351093886ac75114d5621db2e,True,ok,,4,58914e59c608ed4384ba6002e44c3465c58b2e71,48000
1375,resources/data/patches_3rdparty/Jacky Ligon/Plucks/Sawari Pizz.fxp,contributor,104629,abd887db3f55b07b45106b1d36b2ec482f34773f,abd887db3f55b07b45106b1d36b2ec482f34773f,True,ok,,8,58914e59c608ed4384ba6002e44c3465c58b2e71,48000
1376,resources/data/patches_3rdparty/Jacky Ligon/Plucks/Short Glide Res Body.fxp,contributor,33926,00961ba84971f6e979577737cdef7001a75b51ff,00961ba84971f6e979577737cdef7001a75b51ff,True,ok,,3,58914e59c608ed4384ba6002e44c3465c58b2e71,48000
1377,resources/data/patches_3rdparty/Jacky Ligon/Plucks/Short Glide.fxp,contributor,40353,70071a43fb01b5e513f02eed8d0f10287d8be2f9,70071a43fb01b5e513f02eed8d0f10287d8be2f9,True,ok,,5,58914e59c608ed4384ba6002e44c3465c58b2e71,48000
1378,resources/data/patches_3rdparty/Jacky Ligon/Plucks/Wooden Pizz.fxp,contributor,40622,9be9b11baa29194b457da9b21447709a939f47d5,9be9b11baa29194b457da9b21447709a939f47d5,True,ok,,3,58914e59c608ed4384ba6002e44c3465c58b2e71,48000
1379,resources/data/patches_3rdparty/Jacky Ligon/Sequences/Chaoseq.fxp,contributor,33766,aa1a54503917a4882882a9e021cbd91f02d2f815,aa1a54503917a4882882a9e021cbd91f02d2f815,True,ok,,3,58914e59c608ed4384ba6002e44c3465c58b2e71,48000
1380,resources/data/patches_3rdparty/Jacky Ligon/Sequences/End Credits X-Fade.fxp,contributor,92959,e95a3b9e3064dae02f1948363e107d7380a121f4,e95a3b9e3064dae02f1948363e107d7380a121f4,True,ok,,9,58914e59c608ed4384ba6002e44c3465c58b2e71,48000
1381,resources/data/patches_3rdparty/Jacky Ligon/Sequences/Quartertone And The Pitch.fxp,contributor,31866,d9d58e0e37dd587b391274f92731c6e4d5de4586,d9d58e0e37dd587b391274f92731c6e4d5de4586,True,ok,,3,58914e59c608ed4384ba6002e44c3465c58b2e71,48000
1382,resources/data/patches_3rdparty/Jacky Ligon/Sequences/Silk Sequences.fxp,contributor,38268,6d80ebcd4d0ec4576780b3a63659e93254ce8760,6d80ebcd4d0ec4576780b3a63659e93254ce8760,True,ok,,5,58914e59c608ed4384ba6002e44c3465c58b2e71,48000
1383,resources/data/patches_3rdparty/Jacky Ligon/Sequences/Still Motions.fxp,contributor,32678,d52281b8886dd6d60b9276058821f24f1fbd7cf5,d52281b8886dd6d60b9276058821f24f1fbd7cf5,True,ok,,6,58914e59c608ed4384ba6002e44c3465c58b2e71,48000
1384,resources/data/patches_3rdparty/Jacky Ligon/Sequences/Stranger Surges.fxp,contributor,39339,e91be0c6c0813649485f7b0a29ae82fbda617b33,e91be0c6c0813649485f7b0a29ae82fbda617b33,True,ok,,6,58914e59c608ed4384ba6002e44c3465c58b2e71,48000
1385,resources/data/patches_3rdparty/Jacky Ligon/Soundscapes/AlterHarp.fxp,contributor,30265,f191870dd0a9997da6e757fc3a9f364304f817c1,f191870dd0a9997da6e757fc3a9f364304f817c1,True,ok,,3,58914e59c608ed4384ba6002e44c3465c58b2e71,48000
1386,resources/data/patches_3rdparty/Jacky Ligon/Soundscapes/Baconscapes.fxp,contributor,40508,7d3c89e92734d307fbb85115685fe66858613d1c,7d3c89e92734d307fbb85115685fe66858613d1c,True,ok,,8,58914e59c608ed4384ba6002e44c3465c58b2e71,48000
1387,resources/data/patches_3rdparty/Jacky Ligon/Soundscapes/Drop-Out Strings.fxp,contributor,42311,000e0adae7d31cac8cd773c329c8b6d1639e48ee,000e0adae7d31cac8cd773c329c8b6d1639e48ee,True,ok,,4,58914e59c608ed4384ba6002e44c3465c58b2e71,48000
1388,resources/data/patches_3rdparty/Jacky Ligon/Soundscapes/Experiminimalism.fxp,contributor,35271,882bb184d720b45cdd70a5104bc41e766b575101,882bb184d720b45cdd70a5104bc41e766b575101,True,ok,,10,58914e59c608ed4384ba6002e44c3465c58b2e71,48000
1389,resources/data/patches_3rdparty/Jacky Ligon/Soundscapes/Gliding.fxp,contributor,34592,4e3e583b199982b91fba616877d4e025ad235090,4e3e583b199982b91fba616877d4e025ad235090,True,ok,,5,58914e59c608ed4384ba6002e44c3465c58b2e71,48000
1390,resources/data/patches_3rdparty/Jacky Ligon/Soundscapes/Glissabout.fxp,contributor,31619,31caf7df0ebf82c186cac4bf3b7f81a14c273e74,31caf7df0ebf82c186cac4bf3b7f81a14c273e74,True,ok,,5,58914e59c608ed4384ba6002e44c3465c58b2e71,48000
1391,resources/data/patches_3rdparty/Jacky Ligon/Soundscapes/Hauntology.fxp,contributor,34392,a8b106a81d37b72aa58f684a2becf105037258c3,a8b106a81d37b72aa58f684a2becf105037258c3,True,ok,,4,58914e59c608ed4384ba6002e44c3465c58b2e71,48000
1392,resources/data/patches_3rdparty/Jacky Ligon/Soundscapes/Moire 1.fxp,contributor,32606,73ebcb2cc9b28475f6fad4447e0ab0350a91e5c0,73ebcb2cc9b28475f6fad4447e0ab0350a91e5c0,True,ok,,5,58914e59c608ed4384ba6002e44c3465c58b2e71,48000
1393,resources/data/patches_3rdparty/Jacky Ligon/Soundscapes/Moire 2.fxp,contributor,33253,30e760cc31d102dea4fe8bbc62a87b0c3dbe2bd0,30e760cc31d102dea4fe8bbc62a87b0c3dbe2bd0,True,ok,,4,58914e59c608ed4384ba6002e44c3465c58b2e71,48000
1394,resources/data/patches_3rdparty/Jacky Ligon/Soundscapes/Outerscapes.fxp,contributor,38430,57cf9ad0041ffd9d6144f6ea48d79a082a0c11e7,57cf9ad0041ffd9d6144f6ea48d79a082a0c11e7,True,ok,,5,58914e59c608ed4384ba6002e44c3465c58b2e71,48000
1395,resources/data/patches_3rdparty/Jacky Ligon/Soundscapes/Parting Skies.fxp,contributor,31954,3aec9dc35b3a025e0276e0b7ce475b02180c4918,3aec9dc35b3a025e0276e0b7ce475b02180c4918,True,ok,,5,58914e59c608ed4384ba6002e44c3465c58b2e71,48000
1396,resources/data/patches_3rdparty/Jacky Ligon/Soundscapes/Returning.fxp,contributor,30740,b2d53cdaa6d253df57527f0bcf2d1299dcfe1b0c,b2d53cdaa6d253df57527f0bcf2d1299dcfe1b0c,True,ok,,4,58914e59c608ed4384ba6002e44c3465c58b2e71,48000
1397,resources/data/patches_3rdparty/Jacky Ligon/Soundscapes/Sympathetic Vibes.fxp,contributor,97218,108ff80c2392fddeef47fc479b75d38e8688e6e9,108ff80c2392fddeef47fc479b75d38e8688e6e9,True,ok,,8,58914e59c608ed4384ba6002e44c3465c58b2e71,48000
1398,resources/data/patches_3rdparty/Jacky Ligon/Soundscapes/Twisted Nimbus.fxp,contributor,30825,9f92fc39139a8109628136dfddc7a5acb807e5d0,9f92fc39139a8109628136dfddc7a5acb807e5d0,True,ok,,4,58914e59c608ed4384ba6002e44c3465c58b2e71,48000
1399,resources/data/patches_3rdparty/Jacky Ligon/Soundscapes/Wave Sequencing.fxp,contributor,37190,83b665ecd687749210bdae690e535b7b6ab4740b,83b665ecd687749210bdae690e535b7b6ab4740b,True,ok,,6,58914e59c608ed4384ba6002e44c3465c58b2e71,48000
1400,resources/data/patches_3rdparty/Jacky Ligon/Soundscapes/Whale Communion.fxp,contributor,34351,8e1e0d363fbbfa18b815a0dec58ffef4b8efa2db,8e1e0d363fbbfa18b815a0dec58ffef4b8efa2db,True,ok,,3,58914e59c608ed4384ba6002e44c3465c58b2e71,48000
1401,resources/data/patches_3rdparty/Jacky Ligon/Soundscapes/X-Wave Minimalism.fxp,contributor,36081,f3a001397f41a563edfe7ef68bde5c53deed18d7,f3a001397f41a563edfe7ef68bde5c53deed18d7,True,ok,,4,58914e59c608ed4384ba6002e44c3465c58b2e71,48000
1402,resources/data/patches_3rdparty/Jacky Ligon/Soundscapes/XTease.fxp,contributor,36018,f547737e4f4bb797dd7cb009583dcdffc7eae424,f547737e4f4bb797dd7cb009583dcdffc7eae424,True,ok,,6,58914e59c608ed4384ba6002e44c3465c58b2e71,48000
1403,resources/data/patches_3rdparty/Jacky Ligon/Splits/Bass Pad + Chorus Pad.fxp,contributor,32086,7a4829bf90f24529bbf8da10f8ae33593b753fa9,7a4829bf90f24529bbf8da10f8ae33593b753fa9,True,ok,,4,58914e59c608ed4384ba6002e44c3465c58b2e71,48000
1404,resources/data/patches_3rdparty/Jacky Ligon/Splits/Bass Seq + Synth Pad.fxp,contributor,36872,76818ffa7e28abc1aad8769c83b4803bf5f89282,76818ffa7e28abc1aad8769c83b4803bf5f89282,True,ok,,5,58914e59c608ed4384ba6002e44c3465c58b2e71,48000
1405,resources/data/patches_3rdparty/Jacky Ligon/Splits/Bright Pad + Slow String.fxp,contributor,33669,c0ee366cc5c8259459b5011ab4ff4d90ef83f207,c0ee366cc5c8259459b5011ab4ff4d90ef83f207,True,ok,,4,58914e59c608ed4384ba6002e44c3465c58b2e71,48000
1406,resources/data/patches_3rdparty/Jacky Ligon/Splits/Rate Mod Pad + Slow Mod Pad.fxp,contributor,64244,bc3195913b3f8e3a6d466b73dd0520bdff630308,bc3195913b3f8e3a6d466b73dd0520bdff630308,True,ok,,7,58914e59c608ed4384ba6002e44c3465c58b2e71,48000
1407,resources/data/patches_3rdparty/Jacky Ligon/Splits/Reverse Pad + Swirl Pad.fxp,contributor,30580,9751f10b268f02b076a2d48b2537c7a057ab02eb,9751f10b268f02b076a2d48b2537c7a057ab02eb,True,ok,,4,58914e59c608ed4384ba6002e44c3465c58b2e71,48000
1408,resources/data/patches_3rdparty/Jacky Ligon/Splits/Soft Bass Pad + Saw Pad.fxp,contributor,92256,99e51634a060e2ace76158728b75d8bcf1866b4d,99e51634a060e2ace76158728b75d8bcf1866b4d,True,ok,,7,58914e59c608ed4384ba6002e44c3465c58b2e71,48000
1409,resources/data/patches_3rdparty/Jacky Ligon/Splits/String Bass + Resonant Pad.fxp,contributor,32199,ce5a1e0c6029fdc87aab80fc7cb33f7efb27c867,ce5a1e0c6029fdc87aab80fc7cb33f7efb27c867,True,ok,,6,58914e59c608ed4384ba6002e44c3465c58b2e71,48000
1410,resources/data/patches_3rdparty/Jacky Ligon/Strings/Bowed Psaltery.fxp,contributor,30325,243e310f597fa6f2b3e096f099279f34d39ccf00,243e310f597fa6f2b3e096f099279f34d39ccf00,True,ok,,5,58914e59c608ed4384ba6002e44c3465c58b2e71,48000
1411,resources/data/patches_3rdparty/Jacky Ligon/Strings/Clavichord.fxp,contributor,29045,02d768f3ab3c3e64c86b0a758e9ff460da4ce51f,02d768f3ab3c3e64c86b0a758e9ff460da4ce51f,True,ok,,3,58914e59c608ed4384ba6002e44c3465c58b2e71,48000
1412,resources/data/patches_3rdparty/Jacky Ligon/Strings/Hammered Dulcimer.fxp,contributor,31349,6e3953dd83db43220db2237153060d51227bc9a2,6e3953dd83db43220db2237153060d51227bc9a2,True,ok,,3,58914e59c608ed4384ba6002e44c3465c58b2e71,48000
1413,resources/data/patches_3rdparty/Jacky Ligon/Strings/Piano Fictions.fxp,contributor,31240,b2e7a9c8c32e396aad2ab8e611fa14ba38c609a7,b2e7a9c8c32e396aad2ab8e611fa14ba38c609a7,True,ok,,4,58914e59c608ed4384ba6002e44c3465c58b2e71,48000
1414,resources/data/patches_3rdparty/Jacky Ligon/Strings/Santoor.fxp,contributor,31146,8c3f8293f0e6e4bae8c420c3637c1aebf1100026,8c3f8293f0e6e4bae8c420c3637c1aebf1100026,True,ok,,3,58914e59c608ed4384ba6002e44c3465c58b2e71,48000
1415,resources/data/patches_3rdparty/Jacky Ligon/Strings/Stringed Traditions.fxp,contributor,30620,83618a788008935cd07585ff627f5f3b7b6f7940,83618a788008935cd07585ff627f5f3b7b6f7940,True,ok,,5,58914e59c608ed4384ba6002e44c3465c58b2e71,48000
1416,resources/data/patches_3rdparty/Jacky Ligon/Templates/Alias.fxp,contributor,36719,878cb119fce0add7f64bfc2e2ec03ea3f13d9f93,878cb119fce0add7f64bfc2e2ec03ea3f13d9f93,True,ok,,5,58914e59c608ed4384ba6002e44c3465c58b2e71,48000
1417,resources/data/patches_3rdparty/Jacky Ligon/Templates/Classic.fxp,contributor,36534,c177fa9b8f9aafb7a2b9f35ccb1771279fe23b4d,c177fa9b8f9aafb7a2b9f35ccb1771279fe23b4d,True,ok,,5,58914e59c608ed4384ba6002e44c3465c58b2e71,48000
1418,resources/data/patches_3rdparty/Jacky Ligon/Templates/FM2.fxp,contributor,36276,204230938c8f465ac2770e1fbf7af0fc302e83a1,204230938c8f465ac2770e1fbf7af0fc302e83a1,True,ok,,6,58914e59c608ed4384ba6002e44c3465c58b2e71,48000
1419,resources/data/patches_3rdparty/Jacky Ligon/Templates/FM3.fxp,contributor,37342,2e5c79a949a0fc5ceb42f2821a9009e4056bc374,2e5c79a949a0fc5ceb42f2821a9009e4056bc374,True,ok,,4,58914e59c608ed4384ba6002e44c3465c58b2e71,48000
1420,resources/data/patches_3rdparty/Jacky Ligon/Templates/Modern.fxp,contributor,35483,dc6c115e084bc9dd94a04c081f6b6d78b1e0b8f6,dc6c115e084bc9dd94a04c081f6b6d78b1e0b8f6,True,ok,,5,58914e59c608ed4384ba6002e44c3465c58b2e71,48000
1421,resources/data/patches_3rdparty/Jacky Ligon/Templates/S&H Noise.fxp,contributor,36465,dbe327b5132bb45cb28e3ef2966d2e14b5136020,dbe327b5132bb45cb28e3ef2966d2e14b5136020,True,ok,,3,58914e59c608ed4384ba6002e44c3465c58b2e71,48000
1422,resources/data/patches_3rdparty/Jacky Ligon/Templates/Sine.fxp,contributor,35067,17455390e2e06da0c6025d875028bb745780dc20,17455390e2e06da0c6025d875028bb745780dc20,True,ok,,3,58914e59c608ed4384ba6002e44c3465c58b2e71,48000
1423,resources/data/patches_3rdparty/Jacky Ligon/Templates/String.fxp,contributor,34111,00b5fcc5680103895a2c91008822d949d85c6d8e,00b5fcc5680103895a2c91008822d949d85c6d8e,True,ok,,3,58914e59c608ed4384ba6002e44c3465c58b2e71,48000
1424,resources/data/patches_3rdparty/Jacky Ligon/Templates/Twist.fxp,contributor,33334,fb11929d1a2e5d5f118c6408f2b82ac753760acf,fb11929d1a2e5d5f118c6408f2b82ac753760acf,True,ok,,3,58914e59c608ed4384ba6002e44c3465c58b2e71,48000
1425,resources/data/patches_3rdparty/Jacky Ligon/Templates/Wavetable.fxp,contributor,106520,28d21065cb68fdcc7352f3e1cfb9c745500cb159,28d21065cb68fdcc7352f3e1cfb9c745500cb159,True,ok,,8,58914e59c608ed4384ba6002e44c3465c58b2e71,48000
1426,resources/data/patches_3rdparty/Jacky Ligon/Templates/Window.fxp,contributor,42779,e47d00da0273427d8cba36168b8fc1563d6f0e20,e47d00da0273427d8cba36168b8fc1563d6f0e20,True,ok,,4,58914e59c608ed4384ba6002e44c3465c58b2e71,48000
1427,resources/data/patches_3rdparty/John Valentine/Basses/Analog Bass Imaged.fxp,contributor,34049,176503a9c4f979b0de343b72c2a4886df3d7fc17,176503a9c4f979b0de343b72c2a4886df3d7fc17,True,ok,,3,58914e59c608ed4384ba6002e44c3465c58b2e71,48000
1428,resources/data/patches_3rdparty/John Valentine/Basses/Axel's Analog Bass.fxp,contributor,37481,fb621325ff8d569f54cf38a2b64404847bbcee58,fb621325ff8d569f54cf38a2b64404847bbcee58,True,ok,,4,58914e59c608ed4384ba6002e44c3465c58b2e71,48000
1429,resources/data/patches_3rdparty/John Valentine/Basses/Distorted Power Bass Guitar.fxp,contributor,41945,a55c8109f6d3087290bc3a4d5a3cef24f0046dec,a55c8109f6d3087290bc3a4d5a3cef24f0046dec,True,ok,,4,58914e59c608ed4384ba6002e44c3465c58b2e71,48000
1430,resources/data/patches_3rdparty/John Valentine/Basses/Guitarp Slap Bass.fxp,contributor,42648,b33509b73e02ce935904b33199bf19ff15af25c9,b33509b73e02ce935904b33199bf19ff15af25c9,True,ok,,3,58914e59c608ed4384ba6002e44c3465c58b2e71,48000
1431,resources/data/patches_3rdparty/John Valentine/Basses/Power Buzz.fxp,contributor,62762,d588196368386ce8840f8ab8ac8b015348c6ab19,d588196368386ce8840f8ab8ac8b015348c6ab19,True,ok,,5,58914e59c608ed4384ba6002e44c3465c58b2e71,48000
1432,resources/data/patches_3rdparty/John Valentine/Basses/Slap Bass Guitar.fxp,contributor,42774,3a0378642827fb930915741c08b0150d80e3776f,3a0378642827fb930915741c08b0150d80e3776f,True,ok,,3,58914e59c608ed4384ba6002e44c3465c58b2e71,48000
1433,resources/data/patches_3rdparty/John Valentine/Basses/Speaking Synth Bass.fxp,contributor,252801,d371243d10f6590c2f7936f81ed4b1ab4eed6e55,d371243d10f6590c2f7936f81ed4b1ab4eed6e55,True,ok,,58,58914e59c608ed4384ba6002e44c3465c58b2e71,48000
1434,resources/data/patches_3rdparty/John Valentine/Basses/Sweet Bass Guitar.fxp,contributor,40999,1b11a2d36d7d93f90b8055167fe0bee7c882e62a,1b11a2d36d7d93f90b8055167fe0bee7c882e62a,True,ok,,3,58914e59c608ed4384ba6002e44c3465c58b2e71,48000
1435,resources/data/patches_3rdparty/John Valentine/Brass/French Horn.fxp,contributor,40906,e540e718101a2e0782dde502ee9857865e47452f,e540e718101a2e0782dde502ee9857865e47452f,True,ok,,3,58914e59c608ed4384ba6002e44c3465c58b2e71,48000
1436,resources/data/patches_3rdparty/John Valentine/Brass/Orchestral Brass.fxp,contributor,49181,428ea3c23bbf949ff6ef72050c42c6045d08654f,428ea3c23bbf949ff6ef72050c42c6045d08654f,True,ok,,4,58914e59c608ed4384ba6002e44c3465c58b2e71,48000
1437,resources/data/patches_3rdparty/John Valentine/Brass/Trombone.fxp,contributor,40706,e0843e7b3e429304b4b543b34aa5ff4b8eee1f9b,e0843e7b3e429304b4b543b34aa5ff4b8eee1f9b,True,ok,,6,58914e59c608ed4384ba6002e44c3465c58b2e71,48000
1438,resources/data/patches_3rdparty/John Valentine/Brass/Trumpet.fxp,contributor,41523,9fb8cf3466106d2f40a0c54a487203df8333adc7,9fb8cf3466106d2f40a0c54a487203df8333adc7,True,ok,,4,58914e59c608ed4384ba6002e44c3465c58b2e71,48000
1439,resources/data/patches_3rdparty/John Valentine/FX/Cavern Water Drips.fxp,contributor,33966,42ba9b0b833a07652c2dbd60dafef1a3ad0fa446,42ba9b0b833a07652c2dbd60dafef1a3ad0fa446,True,ok,,4,58914e59c608ed4384ba6002e44c3465c58b2e71,48000
1440,resources/data/patches_3rdparty/John Valentine/FX/Cicada Forest.fxp,contributor,34997,17c031f39a861d331fd927dc1d9d416921ffcd61,17c031f39a861d331fd927dc1d9d416921ffcd61,True,ok,,5,58914e59c608ed4384ba6002e44c3465c58b2e71,48000
1441,resources/data/patches_3rdparty/John Valentine/FX/DTMF MF4 Telephone Dialler.fxp,contributor,34305,7e961ed8982d7f70047f568f499f04cfd2dd1b31,7e961ed8982d7f70047f568f499f04cfd2dd1b31,True,ok,,3,58914e59c608ed4384ba6002e44c3465c58b2e71,48000
1442,resources/data/patches_3rdparty/John Valentine/FX/Distant Thunder Rumble.fxp,contributor,42258,875eae5fecc54585bf6efe41ba0040a306240f07,875eae5fecc54585bf6efe41ba0040a306240f07,True,ok,,6,58914e59c608ed4384ba6002e44c3465c58b2e71,48000
1443,resources/data/patches_3rdparty/John Valentine/FX/Fireworks - Bang And Fizzle.fxp,contributor,33199,30bfb94b98358997aa25fead135d5968251e2d56,30bfb94b98358997aa25fead135d5968251e2d56,True,ok,,10,58914e59c608ed4384ba6002e44c3465c58b2e71,48000
1444,resources/data/patches_3rdparty/John Valentine/FX/Fireworks - Launch.fxp,contributor,34584,c226f1f1321f566c9ccfa11478e3d4c944ce97e1,c226f1f1321f566c9ccfa11478e3d4c944ce97e1,True,ok,,11,58914e59c608ed4384ba6002e44c3465c58b2e71,48000
1445,resources/data/patches_3rdparty/John Valentine/FX/Fireworks - Screamers.fxp,contributor,34949,aba8c3106784691a6775d0ca6c6c029501b7bd87,aba8c3106784691a6775d0ca6c6c029501b7bd87,True,ok,,7,58914e59c608ed4384ba6002e44c3465c58b2e71,48000
1446,resources/data/patches_3rdparty/John Valentine/FX/Grandfather Clock Ticking.fxp,contributor,32668,f7eaa4329d932fb035fa29d930c78e858f00d540,f7eaa4329d932fb035fa29d930c78e858f00d540,True,ok,,3,58914e59c608ed4384ba6002e44c3465c58b2e71,48000
1447,resources/data/patches_3rdparty/John Valentine/FX/Low-Passing Jet Airplane Flyby.fxp,contributor,62471,39abe0c1a15e78ec1b42ae42d1f45d1995600e7b,39abe0c1a15e78ec1b42ae42d1f45d1995600e7b,True,ok,,6,58914e59c608ed4384ba6002e44c3465c58b2e71,48000
1448,resources/data/patches_3rdparty/John Valentine/FX/Mission Control Space Radio.fxp,contributor,35986,0d96c3447e067d489f762fa2482134180313d84e,0d96c3447e067d489f762fa2482134180313d84e,True,ok,,3,58914e59c608ed4384ba6002e44c3465c58b2e71,48000
1449,resources/data/patches_3rdparty/John Valentine/FX/Pebble Beach Breaking Ocean Waves And Cave.fxp,contributor,41158,bdad0029b62c3a076f2597816d2d0ca5f3fd089b,bdad0029b62c3a076f2597816d2d0ca5f3fd089b,True,ok,,4,58914e59c608ed4384ba6002e44c3465c58b2e71,48000
1450,resources/data/patches_3rdparty/John Valentine/FX/Piezo Pips.fxp,contributor,31346,235a5af12fedb641800b745da4b81a0c62a69586,235a5af12fedb641800b745da4b81a0c62a69586,True,ok,,2,58914e59c608ed4384ba6002e44c3465c58b2e71,48000
1451,resources/data/patches_3rdparty/John Valentine/FX/Windy Trees Environment.fxp,contributor,37255,57c0806da62962578fda7b3bdb5d5bf3cedc77ca,57c0806da62962578fda7b3bdb5d5bf3cedc77ca,True,ok,,4,58914e59c608ed4384ba6002e44c3465c58b2e71,48000
1452,resources/data/patches_3rdparty/John Valentine/Guitars/Distorted Electric Guitar.fxp,contributor,51819,e2e1f6762132ab4bf6e90e13c23c76d335ffbb7c,e2e1f6762132ab4bf6e90e13c23c76d335ffbb7c,True,ok,,9,58914e59c608ed4384ba6002e44c3465c58b2e71,48000
1453,resources/data/patches_3rdparty/John Valentine/Guitars/Distorted Power Bass Guitar.fxp,contributor,42000,5be799c752f2dd01232f6b7743113da1ba6580cd,5be799c752f2dd01232f6b7743113da1ba6580cd,True,ok,,8,58914e59c608ed4384ba6002e44c3465c58b2e71,48000
1454,resources/data/patches_3rdparty/John Valentine/Guitars/Muted Electric Guitar Licks.fxp,contributor,40699,4cd66696fb6b0f02399bdf9b2cb7a91d7254be66,4cd66696fb6b0f02399bdf9b2cb7a91d7254be66,True,ok,,4,58914e59c608ed4384ba6002e44c3465c58b2e71,48000
1455,resources/data/patches_3rdparty/John Valentine/Guitars/Nylon Acoustic Guitar.fxp,contributor,35352,9220249d87eb24130da1eb93b120ac9132b7645c,9220249d87eb24130da1eb93b120ac9132b7645c,True,ok,,5,58914e59c608ed4384ba6002e44c3465c58b2e71,48000
1456,resources/data/patches_3rdparty/John Valentine/Guitars/Nylon Acoustic Rhythm Guitar.fxp,contributor,43302,6495b9cf7c13ced2507d3d3d32d773be2b2b878b,6495b9cf7c13ced2507d3d3d32d773be2b2b878b,True,ok,,28,58914e59c608ed4384ba6002e44c3465c58b2e71,48000
1457,resources/data/patches_3rdparty/John Valentine/Guitars/Steel Acoustic Guitar.fxp,contributor,44227,12b9f53d4d0a94abad2c23cd35c197e825ce58b2,12b9f53d4d0a94abad2c23cd35c197e825ce58b2,True,ok,,6,58914e59c608ed4384ba6002e44c3465c58b2e71,48000
1458,resources/data/patches_3rdparty/John Valentine/Keys/Amethyst Empathy.fxp,contributor,41810,4fcb2d4f70b9ec1b43977c55d246ff7bcb05eeef,4fcb2d4f70b9ec1b43977c55d246ff7bcb05eeef,True,ok,,3,58914e59c608ed4384ba6002e44c3465c58b2e71,48000
1459,resources/data/patches_3rdparty/John Valentine/Keys/Axel's Sharp Atmosphere.fxp,contributor,38959,ef0316b878b98f4f729a3360b6985864df73547d,ef0316b878b98f4f729a3360b6985864df73547d,True,ok,,4,58914e59c608ed4384ba6002e44c3465c58b2e71,48000
1460,resources/data/patches_3rdparty/John Valentine/Keys/Dexie Swirly E-Piano.fxp,contributor,34061,1dafae1015ad5f455702eef36f44049670195125,1dafae1015ad5f455702eef36f44049670195125,True,ok,,3,58914e59c608ed4384ba6002e44c3465c58b2e71,48000
1461,resources/data/patches_3rdparty/John Valentine/Keys/Dreams Are Made Of.fxp,contributor,34043,2bfc3631ca1513ba0a5ec655fb730e0a47029018,2bfc3631ca1513ba0a5ec655fb730e0a47029018,True,ok,,2,58914e59c608ed4384ba6002e44c3465c58b2e71,48000
1462,resources/data/patches_3rdparty/John Valentine/Keys/FM E-Piano Four High.fxp,contributor,36182,1801a36faf1e7c67f65f2d355e85a3386220ea4a,1801a36faf1e7c67f65f2d355e85a3386220ea4a,True,ok,,3,58914e59c608ed4384ba6002e44c3465c58b2e71,48000
1463,resources/data/patches_3rdparty/John Valentine/Keys/FM Square Glassy Boops.fxp,contributor,49342,6c445ac0cb53e22fce928c020b805bdb8acb5ce7,6c445ac0cb53e22fce928c020b805bdb8acb5ce7,True,ok,,3,58914e59c608ed4384ba6002e44c3465c58b2e71,48000
1464,resources/data/patches_3rdparty/John Valentine/Keys/Grand Piano.fxp,contributor,54330,8515f4c7f8a9b0cd161b86a47a324090434fe0f1,8515f4c7f8a9b0cd161b86a47a324090434fe0f1,True,ok,,4,58914e59c608ed4384ba6002e44c3465c58b2e71,48000
1465,resources/data/patches_3rdparty/John Valentine/Keys/Harpsichord.fxp,contributor,38967,a5c7db5684b138612b48ddfce573e1bf1032c440,a5c7db5684b138612b48ddfce573e1bf1032c440,True,ok,,4,58914e59c608ed4384ba6002e44c3465c58b2e71,48000
1466,resources/data/patches_3rdparty/John Valentine/Keys/Pipe Organ Flutes & Reeds.fxp,contributor,37697,aa3131a865add5b1407373707f0ec9c411554d15,aa3131a865add5b1407373707f0ec9c411554d15,True,ok,,3,58914e59c608ed4384ba6002e44c3465c58b2e71,48000
1467,resources/data/patches_3rdparty/John Valentine/Keys/Pipe Organ Trumpet Pedal.fxp,contributor,36070,85f4f4e330d865e9410b8d16a64db3f65cf812ba,85f4f4e330d865e9410b8d16a64db3f65cf812ba,True,ok,,3,58914e59c608ed4384ba6002e44c3465c58b2e71,48000
1468,resources/data/patches_3rdparty/John Valentine/Keys/Rhythm Synth.fxp,contributor,34900,2614b6d3ddea0e071e1e9665d02ee4e60b884ee6,2614b6d3ddea0e071e1e9665d02ee4e60b884ee6,True,ok,,3,58914e59c608ed4384ba6002e44c3465c58b2e71,48000
1469,resources/data/patches_3rdparty/John Valentine/Keys/Valen Tines E-Piano.fxp,contributor,44502,a7d215e3f151465ccb299ce1724d34e521dbe315,a7d215e3f151465ccb299ce1724d34e521dbe315,True,ok,,4,58914e59c608ed4384ba6002e44c3465c58b2e71,48000
1470,resources/data/patches_3rdparty/John Valentine/Leads/Axel's Brassy Lead.fxp,contributor,32227,709ca0aa46355c8858e8a993e9bfc2ec5f8a5474,709ca0aa46355c8858e8a993e9bfc2ec5f8a5474,True,ok,,3,58914e59c608ed4384ba6002e44c3465c58b2e71,48000
1471,resources/data/patches_3rdparty/John Valentine/Leads/Crockett's Plucked Lead.fxp,contributor,39709,7030157ae5b7e62772c999e965306d8d2a5ccf91,7030157ae5b7e62772c999e965306d8d2a5ccf91,True,ok,,4,58914e59c608ed4384ba6002e44c3465c58b2e71,48000
1472,resources/data/patches_3rdparty/John Valentine/Leads/Laser Harp.fxp,contributor,41700,ae8a638b549e8ec80567a9005e3d7e5c17897b22,ae8a638b549e8ec80567a9005e3d7e5c17897b22,True,ok,,5,58914e59c608ed4384ba6002e44c3465c58b2e71,48000
1473,resources/data/patches_3rdparty/John Valentine/Leads/Synced Synth Solo Lead.fxp,contributor,34473,5cd4920167bd79ff12baa6b102df4b95067d966f,5cd4920167bd79ff12baa6b102df4b95067d966f,True,ok,,3,58914e59c608ed4384ba6002e44c3465c58b2e71,48000
1474,resources/data/patches_3rdparty/John Valentine/Pads/70s Fizzy String.fxp,contributor,29335,70bf3f58abc1aa4ed6c216358cf77362b0b6cd5e,70bf3f58abc1aa4ed6c216358cf77362b0b6cd5e,True,ok,,4,58914e59c608ed4384ba6002e44c3465c58b2e71,48000
1475,resources/data/patches_3rdparty/John Valentine/Pads/Axel's Brassy Pad.fxp,contributor,38695,3a0f214905b2b3b707d4c106a66b16b850fd40ea,3a0f214905b2b3b707d4c106a66b16b850fd40ea,True,ok,,3,58914e59c608ed4384ba6002e44c3465c58b2e71,48000
1476,resources/data/patches_3rdparty/John Valentine/Pads/Resonant String Ensemble.fxp,contributor,34784,d3695a75e45d797cd4ca4d4250b335c69e2a640a,d3695a75e45d797cd4ca4d4250b335c69e2a640a,True,ok,,4,58914e59c608ed4384ba6002e44c3465c58b2e71,48000
1477,resources/data/patches_3rdparty/John Valentine/Pads/Sweeping Distorted Pad.fxp,contributor,33872,cdf643bb21168b3e09039dfea29b9a1337279bc7,cdf643bb21168b3e09039dfea29b9a1337279bc7,True,ok,,4,58914e59c608ed4384ba6002e44c3465c58b2e71,48000
1478,resources/data/patches_3rdparty/John Valentine/Percussion/Axel's Synth Claps.fxp,contributor,104611,4a7554f9f4bf8281a154b4f2456ecd1025a4494d,4a7554f9f4bf8281a154b4f2456ecd1025a4494d,True,ok,,18,58914e59c608ed4384ba6002e44c3465c58b2e71,48000
1479,resources/data/patches_3rdparty/John Valentine/Percussion/Bongo.fxp,contributor,36967,c5758079f1acd88be97f01754fd27fe74625bf00,c5758079f1acd88be97f01754fd27fe74625bf00,True,ok,,4,58914e59c608ed4384ba6002e44c3465c58b2e71,48000
1480,resources/data/patches_3rdparty/John Valentine/Percussion/Claves (Sticks).fxp,contributor,30375,4df8c3941fd4fbb929eddfed1eb0b54a7de955c4,4df8c3941fd4fbb929eddfed1eb0b54a7de955c4,True,ok,,3,58914e59c608ed4384ba6002e44c3465c58b2e71,48000
1481,resources/data/patches_3rdparty/John Valentine/Percussion/Cowbell.fxp,contributor,33035,2492d55bec4a8aa012926f4cc8695b88e610f68c,2492d55bec4a8aa012926f4cc8695b88e610f68c,True,ok,,3,58914e59c608ed4384ba6002e44c3465c58b2e71,48000
1482,resources/data/patches_3rdparty/John Valentine/Percussion/Cymbal Tap.fxp,contributor,35393,58f15b2f6e88c034feaef39c3aad43e6f03389e8,58f15b2f6e88c034feaef39c3aad43e6f03389e8,True,ok,,3,58914e59c608ed4384ba6002e44c3465c58b2e71,48000
1483,resources/data/patches_3rdparty/John Valentine/Percussion/Handbells.fxp,contributor,44966,1c1d5b3350eb75f04986d67d98d923c5f00c7620,1c1d5b3350eb75f04986d67d98d923c5f00c7620,True,ok,,3,58914e59c608ed4384ba6002e44c3465c58b2e71,48000
1484,resources/data/patches_3rdparty/John Valentine/Percussion/Hi Hats Brushed.fxp,contributor,40691,e87c07b700ee53d6d4217ec84321bda31f279b50,e87c07b700ee53d6d4217ec84321bda31f279b50,True,ok,,3,58914e59c608ed4384ba6002e44c3465c58b2e71,48000
1485,resources/data/patches_3rdparty/John Valentine/Percussion/Hi Hats Hard.fxp,contributor,73260,a56ad97169c9afdbcd9e870bf3eecd5ae7509e3f,a56ad97169c9afdbcd9e870bf3eecd5ae7509e3f,True,ok,,6,58914e59c608ed4384ba6002e44c3465c58b2e71,48000
1486,resources/data/patches_3rdparty/John Valentine/Percussion/Noisy Synth Kick.fxp,contributor,103756,f31a8753059388b40c4c9abc0ea67ace441a7fc9,f31a8753059388b40c4c9abc0ea67ace441a7fc9,True,ok,,11,58914e59c608ed4384ba6002e44c3465c58b2e71,48000
1487,resources/data/patches_3rdparty/John Valentine/Percussion/Orchestral Bass Drum.fxp,contributor,103562,e5563be050effb5c061c10ee81c5281f9779b50a,e5563be050effb5c061c10ee81c5281f9779b50a,True,ok,,9,58914e59c608ed4384ba6002e44c3465c58b2e71,48000
1488,resources/data/patches_3rdparty/John Valentine/Percussion/Pop Clap.fxp,contributor,37729,4543d4139b1945523a8d254c302079954b33a2fe,4543d4139b1945523a8d254c302079954b33a2fe,True,ok,,4,58914e59c608ed4384ba6002e44c3465c58b2e71,48000
1489,resources/data/patches_3rdparty/John Valentine/Percussion/Punchy Clappy Snare.fxp,contributor,103877,161ac98f92563084c01c547c34ae6bd54a5ec68b,161ac98f92563084c01c547c34ae6bd54a5ec68b,True,ok,,11,58914e59c608ed4384ba6002e44c3465c58b2e71,48000
1490,resources/data/patches_3rdparty/John Valentine/Percussion/Rainmaker.fxp,contributor,35770,a9b81e08da7901c490e3496dcadf8af7085524a6,a9b81e08da7901c490e3496dcadf8af7085524a6,True,ok,,4,58914e59c608ed4384ba6002e44c3465c58b2e71,48000
1491,resources/data/patches_3rdparty/John Valentine/Percussion/Reverse Cymbal Rush.fxp,contributor,39922,74d6b08d035a5012692b3b56c7970ae390a0325a,74d6b08d035a5012692b3b56c7970ae390a0325a,True,ok,,3,58914e59c608ed4384ba6002e44c3465c58b2e71,48000
1492,resources/data/patches_3rdparty/John Valentine/Percussion/Snare Tom 1.fxp,contributor,29696,b80837ed57571f39dab8b646443c593c5d94e233,b80837ed57571f39dab8b646443c593c5d94e233,True,ok,,3,58914e59c608ed4384ba6002e44c3465c58b2e71,48000
1493,resources/data/patches_3rdparty/John Valentine/Percussion/Snare Tom 2.fxp,contributor,34342,ad655861b5785272152b9f2374b19b9187c97b5b,ad655861b5785272152b9f2374b19b9187c97b5b,True,ok,,3,58914e59c608ed4384ba6002e44c3465c58b2e71,48000
1494,resources/data/patches_3rdparty/John Valentine/Percussion/Taiko Drum.fxp,contributor,103427,85bdfe9be3c4a58b9dc6ac1d9a8c82bfb4a46c25,85bdfe9be3c4a58b9dc6ac1d9a8c82bfb4a46c25,True,ok,,6,58914e59c608ed4384ba6002e44c3465c58b2e71,48000
1495,resources/data/patches_3rdparty/John Valentine/Percussion/Tambourine.fxp,contributor,106480,12cdb2adebac0adafb3f99331e72ab482b1df007,12cdb2adebac0adafb3f99331e72ab482b1df007,True,ok,,10,58914e59c608ed4384ba6002e44c3465c58b2e71,48000
1496,resources/data/patches_3rdparty/John Valentine/Percussion/Timpani.fxp,contributor,41545,0fbdfb10c25493cdef0a0b521623c157bc932d77,0fbdfb10c25493cdef0a0b521623c157bc932d77,True,ok,,4,58914e59c608ed4384ba6002e44c3465c58b2e71,48000
1497,resources/data/patches_3rdparty/John Valentine/Percussion/Tongue Drum.fxp,contributor,62363,c9ec9d40069d988dc528a19dc2502a6b6b741b17,c9ec9d40069d988dc528a19dc2502a6b6b741b17,True,ok,,4,58914e59c608ed4384ba6002e44c3465c58b2e71,48000
1498,resources/data/patches_3rdparty/John Valentine/Plucks/Guitarp.fxp,contributor,34390,d5b0f1cbb7ae555a371b0c2880a0fa007476f580,d5b0f1cbb7ae555a371b0c2880a0fa007476f580,True,ok,,3,58914e59c608ed4384ba6002e44c3465c58b2e71,48000
1499,resources/data/patches_3rdparty/John Valentine/Plucks/Harpie.fxp,contributor,53854,1a8b748d3b8bee8142e20ba7c8b0e6d47707c6f3,1a8b748d3b8bee8142e20ba7c8b0e6d47707c6f3,True,ok,,3,58914e59c608ed4384ba6002e44c3465c58b2e71,48000
1500,resources/data/patches_3rdparty/John Valentine/Sequences/Crockett's Seq Filter Bass.fxp,contributor,40297,7620c79cd23098c5c93aeaf2dd3ada5683873616,7620c79cd23098c5c93aeaf2dd3ada5683873616,True,ok,,5,58914e59c608ed4384ba6002e44c3465c58b2e71,48000
1501,resources/data/patches_3rdparty/John Valentine/Strings/Dexie String Mix Pad.fxp,contributor,34356,2726aafcf315c1dca3d4e3601d53e417a1c969d8,2726aafcf315c1dca3d4e3601d53e417a1c969d8,True,ok,,5,58914e59c608ed4384ba6002e44c3465c58b2e71,48000
1502,resources/data/patches_3rdparty/John Valentine/Strings/Light Hammered Dulcimer.fxp,contributor,40136,3c170ec3b99b1aa8221bfbe605648dac40bd52c8,3c170ec3b99b1aa8221bfbe605648dac40bd52c8,True,ok,,4,58914e59c608ed4384ba6002e44c3465c58b2e71,48000
1503,resources/data/patches_3rdparty/John Valentine/Strings/Orchestral Harp For Runs.fxp,contributor,54009,732c8ec8a85a0e3a81143209d079beb307f4e0f4,732c8ec8a85a0e3a81143209d079beb307f4e0f4,True,ok,,5,58914e59c608ed4384ba6002e44c3465c58b2e71,48000
1504,resources/data/patches_3rdparty/John Valentine/Strings/Pizzicato.fxp,contributor,38580,3efe623109f7eb5598755bc5d2c2d063d846387f,3efe623109f7eb5598755bc5d2c2d063d846387f,True,ok,,3,58914e59c608ed4384ba6002e44c3465c58b2e71,48000
1505,resources/data/patches_3rdparty/John Valentine/Strings/Solo Violin.fxp,contributor,52386,9fb1c81fc525c6cdd67e7f4255f6a23dd4e53903,9fb1c81fc525c6cdd67e7f4255f6a23dd4e53903,True,ok,,5,58914e59c608ed4384ba6002e44c3465c58b2e71,48000
1506,resources/data/patches_3rdparty/John Valentine/Strings/String Cello.fxp,contributor,34282,43b4dbcd621c046700221058a432f537f9316431,43b4dbcd621c046700221058a432f537f9316431,True,ok,,3,58914e59c608ed4384ba6002e44c3465c58b2e71,48000
1507,resources/data/patches_3rdparty/John Valentine/Strings/String Contrabass.fxp,contributor,39318,50ee25dfecf475023179eac4c788483ebf12d30d,50ee25dfecf475023179eac4c788483ebf12d30d,True,ok,,3,58914e59c608ed4384ba6002e44c3465c58b2e71,48000
1508,resources/data/patches_3rdparty/John Valentine/Strings/Violin Section.fxp,contributor,53675,8b63179855d865563a88516214874ba40fb299d8,8b63179855d865563a88516214874ba40fb299d8,True,ok,,4,58914e59c608ed4384ba6002e44c3465c58b2e71,48000
1509,resources/data/patches_3rdparty/John Valentine/Voices/Breath Not Taken Away.fxp,contributor,49672,9d99e88a245f6c0c5de642fc71f63437067c8b77,9d99e88a245f6c0c5de642fc71f63437067c8b77,True,ok,,4,58914e59c608ed4384ba6002e44c3465c58b2e71,48000
1510,resources/data/patches_3rdparty/John Valentine/Voices/Breathy Ooh.fxp,contributor,51333,656799d1f82554c1c30d6af4b0d2fc3446edc92c,656799d1f82554c1c30d6af4b0d2fc3446edc92c,True,ok,,4,58914e59c608ed4384ba6002e44c3465c58b2e71,48000
1511,resources/data/patches_3rdparty/John Valentine/Voices/Voice Bass.fxp,contributor,37777,b4c5df2f97c7d6fe85ce564be7543c30f9ac05b8,b4c5df2f97c7d6fe85ce564be7543c30f9ac05b8,True,ok,,3,58914e59c608ed4384ba6002e44c3465c58b2e71,48000
1512,resources/data/patches_3rdparty/John Valentine/Voices/Voice Breath Huh.fxp,contributor,27064,806d2211fec628cf5139c2aa9c93296a13a68f9c,806d2211fec628cf5139c2aa9c93296a13a68f9c,True,ok,,3,58914e59c608ed4384ba6002e44c3465c58b2e71,48000
1513,resources/data/patches_3rdparty/John Valentine/Voices/Voice Soprano 1.fxp,contributor,36918,683bfc21b91cdb8124c16e3cda03792b9d7ebdc2,683bfc21b91cdb8124c16e3cda03792b9d7ebdc2,True,ok,,3,58914e59c608ed4384ba6002e44c3465c58b2e71,48000
1514,resources/data/patches_3rdparty/John Valentine/Voices/Voice Soprano 2.fxp,contributor,36900,ee1cc0bb95f2bf6eedbccb609025e66e06b7e489,ee1cc0bb95f2bf6eedbccb609025e66e06b7e489,True,ok,,3,58914e59c608ed4384ba6002e44c3465c58b2e71,48000
1515,resources/data/patches_3rdparty/John Valentine/Winds/Bassoon.fxp,contributor,40605,1b9c6dce3575e888348d6a60bb88582b457d68a3,1b9c6dce3575e888348d6a60bb88582b457d68a3,True,ok,,4,58914e59c608ed4384ba6002e44c3465c58b2e71,48000
1516,resources/data/patches_3rdparty/John Valentine/Winds/Clarinet.fxp,contributor,39961,c94fe33388178f0893274d489f4b2dba4366b9d1,c94fe33388178f0893274d489f4b2dba4366b9d1,True,ok,,3,58914e59c608ed4384ba6002e44c3465c58b2e71,48000
1517,resources/data/patches_3rdparty/John Valentine/Winds/Cor Anglais.fxp,contributor,39307,f42b26dbbc8b75c30f8caf9d24630f38cfd8946c,f42b26dbbc8b75c30f8caf9d24630f38cfd8946c,True,ok,,4,58914e59c608ed4384ba6002e44c3465c58b2e71,48000
1518,resources/data/patches_3rdparty/John Valentine/Winds/Flute.fxp,contributor,38698,9ea5c3505d6dcb8629603cc64ef82215e5523ccd,9ea5c3505d6dcb8629603cc64ef82215e5523ccd,True,ok,,2,58914e59c608ed4384ba6002e44c3465c58b2e71,48000
1519,resources/data/patches_3rdparty/John Valentine/Winds/Folky High Pipe.fxp,contributor,33160,12631d4d5d06241f12c7ddd6c145da383b600090,12631d4d5d06241f12c7ddd6c145da383b600090,True,ok,,3,58914e59c608ed4384ba6002e44c3465c58b2e71,48000
1520,resources/data/patches_3rdparty/John Valentine/Winds/Oboe.fxp,contributor,39174,bed215158b0afcf8c5aa67d9fa3a58522724479a,bed215158b0afcf8c5aa67d9fa3a58522724479a,True,ok,,3,58914e59c608ed4384ba6002e44c3465c58b2e71,48000
1521,resources/data/patches_3rdparty/John Valentine/Winds/Recorder.fxp,contributor,33760,cb53e1a4b02990d2ef7b90a4a3283650a7e00267,cb53e1a4b02990d2ef7b90a4a3283650a7e00267,True,ok,,5,58914e59c608ed4384ba6002e44c3465c58b2e71,48000
1522,resources/data/patches_3rdparty/Kinsey Dulcet/Audio In/Favorite Sidechainer.fxp,contributor,35178,99284b26eebcbffb300f86e2361f879fb3e00b03,99284b26eebcbffb300f86e2361f879fb3e00b03,True,ok,,2,58914e59c608ed4384ba6002e44c3465c58b2e71,48000
1523,resources/data/patches_3rdparty/Kinsey Dulcet/Basses/Acid Funk Bass.fxp,contributor,34782,31931aadad1abdac8f8db310dc567f39848a5758,31931aadad1abdac8f8db310dc567f39848a5758,True,ok,,3,58914e59c608ed4384ba6002e44c3465c58b2e71,48000
1524,resources/data/patches_3rdparty/Kinsey Dulcet/Basses/Asym Bass.fxp,contributor,34617,1b3f0e23b824f19fc94ca12d959e0ce9323bf266,1b3f0e23b824f19fc94ca12d959e0ce9323bf266,True,ok,,3,58914e59c608ed4384ba6002e44c3465c58b2e71,48000
1525,resources/data/patches_3rdparty/Kinsey Dulcet/Basses/Big Fat Combinator Bass.fxp,contributor,37028,eb22c55cde23f5e270d9ca8534a546c4f9f31c09,eb22c55cde23f5e270d9ca8534a546c4f9f31c09,True,ok,,4,58914e59c608ed4384ba6002e44c3465c58b2e71,48000
1526,resources/data/patches_3rdparty/Kinsey Dulcet/Basses/Character Bass.fxp,contributor,35660,0ac27a6f7caef4a2b572ad4ee0622c75b9c7c6d8,0ac27a6f7caef4a2b572ad4ee0622c75b9c7c6d8,True,ok,,2,58914e59c608ed4384ba6002e44c3465c58b2e71,48000
1527,resources/data/patches_3rdparty/Kinsey Dulcet/Basses/Classic Organ Bass + Bonus Organ.fxp,contributor,214854,dfbdf4767cb2a63fa4620b9754fc1204e2cc0e6e,dfbdf4767cb2a63fa4620b9754fc1204e2cc0e6e,True,ok,,69,58914e59c608ed4384ba6002e44c3465c58b2e71,48000
1528,"resources/data/patches_3rdparty/Kinsey Dulcet/Basses/Everybody Needs A 303, Really.fxp",contributor,34106,52aa27e9a6c7249d997e59e2297e27e709b5595d,52aa27e9a6c7249d997e59e2297e27e709b5595d,True,ok,,8,58914e59c608ed4384ba6002e44c3465c58b2e71,48000
1529,resources/data/patches_3rdparty/Kinsey Dulcet/Basses/Fresh FM Bass.fxp,contributor,38756,6ced8e3bd966aa47834a00438208118ba4a9dc08,6ced8e3bd966aa47834a00438208118ba4a9dc08,True,ok,,4,58914e59c608ed4384ba6002e44c3465c58b2e71,48000
1530,resources/data/patches_3rdparty/Kinsey Dulcet/Basses/From Subs To Reeses & Back Again.fxp,contributor,34798,4de3613373972ee7a23c7429b64073514c26b754,4de3613373972ee7a23c7429b64073514c26b754,True,ok,,4,58914e59c608ed4384ba6002e44c3465c58b2e71,48000
1531,resources/data/patches_3rdparty/Kinsey Dulcet/Basses/Indie Dance Saw Bass.fxp,contributor,35150,e9d6e6c227d0099d1af6a3153bbce7281c61f7e5,e9d6e6c227d0099d1af6a3153bbce7281c61f7e5,True,ok,,3,58914e59c608ed4384ba6002e44c3465c58b2e71,48000
1532,"resources/data/patches_3rdparty/Kinsey Dulcet/Basses/Modern, Dirty & Fat.fxp",contributor,136253,547d38cbd6e817add77be19d0a31494f3661586f,547d38cbd6e817add77be19d0a31494f3661586f,True,ok,,10,58914e59c608ed4384ba6002e44c3465c58b2e71,48000
1533,resources/data/patches_3rdparty/Kinsey Dulcet/Basses/Moogaroo.fxp,contributor,40326,7de0cb06340fbce7c6b32a419045e75e96d4cd14,7de0cb06340fbce7c6b32a419045e75e96d4cd14,True,ok,,3,58914e59c608ed4384ba6002e44c3465c58b2e71,48000
1534,resources/data/patches_3rdparty/Kinsey Dulcet/Basses/OJD Bass.fxp,contributor,35096,c8b504edd17f9c5b904c3b32cf9cfb6c7ca7a185,c8b504edd17f9c5b904c3b32cf9cfb6c7ca7a185,True,ok,,2,58914e59c608ed4384ba6002e44c3465c58b2e71,48000
1535,resources/data/patches_3rdparty/Kinsey Dulcet/Basses/Organ Hits Bass.fxp,contributor,127238,57e6cf8685ee2d3342cd6d2452989578e8595f6a,57e6cf8685ee2d3342cd6d2452989578e8595f6a,True,ok,,9,58914e59c608ed4384ba6002e44c3465c58b2e71,48000
1536,resources/data/patches_3rdparty/Kinsey Dulcet/Basses/Peachfuzz Bass.fxp,contributor,40294,0dfaa352a67427158973c98fe2dc6056b9fcd2a4,0dfaa352a67427158973c98fe2dc6056b9fcd2a4,True,ok,,5,58914e59c608ed4384ba6002e44c3465c58b2e71,48000
1537,resources/data/patches_3rdparty/Kinsey Dulcet/Basses/The Beaches Of Bass Island 5.fxp,contributor,51178,dee29e57076786c7f2ec4c25caf53880a0256b12,dee29e57076786c7f2ec4c25caf53880a0256b12,True,ok,,5,58914e59c608ed4384ba6002e44c3465c58b2e71,48000
1538,resources/data/patches_3rdparty/Kinsey Dulcet/Basses/The Flat Eric Fan Club Has Its Perks.fxp,contributor,35800,1f6b7be61d01f5184373149f60c652d314a9b739,1f6b7be61d01f5184373149f60c652d314a9b739,True,ok,,2,58914e59c608ed4384ba6002e44c3465c58b2e71,48000
1539,resources/data/patches_3rdparty/Kinsey Dulcet/Basses/This Resonates With Me Deeply.fxp,contributor,126451,558a1f2dc1d0e2dccba434ecb573ac909afa3879,558a1f2dc1d0e2dccba434ecb573ac909afa3879,True,ok,,9,58914e59c608ed4384ba6002e44c3465c58b2e71,48000
1540,resources/data/patches_3rdparty/Kinsey Dulcet/Basses/Very Versatile Bass.fxp,contributor,59453,b2b32058e26d9e4edb4aeff2ece09e5eda7b36ad,b2b32058e26d9e4edb4aeff2ece09e5eda7b36ad,True,ok,,4,58914e59c608ed4384ba6002e44c3465c58b2e71,48000
1541,resources/data/patches_3rdparty/Kinsey Dulcet/Basses/Wavetable FM Slapper.fxp,contributor,110888,c752459f2408360a446c15bbf1a4599918de6836,c752459f2408360a446c15bbf1a4599918de6836,True,ok,,7,58914e59c608ed4384ba6002e44c3465c58b2e71,48000
1542,resources/data/patches_3rdparty/Kinsey Dulcet/Basses/Wet Donk Scribbles.fxp,contributor,37058,0cbf4aa5dfcf65296bad82954406bff0a0fe1102,0cbf4aa5dfcf65296bad82954406bff0a0fe1102,True,ok,,3,58914e59c608ed4384ba6002e44c3465c58b2e71,48000
1543,resources/data/patches_3rdparty/Kinsey Dulcet/Bells/Bell Labs.fxp,contributor,239911,e1850652a1a392719e7fdc4d00f26525c224dd85,e1850652a1a392719e7fdc4d00f26525c224dd85,True,ok,,118,58914e59c608ed4384ba6002e44c3465c58b2e71,48000
1544,resources/data/patches_3rdparty/Kinsey Dulcet/FX/8 Measure Noise & Comb Sweep.fxp,contributor,30628,173270ad5be940e72e52f72ecc5d35d12965dd16,173270ad5be940e72e52f72ecc5d35d12965dd16,True,ok,,3,58914e59c608ed4384ba6002e44c3465c58b2e71,48000
1545,resources/data/patches_3rdparty/Kinsey Dulcet/FX/Dissociating In An Abandoned Mall.fxp,contributor,38081,752b2dbd5ac5392a746a651e2f7a8a282a508079,752b2dbd5ac5392a746a651e2f7a8a282a508079,True,ok,,4,58914e59c608ed4384ba6002e44c3465c58b2e71,48000
1546,resources/data/patches_3rdparty/Kinsey Dulcet/Guitars/Miles Of AM Radio.fxp,contributor,60283,8059b15313eece3139d274615f31a3220747595d,8059b15313eece3139d274615f31a3220747595d,True,ok,,8,58914e59c608ed4384ba6002e44c3465c58b2e71,48000
1547,resources/data/patches_3rdparty/Kinsey Dulcet/Guitars/Mutant Lo-Fi Acoustic Guitar Workstation.fxp,contributor,256951,714821ee0c7561bc1293bb422e2c4bd2f978b163,714821ee0c7561bc1293bb422e2c4bd2f978b163,True,ok,,17,58914e59c608ed4384ba6002e44c3465c58b2e71,48000
1548,resources/data/patches_3rdparty/Kinsey Dulcet/Guitars/Mutant Lo-Fi Electric Guitar Workstation.fxp,contributor,254907,0b281c70208d1771e27884b6e3728d06e51016a4,0b281c70208d1771e27884b6e3728d06e51016a4,True,ok,,32,58914e59c608ed4384ba6002e44c3465c58b2e71,48000
1549,resources/data/patches_3rdparty/Kinsey Dulcet/Keys/70s Sci-Fi String Ensemble.fxp,contributor,302557,2ffa000238eabecac651b648e4a32ba86e08561f,2ffa000238eabecac651b648e4a32ba86e08561f,True,ok,,105,58914e59c608ed4384ba6002e44c3465c58b2e71,48000
1550,resources/data/patches_3rdparty/Kinsey Dulcet/Keys/Bread & Butter Synth Brass.fxp,contributor,37497,1327ffab128bcf20ade6a0cc1dd7ef52d4a10709,1327ffab128bcf20ade6a0cc1dd7ef52d4a10709,True,ok,,8,58914e59c608ed4384ba6002e44c3465c58b2e71,48000
1551,resources/data/patches_3rdparty/Kinsey Dulcet/Keys/Cameron Vs. Carpenter IV.fxp,contributor,39347,391a88cd8bc9202e07cf6977e8544400127d204e,391a88cd8bc9202e07cf6977e8544400127d204e,True,ok,,4,58914e59c608ed4384ba6002e44c3465c58b2e71,48000
1552,resources/data/patches_3rdparty/Kinsey Dulcet/Keys/Cracks In The Sky.fxp,contributor,40321,fa7a493ed0a39133b86c144d63ace5bea57dfb39,fa7a493ed0a39133b86c144d63ace5bea57dfb39,True,ok,,4,58914e59c608ed4384ba6002e44c3465c58b2e71,48000
1553,resources/data/patches_3rdparty/Kinsey Dulcet/Keys/Electro Steel Drum.fxp,contributor,37913,03c758c6b7c8ecdf5673d926313dc6f1b7e5ab7a,03c758c6b7c8ecdf5673d926313dc6f1b7e5ab7a,True,ok,,4,58914e59c608ed4384ba6002e44c3465c58b2e71,48000
1554,resources/data/patches_3rdparty/Kinsey Dulcet/Keys/Fascinated With SK Brass.fxp,contributor,38374,089b2bf1d7eb81cdad991e8849222cea8a471e12,089b2bf1d7eb81cdad991e8849222cea8a471e12,True,ok,,3,58914e59c608ed4384ba6002e44c3465c58b2e71,48000
1555,resources/data/patches_3rdparty/Kinsey Dulcet/Keys/It's $25 But You Gotta Haul It.fxp,contributor,40788,6e5c5d995b801d28f007dbc2dfa5821792c992f2,6e5c5d995b801d28f007dbc2dfa5821792c992f2,True,ok,,65,58914e59c608ed4384ba6002e44c3465c58b2e71,48000
1556,resources/data/patches_3rdparty/Kinsey Dulcet/Keys/Japanese Suitcase.fxp,contributor,104402,35f48a0e56f13550cdbdd5f9047c6d567dfb97be,35f48a0e56f13550cdbdd5f9047c6d567dfb97be,True,ok,,47,58914e59c608ed4384ba6002e44c3465c58b2e71,48000
1557,resources/data/patches_3rdparty/Kinsey Dulcet/Keys/Let's Start With An Accordion.fxp,contributor,38118,3bbca4535c67fa59c05953fcd4ee4360a71fdba4,3bbca4535c67fa59c05953fcd4ee4360a71fdba4,True,ok,,5,58914e59c608ed4384ba6002e44c3465c58b2e71,48000
1558,resources/data/patches_3rdparty/Kinsey Dulcet/Keys/New Wave Wordy.fxp,contributor,34876,eede971e27502d6b8907cac6fec3d4aab29338a6,eede971e27502d6b8907cac6fec3d4aab29338a6,True,ok,,4,58914e59c608ed4384ba6002e44c3465c58b2e71,48000
1559,resources/data/patches_3rdparty/Kinsey Dulcet/Keys/So Wavey.fxp,contributor,102249,05caf487f3c12ced9f1b69ad0c706ad78e51d19d,05caf487f3c12ced9f1b69ad0c706ad78e51d19d,True,ok,,24,58914e59c608ed4384ba6002e44c3465c58b2e71,48000
1560,resources/data/patches_3rdparty/Kinsey Dulcet/Keys/Solo String DX Stack.fxp,contributor,39266,c660acdb9fc3040b29da34c5e6e059b74595fefe,c660acdb9fc3040b29da34c5e6e059b74595fefe,True,ok,,64,58914e59c608ed4384ba6002e44c3465c58b2e71,48000
1561,resources/data/patches_3rdparty/Kinsey Dulcet/Keys/Symphonies Under My Fingertips.fxp,contributor,1155591,e4484f0c247aaa1fc4b13d48c35e34c306408449,e4484f0c247aaa1fc4b13d48c35e34c306408449,True,ok,,137,58914e59c608ed4384ba6002e44c3465c58b2e71,48000
1562,resources/data/patches_3rdparty/Kinsey Dulcet/Keys/The Friendliest NPC.fxp,contributor,236733,72b5746eb9753693332ce4c3a496f15e395ef9a6,72b5746eb9753693332ce4c3a496f15e395ef9a6,True,ok,,55,58914e59c608ed4384ba6002e44c3465c58b2e71,48000
1563,resources/data/patches_3rdparty/Kinsey Dulcet/Keys/The Housewives of Lofi.fxp,contributor,36495,3bc966b843b984163a5fe0adf802ae9fb13557c5,3bc966b843b984163a5fe0adf802ae9fb13557c5,True,ok,,11,58914e59c608ed4384ba6002e44c3465c58b2e71,48000
1564,resources/data/patches_3rdparty/Kinsey Dulcet/Leads/Brush Your Shoulders Off.fxp,contributor,38087,86f23d40859ff970576145e50a6517a227bdb20d,86f23d40859ff970576145e50a6517a227bdb20d,True,ok,,8,58914e59c608ed4384ba6002e44c3465c58b2e71,48000
1565,resources/data/patches_3rdparty/Kinsey Dulcet/Leads/Funk Feedback Lead.fxp,contributor,34354,8aa88c0727335bf56cd12f9f66d442ab204a612b,8aa88c0727335bf56cd12f9f66d442ab204a612b,True,ok,,4,58914e59c608ed4384ba6002e44c3465c58b2e71,48000
1566,"resources/data/patches_3rdparty/Kinsey Dulcet/Leads/Hi, Vince Clarke!.fxp",contributor,37690,47cd404f1bc764b4a1f48b1b3cedc66bc64864e2,47cd404f1bc764b4a1f48b1b3cedc66bc64864e2,True,ok,,2,58914e59c608ed4384ba6002e44c3465c58b2e71,48000
1567,resources/data/patches_3rdparty/Kinsey Dulcet/Leads/Raving In The Tropics.fxp,contributor,125089,e558e098a04cce7595b94485f826c597f2c4756d,e558e098a04cce7595b94485f826c597f2c4756d,True,ok,,12,58914e59c608ed4384ba6002e44c3465c58b2e71,48000
1568,resources/data/patches_3rdparty/Kinsey Dulcet/Leads/Scratchy Detuner.fxp,contributor,36876,d6ec0af16cc0e00c4458868cef9dcd5023908905,d6ec0af16cc0e00c4458868cef9dcd5023908905,True,ok,,3,58914e59c608ed4384ba6002e44c3465c58b2e71,48000
1569,resources/data/patches_3rdparty/Kinsey Dulcet/Leads/The Fabulous Chippy FM West Coast Lead.fxp,contributor,40666,991047d85c90a76bce2edf2ae5e7d1a56fb256eb,991047d85c90a76bce2edf2ae5e7d1a56fb256eb,True,ok,,4,58914e59c608ed4384ba6002e44c3465c58b2e71,48000
1570,resources/data/patches_3rdparty/Kinsey Dulcet/Leads/Warehouse Lead.fxp,contributor,40593,47fdcc0155f197f0245fd734f67cd2fce08af02a,47fdcc0155f197f0245fd734f67cd2fce08af02a,True,ok,,3,58914e59c608ed4384ba6002e44c3465c58b2e71,48000
1571,resources/data/patches_3rdparty/Kinsey Dulcet/Pads/Accident Prone Robot Arm.fxp,contributor,45720,1b34841f0bdf76ac7dff5edb8f891327b992edeb,1b34841f0bdf76ac7dff5edb8f891327b992edeb,True,ok,,4,58914e59c608ed4384ba6002e44c3465c58b2e71,48000
1572,resources/data/patches_3rdparty/Kinsey Dulcet/Pads/Alias Washer.fxp,contributor,31551,a02e31f7cd18c08c3b60bb64151bafbd24ef780c,a02e31f7cd18c08c3b60bb64151bafbd24ef780c,True,ok,,3,58914e59c608ed4384ba6002e44c3465c58b2e71,48000
1573,resources/data/patches_3rdparty/Kinsey Dulcet/Pads/Bell Pads Are So 90s.fxp,contributor,38757,d99794c4d92e8ffaebe2d06fd0f91815dc9c01d7,d99794c4d92e8ffaebe2d06fd0f91815dc9c01d7,True,ok,,4,58914e59c608ed4384ba6002e44c3465c58b2e71,48000
1574,resources/data/patches_3rdparty/Kinsey Dulcet/Pads/City-State Of The Future.fxp,contributor,590157,131cf0cf6916b7f4dab40080c33ddc51e29be821,131cf0cf6916b7f4dab40080c33ddc51e29be821,True,ok,,80,58914e59c608ed4384ba6002e44c3465c58b2e71,48000
1575,resources/data/patches_3rdparty/Kinsey Dulcet/Pads/Creamy Soap.fxp,contributor,235327,8a82579e4271f8e3dc229352fb928329a3a5f216,8a82579e4271f8e3dc229352fb928329a3a5f216,True,ok,,25,58914e59c608ed4384ba6002e44c3465c58b2e71,48000
1576,resources/data/patches_3rdparty/Kinsey Dulcet/Pads/Inertia Pad Sounds Like Alien Seagulls.fxp,contributor,304840,9e342f40a1bb4550a9f2eff6504c1a2059876602,9e342f40a1bb4550a9f2eff6504c1a2059876602,True,ok,,26,58914e59c608ed4384ba6002e44c3465c58b2e71,48000
1577,resources/data/patches_3rdparty/Kinsey Dulcet/Pads/Jarre On Cassette.fxp,contributor,171588,109b4bb2eb7f07c182163932bb0da769c3c5aa7c,109b4bb2eb7f07c182163932bb0da769c3c5aa7c,True,ok,,12,58914e59c608ed4384ba6002e44c3465c58b2e71,48000
1578,resources/data/patches_3rdparty/Kinsey Dulcet/Pads/Left Town Yesterday.fxp,contributor,52347,96b10f5b92bb07d235eecaf6f2597cc944d588a5,96b10f5b92bb07d235eecaf6f2597cc944d588a5,True,ok,,7,58914e59c608ed4384ba6002e44c3465c58b2e71,48000
1579,resources/data/patches_3rdparty/Kinsey Dulcet/Pads/Let's Make Drone Music!.fxp,contributor,253948,2c20e0fc57f75734db5fe5abc9d6fdf4a1fdf50d,2c20e0fc57f75734db5fe5abc9d6fdf4a1fdf50d,True,ok,,23,58914e59c608ed4384ba6002e44c3465c58b2e71,48000
1580,resources/data/patches_3rdparty/Kinsey Dulcet/Pads/Love Theme From Skinimax.fxp,contributor,149606,05b419ff8de6fdb7c3d996de841f24aa1ff42169,05b419ff8de6fdb7c3d996de841f24aa1ff42169,True,ok,,11,58914e59c608ed4384ba6002e44c3465c58b2e71,48000
1581,resources/data/patches_3rdparty/Kinsey Dulcet/Pads/Not Another String Machine.fxp,contributor,184763,c7a3ee9859bd880a36292ec74ce4689481497514,c7a3ee9859bd880a36292ec74ce4689481497514,True,ok,,18,58914e59c608ed4384ba6002e44c3465c58b2e71,48000
1582,resources/data/patches_3rdparty/Kinsey Dulcet/Pads/Now I'm On A Cloud.fxp,contributor,241742,d6b9d41dcd73dcbd70fd624dbed20e2d38d7c2bc,d6b9d41dcd73dcbd70fd624dbed20e2d38d7c2bc,True,ok,,40,58914e59c608ed4384ba6002e44c3465c58b2e71,48000
1583,resources/data/patches_3rdparty/Kinsey Dulcet/Pads/Pointillism.fxp,contributor,38173,df16ad3fc295efad34e24365fe06bbbbbd196229,df16ad3fc295efad34e24365fe06bbbbbd196229,True,ok,,6,58914e59c608ed4384ba6002e44c3465c58b2e71,48000
1584,resources/data/patches_3rdparty/Kinsey Dulcet/Pads/Return To City-State Of The Future.fxp,contributor,590169,b7006b2c76bd0e6adc633f3a3919a2feb4bf794e,b7006b2c76bd0e6adc633f3a3919a2feb4bf794e,True,ok,,146,58914e59c608ed4384ba6002e44c3465c58b2e71,48000
1585,"resources/data/patches_3rdparty/Kinsey Dulcet/Pads/She Loves You, Answer the Phone.fxp",contributor,101673,2a30ff06d71c9ba62cfd7f9f9bba9c8976454906,2a30ff06d71c9ba62cfd7f9f9bba9c8976454906,True,ok,,7,58914e59c608ed4384ba6002e44c3465c58b2e71,48000
1586,resources/data/patches_3rdparty/Kinsey Dulcet/Pads/Smeared Bell Engine.fxp,contributor,34917,877a01b83d452d658453cb0889d0d98f40661caa,877a01b83d452d658453cb0889d0d98f40661caa,True,ok,,3,58914e59c608ed4384ba6002e44c3465c58b2e71,48000
1587,resources/data/patches_3rdparty/Kinsey Dulcet/Pads/Stoney Baloney.fxp,contributor,488820,9747822088747722a6b67dca34e2687bbf58c387,9747822088747722a6b67dca34e2687bbf58c387,True,ok,,46,58914e59c608ed4384ba6002e44c3465c58b2e71,48000
1588,resources/data/patches_3rdparty/Kinsey Dulcet/Pads/Sunrise Breakfast At The Digital Café.fxp,contributor,78134,b364936509afa5c9b2858a57861a4aa2530a771e,b364936509afa5c9b2858a57861a4aa2530a771e,True,ok,,9,58914e59c608ed4384ba6002e44c3465c58b2e71,48000
1589,resources/data/patches_3rdparty/Kinsey Dulcet/Pads/Too Huge For School.fxp,contributor,237619,4b6d4ca5b1256440adffa4f6fe3cf02a06fb57b6,4b6d4ca5b1256440adffa4f6fe3cf02a06fb57b6,True,ok,,21,58914e59c608ed4384ba6002e44c3465c58b2e71,48000
1590,resources/data/patches_3rdparty/Kinsey Dulcet/Pads/Triumphant Wasteland.fxp,contributor,41533,9d1bb06686e950f19e7ecb2839ade74271d8ce6a,9d1bb06686e950f19e7ecb2839ade74271d8ce6a,True,ok,,9,58914e59c608ed4384ba6002e44c3465c58b2e71,48000
1591,resources/data/patches_3rdparty/Kinsey Dulcet/Pads/Warm Silicon Gel.fxp,contributor,71752,bca7e055c19f47d213198935ad7d5029ebe09360,bca7e055c19f47d213198935ad7d5029ebe09360,True,ok,,8,58914e59c608ed4384ba6002e44c3465c58b2e71,48000
1592,resources/data/patches_3rdparty/Kinsey Dulcet/Pads/Wavetextures™ Pro Kit.fxp,contributor,1721769,b7e999437cb54b0ba35715e65f9c1315a36ba91a,b7e999437cb54b0ba35715e65f9c1315a36ba91a,True,ok,,283,58914e59c608ed4384ba6002e44c3465c58b2e71,48000
1593,resources/data/patches_3rdparty/Kinsey Dulcet/Pads/What We Need Is Northern Leadership.fxp,contributor,63145,1b4a2f13e8ab8c04c8e5820e69fd79617bdd52db,1b4a2f13e8ab8c04c8e5820e69fd79617bdd52db,True,ok,,26,58914e59c608ed4384ba6002e44c3465c58b2e71,48000
1594,resources/data/patches_3rdparty/Kinsey Dulcet/Percussion/808s & More.fxp,contributor,35163,c487c88ccbd08dc14c9bebbc4fdbdd71ce30faec,c487c88ccbd08dc14c9bebbc4fdbdd71ce30faec,True,ok,,11,58914e59c608ed4384ba6002e44c3465c58b2e71,48000
1595,resources/data/patches_3rdparty/Kinsey Dulcet/Percussion/909ish Snare.fxp,contributor,71414,fb36b49250a797aca7ae4be36e72d4aff4359a8b,fb36b49250a797aca7ae4be36e72d4aff4359a8b,True,ok,,8,58914e59c608ed4384ba6002e44c3465c58b2e71,48000
1596,resources/data/patches_3rdparty/Kinsey Dulcet/Percussion/All Aboard The Pulse Train.fxp,contributor,132669,ef0d1a1ee55b73f3b37485a810a26c846a230931,ef0d1a1ee55b73f3b37485a810a26c846a230931,True,ok,,11,58914e59c608ed4384ba6002e44c3465c58b2e71,48000
1597,resources/data/patches_3rdparty/Kinsey Dulcet/Percussion/Clapping Out An x0x.fxp,contributor,40282,a6ff5593553a478ee3a8af06a67f56f7218e0a65,a6ff5593553a478ee3a8af06a67f56f7218e0a65,True,ok,,3,58914e59c608ed4384ba6002e44c3465c58b2e71,48000
1598,resources/data/patches_3rdparty/Kinsey Dulcet/Percussion/Closeout Sale @ Electro Percussion Warehouse.fxp,contributor,111959,e9238ad6f88e416d7db31c83af85b802fbc7e75b,e9238ad6f88e416d7db31c83af85b802fbc7e75b,True,ok,,17,58914e59c608ed4384ba6002e44c3465c58b2e71,48000
1599,resources/data/patches_3rdparty/Kinsey Dulcet/Percussion/Deep Cut Snare.fxp,contributor,36318,d77534a7d94910cdbfecd980f212780b7e24cdce,d77534a7d94910cdbfecd980f212780b7e24cdce,True,ok,,10,58914e59c608ed4384ba6002e44c3465c58b2e71,48000
1600,resources/data/patches_3rdparty/Kinsey Dulcet/Percussion/Modern Electro Snare.fxp,contributor,34366,b7f913fe85bf364dbe1d076ec62db65ba35a44fc,b7f913fe85bf364dbe1d076ec62db65ba35a44fc,True,ok,,4,58914e59c608ed4384ba6002e44c3465c58b2e71,48000
1601,resources/data/patches_3rdparty/Kinsey Dulcet/Percussion/Nice Kicks.fxp,contributor,38288,89983a335447370a37af5cb3660c2a31c70b17e3,89983a335447370a37af5cb3660c2a31c70b17e3,True,ok,,3,58914e59c608ed4384ba6002e44c3465c58b2e71,48000
1602,resources/data/patches_3rdparty/Kinsey Dulcet/Percussion/S+H Clap.fxp,contributor,41176,69d62b5eb57b388ad273adb10afe0cee0498b02a,69d62b5eb57b388ad273adb10afe0cee0498b02a,True,ok,,4,58914e59c608ed4384ba6002e44c3465c58b2e71,48000
1603,resources/data/patches_3rdparty/Kinsey Dulcet/Percussion/Tasty Hats.fxp,contributor,35997,5fb7fbd18cfbf9476cdb3c5c2a8ceb2adce12ef3,5fb7fbd18cfbf9476cdb3c5c2a8ceb2adce12ef3,True,ok,,4,58914e59c608ed4384ba6002e44c3465c58b2e71,48000
1604,resources/data/patches_3rdparty/Kinsey Dulcet/Percussion/Toms With Deep Secrets.fxp,contributor,36424,9fcbaa41f9dd36a56611e0ba28c4e91d1b6cec93,9fcbaa41f9dd36a56611e0ba28c4e91d1b6cec93,True,ok,,3,58914e59c608ed4384ba6002e44c3465c58b2e71,48000
1605,resources/data/patches_3rdparty/Kinsey Dulcet/Plucks/No Frills Harp Pluck.fxp,contributor,56056,049acac21eb61de8d5b2b0e9050e4ef904bee6d1,049acac21eb61de8d5b2b0e9050e4ef904bee6d1,True,ok,,8,58914e59c608ed4384ba6002e44c3465c58b2e71,48000
1606,resources/data/patches_3rdparty/Kinsey Dulcet/Plucks/Wooden Block Pluck.fxp,contributor,775454,4be4e86c7c847c148316aaf14acbc87541fc6237,4be4e86c7c847c148316aaf14acbc87541fc6237,True,ok,,54,58914e59c608ed4384ba6002e44c3465c58b2e71,48000
1607,resources/data/patches_3rdparty/Kinsey Dulcet/Polysynths/1985 Called.fxp,contributor,39294,bcbfc440a5808e62cac1208066a5ccec4f84df8d,bcbfc440a5808e62cac1208066a5ccec4f84df8d,True,ok,,4,58914e59c608ed4384ba6002e44c3465c58b2e71,48000
1608,resources/data/patches_3rdparty/Kinsey Dulcet/Polysynths/Chippy Polysynth.fxp,contributor,34343,32d88579b8a7f4a29a1fba4c33d5ec30445963f4,32d88579b8a7f4a29a1fba4c33d5ec30445963f4,True,ok,,5,58914e59c608ed4384ba6002e44c3465c58b2e71,48000
1609,resources/data/patches_3rdparty/Kinsey Dulcet/Polysynths/I'll Wait.fxp,contributor,39101,4024207c4cde764b9ab59d3a36a04cf292fd149b,4024207c4cde764b9ab59d3a36a04cf292fd149b,True,ok,,3,58914e59c608ed4384ba6002e44c3465c58b2e71,48000
1610,resources/data/patches_3rdparty/Kinsey Dulcet/Polysynths/Mono & Poly Reverser.fxp,contributor,39847,55d4c3625eda4d565e5497c5dd34a7cc10ff7bf6,55d4c3625eda4d565e5497c5dd34a7cc10ff7bf6,True,ok,,3,58914e59c608ed4384ba6002e44c3465c58b2e71,48000
1611,resources/data/patches_3rdparty/Kinsey Dulcet/Polysynths/Progressive House Like It's 2007.fxp,contributor,36123,f6fc05bd2e7dc3a67f56601722487c148acfbab9,f6fc05bd2e7dc3a67f56601722487c148acfbab9,True,ok,,4,58914e59c608ed4384ba6002e44c3465c58b2e71,48000
1612,resources/data/patches_3rdparty/Kinsey Dulcet/Polysynths/Retrofuture Vibes.fxp,contributor,41297,3131fb26d48f81a446b59af7ceeb6f52029ff597,3131fb26d48f81a446b59af7ceeb6f52029ff597,True,ok,,4,58914e59c608ed4384ba6002e44c3465c58b2e71,48000
1613,resources/data/patches_3rdparty/Kinsey Dulcet/Polysynths/Tall Morning Shadows.fxp,contributor,101357,9b6d6445d37c5452e86c6bc90020c5947172853d,9b6d6445d37c5452e86c6bc90020c5947172853d,True,ok,,8,58914e59c608ed4384ba6002e44c3465c58b2e71,48000
1614,resources/data/patches_3rdparty/Kinsey Dulcet/Sequences/Black Lights & Nitrous Balloons.fxp,contributor,257274,08dd4eddb0f68de56ca6bd182ef6f5cbe7f03927,08dd4eddb0f68de56ca6bd182ef6f5cbe7f03927,True,ok,,34,58914e59c608ed4384ba6002e44c3465c58b2e71,48000
1615,resources/data/patches_3rdparty/Kinsey Dulcet/Sequences/Challenging Stage.fxp,contributor,63870,d353efa4a519c85e2502507e3709cf2f4dd34a62,d353efa4a519c85e2502507e3709cf2f4dd34a62,True,ok,,7,58914e59c608ed4384ba6002e44c3465c58b2e71,48000
1616,resources/data/patches_3rdparty/Kinsey Dulcet/Sequences/Holy Emoji.fxp,contributor,581001,997798f3140ac77fcaee9bd28d733554fcbcc4f2,997798f3140ac77fcaee9bd28d733554fcbcc4f2,True,ok,,75,58914e59c608ed4384ba6002e44c3465c58b2e71,48000
1617,resources/data/patches_3rdparty/Kuniklo/Arps/Calc.fxp,contributor,24343,5513b1bf655b43df05768a83fa6fff0a55b808df,5513b1bf655b43df05768a83fa6fff0a55b808df,True,ok,,7,58914e59c608ed4384ba6002e44c3465c58b2e71,48000
1618,resources/data/patches_3rdparty/Kuniklo/Arps/Chording.fxp,contributor,24666,811f2b55ddbda7ad89168325a7d13047144a5b5f,811f2b55ddbda7ad89168325a7d13047144a5b5f,True,ok,,3,58914e59c608ed4384ba6002e44c3465c58b2e71,48000
1619,resources/data/patches_3rdparty/Kuniklo/Basses/Big Moog.fxp,contributor,23098,6ebe3bd399040bec5a528cfb059de3968a3b8b45,6ebe3bd399040bec5a528cfb059de3968a3b8b45,True,ok,,2,58914e59c608ed4384ba6002e44c3465c58b2e71,48000
1620,resources/data/patches_3rdparty/Kuniklo/Basses/Big.fxp,contributor,40227,10399851057517b5668ad2295245b81879f6731c,10399851057517b5668ad2295245b81879f6731c,True,ok,,4,58914e59c608ed4384ba6002e44c3465c58b2e71,48000
1621,resources/data/patches_3rdparty/Kuniklo/Basses/Hoover.fxp,contributor,29986,89e3b7bd718da7f39c73cab4aa64b20752f81864,89e3b7bd718da7f39c73cab4aa64b20752f81864,True,ok,,2,58914e59c608ed4384ba6002e44c3465c58b2e71,48000
1622,resources/data/patches_3rdparty/Kuniklo/Basses/Synchro.fxp,contributor,30649,116857381c8759823c0c3342a8c9e8d9d5524af3,116857381c8759823c0c3342a8c9e8d9d5524af3,True,ok,,3,58914e59c608ed4384ba6002e44c3465c58b2e71,48000
1623,resources/data/patches_3rdparty/Kuniklo/FX/Desperation.fxp,contributor,32865,f45df4ffa74de0f615b1776bf459e9a20cd9805a,f45df4ffa74de0f615b1776bf459e9a20cd9805a,True,ok,,4,58914e59c608ed4384ba6002e44c3465c58b2e71,48000
1624,resources/data/patches_3rdparty/Kuniklo/FX/Discharge.fxp,contributor,25399,f302f342d62000ca6e2291fb981bd2d0104cc74a,f302f342d62000ca6e2291fb981bd2d0104cc74a,True,ok,,3,58914e59c608ed4384ba6002e44c3465c58b2e71,48000
1625,resources/data/patches_3rdparty/Kuniklo/FX/Hearing Voices.fxp,contributor,116220,5cf26a38ac5b059cf0b82864daa216303082112a,5cf26a38ac5b059cf0b82864daa216303082112a,True,ok,,10,58914e59c608ed4384ba6002e44c3465c58b2e71,48000
1626,resources/data/patches_3rdparty/Kuniklo/FX/Level 9.fxp,contributor,56371,ebf9e614480da2d53f2a26e4b88f004f3d4f86aa,ebf9e614480da2d53f2a26e4b88f004f3d4f86aa,True,ok,,4,58914e59c608ed4384ba6002e44c3465c58b2e71,48000
1627,resources/data/patches_3rdparty/Kuniklo/FX/Level Up.fxp,contributor,31997,d92f93d387e429029a8b8cdf9c065eb05df24cb7,d92f93d387e429029a8b8cdf9c065eb05df24cb7,True,ok,,4,58914e59c608ed4384ba6002e44c3465c58b2e71,48000
1628,resources/data/patches_3rdparty/Kuniklo/FX/Radio Putty.fxp,contributor,142159,5d6c10276244543c46f81a208bbac074209a0234,5d6c10276244543c46f81a208bbac074209a0234,True,ok,,11,58914e59c608ed4384ba6002e44c3465c58b2e71,48000
1629,resources/data/patches_3rdparty/Kuniklo/FX/Squadron.fxp,contributor,24174,85c406133c50c3c0e3e76874a9fc624c423959ad,85c406133c50c3c0e3e76874a9fc624c423959ad,True,ok,,4,58914e59c608ed4384ba6002e44c3465c58b2e71,48000
1630,resources/data/patches_3rdparty/Kuniklo/FX/Strange Flora.fxp,contributor,24309,94eb293c6a9dd96f11d88a3bdd7f4f6fab998c24,94eb293c6a9dd96f11d88a3bdd7f4f6fab998c24,True,ok,,3,58914e59c608ed4384ba6002e44c3465c58b2e71,48000
1631,resources/data/patches_3rdparty/Kuniklo/FX/Sudden Death MW.fxp,contributor,44121,1c137c6d70c8da2ed8d52b3e46a12429ba5d2e14,1c137c6d70c8da2ed8d52b3e46a12429ba5d2e14,True,ok,,6,58914e59c608ed4384ba6002e44c3465c58b2e71,48000
1632,resources/data/patches_3rdparty/Kuniklo/FX/Tensioning.fxp,contributor,23995,2f2654c5d20c39c50491604ec703b84e95c53b53,2f2654c5d20c39c50491604ec703b84e95c53b53,True,ok,,3,58914e59c608ed4384ba6002e44c3465c58b2e71,48000
1633,resources/data/patches_3rdparty/Kuniklo/FX/Voice Of I.fxp,contributor,139666,fae09616b0b8e68e1315d896dde76cd50d6a5d17,fae09616b0b8e68e1315d896dde76cd50d6a5d17,True,ok,,14,58914e59c608ed4384ba6002e44c3465c58b2e71,48000
1634,resources/data/patches_3rdparty/Kuniklo/FX/Vox Matrix.fxp,contributor,32726,a84bd3e664f6d00d7d71690d85aac3c54b011756,a84bd3e664f6d00d7d71690d85aac3c54b011756,True,ok,,3,58914e59c608ed4384ba6002e44c3465c58b2e71,48000
1635,resources/data/patches_3rdparty/Kuniklo/Leads/I Said.fxp,contributor,30763,63bcbccb30985b9a36bce291a31aaa9e8e2f89e4,63bcbccb30985b9a36bce291a31aaa9e8e2f89e4,True,ok,,5,58914e59c608ed4384ba6002e44c3465c58b2e71,48000
1636,resources/data/patches_3rdparty/Kuniklo/Leads/Mini.fxp,contributor,23099,1fa06c7a06f35317988f24d8f45dd072b645e881,1fa06c7a06f35317988f24d8f45dd072b645e881,True,ok,,3,58914e59c608ed4384ba6002e44c3465c58b2e71,48000
1637,resources/data/patches_3rdparty/Kuniklo/Leads/Moogish.fxp,contributor,30706,3ea0e87f7ce24b68a5aaff80b3fbeefa6862789f,3ea0e87f7ce24b68a5aaff80b3fbeefa6862789f,True,ok,,3,58914e59c608ed4384ba6002e44c3465c58b2e71,48000
1638,resources/data/patches_3rdparty/Kuniklo/Leads/Next Move.fxp,contributor,31485,a1f8469ac6ddb953e7714c7584afeb3a8b18b583,a1f8469ac6ddb953e7714c7584afeb3a8b18b583,True,ok,,3,58914e59c608ed4384ba6002e44c3465c58b2e71,48000
1639,resources/data/patches_3rdparty/Kuniklo/Leads/Rough Going.fxp,contributor,97177,04256ae5d498447d45e5523ed529440f9b04d522,04256ae5d498447d45e5523ed529440f9b04d522,True,ok,,10,58914e59c608ed4384ba6002e44c3465c58b2e71,48000
1640,resources/data/patches_3rdparty/Kuniklo/Leads/Time Tourist.fxp,contributor,23597,7f596aa4a9836ea6ae37d929b21973a96e6899b0,7f596aa4a9836ea6ae37d929b21973a96e6899b0,True,ok,,2,58914e59c608ed4384ba6002e44c3465c58b2e71,48000
1641,resources/data/patches_3rdparty/Kuniklo/Leads/Unstable.fxp,contributor,32578,c550e817b3a0fbc2e48d945a51a314901bd7d26a,c550e817b3a0fbc2e48d945a51a314901bd7d26a,True,ok,,10,58914e59c608ed4384ba6002e44c3465c58b2e71,48000
1642,resources/data/patches_3rdparty/Kuniklo/Leads/You.fxp,contributor,23730,4ebb67182e7aa7b54328da7e4bcb821e7529ac66,4ebb67182e7aa7b54328da7e4bcb821e7529ac66,True,ok,,2,58914e59c608ed4384ba6002e44c3465c58b2e71,48000
1643,resources/data/patches_3rdparty/Kuniklo/Organs/Big Church.fxp,contributor,32969,1d05b59c473614d4d69d541937d3bec3f2ceac82,1d05b59c473614d4d69d541937d3bec3f2ceac82,True,ok,,10,58914e59c608ed4384ba6002e44c3465c58b2e71,48000
1644,resources/data/patches_3rdparty/Kuniklo/Pads/After Warp.fxp,contributor,60916,4a5d67c1c7c2fc90c37ca8881a3d73a0b31b858f,4a5d67c1c7c2fc90c37ca8881a3d73a0b31b858f,True,ok,,15,58914e59c608ed4384ba6002e44c3465c58b2e71,48000
1645,resources/data/patches_3rdparty/Kuniklo/Pads/Giallo.fxp,contributor,24170,950d3a7107aecc8f67954ee7804494e95033a933,950d3a7107aecc8f67954ee7804494e95033a933,True,ok,,94,58914e59c608ed4384ba6002e44c3465c58b2e71,48000
1646,resources/data/patches_3rdparty/Kuniklo/Pads/Jammer AT.fxp,contributor,55089,b539d88314682762c2a312c5f28dd25f38cb2c66,b539d88314682762c2a312c5f28dd25f38cb2c66,True,ok,,5,58914e59c608ed4384ba6002e44c3465c58b2e71,48000
1647,resources/data/patches_3rdparty/Kuniklo/Pads/Lullabye.fxp,contributor,29099,3bb3d28d23e68fe96d387ced99e7ca74890f66e5,3bb3d28d23e68fe96d387ced99e7ca74890f66e5,True,ok,,4,58914e59c608ed4384ba6002e44c3465c58b2e71,48000
1648,resources/data/patches_3rdparty/Kuniklo/Pads/Nebulous.fxp,contributor,65408,d468bb4d1bed44b2f3d0376657d9654ad95ddd83,d468bb4d1bed44b2f3d0376657d9654ad95ddd83,True,ok,,7,58914e59c608ed4384ba6002e44c3465c58b2e71,48000
1649,resources/data/patches_3rdparty/Kuniklo/Sequences/All In The Wrists.fxp,contributor,40011,bd0b36077788925e77ad7cc17c1e33d8af00a1d9,bd0b36077788925e77ad7cc17c1e33d8af00a1d9,True,ok,,4,58914e59c608ed4384ba6002e44c3465c58b2e71,48000
1650,resources/data/patches_3rdparty/Kuniklo/Sequences/And Destroy.fxp,contributor,24035,9846a1b71977ec0e145720cea635fc6844c5e576,9846a1b71977ec0e145720cea635fc6844c5e576,True,ok,,3,58914e59c608ed4384ba6002e44c3465c58b2e71,48000
1651,resources/data/patches_3rdparty/Kuniklo/Sequences/Dancer.fxp,contributor,47362,2ded92be120e7c1eb0c14a31c17098968fab576f,2ded92be120e7c1eb0c14a31c17098968fab576f,True,ok,,6,58914e59c608ed4384ba6002e44c3465c58b2e71,48000
1652,resources/data/patches_3rdparty/Kuniklo/Sequences/Deconstruct.fxp,contributor,39324,7d243433805c6a2dcae508636b26086029b348c5,7d243433805c6a2dcae508636b26086029b348c5,True,ok,,3,58914e59c608ed4384ba6002e44c3465c58b2e71,48000
1653,resources/data/patches_3rdparty/Kuniklo/Sequences/Naive.fxp,contributor,33402,ec6a0ee0cec3751300d97f0822d420ff06e2139f,ec6a0ee0cec3751300d97f0822d420ff06e2139f,True,ok,,2,58914e59c608ed4384ba6002e44c3465c58b2e71,48000
1654,resources/data/patches_3rdparty/Kuniklo/Sequences/Netlon.fxp,contributor,58238,c9ed038f431eb32fa246643166cc2a9c0664829f,c9ed038f431eb32fa246643166cc2a9c0664829f,True,ok,,4,58914e59c608ed4384ba6002e44c3465c58b2e71,48000
1655,resources/data/patches_3rdparty/Kuniklo/Sequences/Old Fog.fxp,contributor,40970,c77b10bfbb78c139bede6150cf43d946ac5f01e0,c77b10bfbb78c139bede6150cf43d946ac5f01e0,True,ok,,3,58914e59c608ed4384ba6002e44c3465c58b2e71,48000
1656,resources/data/patches_3rdparty/Kyurumi/Basses/FM Dubstep Bass.fxp,contributor,34108,584b44e8b20aab07e9fddca5505f13e190ee50a0,584b44e8b20aab07e9fddca5505f13e190ee50a0,True,ok,,3,58914e59c608ed4384ba6002e44c3465c58b2e71,48000
1657,resources/data/patches_3rdparty/Kyurumi/FX/Audio Rating.fxp,contributor,35123,1de4fd2bc55d8b7ef6ee8e1ff9608d43aa7b4877,1de4fd2bc55d8b7ef6ee8e1ff9608d43aa7b4877,True,ok,,3,58914e59c608ed4384ba6002e44c3465c58b2e71,48000
1658,resources/data/patches_3rdparty/Kyurumi/FX/Technological Sine.fxp,contributor,33906,f1b2fa9ed3ddd3d296980f34fc2457b2062828cd,f1b2fa9ed3ddd3d296980f34fc2457b2062828cd,True,ok,,3,58914e59c608ed4384ba6002e44c3465c58b2e71,48000
1659,resources/data/patches_3rdparty/Kyurumi/Keys/Bitcrushed Dreams.fxp,contributor,29741,d87bfc56e642981988969ad287221c46c0f0734e,d87bfc56e642981988969ad287221c46c0f0734e,True,ok,,3,58914e59c608ed4384ba6002e44c3465c58b2e71,48000
1660,resources/data/patches_3rdparty/Kyurumi/Keys/Winter Feelings.fxp,contributor,27709,4e787b7fb478f46012b4f07636ee56ae8f305b2b,4e787b7fb478f46012b4f07636ee56ae8f305b2b,True,ok,,3,58914e59c608ed4384ba6002e44c3465c58b2e71,48000
1661,resources/data/patches_3rdparty/Kyurumi/Leads/Harsh Memories.fxp,contributor,32851,de6bde97f51cf7de3ca604861beb808d1b625679,de6bde97f51cf7de3ca604861beb808d1b625679,True,ok,,3,58914e59c608ed4384ba6002e44c3465c58b2e71,48000
1662,resources/data/patches_3rdparty/Kyurumi/Leads/High Meta.fxp,contributor,34944,138ce2cd5a166b45d2e3b04296e9bcdc019d08cd,138ce2cd5a166b45d2e3b04296e9bcdc019d08cd,True,ok,,4,58914e59c608ed4384ba6002e44c3465c58b2e71,48000
1663,resources/data/patches_3rdparty/Kyurumi/Leads/Long Moments Lead.fxp,contributor,34246,6b1008a6e3f98465c66dad13ea05b099188ac409,6b1008a6e3f98465c66dad13ea05b099188ac409,True,ok,,4,58914e59c608ed4384ba6002e44c3465c58b2e71,48000
1664,resources/data/patches_3rdparty/Kyurumi/Leads/Normal Lead.fxp,contributor,34606,4e47869521a51c2b6ec350371f728e583c139847,4e47869521a51c2b6ec350371f728e583c139847,True,ok,,3,58914e59c608ed4384ba6002e44c3465c58b2e71,48000
1665,resources/data/patches_3rdparty/Kyurumi/Leads/Road To Ascend.fxp,contributor,34611,93fd65df3bc75a2357fe4e7b17e2f9fc1ec52f1f,93fd65df3bc75a2357fe4e7b17e2f9fc1ec52f1f,True,ok,,3,58914e59c608ed4384ba6002e44c3465c58b2e71,48000
1666,resources/data/patches_3rdparty/Kyurumi/Leads/Sine Lead.fxp,contributor,32880,c5c3818c0f820d0fcbab0fc11c46761587dcdc60,c5c3818c0f820d0fcbab0fc11c46761587dcdc60,True,ok,,3,58914e59c608ed4384ba6002e44c3465c58b2e71,48000
1667,resources/data/patches_3rdparty/Kyurumi/Leads/Sounds Like it.fxp,contributor,109323,6952634eea214e9d42b5ea8fe35dbb26a762a8f0,6952634eea214e9d42b5ea8fe35dbb26a762a8f0,True,ok,,10,58914e59c608ed4384ba6002e44c3465c58b2e71,48000
1668,resources/data/patches_3rdparty/Kyurumi/Leads/Undefined Encryption.fxp,contributor,52529,b9f29fe0b2554f9b4c9d614f7ce361fbd08e4e40,b9f29fe0b2554f9b4c9d614f7ce361fbd08e4e40,True,ok,,4,58914e59c608ed4384ba6002e44c3465c58b2e71,48000
1669,resources/data/patches_3rdparty/Kyurumi/Pads/Neverending.fxp,contributor,63326,a0aa667894e7f5af124fc6d2614af2d121f9a21d,a0aa667894e7f5af124fc6d2614af2d121f9a21d,True,ok,,5,58914e59c608ed4384ba6002e44c3465c58b2e71,48000
1670,resources/data/patches_3rdparty/Kyurumi/Plucks/Bandpass Pluck.fxp,contributor,60065,0a225c326d5c2858b7bfafc68ade82c0634c40c1,0a225c326d5c2858b7bfafc68ade82c0634c40c1,True,ok,,5,58914e59c608ed4384ba6002e44c3465c58b2e71,48000
1671,resources/data/patches_3rdparty/Kyurumi/Plucks/Dreams And Sweets.fxp,contributor,43035,22b234e2ab2d03d64db4f5923271b06a63fc25e1,22b234e2ab2d03d64db4f5923271b06a63fc25e1,True,ok,,3,58914e59c608ed4384ba6002e44c3465c58b2e71,48000
1672,resources/data/patches_3rdparty/Kyurumi/Plucks/Heavenly Abstractness.fxp,contributor,42177,f5b79782ab1af6884e803a6b3bc42fce30c80f28,f5b79782ab1af6884e803a6b3bc42fce30c80f28,True,ok,,4,58914e59c608ed4384ba6002e44c3465c58b2e71,48000
1673,resources/data/patches_3rdparty/Kyurumi/Plucks/Kaefkesque Error.fxp,contributor,33847,ba265eac6d7578b4d72751e0044a044e5339f773,ba265eac6d7578b4d72751e0044a044e5339f773,True,ok,,3,58914e59c608ed4384ba6002e44c3465c58b2e71,48000
1674,resources/data/patches_3rdparty/Kyurumi/Plucks/Lost In An Underground Paradise.fxp,contributor,29528,c16ae12598bde64f2331e93fc6de5855c18978b6,c16ae12598bde64f2331e93fc6de5855c18978b6,True,ok,,5,58914e59c608ed4384ba6002e44c3465c58b2e71,48000
1675,resources/data/patches_3rdparty/Kyurumi/Plucks/Psychedelic Future.fxp,contributor,34419,b33af004c1beeffe8fa37053ab2630eae5191e15,b33af004c1beeffe8fa37053ab2630eae5191e15,True,ok,,3,58914e59c608ed4384ba6002e44c3465c58b2e71,48000
1676,resources/data/patches_3rdparty/Kyurumi/Plucks/Uncertain Disclosure.fxp,contributor,31201,020fce61306758b6404a96297c33cf407dc87191,020fce61306758b6404a96297c33cf407dc87191,True,ok,,3,58914e59c608ed4384ba6002e44c3465c58b2e71,48000
1677,resources/data/patches_3rdparty/Kyurumi/Rhythms/Floating In A Rhythm.fxp,contributor,27744,eea0c7a89b48f31f397c61cef54f4acf9691879b,eea0c7a89b48f31f397c61cef54f4acf9691879b,True,ok,,3,58914e59c608ed4384ba6002e44c3465c58b2e71,48000
1678,resources/data/patches_3rdparty/Kyurumi/Rhythms/Technological Escapings.fxp,contributor,28722,177bf293cb3a5e87de7b6f72fec567da0b569019,177bf293cb3a5e87de7b6f72fec567da0b569019,True,ok,,3,58914e59c608ed4384ba6002e44c3465c58b2e71,48000
1679,resources/data/patches_3rdparty/Landosonic/Keys/First Creation.fxp,contributor,47657,f9c3e80d23a2f2d5cb326878b678d44fa52cdda3,f9c3e80d23a2f2d5cb326878b678d44fa52cdda3,True,ok,,4,58914e59c608ed4384ba6002e44c3465c58b2e71,48000
1680,resources/data/patches_3rdparty/Landosonic/Keys/Intrication 1.fxp,contributor,1114164,0697a4cc78856b4ddbdd31f42c5ad7b3b083ff96,0697a4cc78856b4ddbdd31f42c5ad7b3b083ff96,True,ok,,89,58914e59c608ed4384ba6002e44c3465c58b2e71,48000
1681,resources/data/patches_3rdparty/Landosonic/Keys/Intrication 2.fxp,contributor,1113494,8ead96ef71e50dd268113c1edbac0c6df0d4a76e,8ead96ef71e50dd268113c1edbac0c6df0d4a76e,True,ok,,83,58914e59c608ed4384ba6002e44c3465c58b2e71,48000
1682,resources/data/patches_3rdparty/Landosonic/Keys/Intrication 3.fxp,contributor,1097112,68fbf45468f83de610bdd593910365ad9fa22512,68fbf45468f83de610bdd593910365ad9fa22512,True,ok,,141,58914e59c608ed4384ba6002e44c3465c58b2e71,48000
1683,resources/data/patches_3rdparty/Landosonic/Keys/Like Old Analog Gear 1.fxp,contributor,1097128,02b308ad28e9d131611955039f6aebd8becd5619,02b308ad28e9d131611955039f6aebd8becd5619,True,ok,,139,58914e59c608ed4384ba6002e44c3465c58b2e71,48000
1684,resources/data/patches_3rdparty/Landosonic/Keys/Like Old Analog Gear 2.fxp,contributor,1097130,d163c4b13a41dd5d90fa1aaeceacb1c44c570153,d163c4b13a41dd5d90fa1aaeceacb1c44c570153,True,ok,,152,58914e59c608ed4384ba6002e44c3465c58b2e71,48000
1685,resources/data/patches_3rdparty/Landosonic/Keys/Like Old Analog Gear 3.fxp,contributor,1089024,f7a92a569287b60d487b3c2bdea5a21fcc9e562d,f7a92a569287b60d487b3c2bdea5a21fcc9e562d,True,ok,,156,58914e59c608ed4384ba6002e44c3465c58b2e71,48000
1686,resources/data/patches_3rdparty/Landosonic/Keys/Nanowave (2 Oscs).fxp,contributor,62691,6d37283660332fa8d3a6abdd0c3b6fbf1d087930,6d37283660332fa8d3a6abdd0c3b6fbf1d087930,True,ok,,9,58914e59c608ed4384ba6002e44c3465c58b2e71,48000
1687,resources/data/patches_3rdparty/Landosonic/Keys/Nanowave (with Nimbus).fxp,contributor,47536,3d705c0ca4e15347ec0135af7be2b63f8b338241,3d705c0ca4e15347ec0135af7be2b63f8b338241,True,ok,,5,58914e59c608ed4384ba6002e44c3465c58b2e71,48000
1688,resources/data/patches_3rdparty/Landosonic/Pads/Foul Throat.fxp,contributor,63352,2469dc14a679ec924127ee02554a4bb6be59f94a,2469dc14a679ec924127ee02554a4bb6be59f94a,True,ok,,5,58914e59c608ed4384ba6002e44c3465c58b2e71,48000
1689,resources/data/patches_3rdparty/Landosonic/Pads/Hopeful Surfer 1.fxp,contributor,1089685,8ed2166ca6769720cd93ca4b8362f2449bf3136c,8ed2166ca6769720cd93ca4b8362f2449bf3136c,True,ok,,140,58914e59c608ed4384ba6002e44c3465c58b2e71,48000
1690,resources/data/patches_3rdparty/Landosonic/Pads/Hopeful Surfer 2.fxp,contributor,1089686,f724df73df15ce872ec9eb9f4deae8eb6038bf0c,f724df73df15ce872ec9eb9f4deae8eb6038bf0c,True,ok,,202,58914e59c608ed4384ba6002e44c3465c58b2e71,48000
1691,resources/data/patches_3rdparty/Landosonic/Pads/Hydrasynth What 1.fxp,contributor,1089646,dd5fb807adcc689224888d27f46f53ee36b7fe81,dd5fb807adcc689224888d27f46f53ee36b7fe81,True,ok,,87,58914e59c608ed4384ba6002e44c3465c58b2e71,48000
1692,resources/data/patches_3rdparty/Landosonic/Pads/Hydrasynth What 2.fxp,contributor,1089762,33e204adff6010e1d1d39ee5da1bd8b8c3dd09df,33e204adff6010e1d1d39ee5da1bd8b8c3dd09df,True,ok,,136,58914e59c608ed4384ba6002e44c3465c58b2e71,48000
1693,resources/data/patches_3rdparty/Landosonic/Pads/Modulation Galore.fxp,contributor,1097950,f193334ff6ab46f3dd0cf5caf01e0c7663b6db5e,f193334ff6ab46f3dd0cf5caf01e0c7663b6db5e,True,ok,,84,58914e59c608ed4384ba6002e44c3465c58b2e71,48000
1694,resources/data/patches_3rdparty/Landosonic/Pads/Thin Pulses 1.fxp,contributor,2129878,e8f275b45fe5a0f4fbab1994a74f24490893fa3d,e8f275b45fe5a0f4fbab1994a74f24490893fa3d,True,ok,,156,58914e59c608ed4384ba6002e44c3465c58b2e71,48000
1695,resources/data/patches_3rdparty/Landosonic/Pads/Thin Pulses 2.fxp,contributor,2130050,e106a43f879d2d02a09dd385a0fc4b2ba3f40236,e106a43f879d2d02a09dd385a0fc4b2ba3f40236,True,ok,,246,58914e59c608ed4384ba6002e44c3465c58b2e71,48000
1696,resources/data/patches_3rdparty/Landosonic/Pads/Unison Detuned 1.fxp,contributor,2130051,add9c45f435839eaac17cf8189bbade2e3e74de2,add9c45f435839eaac17cf8189bbade2e3e74de2,True,ok,,259,58914e59c608ed4384ba6002e44c3465c58b2e71,48000
1697,resources/data/patches_3rdparty/Landosonic/Pads/Unison Detuned 2.fxp,contributor,2130061,f9dc0b0952ded91bfa4a0261efaf616f0db91ae5,f9dc0b0952ded91bfa4a0261efaf616f0db91ae5,True,ok,,274,58914e59c608ed4384ba6002e44c3465c58b2e71,48000
1698,resources/data/patches_3rdparty/Landosonic/Pads/Unison Detuned 3.fxp,contributor,1089389,9bcefee60e817d1eea33f52820749c0390075c77,9bcefee60e817d1eea33f52820749c0390075c77,True,ok,,182,58914e59c608ed4384ba6002e44c3465c58b2e71,48000
1699,resources/data/patches_3rdparty/Landosonic/Pads/Unison Swell 1.fxp,contributor,1089412,ddca50d8a5cc9dc82f6e4fa50ab7c0572fa23568,ddca50d8a5cc9dc82f6e4fa50ab7c0572fa23568,True,ok,,152,58914e59c608ed4384ba6002e44c3465c58b2e71,48000
1700,resources/data/patches_3rdparty/Landosonic/Pads/Unison Swell 2.fxp,contributor,1089671,c1e2fc732330514e5d8389ebe1ea2acef4648be5,c1e2fc732330514e5d8389ebe1ea2acef4648be5,True,ok,,416,58914e59c608ed4384ba6002e44c3465c58b2e71,48000
1701,resources/data/patches_3rdparty/Landosonic/Pads/Wandering Digits 1.fxp,contributor,1097867,0ffcec926db1e29212e58e57bd1ecf1c2ce31c82,0ffcec926db1e29212e58e57bd1ecf1c2ce31c82,True,ok,,136,58914e59c608ed4384ba6002e44c3465c58b2e71,48000
1702,resources/data/patches_3rdparty/Landosonic/Pads/Wandering Digits 2.fxp,contributor,1097869,cc822527bb61749038711aeec7e6b91e0f5f16dc,cc822527bb61749038711aeec7e6b91e0f5f16dc,True,ok,,260,58914e59c608ed4384ba6002e44c3465c58b2e71,48000
1703,resources/data/patches_3rdparty/Landosonic/Pads/Wandering Digits 3.fxp,contributor,1097871,90a03f07634d9f32ef513b5b67a48bd75d9edaf0,90a03f07634d9f32ef513b5b67a48bd75d9edaf0,True,ok,,148,58914e59c608ed4384ba6002e44c3465c58b2e71,48000
1704,resources/data/patches_3rdparty/Landosonic/Pads/Washing The Podium 1.fxp,contributor,2130075,a6c2cf4944359aed70cf545d4243fbab12a1e403,a6c2cf4944359aed70cf545d4243fbab12a1e403,True,ok,,221,58914e59c608ed4384ba6002e44c3465c58b2e71,48000
1705,resources/data/patches_3rdparty/Landosonic/Pads/Washing The Podium 2.fxp,contributor,2129902,ca5ccefbee2e667b82cf7ab02c739d68b11f701b,ca5ccefbee2e667b82cf7ab02c739d68b11f701b,True,ok,,236,58914e59c608ed4384ba6002e44c3465c58b2e71,48000
1706,resources/data/patches_3rdparty/Landosonic/Plucks/Nanowave 1.fxp,contributor,46999,5862f8dd959d6e4e1839f5202658d8099c10eee7,5862f8dd959d6e4e1839f5202658d8099c10eee7,True,ok,,6,58914e59c608ed4384ba6002e44c3465c58b2e71,48000
1707,resources/data/patches_3rdparty/LinnStrument MPE/Basses/Bass Guitar.fxp,contributor,38062,d8301e1b189abc13e6b20726121dc10b6069ef57,d8301e1b189abc13e6b20726121dc10b6069ef57,True,ok,,3,58914e59c608ed4384ba6002e44c3465c58b2e71,48000
1708,resources/data/patches_3rdparty/LinnStrument MPE/Basses/Legato Bass.fxp,contributor,34134,076a6b6c74591f6935c2394bcaa61fea6d9982cb,076a6b6c74591f6935c2394bcaa61fea6d9982cb,True,ok,,4,58914e59c608ed4384ba6002e44c3465c58b2e71,48000
1709,resources/data/patches_3rdparty/LinnStrument MPE/Basses/String Bass.fxp,contributor,252983,8070412e71a5005fc23979d19b0ab133995c877c,8070412e71a5005fc23979d19b0ab133995c877c,True,ok,,24,58914e59c608ed4384ba6002e44c3465c58b2e71,48000
1710,resources/data/patches_3rdparty/LinnStrument MPE/Brass/FM Horn.fxp,contributor,33629,87257d83dcbc3f352dfa232d1c4c31ecc02c21fb,87257d83dcbc3f352dfa232d1c4c31ecc02c21fb,True,ok,,3,58914e59c608ed4384ba6002e44c3465c58b2e71,48000
1711,resources/data/patches_3rdparty/LinnStrument MPE/Brass/French Horn Blip.fxp,contributor,33139,0c577b325208a3589bfafbe78df817c2cfd45c8d,0c577b325208a3589bfafbe78df817c2cfd45c8d,True,ok,,3,58914e59c608ed4384ba6002e44c3465c58b2e71,48000
1712,resources/data/patches_3rdparty/LinnStrument MPE/Brass/Miles Trumpet.fxp,contributor,33994,307f660cb834a70de8525fdd8e3c4fec5c2b1695,307f660cb834a70de8525fdd8e3c4fec5c2b1695,True,ok,,2,58914e59c608ed4384ba6002e44c3465c58b2e71,48000
1713,resources/data/patches_3rdparty/LinnStrument MPE/Brass/Sad Subway Horn.fxp,contributor,32900,0f03d49c69c3470b1f63d1997a540e26c6bc7590,0f03d49c69c3470b1f63d1997a540e26c6bc7590,True,ok,,4,58914e59c608ed4384ba6002e44c3465c58b2e71,48000
1714,resources/data/patches_3rdparty/LinnStrument MPE/Brass/Soft FM Horn.fxp,contributor,33331,caefb271cb7c04997112020f67ef3171455dd5d8,caefb271cb7c04997112020f67ef3171455dd5d8,True,ok,,2,58914e59c608ed4384ba6002e44c3465c58b2e71,48000
1715,resources/data/patches_3rdparty/LinnStrument MPE/Brass/Vintage Demonic Brass Ensemble.fxp,contributor,43332,c6a958dca707f4eba61a159c124b5dfc8fc4fae8,c6a958dca707f4eba61a159c124b5dfc8fc4fae8,True,ok,,3,58914e59c608ed4384ba6002e44c3465c58b2e71,48000
1716,resources/data/patches_3rdparty/LinnStrument MPE/Guitars/Feedback Guitar.fxp,contributor,53727,72f70d2dfd6eacf62e1c397414ae1a3696eab092,72f70d2dfd6eacf62e1c397414ae1a3696eab092,True,ok,,7,58914e59c608ed4384ba6002e44c3465c58b2e71,48000
1717,resources/data/patches_3rdparty/LinnStrument MPE/Guitars/LP Bridge + Chorus.fxp,contributor,34849,be52a433eb5cca4ee5fbb329a9be6040035565e9,be52a433eb5cca4ee5fbb329a9be6040035565e9,True,ok,,5,58914e59c608ed4384ba6002e44c3465c58b2e71,48000
1718,resources/data/patches_3rdparty/LinnStrument MPE/Guitars/LP Bridge.fxp,contributor,34840,f2be82bce4986cac130a64feb32aa1556260b211,f2be82bce4986cac130a64feb32aa1556260b211,True,ok,,3,58914e59c608ed4384ba6002e44c3465c58b2e71,48000
1719,resources/data/patches_3rdparty/LinnStrument MPE/Guitars/Overdriven Guitar + Wah.fxp,contributor,40357,224833177f77cdddf5ec0cfc3d02370959272df2,224833177f77cdddf5ec0cfc3d02370959272df2,True,ok,,3,58914e59c608ed4384ba6002e44c3465c58b2e71,48000
1720,resources/data/patches_3rdparty/LinnStrument MPE/Guitars/Overdriven Guitar.fxp,contributor,33212,976c586a5f5a96d37819b7d043b960413b6e3935,976c586a5f5a96d37819b7d043b960413b6e3935,True,ok,,2,58914e59c608ed4384ba6002e44c3465c58b2e71,48000
1721,resources/data/patches_3rdparty/LinnStrument MPE/Guitars/Pedal Steel.fxp,contributor,34876,166bc01221fee00cdbabc155142c42882989f4ac,166bc01221fee00cdbabc155142c42882989f4ac,True,ok,,7,58914e59c608ed4384ba6002e44c3465c58b2e71,48000
1722,resources/data/patches_3rdparty/LinnStrument MPE/Guitars/Shrill Distorted Guitar.fxp,contributor,40205,d72c31ec6ac15d71dea4c4071c002533bb5a23de,d72c31ec6ac15d71dea4c4071c002533bb5a23de,True,ok,,3,58914e59c608ed4384ba6002e44c3465c58b2e71,48000
1723,resources/data/patches_3rdparty/LinnStrument MPE/Guitars/Stratus Clean.fxp,contributor,46394,d3caec1398a93802ae95ef254c7210a48ae30899,d3caec1398a93802ae95ef254c7210a48ae30899,True,ok,,3,58914e59c608ed4384ba6002e44c3465c58b2e71,48000
1724,resources/data/patches_3rdparty/LinnStrument MPE/Guitars/Stratus Overdriven.fxp,contributor,45336,abaee1ff446349c06c3eba759798c0d4a0a448a2,abaee1ff446349c06c3eba759798c0d4a0a448a2,True,ok,,4,58914e59c608ed4384ba6002e44c3465c58b2e71,48000
1725,resources/data/patches_3rdparty/LinnStrument MPE/Keys/Acoustic Grand.fxp,contributor,33629,d7c09da5af3302065c52ee01fce635e8a14008ab,d7c09da5af3302065c52ee01fce635e8a14008ab,True,ok,,4,58914e59c608ed4384ba6002e44c3465c58b2e71,48000
1726,resources/data/patches_3rdparty/LinnStrument MPE/Keys/Bell Piano.fxp,contributor,32561,208ec543774521b7627fa763867f9c264c09a2a9,208ec543774521b7627fa763867f9c264c09a2a9,True,ok,,2,58914e59c608ed4384ba6002e44c3465c58b2e71,48000
1727,resources/data/patches_3rdparty/LinnStrument MPE/Keys/Clavi.fxp,contributor,32163,5f8917048e538d4a2dd3b8836cfbf822de11da73,5f8917048e538d4a2dd3b8836cfbf822de11da73,True,ok,,3,58914e59c608ed4384ba6002e44c3465c58b2e71,48000
1728,resources/data/patches_3rdparty/LinnStrument MPE/Keys/DX Electric Piano.fxp,contributor,32501,fac45cacb267956283e2a7cdf0b005087e19615d,fac45cacb267956283e2a7cdf0b005087e19615d,True,ok,,5,58914e59c608ed4384ba6002e44c3465c58b2e71,48000
1729,resources/data/patches_3rdparty/LinnStrument MPE/Keys/EP + Pad.fxp,contributor,33486,b21c02fbe8c56b589a8d401d790d22c6755b7e19,b21c02fbe8c56b589a8d401d790d22c6755b7e19,True,ok,,3,58914e59c608ed4384ba6002e44c3465c58b2e71,48000
1730,resources/data/patches_3rdparty/LinnStrument MPE/Keys/Pulse Wave EP.fxp,contributor,32390,837e7d3640a09e36aebeeecdd659bd7610d0202f,837e7d3640a09e36aebeeecdd659bd7610d0202f,True,ok,,4,58914e59c608ed4384ba6002e44c3465c58b2e71,48000
1731,resources/data/patches_3rdparty/LinnStrument MPE/Keys/Rhody EP.fxp,contributor,32586,a53000e58761a0fa68def0c72ee7d37cd7cd0442,a53000e58761a0fa68def0c72ee7d37cd7cd0442,True,ok,,5,58914e59c608ed4384ba6002e44c3465c58b2e71,48000
1732,resources/data/patches_3rdparty/LinnStrument MPE/Keys/Soft Tine Piano.fxp,contributor,50529,e156c79d77beef2869fc479b3700d89896bffe4a,e156c79d77beef2869fc479b3700d89896bffe4a,True,ok,,4,58914e59c608ed4384ba6002e44c3465c58b2e71,48000
1733,resources/data/patches_3rdparty/LinnStrument MPE/Keys/Wurly EP.fxp,contributor,32415,cec2613148d01dd6aff9406cb1631ec473ac4081,cec2613148d01dd6aff9406cb1631ec473ac4081,True,ok,,2,58914e59c608ed4384ba6002e44c3465c58b2e71,48000
1734,resources/data/patches_3rdparty/LinnStrument MPE/Leads/Screaming Octaves.fxp,contributor,33729,f601e21dd24f7051ad122fb08ce094dfde4074bf,f601e21dd24f7051ad122fb08ce094dfde4074bf,True,ok,,3,58914e59c608ed4384ba6002e44c3465c58b2e71,48000
1735,resources/data/patches_3rdparty/LinnStrument MPE/Leads/Snarling Cat.fxp,contributor,32676,cd60234aadc47f592b0facb0f6b97c9bbc656031,cd60234aadc47f592b0facb0f6b97c9bbc656031,True,ok,,3,58914e59c608ed4384ba6002e44c3465c58b2e71,48000
1736,resources/data/patches_3rdparty/LinnStrument MPE/Leads/Theremin.fxp,contributor,34202,3da04c6e872712cc6afa2522d4a60b1c47cbff77,3da04c6e872712cc6afa2522d4a60b1c47cbff77,True,ok,,2,58914e59c608ed4384ba6002e44c3465c58b2e71,48000
1737,resources/data/patches_3rdparty/LinnStrument MPE/Organs/Drawbar Organ 1.fxp,contributor,34658,35ecbc3209df5fd513ac434c07f6fea2f1196aa7,35ecbc3209df5fd513ac434c07f6fea2f1196aa7,True,ok,,4,58914e59c608ed4384ba6002e44c3465c58b2e71,48000
1738,resources/data/patches_3rdparty/LinnStrument MPE/Organs/Drawbar Organ 2.fxp,contributor,34658,c693df69c540d698bc3758937a0bfd36915a711c,c693df69c540d698bc3758937a0bfd36915a711c,True,ok,,4,58914e59c608ed4384ba6002e44c3465c58b2e71,48000
1739,resources/data/patches_3rdparty/LinnStrument MPE/Pads/Cathedral Bell Pad.fxp,contributor,42289,3772dc99995fe866a40d0876dd42bbb5ec200209,3772dc99995fe866a40d0876dd42bbb5ec200209,True,ok,,3,58914e59c608ed4384ba6002e44c3465c58b2e71,48000
1740,resources/data/patches_3rdparty/LinnStrument MPE/Pads/Ghost Bell Pad.fxp,contributor,42149,fd10d9ff1b5a4472a771ef3d0c459b87431c30e9,fd10d9ff1b5a4472a771ef3d0c459b87431c30e9,True,ok,,3,58914e59c608ed4384ba6002e44c3465c58b2e71,48000
1741,resources/data/patches_3rdparty/LinnStrument MPE/Pads/Hammered Strings.fxp,contributor,34149,7e0f981b6f81106aca551c55c71a5ffd3843f0a6,7e0f981b6f81106aca551c55c71a5ffd3843f0a6,True,ok,,3,58914e59c608ed4384ba6002e44c3465c58b2e71,48000
1742,resources/data/patches_3rdparty/LinnStrument MPE/Pads/Pulse Wave & Filter.fxp,contributor,32944,89e0bcbdc48e4e812558a6a565ecd355bad07072,89e0bcbdc48e4e812558a6a565ecd355bad07072,True,ok,,3,58914e59c608ed4384ba6002e44c3465c58b2e71,48000
1743,resources/data/patches_3rdparty/LinnStrument MPE/Pads/Warm Pad.fxp,contributor,93572,dad2d9f04faac4339d7df86b4e5faf3bf7f21228,dad2d9f04faac4339d7df86b4e5faf3bf7f21228,True,ok,,7,58914e59c608ed4384ba6002e44c3465c58b2e71,48000
1744,resources/data/patches_3rdparty/LinnStrument MPE/Percussion/Filtered Noise Drums.fxp,contributor,33959,99b3609c86bd7098da62ce2f96f4f84c7665b25d,99b3609c86bd7098da62ce2f96f4f84c7665b25d,True,ok,,6,58914e59c608ed4384ba6002e44c3465c58b2e71,48000
1745,resources/data/patches_3rdparty/LinnStrument MPE/Percussion/Long Decay Toms.fxp,contributor,33623,b982faedbd5ba922fabcbba5063bb8e767682f75,b982faedbd5ba922fabcbba5063bb8e767682f75,True,ok,,4,58914e59c608ed4384ba6002e44c3465c58b2e71,48000
1746,resources/data/patches_3rdparty/LinnStrument MPE/Plucks/Guzhengish.fxp,contributor,47002,cda6a7f9b9662ee67cfc26bb31a1fa6af042d959,cda6a7f9b9662ee67cfc26bb31a1fa6af042d959,True,ok,,4,58914e59c608ed4384ba6002e44c3465c58b2e71,48000
1747,resources/data/patches_3rdparty/LinnStrument MPE/Plucks/Koto.fxp,contributor,33596,7b4424bcfecff6bdb5e47a3a353b7de67918567e,7b4424bcfecff6bdb5e47a3a353b7de67918567e,True,ok,,3,58914e59c608ed4384ba6002e44c3465c58b2e71,48000
1748,resources/data/patches_3rdparty/LinnStrument MPE/Plucks/Pluck And Sing.fxp,contributor,46550,6d05adccb1559c819b8d7fe75c1fe740248ebe77,6d05adccb1559c819b8d7fe75c1fe740248ebe77,True,ok,,5,58914e59c608ed4384ba6002e44c3465c58b2e71,48000
1749,resources/data/patches_3rdparty/LinnStrument MPE/Strings/Bowed String.fxp,contributor,2134089,3ef7ace39ae6aec11395b5184b62d19e18bddbd8,3ef7ace39ae6aec11395b5184b62d19e18bddbd8,True,ok,,282,58914e59c608ed4384ba6002e44c3465c58b2e71,48000
1750,resources/data/patches_3rdparty/LinnStrument MPE/Strings/Cello.fxp,contributor,101826,6c3c1a43d3e1fe9298cc143e5c679349f0fd7b68,6c3c1a43d3e1fe9298cc143e5c679349f0fd7b68,True,ok,,12,58914e59c608ed4384ba6002e44c3465c58b2e71,48000
1751,resources/data/patches_3rdparty/LinnStrument MPE/Strings/Dark Cello.fxp,contributor,48455,b13f754f23c6cc568dbf55fa181fb375b945ac0b,b13f754f23c6cc568dbf55fa181fb375b945ac0b,True,ok,,5,58914e59c608ed4384ba6002e44c3465c58b2e71,48000
1752,resources/data/patches_3rdparty/LinnStrument MPE/Strings/Ensemble Strings.fxp,contributor,33949,58bb13b1296129dc55860c699ba2e7d310a283cd,58bb13b1296129dc55860c699ba2e7d310a283cd,True,ok,,3,58914e59c608ed4384ba6002e44c3465c58b2e71,48000
1753,resources/data/patches_3rdparty/LinnStrument MPE/Strings/Erhu.fxp,contributor,47240,fa2a1c4b2f906df2c456d7534e10d7a85a7d2978,fa2a1c4b2f906df2c456d7534e10d7a85a7d2978,True,ok,,3,58914e59c608ed4384ba6002e44c3465c58b2e71,48000
1754,resources/data/patches_3rdparty/LinnStrument MPE/Strings/Hurdy Gurdy.fxp,contributor,34167,0379e130e1effea6fb79bc3c70158514c41489ba,0379e130e1effea6fb79bc3c70158514c41489ba,True,ok,,2,58914e59c608ed4384ba6002e44c3465c58b2e71,48000
1755,resources/data/patches_3rdparty/LinnStrument MPE/Strings/Solo Strings.fxp,contributor,46791,4c736e6f129cf6ebb447ca203715f0bb678069fb,4c736e6f129cf6ebb447ca203715f0bb678069fb,True,ok,,4,58914e59c608ed4384ba6002e44c3465c58b2e71,48000
1756,resources/data/patches_3rdparty/LinnStrument MPE/Vox/Talking Synth (Adult).fxp,contributor,33917,da7f7d1d934a12471755a771c79eb28c386fa7e8,da7f7d1d934a12471755a771c79eb28c386fa7e8,True,ok,,3,58914e59c608ed4384ba6002e44c3465c58b2e71,48000
1757,resources/data/patches_3rdparty/LinnStrument MPE/Vox/Talking Synth (Alien).fxp,contributor,33916,acc21185a26439483fb21b6e4c94d3e267750106,acc21185a26439483fb21b6e4c94d3e267750106,True,ok,,3,58914e59c608ed4384ba6002e44c3465c58b2e71,48000
1758,resources/data/patches_3rdparty/LinnStrument MPE/Vox/Talking Synth (Child).fxp,contributor,33916,e96574a0d7377aefb32bab06e4d604d1e3d3b9ed,e96574a0d7377aefb32bab06e4d604d1e3d3b9ed,True,ok,,3,58914e59c608ed4384ba6002e44c3465c58b2e71,48000
1759,resources/data/patches_3rdparty/LinnStrument MPE/Vox/Talking Synth (Young Adult).fxp,contributor,33919,9ba48e0c89cbd4a5e888d226d3c99660e54fd3cc,9ba48e0c89cbd4a5e888d226d3c99660e54fd3cc,True,ok,,3,58914e59c608ed4384ba6002e44c3465c58b2e71,48000
1760,resources/data/patches_3rdparty/LinnStrument MPE/Winds/Bass Ocarina.fxp,contributor,51214,a6e49952f1d1e67d485b8a76633d1cbfd551c1cf,a6e49952f1d1e67d485b8a76633d1cbfd551c1cf,True,ok,,4,58914e59c608ed4384ba6002e44c3465c58b2e71,48000
1761,resources/data/patches_3rdparty/LinnStrument MPE/Winds/Beer Flute.fxp,contributor,51269,cfc0cee42dd7e7327d725ee1fd46fd7ed571dc16,cfc0cee42dd7e7327d725ee1fd46fd7ed571dc16,True,ok,,4,58914e59c608ed4384ba6002e44c3465c58b2e71,48000
1762,resources/data/patches_3rdparty/LinnStrument MPE/Winds/Dark Crystal Flute.fxp,contributor,199217,926bb86474a88e38fabb4ce44d9b67dd5c8d50e3,926bb86474a88e38fabb4ce44d9b67dd5c8d50e3,True,ok,,64,58914e59c608ed4384ba6002e44c3465c58b2e71,48000
1763,resources/data/patches_3rdparty/LinnStrument MPE/Winds/Duduk.fxp,contributor,63140,b717298619411c5f8deb8dcf1858bf9a9234c72e,b717298619411c5f8deb8dcf1858bf9a9234c72e,True,ok,,6,58914e59c608ed4384ba6002e44c3465c58b2e71,48000
1764,resources/data/patches_3rdparty/LinnStrument MPE/Winds/Flute.fxp,contributor,164323,39f0396c5ce5cfd15bef185ef015c37499764765,39f0396c5ce5cfd15bef185ef015c37499764765,True,ok,,16,58914e59c608ed4384ba6002e44c3465c58b2e71,48000
1765,resources/data/patches_3rdparty/LinnStrument MPE/Winds/Glassy Wind.fxp,contributor,32752,6f0c10d063ec571d7a16f302bce745053b864fe1,6f0c10d063ec571d7a16f302bce745053b864fe1,True,ok,,7,58914e59c608ed4384ba6002e44c3465c58b2e71,48000
1766,resources/data/patches_3rdparty/LinnStrument MPE/Winds/Harmonica Overdrive.fxp,contributor,31550,280d7b262a413670990f959138db22bb04ee40ba,280d7b262a413670990f959138db22bb04ee40ba,True,ok,,9,58914e59c608ed4384ba6002e44c3465c58b2e71,48000
1767,resources/data/patches_3rdparty/LinnStrument MPE/Winds/Hollow Wind Tube.fxp,contributor,32271,80237fba9d00f0a2d67d89605b6d83e646dcf195,80237fba9d00f0a2d67d89605b6d83e646dcf195,True,ok,,7,58914e59c608ed4384ba6002e44c3465c58b2e71,48000
1768,resources/data/patches_3rdparty/LinnStrument MPE/Winds/Moon Flute.fxp,contributor,174053,d6edd2ca84b56d864bdcb42f35711e24027b811b,d6edd2ca84b56d864bdcb42f35711e24027b811b,True,ok,,14,58914e59c608ed4384ba6002e44c3465c58b2e71,48000
1769,resources/data/patches_3rdparty/LinnStrument MPE/Winds/Ocarina.fxp,contributor,59427,917093e8979b78f8ba455638bdba071f11d9368c,917093e8979b78f8ba455638bdba071f11d9368c,True,ok,,10,58914e59c608ed4384ba6002e44c3465c58b2e71,48000
1770,resources/data/patches_3rdparty/Lopyt/Bass/303.fxp,contributor,30394,b3f4481e1f69cd302301e3e908378148958e5562,b3f4481e1f69cd302301e3e908378148958e5562,True,ok,,4,58914e59c608ed4384ba6002e44c3465c58b2e71,48000
1771,resources/data/patches_3rdparty/Lopyt/Bass/808 Bass A.fxp,contributor,31757,f8578414d5c3e113ad4ce2d1bede0697a4ee1ff7,f8578414d5c3e113ad4ce2d1bede0697a4ee1ff7,True,ok,,2,58914e59c608ed4384ba6002e44c3465c58b2e71,48000
1772,resources/data/patches_3rdparty/Lopyt/Bass/808 Bass B.fxp,contributor,31537,b3b351570cfb6de5d97c113d41dcc3e113741d56,b3b351570cfb6de5d97c113d41dcc3e113741d56,True,ok,,3,58914e59c608ed4384ba6002e44c3465c58b2e71,48000
1773,resources/data/patches_3rdparty/Lopyt/Bass/808 Bass C.fxp,contributor,33341,0e539a0cd5e4b3a99e019f68671142fe52a82320,0e539a0cd5e4b3a99e019f68671142fe52a82320,True,ok,,2,58914e59c608ed4384ba6002e44c3465c58b2e71,48000
1774,resources/data/patches_3rdparty/Lopyt/Bass/Angry Wub.fxp,contributor,32183,570fed95568a9ba1a139c53054d469563c6457a6,570fed95568a9ba1a139c53054d469563c6457a6,True,ok,,7,58914e59c608ed4384ba6002e44c3465c58b2e71,48000
1775,resources/data/patches_3rdparty/Lopyt/Bass/Another Dubstep Thingy.fxp,contributor,33505,fafc7d856faada5e037559c21054e33fe450ee98,fafc7d856faada5e037559c21054e33fe450ee98,True,ok,,2,58914e59c608ed4384ba6002e44c3465c58b2e71,48000
1776,resources/data/patches_3rdparty/Lopyt/Bass/Bass Sequence.fxp,contributor,40352,3f9ee45edc0d6bee3a2443dd9cc3592041ac19d1,3f9ee45edc0d6bee3a2443dd9cc3592041ac19d1,True,ok,,6,58914e59c608ed4384ba6002e44c3465c58b2e71,48000
1777,resources/data/patches_3rdparty/Lopyt/Bass/Colossal Squid.fxp,contributor,33272,984a1bc8698655f7a34526b383cb7fd0d2988bb1,984a1bc8698655f7a34526b383cb7fd0d2988bb1,True,ok,,4,58914e59c608ed4384ba6002e44c3465c58b2e71,48000
1778,resources/data/patches_3rdparty/Lopyt/Bass/Dirty Bass.fxp,contributor,31497,dba7351bb8764102c9120c4c51a7feb76589c553,dba7351bb8764102c9120c4c51a7feb76589c553,True,ok,,3,58914e59c608ed4384ba6002e44c3465c58b2e71,48000
1779,resources/data/patches_3rdparty/Lopyt/Bass/Dub Wub.fxp,contributor,34394,436d1cb6e5f11ca09cfcce64877eedbe4fbc40e6,436d1cb6e5f11ca09cfcce64877eedbe4fbc40e6,True,ok,,6,58914e59c608ed4384ba6002e44c3465c58b2e71,48000
1780,resources/data/patches_3rdparty/Lopyt/Bass/Dubstep 1.fxp,contributor,33713,d5b12062c1aa62aa51c1c1730583e5e5133b6595,d5b12062c1aa62aa51c1c1730583e5e5133b6595,True,ok,,19,58914e59c608ed4384ba6002e44c3465c58b2e71,48000
1781,resources/data/patches_3rdparty/Lopyt/Bass/Dubstep 2.fxp,contributor,32409,a65154640fff9ea429153564e47757424717a3ec,a65154640fff9ea429153564e47757424717a3ec,True,ok,,3,58914e59c608ed4384ba6002e44c3465c58b2e71,48000
1782,resources/data/patches_3rdparty/Lopyt/Bass/Dubstep Thingy.fxp,contributor,31435,10c52ea923376f980924d728aef453af3ccd8df4,10c52ea923376f980924d728aef453af3ccd8df4,True,ok,,2,58914e59c608ed4384ba6002e44c3465c58b2e71,48000
1783,resources/data/patches_3rdparty/Lopyt/Bass/FM Bass A.fxp,contributor,32276,38e4c70378cabcf547d34e59a9da0b6f6ffadec8,38e4c70378cabcf547d34e59a9da0b6f6ffadec8,True,ok,,5,58914e59c608ed4384ba6002e44c3465c58b2e71,48000
1784,resources/data/patches_3rdparty/Lopyt/Bass/FM Bass B.fxp,contributor,33358,d670d31939c92bfe33e9e8a74bf953b464d4d1de,d670d31939c92bfe33e9e8a74bf953b464d4d1de,True,ok,,2,58914e59c608ed4384ba6002e44c3465c58b2e71,48000
1785,resources/data/patches_3rdparty/Lopyt/Bass/Funky Analog Bass.fxp,contributor,26058,846e0432cf8976af9e356770515004133daf6c8b,846e0432cf8976af9e356770515004133daf6c8b,True,ok,,2,58914e59c608ed4384ba6002e44c3465c58b2e71,48000
1786,resources/data/patches_3rdparty/Lopyt/Bass/Ghoul.fxp,contributor,32345,52a2da9a112448f224766edc313a52b56bb3bfc0,52a2da9a112448f224766edc313a52b56bb3bfc0,True,ok,,3,58914e59c608ed4384ba6002e44c3465c58b2e71,48000
1787,resources/data/patches_3rdparty/Lopyt/Bass/Growl.fxp,contributor,1107717,b1fd12f86065f9426b1dc17cff03efa2d81bcb49,b1fd12f86065f9426b1dc17cff03efa2d81bcb49,True,ok,,126,58914e59c608ed4384ba6002e44c3465c58b2e71,48000
1788,resources/data/patches_3rdparty/Lopyt/Bass/Heavy Bass 1.fxp,contributor,35422,a138c43fe5424a6e82a4e49897fad7a67988b5bb,a138c43fe5424a6e82a4e49897fad7a67988b5bb,True,ok,,7,58914e59c608ed4384ba6002e44c3465c58b2e71,48000
1789,resources/data/patches_3rdparty/Lopyt/Bass/Heavy Bass 2.fxp,contributor,130130,e325fc0172a930ccb0b927ec28e3d691c97542ae,e325fc0172a930ccb0b927ec28e3d691c97542ae,True,ok,,11,58914e59c608ed4384ba6002e44c3465c58b2e71,48000
1790,resources/data/patches_3rdparty/Lopyt/Bass/Honey Bass.fxp,contributor,32528,f66cf4ba334968dca487688d778ad93a45276603,f66cf4ba334968dca487688d778ad93a45276603,True,ok,,4,58914e59c608ed4384ba6002e44c3465c58b2e71,48000
1791,resources/data/patches_3rdparty/Lopyt/Bass/Moogy Bass.fxp,contributor,31473,2a37fad349023d8bdd71b25570d929b2ed3d0966,2a37fad349023d8bdd71b25570d929b2ed3d0966,True,ok,,2,58914e59c608ed4384ba6002e44c3465c58b2e71,48000
1792,resources/data/patches_3rdparty/Lopyt/Bass/Neurobass 1.fxp,contributor,32292,dee531fe0694f617ac7b8372f162810c6540d568,dee531fe0694f617ac7b8372f162810c6540d568,True,ok,,3,58914e59c608ed4384ba6002e44c3465c58b2e71,48000
1793,resources/data/patches_3rdparty/Lopyt/Bass/Neurobass 2.fxp,contributor,31667,852bc65a717d9d4cd4619d073a797c613af4bdba,852bc65a717d9d4cd4619d073a797c613af4bdba,True,ok,,3,58914e59c608ed4384ba6002e44c3465c58b2e71,48000
1794,resources/data/patches_3rdparty/Lopyt/Bass/Noisy 808.fxp,contributor,31577,9b9acd0d36bc5aeae9bdf24bc4bfb452c1d8860a,9b9acd0d36bc5aeae9bdf24bc4bfb452c1d8860a,True,ok,,3,58914e59c608ed4384ba6002e44c3465c58b2e71,48000
1795,resources/data/patches_3rdparty/Lopyt/Bass/Phonk Bass.fxp,contributor,33705,b1d755e77cf5f4757938cf0fe4f57c55f0049096,b1d755e77cf5f4757938cf0fe4f57c55f0049096,True,ok,,7,58914e59c608ed4384ba6002e44c3465c58b2e71,48000
1796,resources/data/patches_3rdparty/Lopyt/Bass/Pluck Bass.fxp,contributor,33009,657e4bca2a038dcab10b2f26ff3d64a67e0cabd2,657e4bca2a038dcab10b2f26ff3d64a67e0cabd2,True,ok,,3,58914e59c608ed4384ba6002e44c3465c58b2e71,48000
1797,resources/data/patches_3rdparty/Lopyt/Bass/Real Bass.fxp,contributor,35913,9c7fcfc4fbeae6a1955b4ca200fcb42996d6b605,9c7fcfc4fbeae6a1955b4ca200fcb42996d6b605,True,ok,,3,58914e59c608ed4384ba6002e44c3465c58b2e71,48000
1798,resources/data/patches_3rdparty/Lopyt/Bass/Reese 1.fxp,contributor,32090,7b2db6ef608cc6e9b861938b6c22a32613344af2,7b2db6ef608cc6e9b861938b6c22a32613344af2,True,ok,,2,58914e59c608ed4384ba6002e44c3465c58b2e71,48000
1799,resources/data/patches_3rdparty/Lopyt/Bass/Reese 2.fxp,contributor,32575,396e9d0d6be83600a3c8d36413c8b230ecd241a1,396e9d0d6be83600a3c8d36413c8b230ecd241a1,True,ok,,4,58914e59c608ed4384ba6002e44c3465c58b2e71,48000
1800,resources/data/patches_3rdparty/Lopyt/Bass/Roller.fxp,contributor,33653,943bb71e31ecf47c5ed52e30f7c0198915768f74,943bb71e31ecf47c5ed52e30f7c0198915768f74,True,ok,,2,58914e59c608ed4384ba6002e44c3465c58b2e71,48000
1801,resources/data/patches_3rdparty/Lopyt/Bass/Sand Bass.fxp,contributor,31995,69387a8cd6bf430273074a1da65a3b2cfa8088ba,69387a8cd6bf430273074a1da65a3b2cfa8088ba,True,ok,,4,58914e59c608ed4384ba6002e44c3465c58b2e71,48000
1802,resources/data/patches_3rdparty/Lopyt/Bass/Sexy FM.fxp,contributor,31997,90607a8ec0f36d5cc3e980d485d8e77df54f15e2,90607a8ec0f36d5cc3e980d485d8e77df54f15e2,True,ok,,2,58914e59c608ed4384ba6002e44c3465c58b2e71,48000
1803,resources/data/patches_3rdparty/Lopyt/Bass/Sine Reese.fxp,contributor,31587,6777963cddae65cf4265c01f73cc39746e8bc406,6777963cddae65cf4265c01f73cc39746e8bc406,True,ok,,2,58914e59c608ed4384ba6002e44c3465c58b2e71,48000
1804,resources/data/patches_3rdparty/Lopyt/Bass/Siney Bass.fxp,contributor,31731,670709e8c1a8bb9d4a5702d49e4a25f50dfc2a46,670709e8c1a8bb9d4a5702d49e4a25f50dfc2a46,True,ok,,2,58914e59c608ed4384ba6002e44c3465c58b2e71,48000
1805,resources/data/patches_3rdparty/Lopyt/Bass/Sub 1.fxp,contributor,32682,e89901e861c79a197b50d18bee2cc1236ad5ca39,e89901e861c79a197b50d18bee2cc1236ad5ca39,True,ok,,2,58914e59c608ed4384ba6002e44c3465c58b2e71,48000
1806,resources/data/patches_3rdparty/Lopyt/Bass/Sub 2.fxp,contributor,31423,832668efa1114af44eea73a0edbe1328d53a070c,832668efa1114af44eea73a0edbe1328d53a070c,True,ok,,2,58914e59c608ed4384ba6002e44c3465c58b2e71,48000
1807,resources/data/patches_3rdparty/Lopyt/Bass/Triangle Sub.fxp,contributor,31540,df246f3d65f65e85768b89541a7bccfe648ec673,df246f3d65f65e85768b89541a7bccfe648ec673,True,ok,,5,58914e59c608ed4384ba6002e44c3465c58b2e71,48000
1808,resources/data/patches_3rdparty/Lopyt/Bass/Upright Bass.fxp,contributor,32052,08633aafbe74685b89ef679c984a1cc4b703e343,08633aafbe74685b89ef679c984a1cc4b703e343,True,ok,,5,58914e59c608ed4384ba6002e44c3465c58b2e71,48000
1809,resources/data/patches_3rdparty/Lopyt/Bass/Weird Bass.fxp,contributor,32882,e54428e4622eaa55eecf166606530833017d82d7,e54428e4622eaa55eecf166606530833017d82d7,True,ok,,4,58914e59c608ed4384ba6002e44c3465c58b2e71,48000
1810,resources/data/patches_3rdparty/Lopyt/Bass/Weird Reese.fxp,contributor,32456,8e8737abb7ed4a4af843c7a8a786371d02d396cf,8e8737abb7ed4a4af843c7a8a786371d02d396cf,True,ok,,3,58914e59c608ed4384ba6002e44c3465c58b2e71,48000
1811,resources/data/patches_3rdparty/Lopyt/Bass/Wide Short Bass 1.fxp,contributor,31971,6bddaeeecc571d762cd9ade662cefbccdfb74d0f,6bddaeeecc571d762cd9ade662cefbccdfb74d0f,True,ok,,5,58914e59c608ed4384ba6002e44c3465c58b2e71,48000
1812,resources/data/patches_3rdparty/Lopyt/Bass/Wide Short Bass 2.fxp,contributor,33990,d5c6c2fec34a6631f8999b2d3e71a4bc125f87d0,d5c6c2fec34a6631f8999b2d3e71a4bc125f87d0,True,ok,,4,58914e59c608ed4384ba6002e44c3465c58b2e71,48000
1813,resources/data/patches_3rdparty/Lopyt/Bass/Wub.fxp,contributor,32238,4db64867ab642b77ce7634c745ef9d16f29114e5,4db64867ab642b77ce7634c745ef9d16f29114e5,True,ok,,5,58914e59c608ed4384ba6002e44c3465c58b2e71,48000
1814,resources/data/patches_3rdparty/Lopyt/Bells/8-Bit Bell.fxp,contributor,31444,e53bee4aa358e33014eee3297bd547955f0a472d,e53bee4aa358e33014eee3297bd547955f0a472d,True,ok,,3,58914e59c608ed4384ba6002e44c3465c58b2e71,48000
1815,resources/data/patches_3rdparty/Lopyt/Bells/Distorted Ethereal Bell.fxp,contributor,32911,888cd0a0cba7f7129805e61b79bcf05f0da444b3,888cd0a0cba7f7129805e61b79bcf05f0da444b3,True,ok,,6,58914e59c608ed4384ba6002e44c3465c58b2e71,48000
1816,resources/data/patches_3rdparty/Lopyt/Bells/Glock Bells.fxp,contributor,32983,8bc0ab84e186b7863557b9c7e608220a38690136,8bc0ab84e186b7863557b9c7e608220a38690136,True,ok,,8,58914e59c608ed4384ba6002e44c3465c58b2e71,48000
1817,resources/data/patches_3rdparty/Lopyt/Bells/Ice Bells.fxp,contributor,32046,20041e4b5c7f03fcb6fb3aa9fe15b805ddfc268b,20041e4b5c7f03fcb6fb3aa9fe15b805ddfc268b,True,ok,,6,58914e59c608ed4384ba6002e44c3465c58b2e71,48000
1818,resources/data/patches_3rdparty/Lopyt/Bells/Synthy Bell 1.fxp,contributor,33108,2a33a3bb793877ce93bfc0de35d9e8a99c533e4a,2a33a3bb793877ce93bfc0de35d9e8a99c533e4a,True,ok,,3,58914e59c608ed4384ba6002e44c3465c58b2e71,48000
1819,resources/data/patches_3rdparty/Lopyt/Bells/Synthy Bell 2.fxp,contributor,33360,ae0dab8095e67366ec7d098c3d2508f8f37080e7,ae0dab8095e67366ec7d098c3d2508f8f37080e7,True,ok,,6,58914e59c608ed4384ba6002e44c3465c58b2e71,48000
1820,resources/data/patches_3rdparty/Lopyt/Brass/8-Bit Trumpet.fxp,contributor,25701,19298e887c3dd3ca88036b4ce0045a6b0decd116,19298e887c3dd3ca88036b4ce0045a6b0decd116,True,ok,,5,58914e59c608ed4384ba6002e44c3465c58b2e71,48000
1821,resources/data/patches_3rdparty/Lopyt/Brass/Analog Synth Brass 1.fxp,contributor,35229,dbdf5b2568407c87f48fa69752f7dc53e312ce3d,dbdf5b2568407c87f48fa69752f7dc53e312ce3d,True,ok,,6,58914e59c608ed4384ba6002e44c3465c58b2e71,48000
1822,resources/data/patches_3rdparty/Lopyt/Brass/Analog Synth Brass 2.fxp,contributor,34682,506669d3f8f1ff4a940af50eb1e9c2b1cedbcc5e,506669d3f8f1ff4a940af50eb1e9c2b1cedbcc5e,True,ok,,3,58914e59c608ed4384ba6002e44c3465c58b2e71,48000
1823,resources/data/patches_3rdparty/Lopyt/Brass/Brass Ensemble.fxp,contributor,2132879,c61dbef103a1c60e0e7d151cfecf1a2a4a483c7f,c61dbef103a1c60e0e7d151cfecf1a2a4a483c7f,True,ok,,167,58914e59c608ed4384ba6002e44c3465c58b2e71,48000
1824,resources/data/patches_3rdparty/Lopyt/Brass/Brass Synth.fxp,contributor,32455,45258c48c7423ddbc853e0280a42c28d0b626e52,45258c48c7423ddbc853e0280a42c28d0b626e52,True,ok,,9,58914e59c608ed4384ba6002e44c3465c58b2e71,48000
1825,resources/data/patches_3rdparty/Lopyt/Brass/Brassy Pad.fxp,contributor,37084,8860c08af451cedf9c6384287136c0108cb5d7e3,8860c08af451cedf9c6384287136c0108cb5d7e3,True,ok,,3,58914e59c608ed4384ba6002e44c3465c58b2e71,48000
1826,resources/data/patches_3rdparty/Lopyt/Brass/French Horn.fxp,contributor,1084625,22bdf28bd91558177e865cd33586d102e640de2d,22bdf28bd91558177e865cd33586d102e640de2d,True,ok,,139,58914e59c608ed4384ba6002e44c3465c58b2e71,48000
1827,resources/data/patches_3rdparty/Lopyt/Brass/Horn Section.fxp,contributor,39144,a3815e3e8982ad6c67ae8e1279a4f0dfcdd89848,a3815e3e8982ad6c67ae8e1279a4f0dfcdd89848,True,ok,,8,58914e59c608ed4384ba6002e44c3465c58b2e71,48000
1828,resources/data/patches_3rdparty/Lopyt/Brass/Synth Trumpet.fxp,contributor,32530,508e238616cf55869a5d2124b2e275ad6a235834,508e238616cf55869a5d2124b2e275ad6a235834,True,ok,,5,58914e59c608ed4384ba6002e44c3465c58b2e71,48000
1829,resources/data/patches_3rdparty/Lopyt/Brass/Synthy Brass.fxp,contributor,37204,b27a7a87b2246febeb35f3117e9a5866b518426b,b27a7a87b2246febeb35f3117e9a5866b518426b,True,ok,,4,58914e59c608ed4384ba6002e44c3465c58b2e71,48000
1830,resources/data/patches_3rdparty/Lopyt/Brass/Trombone Section.fxp,contributor,39704,ac80931157f7d3ebf748e38f0cc9cda210e0fa29,ac80931157f7d3ebf748e38f0cc9cda210e0fa29,True,ok,,4,58914e59c608ed4384ba6002e44c3465c58b2e71,48000
1831,resources/data/patches_3rdparty/Lopyt/Brass/Trumpet.fxp,contributor,2134623,aaa992eacec1c4c6520c22a477c8b825bbb79178,aaa992eacec1c4c6520c22a477c8b825bbb79178,True,ok,,215,58914e59c608ed4384ba6002e44c3465c58b2e71,48000
1832,resources/data/patches_3rdparty/Lopyt/Drums/8-Bit Drums.fxp,contributor,33199,7a87b8a034b3f7a0bc206fa08841d3187fbbc0fe,7a87b8a034b3f7a0bc206fa08841d3187fbbc0fe,True,ok,,3,58914e59c608ed4384ba6002e44c3465c58b2e71,48000
1833,resources/data/patches_3rdparty/Lopyt/Drums/808 Closed Hat.fxp,contributor,31313,f1052bea39c3dc1f41ed3ab44f69f75551022534,f1052bea39c3dc1f41ed3ab44f69f75551022534,True,ok,,2,58914e59c608ed4384ba6002e44c3465c58b2e71,48000
1834,resources/data/patches_3rdparty/Lopyt/Drums/808 Open Hat.fxp,contributor,31411,3cbb9be57e1cc68dad024192a5685685f84744c1,3cbb9be57e1cc68dad024192a5685685f84744c1,True,ok,,6,58914e59c608ed4384ba6002e44c3465c58b2e71,48000
1835,resources/data/patches_3rdparty/Lopyt/Drums/808 Ride.fxp,contributor,31416,2242eff9633646c3d13959fc0c5f1e801f8eabee,2242eff9633646c3d13959fc0c5f1e801f8eabee,True,ok,,2,58914e59c608ed4384ba6002e44c3465c58b2e71,48000
1836,resources/data/patches_3rdparty/Lopyt/Drums/Acoustic Kick.fxp,contributor,34423,db96b14053cf6edccaa14b9f0de0a74b733786c7,db96b14053cf6edccaa14b9f0de0a74b733786c7,True,ok,,6,58914e59c608ed4384ba6002e44c3465c58b2e71,48000
1837,resources/data/patches_3rdparty/Lopyt/Drums/Big Drum.fxp,contributor,36180,e06c4dfc9b890dfc0276d28fe2a3872420f8ce71,e06c4dfc9b890dfc0276d28fe2a3872420f8ce71,True,ok,,3,58914e59c608ed4384ba6002e44c3465c58b2e71,48000
1838,resources/data/patches_3rdparty/Lopyt/Drums/China Cymbal 1.fxp,contributor,34064,f50ad8f4546ba5b05e4b4b16f4b637484841f414,f50ad8f4546ba5b05e4b4b16f4b637484841f414,True,ok,,6,58914e59c608ed4384ba6002e44c3465c58b2e71,48000
1839,resources/data/patches_3rdparty/Lopyt/Drums/China Cymbal 2.fxp,contributor,33372,8047dc8fa8d9e6a4530ed35221392028211376da,8047dc8fa8d9e6a4530ed35221392028211376da,True,ok,,5,58914e59c608ed4384ba6002e44c3465c58b2e71,48000
1840,resources/data/patches_3rdparty/Lopyt/Drums/Closed Hat.fxp,contributor,33218,e917cc7d14b5133d2efec6d80e58cb2070eca179,e917cc7d14b5133d2efec6d80e58cb2070eca179,True,ok,,4,58914e59c608ed4384ba6002e44c3465c58b2e71,48000
1841,resources/data/patches_3rdparty/Lopyt/Drums/Dubstep Kick.fxp,contributor,33256,23d7afe01d99ff0dbea317fdd60967a6205febce,23d7afe01d99ff0dbea317fdd60967a6205febce,True,ok,,5,58914e59c608ed4384ba6002e44c3465c58b2e71,48000
1842,resources/data/patches_3rdparty/Lopyt/Drums/Hard Hip Hop Kick 1.fxp,contributor,31961,163ccf34c87a0203770a500bb07a4fd45f26efb0,163ccf34c87a0203770a500bb07a4fd45f26efb0,True,ok,,3,58914e59c608ed4384ba6002e44c3465c58b2e71,48000
1843,resources/data/patches_3rdparty/Lopyt/Drums/Hard Hip Hop Kick 2.fxp,contributor,32642,c9aa0d270446822ce5141568980a3a6c14867669,c9aa0d270446822ce5141568980a3a6c14867669,True,ok,,2,58914e59c608ed4384ba6002e44c3465c58b2e71,48000
1844,resources/data/patches_3rdparty/Lopyt/Drums/Hard Kick.fxp,contributor,34006,62b62f6a8594a3faaf0b5f615e129cbbf9a0210b,62b62f6a8594a3faaf0b5f615e129cbbf9a0210b,True,ok,,2,58914e59c608ed4384ba6002e44c3465c58b2e71,48000
1845,resources/data/patches_3rdparty/Lopyt/Drums/Heavy Snare 1.fxp,contributor,33524,a2472e97fdfbc5676d1ba5170726787348a0339b,a2472e97fdfbc5676d1ba5170726787348a0339b,True,ok,,3,58914e59c608ed4384ba6002e44c3465c58b2e71,48000
1846,resources/data/patches_3rdparty/Lopyt/Drums/Heavy Snare 2.fxp,contributor,32806,85168a4a3d58f0971d14020aa098ead98892a682,85168a4a3d58f0971d14020aa098ead98892a682,True,ok,,5,58914e59c608ed4384ba6002e44c3465c58b2e71,48000
1847,resources/data/patches_3rdparty/Lopyt/Drums/Hip-Hop Clap.fxp,contributor,33409,9f95f6e4ee4aa2321984a6baf72726c2fdd404e3,9f95f6e4ee4aa2321984a6baf72726c2fdd404e3,True,ok,,3,58914e59c608ed4384ba6002e44c3465c58b2e71,48000
1848,resources/data/patches_3rdparty/Lopyt/Drums/Kick 1.fxp,contributor,33402,30076d7894ea3999640de126a74280b440847d75,30076d7894ea3999640de126a74280b440847d75,True,ok,,4,58914e59c608ed4384ba6002e44c3465c58b2e71,48000
1849,resources/data/patches_3rdparty/Lopyt/Drums/Kick 2.fxp,contributor,32378,448262fa5eb24321aec2d581dcc7509c8ed4aad7,448262fa5eb24321aec2d581dcc7509c8ed4aad7,True,ok,,2,58914e59c608ed4384ba6002e44c3465c58b2e71,48000
1850,resources/data/patches_3rdparty/Lopyt/Drums/Metal Kick.fxp,contributor,36441,4df63eefa059b649ec2ce01836df0ed1b0945686,4df63eefa059b649ec2ce01836df0ed1b0945686,True,ok,,4,58914e59c608ed4384ba6002e44c3465c58b2e71,48000
1851,resources/data/patches_3rdparty/Lopyt/Drums/Open Hat Trashy.fxp,contributor,33203,64e50a81470afbf825d87c49ae1df73dceeeaf53,64e50a81470afbf825d87c49ae1df73dceeeaf53,True,ok,,3,58914e59c608ed4384ba6002e44c3465c58b2e71,48000
1852,resources/data/patches_3rdparty/Lopyt/Drums/Open Hat.fxp,contributor,28519,26cad48e6375c27fe12ac7997ae21e11c538f7bb,26cad48e6375c27fe12ac7997ae21e11c538f7bb,True,ok,,3,58914e59c608ed4384ba6002e44c3465c58b2e71,48000
1853,resources/data/patches_3rdparty/Lopyt/Drums/Phonk Cowbell.fxp,contributor,31572,2cffae6fdbfcd46a4826195eba3886ba7cf6e352,2cffae6fdbfcd46a4826195eba3886ba7cf6e352,True,ok,,3,58914e59c608ed4384ba6002e44c3465c58b2e71,48000
1854,resources/data/patches_3rdparty/Lopyt/Drums/Realistic Closed Hat.fxp,contributor,33214,1baae8e89cc81138cc73640e95487938330c12c9,1baae8e89cc81138cc73640e95487938330c12c9,True,ok,,6,58914e59c608ed4384ba6002e44c3465c58b2e71,48000
1855,resources/data/patches_3rdparty/Lopyt/Drums/Ride Bell.fxp,contributor,32114,e2c7faf78af0c26f8d07901fa0000d22dac1e375,e2c7faf78af0c26f8d07901fa0000d22dac1e375,True,ok,,106,58914e59c608ed4384ba6002e44c3465c58b2e71,48000
1856,resources/data/patches_3rdparty/Lopyt/Drums/Snare.fxp,contributor,34033,a9f9192b97f65a29aa70c548e3671fcebdc56403,a9f9192b97f65a29aa70c548e3671fcebdc56403,True,ok,,4,58914e59c608ed4384ba6002e44c3465c58b2e71,48000
1857,resources/data/patches_3rdparty/Lopyt/Drums/Synthy Ride Cymbal.fxp,contributor,33989,a97eb3229148fa625925983a616119e17343beaa,a97eb3229148fa625925983a616119e17343beaa,True,ok,,7,58914e59c608ed4384ba6002e44c3465c58b2e71,48000
1858,resources/data/patches_3rdparty/Lopyt/Drums/Trashy Crash Cymbal.fxp,contributor,32663,d1e6060812126eaa03201702221e82db4b1fb1de,d1e6060812126eaa03201702221e82db4b1fb1de,True,ok,,13,58914e59c608ed4384ba6002e44c3465c58b2e71,48000
1859,resources/data/patches_3rdparty/Lopyt/FX/Bottle Hit.fxp,contributor,297873,25ac75bd01f4f4191bc422f3369af52a2e674d89,25ac75bd01f4f4191bc422f3369af52a2e674d89,True,ok,,87,58914e59c608ed4384ba6002e44c3465c58b2e71,48000
1860,resources/data/patches_3rdparty/Lopyt/FX/Eww Gross.fxp,contributor,36710,ac7ae0b9e17d3025adb2ff25ac58b98804713e9a,ac7ae0b9e17d3025adb2ff25ac58b98804713e9a,True,ok,,3,58914e59c608ed4384ba6002e44c3465c58b2e71,48000
1861,resources/data/patches_3rdparty/Lopyt/FX/Laser 1.fxp,contributor,32561,e3520fa974d8ad5fbe51070f60b0f685addb51b7,e3520fa974d8ad5fbe51070f60b0f685addb51b7,True,ok,,3,58914e59c608ed4384ba6002e44c3465c58b2e71,48000
1862,resources/data/patches_3rdparty/Lopyt/FX/Laser 2.fxp,contributor,32646,dbf44ccfc4270d06b0e05b5081053b373f82668f,dbf44ccfc4270d06b0e05b5081053b373f82668f,True,ok,,2,58914e59c608ed4384ba6002e44c3465c58b2e71,48000
1863,resources/data/patches_3rdparty/Lopyt/FX/Metal Clangy.fxp,contributor,35233,2043a943108459882317dd083cf58ff0b63e20a2,2043a943108459882317dd083cf58ff0b63e20a2,True,ok,,3,58914e59c608ed4384ba6002e44c3465c58b2e71,48000
1864,resources/data/patches_3rdparty/Lopyt/FX/Motorcycle.fxp,contributor,38227,648465968e790e75234f15a4bae2a5f8923f2139,648465968e790e75234f15a4bae2a5f8923f2139,True,ok,,3,58914e59c608ed4384ba6002e44c3465c58b2e71,48000
1865,resources/data/patches_3rdparty/Lopyt/FX/Riddim Siren.fxp,contributor,33510,ab5b4ae15fd507a3b742c7ee88ac6aeae18d1747,ab5b4ae15fd507a3b742c7ee88ac6aeae18d1747,True,ok,,3,58914e59c608ed4384ba6002e44c3465c58b2e71,48000
1866,resources/data/patches_3rdparty/Lopyt/FX/Riser.fxp,contributor,32781,dc28ae4eddcfd7b93b11e1dbaa39c5cee6f272e5,dc28ae4eddcfd7b93b11e1dbaa39c5cee6f272e5,True,ok,,3,58914e59c608ed4384ba6002e44c3465c58b2e71,48000
1867,resources/data/patches_3rdparty/Lopyt/FX/Sounds Like B B B B.fxp,contributor,32230,c06e6aea3005c26cfecdb3c2f7af58a53910c403,c06e6aea3005c26cfecdb3c2f7af58a53910c403,True,ok,,3,58914e59c608ed4384ba6002e44c3465c58b2e71,48000
1868,resources/data/patches_3rdparty/Lopyt/FX/Weird Dubstep.fxp,contributor,34379,60098f57a4181ef4372539d9798ef1ee267814ca,60098f57a4181ef4372539d9798ef1ee267814ca,True,ok,,3,58914e59c608ed4384ba6002e44c3465c58b2e71,48000
1869,resources/data/patches_3rdparty/Lopyt/FX/Whub.fxp,contributor,33400,81f72130d4329d56d837882edfb4c87f2ce63ecb,81f72130d4329d56d837882edfb4c87f2ce63ecb,True,ok,,3,58914e59c608ed4384ba6002e44c3465c58b2e71,48000
1870,resources/data/patches_3rdparty/Lopyt/FX/Wind.fxp,contributor,32438,2737e7359f543b4cbdb9b2708f3d5336bb68bd8a,2737e7359f543b4cbdb9b2708f3d5336bb68bd8a,True,ok,,3,58914e59c608ed4384ba6002e44c3465c58b2e71,48000
1871,resources/data/patches_3rdparty/Lopyt/FX/Wuwuwuwuw.fxp,contributor,33135,7be233bc061b48a9443bdcd47e209333afebab22,7be233bc061b48a9443bdcd47e209333afebab22,True,ok,,3,58914e59c608ed4384ba6002e44c3465c58b2e71,48000
1872,resources/data/patches_3rdparty/Lopyt/FX/Yuh.fxp,contributor,32485,d48d50fb8f29ec9ad2e9b0c02296b46c2477c058,d48d50fb8f29ec9ad2e9b0c02296b46c2477c058,True,ok,,2,58914e59c608ed4384ba6002e44c3465c58b2e71,48000
1873,resources/data/patches_3rdparty/Lopyt/Guitars/8-Bit Guitar.fxp,contributor,26085,9db7bf9cb5cebc3d2c52e6ccc863820137c009c4,9db7bf9cb5cebc3d2c52e6ccc863820137c009c4,True,ok,,3,58914e59c608ed4384ba6002e44c3465c58b2e71,48000
1874,resources/data/patches_3rdparty/Lopyt/Guitars/Shitar.fxp,contributor,35207,10ab185348570bef17d69ec4571b73609924f9e1,10ab185348570bef17d69ec4571b73609924f9e1,True,ok,,6,58914e59c608ed4384ba6002e44c3465c58b2e71,48000
1875,resources/data/patches_3rdparty/Lopyt/Guitars/Synth Koto Thing.fxp,contributor,35076,3acdf91dcddf2af5e55da23e610bea81900fd703,3acdf91dcddf2af5e55da23e610bea81900fd703,True,ok,,5,58914e59c608ed4384ba6002e44c3465c58b2e71,48000
1876,resources/data/patches_3rdparty/Lopyt/Keys/8-bit Harpsichord.fxp,contributor,31822,a719b4cf9d7706438f67cf8365bed6d9147047a0,a719b4cf9d7706438f67cf8365bed6d9147047a0,True,ok,,4,58914e59c608ed4384ba6002e44c3465c58b2e71,48000
1877,resources/data/patches_3rdparty/Lopyt/Keys/Funky Keys.fxp,contributor,34952,4021aef1debf8d17036cec99aea31908b8010cf8,4021aef1debf8d17036cec99aea31908b8010cf8,True,ok,,3,58914e59c608ed4384ba6002e44c3465c58b2e71,48000
1878,resources/data/patches_3rdparty/Lopyt/Keys/Mark I.fxp,contributor,35572,c14e98d2041481b829aee89671d8c5f44786f1d5,c14e98d2041481b829aee89671d8c5f44786f1d5,True,ok,,4,58914e59c608ed4384ba6002e44c3465c58b2e71,48000
1879,resources/data/patches_3rdparty/Lopyt/Keys/Mark II A.fxp,contributor,34953,468abb7a9a4b3d0c928c44965278edfc66c45857,468abb7a9a4b3d0c928c44965278edfc66c45857,True,ok,,4,58914e59c608ed4384ba6002e44c3465c58b2e71,48000
1880,resources/data/patches_3rdparty/Lopyt/Keys/Mark II B.fxp,contributor,34850,68a91300ca86f5887ab0804a45fd26e0f7f49b9e,68a91300ca86f5887ab0804a45fd26e0f7f49b9e,True,ok,,3,58914e59c608ed4384ba6002e44c3465c58b2e71,48000
1881,resources/data/patches_3rdparty/Lopyt/Keys/Mark II C.fxp,contributor,101532,fe37f96ae358eb89e259d09f2d0a4dc3459a743b,fe37f96ae358eb89e259d09f2d0a4dc3459a743b,True,ok,,10,58914e59c608ed4384ba6002e44c3465c58b2e71,48000
1882,resources/data/patches_3rdparty/Lopyt/Keys/Music Box.fxp,contributor,33310,543f472f900519544a476df40ce180f73581f9be,543f472f900519544a476df40ce180f73581f9be,True,ok,,3,58914e59c608ed4384ba6002e44c3465c58b2e71,48000
1883,resources/data/patches_3rdparty/Lopyt/Keys/Old Upright.fxp,contributor,47084,7066162182fa0244de5e33f0074f981f255a52bb,7066162182fa0244de5e33f0074f981f255a52bb,True,ok,,4,58914e59c608ed4384ba6002e44c3465c58b2e71,48000
1884,resources/data/patches_3rdparty/Lopyt/Keys/Studio Grand 1.fxp,contributor,50653,f6ef20d34dbd887a91f98db42b46fd53a5995cb0,f6ef20d34dbd887a91f98db42b46fd53a5995cb0,True,ok,,37,58914e59c608ed4384ba6002e44c3465c58b2e71,48000
1885,resources/data/patches_3rdparty/Lopyt/Keys/Studio Grand 2.fxp,contributor,49640,1fe030801a0d3f0fbad93166fbbbf051c0fea4d9,1fe030801a0d3f0fbad93166fbbbf051c0fea4d9,True,ok,,5,58914e59c608ed4384ba6002e44c3465c58b2e71,48000
1886,resources/data/patches_3rdparty/Lopyt/Keys/Synth Clavinet.fxp,contributor,32645,1db5b6bb6b7fa6e6b62a6978e341e0a0cd98d814,1db5b6bb6b7fa6e6b62a6978e341e0a0cd98d814,True,ok,,4,58914e59c608ed4384ba6002e44c3465c58b2e71,48000
1887,resources/data/patches_3rdparty/Lopyt/Keys/Tines 1.fxp,contributor,33132,34ba95a7f5b3810cea5ca96748c5ba540e65da6b,34ba95a7f5b3810cea5ca96748c5ba540e65da6b,True,ok,,3,58914e59c608ed4384ba6002e44c3465c58b2e71,48000
1888,resources/data/patches_3rdparty/Lopyt/Keys/Tines 2.fxp,contributor,34770,28c3680e5f31d618e6b5e666f83dbc7645c868da,28c3680e5f31d618e6b5e666f83dbc7645c868da,True,ok,,5,58914e59c608ed4384ba6002e44c3465c58b2e71,48000
1889,resources/data/patches_3rdparty/Lopyt/Keys/Totally Not Piano 1.fxp,contributor,35881,87eda3239c2540da472460bd79cb6d20a0e31b5b,87eda3239c2540da472460bd79cb6d20a0e31b5b,True,ok,,3,58914e59c608ed4384ba6002e44c3465c58b2e71,48000
1890,resources/data/patches_3rdparty/Lopyt/Keys/Totally Not Piano 2.fxp,contributor,39192,05ff71ce6abc4a9c6dd082d49c690cb0ef3e8787,05ff71ce6abc4a9c6dd082d49c690cb0ef3e8787,True,ok,,4,58914e59c608ed4384ba6002e44c3465c58b2e71,48000
1891,resources/data/patches_3rdparty/Lopyt/Leads/Annoying Lead.fxp,contributor,32157,68b3e929279803a1a7f15d44ff57b6f4072afa52,68b3e929279803a1a7f15d44ff57b6f4072afa52,True,ok,,6,58914e59c608ed4384ba6002e44c3465c58b2e71,48000
1892,resources/data/patches_3rdparty/Lopyt/Leads/Cardboard Box.fxp,contributor,32013,31a2818ef0add866a1280fa2fe8b7f424f02a591,31a2818ef0add866a1280fa2fe8b7f424f02a591,True,ok,,4,58914e59c608ed4384ba6002e44c3465c58b2e71,48000
1893,resources/data/patches_3rdparty/Lopyt/Leads/Distorted Lead.fxp,contributor,33610,c3591eee6b9039a050bfdfe36537857f0c3c4cf8,c3591eee6b9039a050bfdfe36537857f0c3c4cf8,True,ok,,3,58914e59c608ed4384ba6002e44c3465c58b2e71,48000
1894,resources/data/patches_3rdparty/Lopyt/Leads/Distorted Sine Lead.fxp,contributor,33321,0d4052964e6185b941ca03df4631a55fd7a42bbd,0d4052964e6185b941ca03df4631a55fd7a42bbd,True,ok,,4,58914e59c608ed4384ba6002e44c3465c58b2e71,48000
1895,resources/data/patches_3rdparty/Lopyt/Leads/Doorstop.fxp,contributor,31478,d8fe861610de82c183810a4e7748928025e5a71b,d8fe861610de82c183810a4e7748928025e5a71b,True,ok,,3,58914e59c608ed4384ba6002e44c3465c58b2e71,48000
1896,resources/data/patches_3rdparty/Lopyt/Leads/Hardstyle Lead 1.fxp,contributor,33370,408a1f12d23f0b6f5c26f35f6ad3b76d978cf5f4,408a1f12d23f0b6f5c26f35f6ad3b76d978cf5f4,True,ok,,3,58914e59c608ed4384ba6002e44c3465c58b2e71,48000
1897,resources/data/patches_3rdparty/Lopyt/Leads/Hardstyle Lead 2.fxp,contributor,33279,d90a118d9ca70bda04841c2bfc715303f414c138,d90a118d9ca70bda04841c2bfc715303f414c138,True,ok,,5,58914e59c608ed4384ba6002e44c3465c58b2e71,48000
1898,resources/data/patches_3rdparty/Lopyt/Leads/If 808 Was A Lead.fxp,contributor,33347,8c1a58c5e9acddc54458d1aa1a7eae67e4a34dbf,8c1a58c5e9acddc54458d1aa1a7eae67e4a34dbf,True,ok,,3,58914e59c608ed4384ba6002e44c3465c58b2e71,48000
1899,resources/data/patches_3rdparty/Lopyt/Leads/Leady.fxp,contributor,33997,3fc9081a9ec25c2b9ae48e0ed6d06f315bf2c6f9,3fc9081a9ec25c2b9ae48e0ed6d06f315bf2c6f9,True,ok,,7,58914e59c608ed4384ba6002e44c3465c58b2e71,48000
1900,resources/data/patches_3rdparty/Lopyt/Leads/Noise Saw.fxp,contributor,34349,094904711045ead589c5e0404fed549b89284e6b,094904711045ead589c5e0404fed549b89284e6b,True,ok,,5,58914e59c608ed4384ba6002e44c3465c58b2e71,48000
1901,resources/data/patches_3rdparty/Lopyt/Leads/Ooooo.fxp,contributor,32919,44539a9eee07b7d052503bb10fb5f65f9bcbc60f,44539a9eee07b7d052503bb10fb5f65f9bcbc60f,True,ok,,14,58914e59c608ed4384ba6002e44c3465c58b2e71,48000
1902,resources/data/patches_3rdparty/Lopyt/Leads/Robotic Cry.fxp,contributor,32835,49fd18920c795d0cdfb41b9d0ad44cdc57974137,49fd18920c795d0cdfb41b9d0ad44cdc57974137,True,ok,,8,58914e59c608ed4384ba6002e44c3465c58b2e71,48000
1903,resources/data/patches_3rdparty/Lopyt/Leads/Rock Lead.fxp,contributor,32249,220f3f879fbcc3f3dc69b0d9aa2d5f52ebedb865,220f3f879fbcc3f3dc69b0d9aa2d5f52ebedb865,True,ok,,2,58914e59c608ed4384ba6002e44c3465c58b2e71,48000
1904,resources/data/patches_3rdparty/Lopyt/Leads/San Holo Lead.fxp,contributor,32812,b8d76175346026dccdcd6b5d321b9b259d3629f4,b8d76175346026dccdcd6b5d321b9b259d3629f4,True,ok,,10,58914e59c608ed4384ba6002e44c3465c58b2e71,48000
1905,resources/data/patches_3rdparty/Lopyt/Leads/Saw Lead 1.fxp,contributor,32976,5f89b26a26d2a86dcfd1bc9724c435a924bfbe65,5f89b26a26d2a86dcfd1bc9724c435a924bfbe65,True,ok,,11,58914e59c608ed4384ba6002e44c3465c58b2e71,48000
1906,resources/data/patches_3rdparty/Lopyt/Leads/Saw Lead 2.fxp,contributor,33577,77109ae29c129cbaebc62c8a2cdb274950a44b29,77109ae29c129cbaebc62c8a2cdb274950a44b29,True,ok,,7,58914e59c608ed4384ba6002e44c3465c58b2e71,48000
1907,resources/data/patches_3rdparty/Lopyt/Leads/Simple Noise&Square.fxp,contributor,31408,dceacd8e817d7a5d67f885cd3de5499a9cf4991d,dceacd8e817d7a5d67f885cd3de5499a9cf4991d,True,ok,,2,58914e59c608ed4384ba6002e44c3465c58b2e71,48000
1908,resources/data/patches_3rdparty/Lopyt/Leads/Sync Lead.fxp,contributor,32852,926e706a0f95d86434362a9362e8ee0a69948230,926e706a0f95d86434362a9362e8ee0a69948230,True,ok,,53,58914e59c608ed4384ba6002e44c3465c58b2e71,48000
1909,resources/data/patches_3rdparty/Lopyt/Leads/Vintage Lead.fxp,contributor,33008,5a7ee414d9635614ef42ac5d6f92e4a814344112,5a7ee414d9635614ef42ac5d6f92e4a814344112,True,ok,,3,58914e59c608ed4384ba6002e44c3465c58b2e71,48000
1910,resources/data/patches_3rdparty/Lopyt/Leads/Whistler.fxp,contributor,32651,34ba76dfbcd26df1be9ea186d4936f802c46d9cc,34ba76dfbcd26df1be9ea186d4936f802c46d9cc,True,ok,,3,58914e59c608ed4384ba6002e44c3465c58b2e71,48000
1911,resources/data/patches_3rdparty/Lopyt/Mallets/Fake Reverb.fxp,contributor,33983,6424816c7a46f4e12058f1fc678a021a889e8d8a,6424816c7a46f4e12058f1fc678a021a889e8d8a,True,ok,,3,58914e59c608ed4384ba6002e44c3465c58b2e71,48000
1912,resources/data/patches_3rdparty/Lopyt/Mallets/Hand Pan.fxp,contributor,33161,83b003bd1799efcc520e24d3b1e673bf92e74d63,83b003bd1799efcc520e24d3b1e673bf92e74d63,True,ok,,3,58914e59c608ed4384ba6002e44c3465c58b2e71,48000
1913,resources/data/patches_3rdparty/Lopyt/Mallets/Ice Marimba.fxp,contributor,32138,710f310c6fe8c996d1d2f0542be5a180868f7f08,710f310c6fe8c996d1d2f0542be5a180868f7f08,True,ok,,3,58914e59c608ed4384ba6002e44c3465c58b2e71,48000
1914,resources/data/patches_3rdparty/Lopyt/Mallets/Marimba 1.fxp,contributor,33521,69a83f63cf191879d265443388ccdb1a3a90ddbf,69a83f63cf191879d265443388ccdb1a3a90ddbf,True,ok,,3,58914e59c608ed4384ba6002e44c3465c58b2e71,48000
1915,resources/data/patches_3rdparty/Lopyt/Mallets/Marimba 2.fxp,contributor,31611,209327a3957eed1b146bb06991394a32a18da5c0,209327a3957eed1b146bb06991394a32a18da5c0,True,ok,,2,58914e59c608ed4384ba6002e44c3465c58b2e71,48000
1916,resources/data/patches_3rdparty/Lopyt/Mallets/Telephone Xylophone.fxp,contributor,32126,908bc93890e542187e29d82fede7cb2b3c6c4541,908bc93890e542187e29d82fede7cb2b3c6c4541,True,ok,,4,58914e59c608ed4384ba6002e44c3465c58b2e71,48000
1917,resources/data/patches_3rdparty/Lopyt/Mallets/Xylo Thing.fxp,contributor,32192,9f5802a022cafebb44d9fe05a58731312e1ebe59,9f5802a022cafebb44d9fe05a58731312e1ebe59,True,ok,,3,58914e59c608ed4384ba6002e44c3465c58b2e71,48000
1918,resources/data/patches_3rdparty/Lopyt/Mallets/Xylo.fxp,contributor,32860,dae673142214d3c2ccf04c5fa18fe3291cfdd46f,dae673142214d3c2ccf04c5fa18fe3291cfdd46f,True,ok,,3,58914e59c608ed4384ba6002e44c3465c58b2e71,48000
1919,resources/data/patches_3rdparty/Lopyt/Organs/8-Bit Organ.fxp,contributor,31477,deeb17f2a077195f6e203cd032c90a939741c6eb,deeb17f2a077195f6e203cd032c90a939741c6eb,True,ok,,3,58914e59c608ed4384ba6002e44c3465c58b2e71,48000
1920,resources/data/patches_3rdparty/Lopyt/Organs/Church Organ.fxp,contributor,34665,e4aeb13f592f2b07c88cf22db4f56846ccddfebf,e4aeb13f592f2b07c88cf22db4f56846ccddfebf,True,ok,,3,58914e59c608ed4384ba6002e44c3465c58b2e71,48000
1921,resources/data/patches_3rdparty/Lopyt/Organs/Nighttime Air.fxp,contributor,33698,b07bd2e0f251ba08d36bf4bd083ac76c5c2c1df8,b07bd2e0f251ba08d36bf4bd083ac76c5c2c1df8,True,ok,,4,58914e59c608ed4384ba6002e44c3465c58b2e71,48000
1922,resources/data/patches_3rdparty/Lopyt/Organs/Organ 1.fxp,contributor,33910,6d3e4ef7f617d22e61a5394b2cd14f0d92a3e7d1,6d3e4ef7f617d22e61a5394b2cd14f0d92a3e7d1,True,ok,,3,58914e59c608ed4384ba6002e44c3465c58b2e71,48000
1923,resources/data/patches_3rdparty/Lopyt/Organs/Organ 2.fxp,contributor,31941,f37fdd4938260ef3549172485413bef630cc64dc,f37fdd4938260ef3549172485413bef630cc64dc,True,ok,,3,58914e59c608ed4384ba6002e44c3465c58b2e71,48000
1924,resources/data/patches_3rdparty/Lopyt/Organs/Organ Lead.fxp,contributor,31798,0d385516e0d4b42f40b30026c638caa8edbdd9b7,0d385516e0d4b42f40b30026c638caa8edbdd9b7,True,ok,,3,58914e59c608ed4384ba6002e44c3465c58b2e71,48000
1925,resources/data/patches_3rdparty/Lopyt/Organs/Steamy.fxp,contributor,31475,3c4d48255b212498536987ff9ea950af43e903bd,3c4d48255b212498536987ff9ea950af43e903bd,True,ok,,2,58914e59c608ed4384ba6002e44c3465c58b2e71,48000
1926,resources/data/patches_3rdparty/Lopyt/Pads/Choir Pad.fxp,contributor,34497,c85b287645675b3d794bb840016b6fa637fc0d8c,c85b287645675b3d794bb840016b6fa637fc0d8c,True,ok,,3,58914e59c608ed4384ba6002e44c3465c58b2e71,48000
1927,resources/data/patches_3rdparty/Lopyt/Pads/Pad Thing.fxp,contributor,25712,7109132609acf2496002356aecadf791d22c1494,7109132609acf2496002356aecadf791d22c1494,True,ok,,3,58914e59c608ed4384ba6002e44c3465c58b2e71,48000
1928,resources/data/patches_3rdparty/Lopyt/Pads/Pink Pad.fxp,contributor,26957,94fab3d50a76aa95c3aa0f1b15593116650c5e1f,94fab3d50a76aa95c3aa0f1b15593116650c5e1f,True,ok,,3,58914e59c608ed4384ba6002e44c3465c58b2e71,48000
1929,resources/data/patches_3rdparty/Lopyt/Pads/Talking Pad.fxp,contributor,32909,e4e82546c8349d422ba416e60f326aa4eca7e5ad,e4e82546c8349d422ba416e60f326aa4eca7e5ad,True,ok,,3,58914e59c608ed4384ba6002e44c3465c58b2e71,48000
1930,resources/data/patches_3rdparty/Lopyt/Pads/Vocal Pad.fxp,contributor,33706,7bba0c25263a65e1a9152cde98c6c885aa3dd78a,7bba0c25263a65e1a9152cde98c6c885aa3dd78a,True,ok,,3,58914e59c608ed4384ba6002e44c3465c58b2e71,48000
1931,resources/data/patches_3rdparty/Lopyt/Pads/Warm Pad.fxp,contributor,31841,ae9657547439d07687dfda78809909c0a2469508,ae9657547439d07687dfda78809909c0a2469508,True,ok,,2,58914e59c608ed4384ba6002e44c3465c58b2e71,48000
1932,resources/data/patches_3rdparty/Lopyt/Plucks/Another Pluck.fxp,contributor,32010,175d0892ba80a9cd3eb6cc6ab4ee3d54af7112ef,175d0892ba80a9cd3eb6cc6ab4ee3d54af7112ef,True,ok,,4,58914e59c608ed4384ba6002e44c3465c58b2e71,48000
1933,resources/data/patches_3rdparty/Lopyt/Plucks/Lo-Fi Pluck.fxp,contributor,36831,46bf31473c06fbc2c05f83a3d99ee775f249c42d,46bf31473c06fbc2c05f83a3d99ee775f249c42d,True,ok,,4,58914e59c608ed4384ba6002e44c3465c58b2e71,48000
1934,resources/data/patches_3rdparty/Lopyt/Plucks/Supersaw Pluck.fxp,contributor,33569,cfd2bf957257b760bdde9118468346a3362e32f5,cfd2bf957257b760bdde9118468346a3362e32f5,True,ok,,3,58914e59c608ed4384ba6002e44c3465c58b2e71,48000
1935,resources/data/patches_3rdparty/Lopyt/Plucks/Tiny Pluck.fxp,contributor,32885,0b51859714399657461d3482f99522e54cf9d6e1,0b51859714399657461d3482f99522e54cf9d6e1,True,ok,,4,58914e59c608ed4384ba6002e44c3465c58b2e71,48000
1936,resources/data/patches_3rdparty/Lopyt/Polysynths/70s Rock Synth.fxp,contributor,33206,62980d20f5663be24c0cb969f3c29c24d85f80fe,62980d20f5663be24c0cb969f3c29c24d85f80fe,True,ok,,4,58914e59c608ed4384ba6002e44c3465c58b2e71,48000
1937,resources/data/patches_3rdparty/Lopyt/Polysynths/Granular Supersaw.fxp,contributor,32072,f6b1afef3dcbfddf31c3f9c21ec86e2a1bdd610e,f6b1afef3dcbfddf31c3f9c21ec86e2a1bdd610e,True,ok,,5,58914e59c608ed4384ba6002e44c3465c58b2e71,48000
1938,resources/data/patches_3rdparty/Lopyt/Polysynths/Lo-Fi Saw Thing.fxp,contributor,32365,00ad8a2798f9636132c1e8a66b70161fcecabe00,00ad8a2798f9636132c1e8a66b70161fcecabe00,True,ok,,2,58914e59c608ed4384ba6002e44c3465c58b2e71,48000
1939,resources/data/patches_3rdparty/Lopyt/Polysynths/Noise Saw.fxp,contributor,32996,95f818253c46768800882cb31d9361da5d36af15,95f818253c46768800882cb31d9361da5d36af15,True,ok,,6,58914e59c608ed4384ba6002e44c3465c58b2e71,48000
1940,resources/data/patches_3rdparty/Lopyt/Polysynths/Supersaw.fxp,contributor,32539,dfb7f1dc5fbfbdb47196e55bf27b38be59b46bc9,dfb7f1dc5fbfbdb47196e55bf27b38be59b46bc9,True,ok,,3,58914e59c608ed4384ba6002e44c3465c58b2e71,48000
1941,resources/data/patches_3rdparty/Lopyt/Polysynths/Synth Keys.fxp,contributor,32826,6aeb30b6f83e32de164a3a9cd784aa4cc58a7620,6aeb30b6f83e32de164a3a9cd784aa4cc58a7620,True,ok,,5,58914e59c608ed4384ba6002e44c3465c58b2e71,48000
1942,resources/data/patches_3rdparty/Lopyt/Rhythms/8th Note Hits.fxp,contributor,32033,e162cd8ef290de92a181a32a0608991f480b4720,e162cd8ef290de92a181a32a0608991f480b4720,True,ok,,7,58914e59c608ed4384ba6002e44c3465c58b2e71,48000
1943,resources/data/patches_3rdparty/Lopyt/Rhythms/Bass Sequence.fxp,contributor,40352,3f9ee45edc0d6bee3a2443dd9cc3592041ac19d1,3f9ee45edc0d6bee3a2443dd9cc3592041ac19d1,True,ok,,5,58914e59c608ed4384ba6002e44c3465c58b2e71,48000
1944,resources/data/patches_3rdparty/Lopyt/Rhythms/Wee Menu Beat.fxp,contributor,32596,68fc4c55545baded38cfb4253acbc4fcae8c0ed6,68fc4c55545baded38cfb4253acbc4fcae8c0ed6,True,ok,,5,58914e59c608ed4384ba6002e44c3465c58b2e71,48000
1945,resources/data/patches_3rdparty/Lopyt/Soundscapes/Analog Alien Desert.fxp,contributor,33362,10dc5221f4f120833d85011d30fd78cc1fdd320e,10dc5221f4f120833d85011d30fd78cc1fdd320e,True,ok,,6,58914e59c608ed4384ba6002e44c3465c58b2e71,48000
1946,resources/data/patches_3rdparty/Lopyt/Soundscapes/Tentacles.fxp,contributor,32469,d811096971efa1da42be4c646bd786cc9dc6e4ea,d811096971efa1da42be4c646bd786cc9dc6e4ea,True,ok,,2,58914e59c608ed4384ba6002e44c3465c58b2e71,48000
1947,resources/data/patches_3rdparty/Lopyt/Strings/8-Bit Strings.fxp,contributor,31445,d2ce6150ab5844c92d0dacabb0d88a65bdf81fd3,d2ce6150ab5844c92d0dacabb0d88a65bdf81fd3,True,ok,,3,58914e59c608ed4384ba6002e44c3465c58b2e71,48000
1948,resources/data/patches_3rdparty/Lopyt/Strings/Cello Long.fxp,contributor,34466,62f967f25fe2ac9664f204dd702976d6b0b5a3e1,62f967f25fe2ac9664f204dd702976d6b0b5a3e1,True,ok,,2,58914e59c608ed4384ba6002e44c3465c58b2e71,48000
1949,resources/data/patches_3rdparty/Lopyt/Strings/Cello Section.fxp,contributor,39823,a5567ec970f3621a26296a8382307857e15f047a,a5567ec970f3621a26296a8382307857e15f047a,True,ok,,4,58914e59c608ed4384ba6002e44c3465c58b2e71,48000
1950,resources/data/patches_3rdparty/Lopyt/Strings/Mellotron Violins.fxp,contributor,81865,fa427acbcb3f4285e244b02e02e9b8877dacc375,fa427acbcb3f4285e244b02e02e9b8877dacc375,True,ok,,7,58914e59c608ed4384ba6002e44c3465c58b2e71,48000
1951,resources/data/patches_3rdparty/Lopyt/Strings/Synth Strings.fxp,contributor,37476,73170a8b34c598ad3466583413b3f80f974b98d8,73170a8b34c598ad3466583413b3f80f974b98d8,True,ok,,3,58914e59c608ed4384ba6002e44c3465c58b2e71,48000
1952,resources/data/patches_3rdparty/Lopyt/Strings/Violin Section.fxp,contributor,39937,dca37b4e39cd175f7de4dd26975ed6b6b179e958,dca37b4e39cd175f7de4dd26975ed6b6b179e958,True,ok,,3,58914e59c608ed4384ba6002e44c3465c58b2e71,48000
1953,resources/data/patches_3rdparty/Lopyt/Voices/8-Bit Choir.fxp,contributor,31805,586838395138cccd3552c48330132909adb7f199,586838395138cccd3552c48330132909adb7f199,True,ok,,2,58914e59c608ed4384ba6002e44c3465c58b2e71,48000
1954,resources/data/patches_3rdparty/Lopyt/Voices/Bad Choir 1.fxp,contributor,34143,ce97cd27ebf6281f9da7f0b68143599a6cf11eab,ce97cd27ebf6281f9da7f0b68143599a6cf11eab,True,ok,,2,58914e59c608ed4384ba6002e44c3465c58b2e71,48000
1955,resources/data/patches_3rdparty/Lopyt/Voices/Bad Choir 2.fxp,contributor,33031,ab4dace4dd3e16c0a44aef85d571067fb5092588,ab4dace4dd3e16c0a44aef85d571067fb5092588,True,ok,,2,58914e59c608ed4384ba6002e44c3465c58b2e71,48000
1956,resources/data/patches_3rdparty/Lopyt/Voices/Lo-Fi Synth Voice.fxp,contributor,33752,41308f7b3de1a8be0b77f81d3e7fca0cf02cd4db,41308f7b3de1a8be0b77f81d3e7fca0cf02cd4db,True,ok,,2,58914e59c608ed4384ba6002e44c3465c58b2e71,48000
1957,resources/data/patches_3rdparty/Lopyt/Voices/Vocal-like Thing.fxp,contributor,33046,f3aa945bf3f2dca62672d186728d0120ac6fc6b0,f3aa945bf3f2dca62672d186728d0120ac6fc6b0,True,ok,,4,58914e59c608ed4384ba6002e44c3465c58b2e71,48000
1958,resources/data/patches_3rdparty/Lopyt/Woodwinds/8-Bit Flutes.fxp,contributor,31448,38d90d21601dcd592289ef598c0d25314643cf9b,38d90d21601dcd592289ef598c0d25314643cf9b,True,ok,,40,58914e59c608ed4384ba6002e44c3465c58b2e71,48000
1959,resources/data/patches_3rdparty/Lopyt/Woodwinds/Recorder.fxp,contributor,34979,5c992964738b825808b403b9c16877c2060fe6b2,5c992964738b825808b403b9c16877c2060fe6b2,True,ok,,3,58914e59c608ed4384ba6002e44c3465c58b2e71,48000
1960,resources/data/patches_3rdparty/Lopyt/Woodwinds/Sax Solo.fxp,contributor,39804,c971c85feeab025db956cca69bdb82f1ede58354,c971c85feeab025db956cca69bdb82f1ede58354,True,ok,,4,58914e59c608ed4384ba6002e44c3465c58b2e71,48000
1961,resources/data/patches_3rdparty/Lopyt/Woodwinds/Sine Saxophone.fxp,contributor,32177,8a1ca891ef7024044e430e7d448064d0e149a035,8a1ca891ef7024044e430e7d448064d0e149a035,True,ok,,2,58914e59c608ed4384ba6002e44c3465c58b2e71,48000
1962,resources/data/patches_3rdparty/Lopyt/Woodwinds/Synth Sax 1.fxp,contributor,34002,711aff3a2b8f854b3e0c9c9ee8f5e667ee84566f,711aff3a2b8f854b3e0c9c9ee8f5e667ee84566f,True,ok,,3,58914e59c608ed4384ba6002e44c3465c58b2e71,48000
1963,resources/data/patches_3rdparty/Lopyt/Woodwinds/Synth Sax 2.fxp,contributor,35125,46a644ecabb78b6b2d188e8af33b721fd33b1417,46a644ecabb78b6b2d188e8af33b721fd33b1417,True,ok,,4,58914e59c608ed4384ba6002e44c3465c58b2e71,48000
1964,resources/data/patches_3rdparty/Lopyt/Woodwinds/Woody.fxp,contributor,31523,5b4c8bc63188c6358194da49941a2cbf1cacb493,5b4c8bc63188c6358194da49941a2cbf1cacb493,True,ok,,2,58914e59c608ed4384ba6002e44c3465c58b2e71,48000
1965,resources/data/patches_3rdparty/Luna/Atmospheres/Alias Digital Atmosphere.fxp,contributor,31124,674a5a317b1cb9abb89b1872abad7ed7e3d6ebd4,674a5a317b1cb9abb89b1872abad7ed7e3d6ebd4,True,ok,,86,58914e59c608ed4384ba6002e44c3465c58b2e71,48000
1966,resources/data/patches_3rdparty/Luna/Atmospheres/Alias Glass Voice 1.fxp,contributor,30027,2694402225de5808df54436438ddd0030fc3b735,2694402225de5808df54436438ddd0030fc3b735,True,ok,,28,58914e59c608ed4384ba6002e44c3465c58b2e71,48000
1967,resources/data/patches_3rdparty/Luna/Atmospheres/Alias Glass Voice 2.fxp,contributor,30192,2988fbc05437cfcc100781c3d037833d583b3f2b,2988fbc05437cfcc100781c3d037833d583b3f2b,True,ok,,3,58914e59c608ed4384ba6002e44c3465c58b2e71,48000
1968,resources/data/patches_3rdparty/Luna/Atmospheres/Alias Glass Voice 3.fxp,contributor,30660,c7d6dad109741fed64747a473f2760f6729d3279,c7d6dad109741fed64747a473f2760f6729d3279,True,ok,,6,58914e59c608ed4384ba6002e44c3465c58b2e71,48000
1969,resources/data/patches_3rdparty/Luna/Atmospheres/Pretty Fifth.fxp,contributor,28018,702c7ac8fd33857ec665d907d15018e3b7c980f5,702c7ac8fd33857ec665d907d15018e3b7c980f5,True,ok,,2,58914e59c608ed4384ba6002e44c3465c58b2e71,48000
1970,resources/data/patches_3rdparty/Luna/Basses/Acid.fxp,contributor,30249,4028c96ae18177aa4582b50d03052016e7128609,4028c96ae18177aa4582b50d03052016e7128609,True,ok,,2,58914e59c608ed4384ba6002e44c3465c58b2e71,48000
1971,resources/data/patches_3rdparty/Luna/Basses/Acidic Warp.fxp,contributor,30261,617c7927b0a35811d4cee3d5c919a5cceb6c7528,617c7927b0a35811d4cee3d5c919a5cceb6c7528,True,ok,,5,58914e59c608ed4384ba6002e44c3465c58b2e71,48000
1972,resources/data/patches_3rdparty/Luna/Basses/Alias Notch Bass.fxp,contributor,29588,b8601406460036e6b11d70dd00ae83cb952f85e1,b8601406460036e6b11d70dd00ae83cb952f85e1,True,ok,,6,58914e59c608ed4384ba6002e44c3465c58b2e71,48000
1973,resources/data/patches_3rdparty/Luna/Basses/Basic Acid.fxp,contributor,30800,59eef249c435c63c514e5e3394359bb5f6f7f17c,59eef249c435c63c514e5e3394359bb5f6f7f17c,True,ok,,7,58914e59c608ed4384ba6002e44c3465c58b2e71,48000
1974,resources/data/patches_3rdparty/Luna/Basses/Better FM Bass.fxp,contributor,28068,5ff9b2c86ba4fbf2c089d764ce221c93e48dddc7,5ff9b2c86ba4fbf2c089d764ce221c93e48dddc7,True,ok,,2,58914e59c608ed4384ba6002e44c3465c58b2e71,48000
1975,resources/data/patches_3rdparty/Luna/Basses/Chonky Analog Bass 1.fxp,contributor,27425,5fa91a8117cfd67f532a054da47b664bf1e3e8a0,5fa91a8117cfd67f532a054da47b664bf1e3e8a0,True,ok,,2,58914e59c608ed4384ba6002e44c3465c58b2e71,48000
1976,resources/data/patches_3rdparty/Luna/Basses/Chonky Analog Bass 2.fxp,contributor,27426,c9605372fca0a3c17278e7577fe0fdc3a39c98b3,c9605372fca0a3c17278e7577fe0fdc3a39c98b3,True,ok,,3,58914e59c608ed4384ba6002e44c3465c58b2e71,48000
1977,resources/data/patches_3rdparty/Luna/Basses/FM Donk.fxp,contributor,30074,40fd2e455aa0d3891cf34a9c854bdd867540b4b4,40fd2e455aa0d3891cf34a9c854bdd867540b4b4,True,ok,,3,58914e59c608ed4384ba6002e44c3465c58b2e71,48000
1978,resources/data/patches_3rdparty/Luna/Basses/Kinda Moogish Fifth.fxp,contributor,31223,26c44e331dfba3e07af6324ab74910e039b1e4f0,26c44e331dfba3e07af6324ab74910e039b1e4f0,True,ok,,4,58914e59c608ed4384ba6002e44c3465c58b2e71,48000
1979,resources/data/patches_3rdparty/Luna/Basses/Notch Like FM.fxp,contributor,27806,70f32ff0caf8229c38a444e9592693cd3101f685,70f32ff0caf8229c38a444e9592693cd3101f685,True,ok,,6,58914e59c608ed4384ba6002e44c3465c58b2e71,48000
1980,resources/data/patches_3rdparty/Luna/Basses/SK Acid.fxp,contributor,30645,521fe08be4d91971c23365613602d45fd8f3c40a,521fe08be4d91971c23365613602d45fd8f3c40a,True,ok,,5,58914e59c608ed4384ba6002e44c3465c58b2e71,48000
1981,resources/data/patches_3rdparty/Luna/Basses/Scorcher.fxp,contributor,29930,ee58d87872b21387b738187cc0205b7a11d99071,ee58d87872b21387b738187cc0205b7a11d99071,True,ok,,3,58914e59c608ed4384ba6002e44c3465c58b2e71,48000
1982,resources/data/patches_3rdparty/Luna/Basses/Screamy Bass.fxp,contributor,27407,80d67f6057b858e87769c70dc35b556b88efec1d,80d67f6057b858e87769c70dc35b556b88efec1d,True,ok,,2,58914e59c608ed4384ba6002e44c3465c58b2e71,48000
1983,resources/data/patches_3rdparty/Luna/Basses/Slap Bass.fxp,contributor,27307,c265230d47a1ebd360b493fb54de3505c811dc69,c265230d47a1ebd360b493fb54de3505c811dc69,True,ok,,3,58914e59c608ed4384ba6002e44c3465c58b2e71,48000
1984,resources/data/patches_3rdparty/Luna/Basses/Synthwave.fxp,contributor,27234,ec2e0365f0a23cc7ec08b98d4c4120bc211e01db,ec2e0365f0a23cc7ec08b98d4c4120bc211e01db,True,ok,,4,58914e59c608ed4384ba6002e44c3465c58b2e71,48000
1985,resources/data/patches_3rdparty/Luna/Basses/Vaguely Latelyish.fxp,contributor,27099,08f7e4afd83689bdd09a3c61528345261f6efc9d,08f7e4afd83689bdd09a3c61528345261f6efc9d,True,ok,,4,58914e59c608ed4384ba6002e44c3465c58b2e71,48000
1986,resources/data/patches_3rdparty/Luna/Basses/Vocal Saw.fxp,contributor,30005,7929f5ba995a7bb68ec7ddba4ac11385a4806f1d,7929f5ba995a7bb68ec7ddba4ac11385a4806f1d,True,ok,,5,58914e59c608ed4384ba6002e44c3465c58b2e71,48000
1987,resources/data/patches_3rdparty/Luna/Basses/Waveshaper Bass.fxp,contributor,30161,dd127dadef86ec6dd5b84a9440e3e8ffe0a240d4,dd127dadef86ec6dd5b84a9440e3e8ffe0a240d4,True,ok,,5,58914e59c608ed4384ba6002e44c3465c58b2e71,48000
1988,resources/data/patches_3rdparty/Luna/Basses/Wide Bass.fxp,contributor,27003,5f1ffaa88e872eeba4aae3930e7fe85fe8050bc2,5f1ffaa88e872eeba4aae3930e7fe85fe8050bc2,True,ok,,2,58914e59c608ed4384ba6002e44c3465c58b2e71,48000
1989,resources/data/patches_3rdparty/Luna/Bells/Taco Bell.fxp,contributor,28010,4cb44bfe956ad4facc00e719b97f52f6f9100625,4cb44bfe956ad4facc00e719b97f52f6f9100625,True,ok,,3,58914e59c608ed4384ba6002e44c3465c58b2e71,48000
1990,resources/data/patches_3rdparty/Luna/Bells/Tubular Bellsish But Less.fxp,contributor,28746,b620cea34f930e6d12b9dd351934a7c9afe693ed,b620cea34f930e6d12b9dd351934a7c9afe693ed,True,ok,,4,58914e59c608ed4384ba6002e44c3465c58b2e71,48000
1991,resources/data/patches_3rdparty/Luna/Bells/Tubular Bellsish But Zeroish.fxp,contributor,28725,cb092c24408a6fc90ade9b619f1765904ccf6768,cb092c24408a6fc90ade9b619f1765904ccf6768,True,ok,,5,58914e59c608ed4384ba6002e44c3465c58b2e71,48000
1992,resources/data/patches_3rdparty/Luna/Bells/Tubular Bellsish.fxp,contributor,28219,8fa3f196fce5c9fdbcf8d2c314d5943275e4920d,8fa3f196fce5c9fdbcf8d2c314d5943275e4920d,True,ok,,6,58914e59c608ed4384ba6002e44c3465c58b2e71,48000
1993,resources/data/patches_3rdparty/Luna/Bells/Twist Bell.fxp,contributor,27332,bf6a856e852ddc3f9f6a068275e285d4a043d1a2,bf6a856e852ddc3f9f6a068275e285d4a043d1a2,True,ok,,3,58914e59c608ed4384ba6002e44c3465c58b2e71,48000
1994,resources/data/patches_3rdparty/Luna/Brass/Analog Brass.fxp,contributor,28016,ea2da0a2c63877e199160eadcaf895c0920c74c8,ea2da0a2c63877e199160eadcaf895c0920c74c8,True,ok,,4,58914e59c608ed4384ba6002e44c3465c58b2e71,48000
1995,resources/data/patches_3rdparty/Luna/Brass/Brassy Sync.fxp,contributor,27580,baecbf70c39d53562e6b6aafc85fbddd613b1b26,baecbf70c39d53562e6b6aafc85fbddd613b1b26,True,ok,,11,58914e59c608ed4384ba6002e44c3465c58b2e71,48000
1996,resources/data/patches_3rdparty/Luna/Brass/Fat Brass.fxp,contributor,26883,2a4910de17d2c169d66abd24bf0644bc4fd00d5d,2a4910de17d2c169d66abd24bf0644bc4fd00d5d,True,ok,,6,58914e59c608ed4384ba6002e44c3465c58b2e71,48000
1997,resources/data/patches_3rdparty/Luna/Brass/Saw Difference Brass.fxp,contributor,26925,74678dff0466444cbc872256f049191edd7bb715,74678dff0466444cbc872256f049191edd7bb715,True,ok,,2,58914e59c608ed4384ba6002e44c3465c58b2e71,48000
1998,resources/data/patches_3rdparty/Luna/Brass/Silly Brass.fxp,contributor,26889,6795a036ca34a612e94920b95f38ce7f7b17d26e,6795a036ca34a612e94920b95f38ce7f7b17d26e,True,ok,,2,58914e59c608ed4384ba6002e44c3465c58b2e71,48000
1999,resources/data/patches_3rdparty/Luna/Brass/Wavetable Brass.fxp,contributor,1076763,61a013206b4cb5793ac9bce50f7c9a824242f5ce,61a013206b4cb5793ac9bce50f7c9a824242f5ce,True,ok,,139,58914e59c608ed4384ba6002e44c3465c58b2e71,48000
2000,resources/data/patches_3rdparty/Luna/Drums/Big Grimy Kick w Wobble.fxp,contributor,28856,4a4dbd4cdb421dad946485c1d5a712a131aa4f64,4a4dbd4cdb421dad946485c1d5a712a131aa4f64,True,ok,,7,58914e59c608ed4384ba6002e44c3465c58b2e71,48000
2001,resources/data/patches_3rdparty/Luna/Drums/Big Kick w Wobble.fxp,contributor,28851,2125b50486bf8817352babc23351ecef61f6d0c5,2125b50486bf8817352babc23351ecef61f6d0c5,True,ok,,3,58914e59c608ed4384ba6002e44c3465c58b2e71,48000
2002,resources/data/patches_3rdparty/Luna/Drums/Big Kick.fxp,contributor,27595,ed9b87e2c93eba3b19d560049a5d35ea2e29b4f2,ed9b87e2c93eba3b19d560049a5d35ea2e29b4f2,True,ok,,2,58914e59c608ed4384ba6002e44c3465c58b2e71,48000
2003,resources/data/patches_3rdparty/Luna/Drums/NES Kick.fxp,contributor,27654,699af18c89133b70a019221f21ccb681bb27e844,699af18c89133b70a019221f21ccb681bb27e844,True,ok,,2,58914e59c608ed4384ba6002e44c3465c58b2e71,48000
2004,resources/data/patches_3rdparty/Luna/Drums/Noise Snare 1.fxp,contributor,27658,53a55ee270453cca9836f168724368b304de85c4,53a55ee270453cca9836f168724368b304de85c4,True,ok,,2,58914e59c608ed4384ba6002e44c3465c58b2e71,48000
2005,resources/data/patches_3rdparty/Luna/Drums/Noise Snare 2.fxp,contributor,27662,aa14d8e3fc52a97c26b8569357ffbc58034f0ebf,aa14d8e3fc52a97c26b8569357ffbc58034f0ebf,True,ok,,2,58914e59c608ed4384ba6002e44c3465c58b2e71,48000
2006,resources/data/patches_3rdparty/Luna/FX/Alias Data Reso.fxp,contributor,27543,327334b8daac867d932dddadaaaaee5d41d715ef,327334b8daac867d932dddadaaaaee5d41d715ef,True,ok,,2,58914e59c608ed4384ba6002e44c3465c58b2e71,48000
2007,resources/data/patches_3rdparty/Luna/FX/Alias MSEG.fxp,contributor,29680,20381122d2338a39c126722e24446aa39fc7af39,20381122d2338a39c126722e24446aa39fc7af39,True,ok,,3,58914e59c608ed4384ba6002e44c3465c58b2e71,48000
2008,resources/data/patches_3rdparty/Luna/FX/Alias Sync Digital Hell Portal.fxp,contributor,30774,127fb0966dc9061293ad15a8ce442fd073b1d059,127fb0966dc9061293ad15a8ce442fd073b1d059,True,ok,,2,58914e59c608ed4384ba6002e44c3465c58b2e71,48000
2009,resources/data/patches_3rdparty/Luna/FX/Alien Search Drone.fxp,contributor,31444,3a72c7c03c50b46097e2699591096f2bcdf53ecf,3a72c7c03c50b46097e2699591096f2bcdf53ecf,True,ok,,2,58914e59c608ed4384ba6002e44c3465c58b2e71,48000
2010,resources/data/patches_3rdparty/Luna/FX/Ambience Noise.fxp,contributor,27886,c0670bc1e1d9b126cbf32c58c8958491d7141e16,c0670bc1e1d9b126cbf32c58c8958491d7141e16,True,ok,,3,58914e59c608ed4384ba6002e44c3465c58b2e71,48000
2011,resources/data/patches_3rdparty/Luna/FX/Cuckoo Filters.fxp,contributor,27688,f103e70b9ad6fa5b998d797c6d38cab2a24596bd,f103e70b9ad6fa5b998d797c6d38cab2a24596bd,True,ok,,2,58914e59c608ed4384ba6002e44c3465c58b2e71,48000
2012,resources/data/patches_3rdparty/Luna/FX/Filter Chaos 1.fxp,contributor,27673,82d9743affa6af75f987551da968aecc3618bced,82d9743affa6af75f987551da968aecc3618bced,True,ok,,2,58914e59c608ed4384ba6002e44c3465c58b2e71,48000
2013,resources/data/patches_3rdparty/Luna/FX/Filter Chaos 2.fxp,contributor,27754,871a5782bea75a8386018b35f3ee5c2d1236a81e,871a5782bea75a8386018b35f3ee5c2d1236a81e,True,ok,,2,58914e59c608ed4384ba6002e44c3465c58b2e71,48000
2014,resources/data/patches_3rdparty/Luna/FX/Knives & Forks.fxp,contributor,27340,7667279a62a557e1ccfcc3dc9bc09994df4801e9,7667279a62a557e1ccfcc3dc9bc09994df4801e9,True,ok,,2,58914e59c608ed4384ba6002e44c3465c58b2e71,48000
2015,resources/data/patches_3rdparty/Luna/FX/Paranoid Mumbling.fxp,contributor,32188,9afa66f84bf04edd972f6e80c14eb3a9495e8fc4,9afa66f84bf04edd972f6e80c14eb3a9495e8fc4,True,ok,,3,58914e59c608ed4384ba6002e44c3465c58b2e71,48000
2016,resources/data/patches_3rdparty/Luna/FX/Wobbler Filthy 1.fxp,contributor,27985,6bd64cfcaa87ba376fe584dc0c72de414c4084e4,6bd64cfcaa87ba376fe584dc0c72de414c4084e4,True,ok,,2,58914e59c608ed4384ba6002e44c3465c58b2e71,48000
2017,resources/data/patches_3rdparty/Luna/FX/Wobbler Filthy 2.fxp,contributor,27988,fa95992ceb4586a8e8a59bfed344f4fe3dc414f5,fa95992ceb4586a8e8a59bfed344f4fe3dc414f5,True,ok,,2,58914e59c608ed4384ba6002e44c3465c58b2e71,48000
2018,resources/data/patches_3rdparty/Luna/FX/Wobbler.fxp,contributor,27801,ff8fc50c8a0779903b95020c0892b018772b7b2e,ff8fc50c8a0779903b95020c0892b018772b7b2e,True,ok,,2,58914e59c608ed4384ba6002e44c3465c58b2e71,48000
2019,resources/data/patches_3rdparty/Luna/Guitars/Awful FM Guitar.fxp,contributor,27614,d71a9cfd39789ca43e9b72ca3e65dd40d10be8f2,d71a9cfd39789ca43e9b72ca3e65dd40d10be8f2,True,ok,,3,58914e59c608ed4384ba6002e44c3465c58b2e71,48000
2020,resources/data/patches_3rdparty/Luna/Guitars/Synth Guitarish.fxp,contributor,29670,1275d5db2396ce2fe5c0e27ea8422e7f20771541,1275d5db2396ce2fe5c0e27ea8422e7f20771541,True,ok,,3,58914e59c608ed4384ba6002e44c3465c58b2e71,48000
2021,resources/data/patches_3rdparty/Luna/Keys/Alias Glass Piano 1.fxp,contributor,27995,7ff5c4b615ce31d98231887e40b5da7234c342a5,7ff5c4b615ce31d98231887e40b5da7234c342a5,True,ok,,2,58914e59c608ed4384ba6002e44c3465c58b2e71,48000
2022,resources/data/patches_3rdparty/Luna/Keys/Alias Glass Piano 2.fxp,contributor,27994,809e46aacb0c74c0231c90b4d9926a5fee4dac62,809e46aacb0c74c0231c90b4d9926a5fee4dac62,True,ok,,3,58914e59c608ed4384ba6002e44c3465c58b2e71,48000
2023,resources/data/patches_3rdparty/Luna/Keys/Alias Glass Piano 3.fxp,contributor,28983,516ebcda009dbf09ee53c0b598fab574225b2058,516ebcda009dbf09ee53c0b598fab574225b2058,True,ok,,2,58914e59c608ed4384ba6002e44c3465c58b2e71,48000
2024,resources/data/patches_3rdparty/Luna/Keys/Alias Piano Pad.fxp,contributor,28046,4417105dbc0597cbbdd854036d53fdaf32adf4ab,4417105dbc0597cbbdd854036d53fdaf32adf4ab,True,ok,,2,58914e59c608ed4384ba6002e44c3465c58b2e71,48000
2025,resources/data/patches_3rdparty/Luna/Keys/Clavish.fxp,contributor,29256,8d5dd31a6bb0ec381a93d4b6658927080a07ce3a,8d5dd31a6bb0ec381a93d4b6658927080a07ce3a,True,ok,,3,58914e59c608ed4384ba6002e44c3465c58b2e71,48000
2026,resources/data/patches_3rdparty/Luna/Keys/DCO Piano.fxp,contributor,28282,e4e90cf1c026e1c2f704d25420dd6219f91a5c59,e4e90cf1c026e1c2f704d25420dd6219f91a5c59,True,ok,,2,58914e59c608ed4384ba6002e44c3465c58b2e71,48000
2027,resources/data/patches_3rdparty/Luna/Keys/Electric Nightmares.fxp,contributor,27755,4a08c856cb9249fb50cc910b5394d3efecbe4457,4a08c856cb9249fb50cc910b5394d3efecbe4457,True,ok,,2,58914e59c608ed4384ba6002e44c3465c58b2e71,48000
2028,resources/data/patches_3rdparty/Luna/Keys/FM Electric Piano.fxp,contributor,28581,72372133400c9942db004d7efc6dff4368657c8a,72372133400c9942db004d7efc6dff4368657c8a,True,ok,,3,58914e59c608ed4384ba6002e44c3465c58b2e71,48000
2029,resources/data/patches_3rdparty/Luna/Keys/FM Piano Stack.fxp,contributor,30253,768da860eb6b990731c7e3e1870ef9d5e0267bd2,768da860eb6b990731c7e3e1870ef9d5e0267bd2,True,ok,,3,58914e59c608ed4384ba6002e44c3465c58b2e71,48000
2030,resources/data/patches_3rdparty/Luna/Keys/Purple Castle.fxp,contributor,34058,1e9609eeec7b5daf947ac4b3a1aeddba8b6bb68f,1e9609eeec7b5daf947ac4b3a1aeddba8b6bb68f,True,ok,,3,58914e59c608ed4384ba6002e44c3465c58b2e71,48000
2031,resources/data/patches_3rdparty/Luna/Keys/Rave Keys.fxp,contributor,30430,52c7bef8c148ceca4280493cee0d83f5e96011bd,52c7bef8c148ceca4280493cee0d83f5e96011bd,True,ok,,3,58914e59c608ed4384ba6002e44c3465c58b2e71,48000
2032,resources/data/patches_3rdparty/Luna/Keys/Ring Mod Saw Difference.fxp,contributor,27401,c347f8cebeecd0ac392b1e8d537ac4816d93701c,c347f8cebeecd0ac392b1e8d537ac4816d93701c,True,ok,,2,58914e59c608ed4384ba6002e44c3465c58b2e71,48000
2033,resources/data/patches_3rdparty/Luna/Keys/Vaguely Rhodesish.fxp,contributor,27931,f375440b21fc709e573b78d274d910d14f5197f0,f375440b21fc709e573b78d274d910d14f5197f0,True,ok,,3,58914e59c608ed4384ba6002e44c3465c58b2e71,48000
2034,resources/data/patches_3rdparty/Luna/Leads/96 Osc Supersaw.fxp,contributor,28641,feeaa7db6bf4c2ef08cd48e62f0b44fe0d11dda4,feeaa7db6bf4c2ef08cd48e62f0b44fe0d11dda4,True,ok,,2,58914e59c608ed4384ba6002e44c3465c58b2e71,48000
2035,resources/data/patches_3rdparty/Luna/Leads/96 Osc Violin.fxp,contributor,28709,c20bf95d68d3413eb1eb796bb0521562ae27bc6d,c20bf95d68d3413eb1eb796bb0521562ae27bc6d,True,ok,,3,58914e59c608ed4384ba6002e44c3465c58b2e71,48000
2036,resources/data/patches_3rdparty/Luna/Leads/Alias Supersaw.fxp,contributor,32376,0d1716453ad874d561644c3cbfdc4155b515ed14,0d1716453ad874d561644c3cbfdc4155b515ed14,True,ok,,3,58914e59c608ed4384ba6002e44c3465c58b2e71,48000
2037,resources/data/patches_3rdparty/Luna/Leads/Alias Sync WTF Guitar.fxp,contributor,30764,d8c9903edf8137713e9b988508dbed5a63f6cb73,d8c9903edf8137713e9b988508dbed5a63f6cb73,True,ok,,2,58914e59c608ed4384ba6002e44c3465c58b2e71,48000
2038,resources/data/patches_3rdparty/Luna/Leads/Big Bright Bells.fxp,contributor,31193,3804ef8e11661b01d275db85b01bb5bddf08f019,3804ef8e11661b01d275db85b01bb5bddf08f019,True,ok,,3,58914e59c608ed4384ba6002e44c3465c58b2e71,48000
2039,resources/data/patches_3rdparty/Luna/Leads/Big Brightness.fxp,contributor,27801,807b29f091f9731457e4db582a50353b85074dc8,807b29f091f9731457e4db582a50353b85074dc8,True,ok,,3,58914e59c608ed4384ba6002e44c3465c58b2e71,48000
2040,resources/data/patches_3rdparty/Luna/Leads/Gameboy Alias.fxp,contributor,47826,36c38315f645ae36b5185adb03d6a05d887a9aa9,36c38315f645ae36b5185adb03d6a05d887a9aa9,True,ok,,3,58914e59c608ed4384ba6002e44c3465c58b2e71,48000
2041,resources/data/patches_3rdparty/Luna/Leads/Gameboy.fxp,contributor,46797,1d07842328589c34d07a6eb36c56fafc80f2dff6,1d07842328589c34d07a6eb36c56fafc80f2dff6,True,ok,,3,58914e59c608ed4384ba6002e44c3465c58b2e71,48000
2042,resources/data/patches_3rdparty/Luna/Leads/Genesis-y Lead.fxp,contributor,28405,a1e692f42f85b7ab6747827252129f01005ffb36,a1e692f42f85b7ab6747827252129f01005ffb36,True,ok,,3,58914e59c608ed4384ba6002e44c3465c58b2e71,48000
2043,resources/data/patches_3rdparty/Luna/Leads/JP8K Supersaw.fxp,contributor,27828,359deb67e68c95848d11c5eecaf1a82e904cfc6f,359deb67e68c95848d11c5eecaf1a82e904cfc6f,True,ok,,2,58914e59c608ed4384ba6002e44c3465c58b2e71,48000
2044,resources/data/patches_3rdparty/Luna/Leads/Melody Saw.fxp,contributor,30769,58f975296facf615196a6b93769d9fa4b8c033b9,58f975296facf615196a6b93769d9fa4b8c033b9,True,ok,,2,58914e59c608ed4384ba6002e44c3465c58b2e71,48000
2045,resources/data/patches_3rdparty/Luna/Leads/Moogy Staccato.fxp,contributor,27373,97ed6a272b8d9ede7084fb0c9e034054a9afd6fd,97ed6a272b8d9ede7084fb0c9e034054a9afd6fd,True,ok,,2,58914e59c608ed4384ba6002e44c3465c58b2e71,48000
2046,resources/data/patches_3rdparty/Luna/Leads/Paraphonic NL Bandpass Lead.fxp,contributor,32197,e85783c6f5dd0025a4293213c69303447c092583,e85783c6f5dd0025a4293213c69303447c092583,True,ok,,3,58914e59c608ed4384ba6002e44c3465c58b2e71,48000
2047,resources/data/patches_3rdparty/Luna/Leads/Synchroniser.fxp,contributor,29737,51b80e823bc009d32e9ddc6924fa71bbe8b68178,51b80e823bc009d32e9ddc6924fa71bbe8b68178,True,ok,,3,58914e59c608ed4384ba6002e44c3465c58b2e71,48000
2048,resources/data/patches_3rdparty/Luna/Leads/The Insects.fxp,contributor,28178,53e17c59e0a37ba2400134ad4dabf3a242fe8b93,53e17c59e0a37ba2400134ad4dabf3a242fe8b93,True,ok,,2,58914e59c608ed4384ba6002e44c3465c58b2e71,48000
2049,resources/data/patches_3rdparty/Luna/Leads/Tofu Delivery.fxp,contributor,34124,2ccda2123de8e5255d2414240c56d99297d37097,2ccda2123de8e5255d2414240c56d99297d37097,True,ok,,3,58914e59c608ed4384ba6002e44c3465c58b2e71,48000
2050,resources/data/patches_3rdparty/Luna/MPE/Cinematic Glass.fxp,contributor,28945,b6c657a8964cd4c85deec5191128bb62660c8c73,b6c657a8964cd4c85deec5191128bb62660c8c73,True,ok,,3,58914e59c608ed4384ba6002e44c3465c58b2e71,48000
2051,resources/data/patches_3rdparty/Luna/MPE/Expressive Keys 1.fxp,contributor,29370,5349f053bf1bd60a87e17c52e888bb1ac6de7833,5349f053bf1bd60a87e17c52e888bb1ac6de7833,True,ok,,2,58914e59c608ed4384ba6002e44c3465c58b2e71,48000
2052,resources/data/patches_3rdparty/Luna/MPE/Expressive Keys 2.fxp,contributor,29753,d925b08b867008e198c16fcebb009926854dc64d,d925b08b867008e198c16fcebb009926854dc64d,True,ok,,3,58914e59c608ed4384ba6002e44c3465c58b2e71,48000
2053,resources/data/patches_3rdparty/Luna/MPE/Expressive Keys 3.fxp,contributor,29763,72066a9771a45f4b54261d610243206e42a03d18,72066a9771a45f4b54261d610243206e42a03d18,True,ok,,3,58914e59c608ed4384ba6002e44c3465c58b2e71,48000
2054,resources/data/patches_3rdparty/Luna/MPE/FM Trumpet.fxp,contributor,27427,b310966a42dc512a2548072509318b52ef08bf3e,b310966a42dc512a2548072509318b52ef08bf3e,True,ok,,2,58914e59c608ed4384ba6002e44c3465c58b2e71,48000
2055,resources/data/patches_3rdparty/Luna/MPE/FM Twang 1.fxp,contributor,27965,e6515ccff6fe7e732b2c97b1f295307674f53847,e6515ccff6fe7e732b2c97b1f295307674f53847,True,ok,,2,58914e59c608ed4384ba6002e44c3465c58b2e71,48000
2056,resources/data/patches_3rdparty/Luna/MPE/FM Twang 2.fxp,contributor,28440,670e5237b866d3a1b35fc971d3d21c271b8825a2,670e5237b866d3a1b35fc971d3d21c271b8825a2,True,ok,,2,58914e59c608ed4384ba6002e44c3465c58b2e71,48000
2057,resources/data/patches_3rdparty/Luna/MPE/Lap Harp.fxp,contributor,28301,acf7477eb981233dbafc99aef26626da67512e0c,acf7477eb981233dbafc99aef26626da67512e0c,True,ok,,3,58914e59c608ed4384ba6002e44c3465c58b2e71,48000
2058,resources/data/patches_3rdparty/Luna/MPE/Paraphonic Cutoff Warp.fxp,contributor,31398,c550fe5558c96f9ba6bf91ff9fde57f2b382c017,c550fe5558c96f9ba6bf91ff9fde57f2b382c017,True,ok,,2,58914e59c608ed4384ba6002e44c3465c58b2e71,48000
2059,resources/data/patches_3rdparty/Luna/MPE/Unstable Warp.fxp,contributor,28586,8ff6ea88bddccaadd0922aa34753d0d295de0829,8ff6ea88bddccaadd0922aa34753d0d295de0829,True,ok,,2,58914e59c608ed4384ba6002e44c3465c58b2e71,48000
2060,resources/data/patches_3rdparty/Luna/Organs/Another Additive Organ.fxp,contributor,27392,dccbda968112e1114a0f2b90951875c69599e5a5,dccbda968112e1114a0f2b90951875c69599e5a5,True,ok,,2,58914e59c608ed4384ba6002e44c3465c58b2e71,48000
2061,resources/data/patches_3rdparty/Luna/Organs/Leslied Organ.fxp,contributor,28935,4e10f5e176e3abe21da4b591c2dc4cb0ec0ca050,4e10f5e176e3abe21da4b591c2dc4cb0ec0ca050,True,ok,,3,58914e59c608ed4384ba6002e44c3465c58b2e71,48000
2062,resources/data/patches_3rdparty/Luna/Pads/Chord Disintegrator.fxp,contributor,29280,72579b5719b16c713e27e69d47bd437150783e2f,72579b5719b16c713e27e69d47bd437150783e2f,True,ok,,3,58914e59c608ed4384ba6002e44c3465c58b2e71,48000
2063,resources/data/patches_3rdparty/Luna/Pads/Starfall.fxp,contributor,30370,a269278254b0f7f5798f18390ca700c75ce8bdc4,a269278254b0f7f5798f18390ca700c75ce8bdc4,True,ok,,3,58914e59c608ed4384ba6002e44c3465c58b2e71,48000
2064,resources/data/patches_3rdparty/Luna/Pads/String Pad.fxp,contributor,28988,727ee743c0a329bd9bc05feca2decbfdbd1a96eb,727ee743c0a329bd9bc05feca2decbfdbd1a96eb,True,ok,,2,58914e59c608ed4384ba6002e44c3465c58b2e71,48000
2065,resources/data/patches_3rdparty/Luna/Plucks/Acidic Feedback Plonk.fxp,contributor,32835,b1d4fdf3958e7aedee9ecd3ef21c2a4a3ea25294,b1d4fdf3958e7aedee9ecd3ef21c2a4a3ea25294,True,ok,,3,58914e59c608ed4384ba6002e44c3465c58b2e71,48000
2066,resources/data/patches_3rdparty/Luna/Plucks/Feedback Plonk.fxp,contributor,28834,00f718ff6053573291869aa2a42358709778b3c8,00f718ff6053573291869aa2a42358709778b3c8,True,ok,,2,58914e59c608ed4384ba6002e44c3465c58b2e71,48000
2067,resources/data/patches_3rdparty/Luna/Plucks/Pulse String.fxp,contributor,27707,74442278d57693553ac382ed8e189abaf1393365,74442278d57693553ac382ed8e189abaf1393365,True,ok,,2,58914e59c608ed4384ba6002e44c3465c58b2e71,48000
2068,resources/data/patches_3rdparty/Luna/Plucks/Sine Drops.fxp,contributor,28242,e39c7df9b58fa0131ebb5ccaaf3db6c3e5e7ad81,e39c7df9b58fa0131ebb5ccaaf3db6c3e5e7ad81,True,ok,,2,58914e59c608ed4384ba6002e44c3465c58b2e71,48000
2069,resources/data/patches_3rdparty/Luna/Rhythms/Dejitaru no Yume.fxp,contributor,28106,dca5f9993f85c49815b913b859c97a983d8c0790,dca5f9993f85c49815b913b859c97a983d8c0790,True,ok,,2,58914e59c608ed4384ba6002e44c3465c58b2e71,48000
2070,resources/data/patches_3rdparty/Luna/Rhythms/Modern Silk Allpass S&H.fxp,contributor,28148,61f315133a746829604e7551de452660e434bd2e,61f315133a746829604e7551de452660e434bd2e,True,ok,,3,58914e59c608ed4384ba6002e44c3465c58b2e71,48000
2071,resources/data/patches_3rdparty/Luna/Rhythms/Paraphonic NL Bandpass S&H.fxp,contributor,31549,ebb0608d0d7b197c8ac251abb240b875e5d6b294,ebb0608d0d7b197c8ac251abb240b875e5d6b294,True,ok,,3,58914e59c608ed4384ba6002e44c3465c58b2e71,48000
2072,resources/data/patches_3rdparty/Luna/Rhythms/Portal Vibes.fxp,contributor,28141,44de058de2bbad605a3375d49aa7dac3f1f27ad3,44de058de2bbad605a3375d49aa7dac3f1f27ad3,True,ok,,2,58914e59c608ed4384ba6002e44c3465c58b2e71,48000
2073,resources/data/patches_3rdparty/Luna/Sequences/10K Modular.fxp,contributor,28608,fef0d37d8f08095dfb2c657915d2720e782f2a8b,fef0d37d8f08095dfb2c657915d2720e782f2a8b,True,ok,,3,58914e59c608ed4384ba6002e44c3465c58b2e71,48000
2074,resources/data/patches_3rdparty/Luna/Sequences/Digital Bass.fxp,contributor,27576,d308c02adea5f79c2cb375cd052290dcba484efb,d308c02adea5f79c2cb375cd052290dcba484efb,True,ok,,3,58914e59c608ed4384ba6002e44c3465c58b2e71,48000
2075,resources/data/patches_3rdparty/Luna/Sequences/Psychedelic Silver Box.fxp,contributor,36921,230deddf56ae390a90df56d087030d7da1214ad9,230deddf56ae390a90df56d087030d7da1214ad9,True,ok,,4,58914e59c608ed4384ba6002e44c3465c58b2e71,48000
2076,resources/data/patches_3rdparty/Luna/Strings/Alias Syn Strings.fxp,contributor,27486,027f51ee9ec99946535be0057a793f19d36fa681,027f51ee9ec99946535be0057a793f19d36fa681,True,ok,,2,58914e59c608ed4384ba6002e44c3465c58b2e71,48000
2077,resources/data/patches_3rdparty/Luna/Strings/Badly Sampled Game.fxp,contributor,27927,aa4db407daeca8fd31fb668cdd845373a7643005,aa4db407daeca8fd31fb668cdd845373a7643005,True,ok,,3,58914e59c608ed4384ba6002e44c3465c58b2e71,48000
2078,resources/data/patches_3rdparty/Luna/Strings/Somewhat Rather Silky.fxp,contributor,27924,25c54c41472c1424b19d533029bcb776766a6a9a,25c54c41472c1424b19d533029bcb776766a6a9a,True,ok,,2,58914e59c608ed4384ba6002e44c3465c58b2e71,48000
2079,resources/data/patches_3rdparty/Luna/Strings/Synthier Strings.fxp,contributor,27922,19dca3b3c7888e78321a98ed08fbc96f4efa0744,19dca3b3c7888e78321a98ed08fbc96f4efa0744,True,ok,,2,58914e59c608ed4384ba6002e44c3465c58b2e71,48000
2080,resources/data/patches_3rdparty/Luna/Synths/Alias Ambience Piano.fxp,contributor,26832,2941cd416b4dada6fbe8ac0149265bf74e497f82,2941cd416b4dada6fbe8ac0149265bf74e497f82,True,ok,,2,58914e59c608ed4384ba6002e44c3465c58b2e71,48000
2081,resources/data/patches_3rdparty/Luna/Synths/Alias Ambience.fxp,contributor,27295,6e78940a1b4bc0821e4124fe62001e2f53b5bc10,6e78940a1b4bc0821e4124fe62001e2f53b5bc10,True,ok,,4,58914e59c608ed4384ba6002e44c3465c58b2e71,48000
2082,resources/data/patches_3rdparty/Luna/Synths/Alias Voice.fxp,contributor,27142,b5017dfa4f7f096babca5f12ae33e8a842597aa5,b5017dfa4f7f096babca5f12ae33e8a842597aa5,True,ok,,3,58914e59c608ed4384ba6002e44c3465c58b2e71,48000
2083,resources/data/patches_3rdparty/Luna/Synths/Basic DCO Polysynth.fxp,contributor,28384,e26c0cc49de2e3352a88a0183ce119a2a5a2f9b7,e26c0cc49de2e3352a88a0183ce119a2a5a2f9b7,True,ok,,2,58914e59c608ed4384ba6002e44c3465c58b2e71,48000
2084,resources/data/patches_3rdparty/Luna/Synths/Big Brightness Pad Release.fxp,contributor,28996,c88422395f80e26d56a263d12d50ea4ea20fa268,c88422395f80e26d56a263d12d50ea4ea20fa268,True,ok,,3,58914e59c608ed4384ba6002e44c3465c58b2e71,48000
2085,resources/data/patches_3rdparty/Luna/Synths/Efficient Poly.fxp,contributor,27979,2486b4641432ec7ec3e9e647563b8d1d70504fe8,2486b4641432ec7ec3e9e647563b8d1d70504fe8,True,ok,,2,58914e59c608ed4384ba6002e44c3465c58b2e71,48000
2086,resources/data/patches_3rdparty/Luna/Synths/Poly Dreams.fxp,contributor,28098,3e958009aa8ffc0769a59227424240ef6b56ec76,3e958009aa8ffc0769a59227424240ef6b56ec76,True,ok,,3,58914e59c608ed4384ba6002e44c3465c58b2e71,48000
2087,resources/data/patches_3rdparty/Luna/Synths/Sweet Dreams.fxp,contributor,28515,bdbda2b8fa08e5498980f5ab319c5571971f86d6,bdbda2b8fa08e5498980f5ab319c5571971f86d6,True,ok,,5,58914e59c608ed4384ba6002e44c3465c58b2e71,48000
2088,resources/data/patches_3rdparty/Luna/Synths/The Future Starts With You.fxp,contributor,29146,b2511c4b2fad55fdbefcdab495c397c8ff0c5195,b2511c4b2fad55fdbefcdab495c397c8ff0c5195,True,ok,,3,58914e59c608ed4384ba6002e44c3465c58b2e71,48000
2089,resources/data/patches_3rdparty/Luna/Synths/Wavetable Warp.fxp,contributor,61037,70cfdc804fae1e4ac1e52885a513671c9eaa77a9,70cfdc804fae1e4ac1e52885a513671c9eaa77a9,True,ok,,5,58914e59c608ed4384ba6002e44c3465c58b2e71,48000
2090,resources/data/patches_3rdparty/Luna/Synths/Window Warp.fxp,contributor,60979,863e5af545f178c901e57d098440acc0c79cba30,863e5af545f178c901e57d098440acc0c79cba30,True,ok,,6,58914e59c608ed4384ba6002e44c3465c58b2e71,48000
2091,resources/data/patches_3rdparty/Malfunction/Basses/Bass Bloom.fxp,contributor,32436,33e2c4c499294ad3db5a4c5017e7c21c3594ce33,33e2c4c499294ad3db5a4c5017e7c21c3594ce33,True,ok,,3,58914e59c608ed4384ba6002e44c3465c58b2e71,48000
2092,resources/data/patches_3rdparty/Malfunction/Basses/Concussion 1.fxp,contributor,28332,44f5f72107d940aafcbc31a74a8e7eb4ccf19708,44f5f72107d940aafcbc31a74a8e7eb4ccf19708,True,ok,,4,58914e59c608ed4384ba6002e44c3465c58b2e71,48000
2093,resources/data/patches_3rdparty/Malfunction/Basses/Concussion 2.fxp,contributor,28413,08e17358fa33de27c006fd0549639977e7c3b7c9,08e17358fa33de27c006fd0549639977e7c3b7c9,True,ok,,4,58914e59c608ed4384ba6002e44c3465c58b2e71,48000
2094,resources/data/patches_3rdparty/Malfunction/Basses/Jazz Man.fxp,contributor,28124,d809ab5e087523e4d62c58232b64911f63b0d799,d809ab5e087523e4d62c58232b64911f63b0d799,True,ok,,3,58914e59c608ed4384ba6002e44c3465c58b2e71,48000
2095,resources/data/patches_3rdparty/Malfunction/Basses/Mountains.fxp,contributor,46197,7f81530d9dd8d26ad37369f9eaca597f63026a55,7f81530d9dd8d26ad37369f9eaca597f63026a55,True,ok,,3,58914e59c608ed4384ba6002e44c3465c58b2e71,48000
2096,resources/data/patches_3rdparty/Malfunction/Basses/Pick.fxp,contributor,31425,9e8756733306b4317cfc21ae90837d500f437afe,9e8756733306b4317cfc21ae90837d500f437afe,True,ok,,4,58914e59c608ed4384ba6002e44c3465c58b2e71,48000
2097,resources/data/patches_3rdparty/Malfunction/Basses/Picked Bass.fxp,contributor,31875,13dc49a9359afb2f927a2e3449b9d19938149eb8,13dc49a9359afb2f927a2e3449b9d19938149eb8,True,ok,,2,58914e59c608ed4384ba6002e44c3465c58b2e71,48000
2098,resources/data/patches_3rdparty/Malfunction/Bells/Bell Tap.fxp,contributor,28717,24378ec6243fe8d713aeba5955eecb523ea71a2d,24378ec6243fe8d713aeba5955eecb523ea71a2d,True,ok,,4,58914e59c608ed4384ba6002e44c3465c58b2e71,48000
2099,resources/data/patches_3rdparty/Malfunction/Bells/Bell Tom.fxp,contributor,33325,1176f41af2692fe26559e0bfd50b7c365723eec3,1176f41af2692fe26559e0bfd50b7c365723eec3,True,ok,,5,58914e59c608ed4384ba6002e44c3465c58b2e71,48000
2100,resources/data/patches_3rdparty/Malfunction/Bells/Bucket.fxp,contributor,32861,6a48906f3a0124ba9b4b6614b1520713542cfbf7,6a48906f3a0124ba9b4b6614b1520713542cfbf7,True,ok,,5,58914e59c608ed4384ba6002e44c3465c58b2e71,48000
2101,resources/data/patches_3rdparty/Malfunction/Bells/Impact.fxp,contributor,33222,55f2f013b43e2266b82c6ed976a7dcaa773f09c0,55f2f013b43e2266b82c6ed976a7dcaa773f09c0,True,ok,,4,58914e59c608ed4384ba6002e44c3465c58b2e71,48000
2102,resources/data/patches_3rdparty/Malfunction/Brass/Clean Trumpet.fxp,contributor,29260,fb78af053faf5390e75f1743dc817284f5e53479,fb78af053faf5390e75f1743dc817284f5e53479,True,ok,,4,58914e59c608ed4384ba6002e44c3465c58b2e71,48000
2103,resources/data/patches_3rdparty/Malfunction/Brass/Dirty Trumpet.fxp,contributor,34141,fa288f57ef380398923be08645c5428a5f4ab083,fa288f57ef380398923be08645c5428a5f4ab083,True,ok,,5,58914e59c608ed4384ba6002e44c3465c58b2e71,48000
2104,resources/data/patches_3rdparty/Malfunction/Brass/Swell.fxp,contributor,27636,73a9281b59ebe8fb25525b1f89289e2637c91aad,73a9281b59ebe8fb25525b1f89289e2637c91aad,True,ok,,4,58914e59c608ed4384ba6002e44c3465c58b2e71,48000
2105,resources/data/patches_3rdparty/Malfunction/Brass/Tan.fxp,contributor,28011,c420a57295ffa127d5eb2cd736fa06474c12f757,c420a57295ffa127d5eb2cd736fa06474c12f757,True,ok,,2,58914e59c608ed4384ba6002e44c3465c58b2e71,48000
2106,resources/data/patches_3rdparty/Malfunction/Brass/Tuba.fxp,contributor,29220,cc14c71667eec4d50452c62de418dd89177ad3cf,cc14c71667eec4d50452c62de418dd89177ad3cf,True,ok,,5,58914e59c608ed4384ba6002e44c3465c58b2e71,48000
2107,resources/data/patches_3rdparty/Malfunction/Drums/Brush.fxp,contributor,28946,57ab2c9b460f8841396a4f4f9722000af15ad18d,57ab2c9b460f8841396a4f4f9722000af15ad18d,True,ok,,6,58914e59c608ed4384ba6002e44c3465c58b2e71,48000
2108,resources/data/patches_3rdparty/Malfunction/Drums/Cymbals Edge.fxp,contributor,28587,532a8f9d103da0fdcbbad1ad911d84e1fe871056,532a8f9d103da0fdcbbad1ad911d84e1fe871056,True,ok,,3,58914e59c608ed4384ba6002e44c3465c58b2e71,48000
2109,resources/data/patches_3rdparty/Malfunction/Drums/Cymbals.fxp,contributor,27548,3e1e158aecbe065c29941a37bdef1f84e64fda3d,3e1e158aecbe065c29941a37bdef1f84e64fda3d,True,ok,,3,58914e59c608ed4384ba6002e44c3465c58b2e71,48000
2110,resources/data/patches_3rdparty/Malfunction/Drums/Gong.fxp,contributor,28691,4474551a521b48cb4c4e15b5edcb16a8bfd2e92b,4474551a521b48cb4c4e15b5edcb16a8bfd2e92b,True,ok,,4,58914e59c608ed4384ba6002e44c3465c58b2e71,48000
2111,resources/data/patches_3rdparty/Malfunction/Drums/Hi-Hat Loose.fxp,contributor,28653,59af82cf870bfb513665847e4febd973b67891a5,59af82cf870bfb513665847e4febd973b67891a5,True,ok,,3,58914e59c608ed4384ba6002e44c3465c58b2e71,48000
2112,resources/data/patches_3rdparty/Malfunction/Drums/Hi-Hat.fxp,contributor,28539,c68ee7c19249cccb69174d537bb7f64e357a53c5,c68ee7c19249cccb69174d537bb7f64e357a53c5,True,ok,,4,58914e59c608ed4384ba6002e44c3465c58b2e71,48000
2113,resources/data/patches_3rdparty/Malfunction/Drums/Inharmonic Attack 1.fxp,contributor,29455,dac329ce8c8dd7ae30d5a3bd0ac263d5d27b6ec6,dac329ce8c8dd7ae30d5a3bd0ac263d5d27b6ec6,True,ok,,5,58914e59c608ed4384ba6002e44c3465c58b2e71,48000
2114,resources/data/patches_3rdparty/Malfunction/Drums/Inharmonic Attack 2.fxp,contributor,29684,dba9961212adc2dc292d709966135034b47c2c61,dba9961212adc2dc292d709966135034b47c2c61,True,ok,,3,58914e59c608ed4384ba6002e44c3465c58b2e71,48000
2115,resources/data/patches_3rdparty/Malfunction/Drums/Jerry.fxp,contributor,32893,db8985bdff0ecac1047a25c8ed53a60f17ad8209,db8985bdff0ecac1047a25c8ed53a60f17ad8209,True,ok,,3,58914e59c608ed4384ba6002e44c3465c58b2e71,48000
2116,resources/data/patches_3rdparty/Malfunction/Drums/Kick 1.fxp,contributor,26112,96d80c42cf5c10754d3d9d4f1b38e249c9ac910a,96d80c42cf5c10754d3d9d4f1b38e249c9ac910a,True,ok,,3,58914e59c608ed4384ba6002e44c3465c58b2e71,48000
2117,resources/data/patches_3rdparty/Malfunction/Drums/Kick 2.fxp,contributor,32315,94d87f1e0f69eb440e464154e78bff638333b74a,94d87f1e0f69eb440e464154e78bff638333b74a,True,ok,,2,58914e59c608ed4384ba6002e44c3465c58b2e71,48000
2118,resources/data/patches_3rdparty/Malfunction/Drums/Octaban.fxp,contributor,29404,b8abfff1b54b74314f3d1c676290601d8af06357,b8abfff1b54b74314f3d1c676290601d8af06357,True,ok,,2,58914e59c608ed4384ba6002e44c3465c58b2e71,48000
2119,resources/data/patches_3rdparty/Malfunction/Drums/Ride Heavy.fxp,contributor,29844,eb9948f62ebb49b2245c433bcbef7b3a5cac8a39,eb9948f62ebb49b2245c433bcbef7b3a5cac8a39,True,ok,,3,58914e59c608ed4384ba6002e44c3465c58b2e71,48000
2120,resources/data/patches_3rdparty/Malfunction/Drums/Ride.fxp,contributor,31994,e83f6260c009f492563cb86ac401f6cd81fea512,e83f6260c009f492563cb86ac401f6cd81fea512,True,ok,,5,58914e59c608ed4384ba6002e44c3465c58b2e71,48000
2121,resources/data/patches_3rdparty/Malfunction/Drums/Snare Circus.fxp,contributor,29504,4c46b0d38a6f7ee93e29bc6e3df15528ab090c83,4c46b0d38a6f7ee93e29bc6e3df15528ab090c83,True,ok,,3,58914e59c608ed4384ba6002e44c3465c58b2e71,48000
2122,resources/data/patches_3rdparty/Malfunction/Drums/Snare Dry.fxp,contributor,30190,9ba0ed775dd65dd71c2e3f27bdeae6278d64b542,9ba0ed775dd65dd71c2e3f27bdeae6278d64b542,True,ok,,4,58914e59c608ed4384ba6002e44c3465c58b2e71,48000
2123,resources/data/patches_3rdparty/Malfunction/Drums/Snare Pure.fxp,contributor,29655,6022b7f9e8d8ae9820b0df2c9ea81f30a50e8540,6022b7f9e8d8ae9820b0df2c9ea81f30a50e8540,True,ok,,4,58914e59c608ed4384ba6002e44c3465c58b2e71,48000
2124,resources/data/patches_3rdparty/Malfunction/Drums/Snare.fxp,contributor,27590,4aa91c156cd803d63cc7b6f234b3158956e4e7e1,4aa91c156cd803d63cc7b6f234b3158956e4e7e1,True,ok,,4,58914e59c608ed4384ba6002e44c3465c58b2e71,48000
2125,resources/data/patches_3rdparty/Malfunction/Drums/Splash 1.fxp,contributor,29564,e91783b62812050844b92b0cbf424d799cb3c51c,e91783b62812050844b92b0cbf424d799cb3c51c,True,ok,,3,58914e59c608ed4384ba6002e44c3465c58b2e71,48000
2126,resources/data/patches_3rdparty/Malfunction/Drums/Splash 2.fxp,contributor,29564,d9aea3f35b2f50e83987878895c2cbfaa256981d,d9aea3f35b2f50e83987878895c2cbfaa256981d,True,ok,,7,58914e59c608ed4384ba6002e44c3465c58b2e71,48000
2127,resources/data/patches_3rdparty/Malfunction/Drums/Tom 1.fxp,contributor,28513,a9aa72006cb6a14de1e7d07c897b5f739b0af2e3,a9aa72006cb6a14de1e7d07c897b5f739b0af2e3,True,ok,,3,58914e59c608ed4384ba6002e44c3465c58b2e71,48000
2128,resources/data/patches_3rdparty/Malfunction/Drums/Tom 2.fxp,contributor,27438,ced9dd50878931a53ec54f7aeeabd9fca96a080e,ced9dd50878931a53ec54f7aeeabd9fca96a080e,True,ok,,2,58914e59c608ed4384ba6002e44c3465c58b2e71,48000
2129,resources/data/patches_3rdparty/Malfunction/Drums/Tom Floor.fxp,contributor,26427,1af0482d708f3a07e5a5cb9909d9198bdd59c76a,1af0482d708f3a07e5a5cb9909d9198bdd59c76a,True,ok,,2,58914e59c608ed4384ba6002e44c3465c58b2e71,48000
2130,resources/data/patches_3rdparty/Malfunction/Drums/Tom Tom.fxp,contributor,29148,d6647abd95cdd1580e8e071489f64d88d43f975f,d6647abd95cdd1580e8e071489f64d88d43f975f,True,ok,,2,58914e59c608ed4384ba6002e44c3465c58b2e71,48000
2131,resources/data/patches_3rdparty/Malfunction/Drums/Tuning Drums.fxp,contributor,29677,639da1de9409ae52730612aab94cc102a17b5914,639da1de9409ae52730612aab94cc102a17b5914,True,ok,,5,58914e59c608ed4384ba6002e44c3465c58b2e71,48000
2132,resources/data/patches_3rdparty/Malfunction/FX/Bird Chirp 1.fxp,contributor,48801,99a4bea797c260f100d897aa1b4c86087070d36a,99a4bea797c260f100d897aa1b4c86087070d36a,True,ok,,4,58914e59c608ed4384ba6002e44c3465c58b2e71,48000
2133,resources/data/patches_3rdparty/Malfunction/FX/Bird Chirp 2.fxp,contributor,49751,2d035203237f3cf3dbbc37c9f49703ef4af562f5,2d035203237f3cf3dbbc37c9f49703ef4af562f5,True,ok,,5,58914e59c608ed4384ba6002e44c3465c58b2e71,48000
2134,resources/data/patches_3rdparty/Malfunction/FX/Bird Chirp 3.fxp,contributor,31761,eb10c0d89ec56de959f277d03fe47777cf2f097d,eb10c0d89ec56de959f277d03fe47777cf2f097d,True,ok,,5,58914e59c608ed4384ba6002e44c3465c58b2e71,48000
2135,resources/data/patches_3rdparty/Malfunction/FX/Car.fxp,contributor,31572,0d4f7061b8cb79d9370523f915462eaa4eb57706,0d4f7061b8cb79d9370523f915462eaa4eb57706,True,ok,,3,58914e59c608ed4384ba6002e44c3465c58b2e71,48000
2136,resources/data/patches_3rdparty/Malfunction/FX/Sword Fight.fxp,contributor,27744,781e382203ce914a93cfe8641a9fa357b266bb94,781e382203ce914a93cfe8641a9fa357b266bb94,True,ok,,2,58914e59c608ed4384ba6002e44c3465c58b2e71,48000
2137,resources/data/patches_3rdparty/Malfunction/Guitars/Guitar 1.fxp,contributor,45231,9c3dee063cc5e01e8f73a035d9005ffa03245701,9c3dee063cc5e01e8f73a035d9005ffa03245701,True,ok,,4,58914e59c608ed4384ba6002e44c3465c58b2e71,48000
2138,resources/data/patches_3rdparty/Malfunction/Guitars/Guitar 2.fxp,contributor,44633,a5d43037ed5a3700aca21411ef817d24c65af373,a5d43037ed5a3700aca21411ef817d24c65af373,True,ok,,3,58914e59c608ed4384ba6002e44c3465c58b2e71,48000
2139,resources/data/patches_3rdparty/Malfunction/Guitars/Guitarish.fxp,contributor,49935,7ca784a040631e42a899ab0b20ff56725f5c93d4,7ca784a040631e42a899ab0b20ff56725f5c93d4,True,ok,,4,58914e59c608ed4384ba6002e44c3465c58b2e71,48000
2140,resources/data/patches_3rdparty/Malfunction/Guitars/Half Acoustic.fxp,contributor,44917,9f5ef4d58a7dd3028f5073aa3fa60baec1d68ed5,9f5ef4d58a7dd3028f5073aa3fa60baec1d68ed5,True,ok,,4,58914e59c608ed4384ba6002e44c3465c58b2e71,48000
2141,resources/data/patches_3rdparty/Malfunction/Guitars/Picky Guitar.fxp,contributor,45627,fad306fcb65542a3beb2e5b23dfe379c5e8d4911,fad306fcb65542a3beb2e5b23dfe379c5e8d4911,True,ok,,3,58914e59c608ed4384ba6002e44c3465c58b2e71,48000
2142,resources/data/patches_3rdparty/Malfunction/Guitars/Wah Guitar.fxp,contributor,45597,3cf0c70d3521d74326585b30afc9b2bd612e390e,3cf0c70d3521d74326585b30afc9b2bd612e390e,True,ok,,3,58914e59c608ed4384ba6002e44c3465c58b2e71,48000
2143,resources/data/patches_3rdparty/Malfunction/Keys/Blur.fxp,contributor,27468,ccc1970a274b2c00d143b04723645b23bdfe6e3c,ccc1970a274b2c00d143b04723645b23bdfe6e3c,True,ok,,2,58914e59c608ed4384ba6002e44c3465c58b2e71,48000
2144,resources/data/patches_3rdparty/Malfunction/Keys/Slur.fxp,contributor,29402,f31d8d13a0bfe4595e0f29fe467cb4dbe2d511e2,f31d8d13a0bfe4595e0f29fe467cb4dbe2d511e2,True,ok,,3,58914e59c608ed4384ba6002e44c3465c58b2e71,48000
2145,resources/data/patches_3rdparty/Malfunction/Keys/Soft Key.fxp,contributor,28628,2d0351c04c2e3e6bd244ab00c1917ad82be1f75e,2d0351c04c2e3e6bd244ab00c1917ad82be1f75e,True,ok,,2,58914e59c608ed4384ba6002e44c3465c58b2e71,48000
2146,resources/data/patches_3rdparty/Malfunction/Keys/Tango 1.fxp,contributor,28372,2cc6fccfc60e47e89e49b55b6d69a2de1adf770c,2cc6fccfc60e47e89e49b55b6d69a2de1adf770c,True,ok,,3,58914e59c608ed4384ba6002e44c3465c58b2e71,48000
2147,resources/data/patches_3rdparty/Malfunction/Keys/Tango 2.fxp,contributor,28279,f06d93a93fda2fd27dde3be789bfd44b08f7f199,f06d93a93fda2fd27dde3be789bfd44b08f7f199,True,ok,,2,58914e59c608ed4384ba6002e44c3465c58b2e71,48000
2148,resources/data/patches_3rdparty/Malfunction/Leads/Bird Song.fxp,contributor,31242,90a2853a8e67d9eed4ea20113b4038756866975d,90a2853a8e67d9eed4ea20113b4038756866975d,True,ok,,4,58914e59c608ed4384ba6002e44c3465c58b2e71,48000
2149,resources/data/patches_3rdparty/Malfunction/Leads/Ghost.fxp,contributor,32232,49c17f25a0b96e051a11db02991cee0dcd82a456,49c17f25a0b96e051a11db02991cee0dcd82a456,True,ok,,2,58914e59c608ed4384ba6002e44c3465c58b2e71,48000
2150,resources/data/patches_3rdparty/Malfunction/Leads/Joke.fxp,contributor,31440,ba850f2f1e28e0808f144f7c6046333c2822cd70,ba850f2f1e28e0808f144f7c6046333c2822cd70,True,ok,,2,58914e59c608ed4384ba6002e44c3465c58b2e71,48000
2151,resources/data/patches_3rdparty/Malfunction/Leads/Plus Minus.fxp,contributor,31893,d1023a42ad6d2637bb7ed70f3853ccac5ca375ab,d1023a42ad6d2637bb7ed70f3853ccac5ca375ab,True,ok,,2,58914e59c608ed4384ba6002e44c3465c58b2e71,48000
2152,resources/data/patches_3rdparty/Malfunction/Organs/Air.fxp,contributor,28773,5ec8a53530f81a76f632af4291497999177bb5f6,5ec8a53530f81a76f632af4291497999177bb5f6,True,ok,,2,58914e59c608ed4384ba6002e44c3465c58b2e71,48000
2153,resources/data/patches_3rdparty/Malfunction/Organs/Chick 1.fxp,contributor,28353,eb9ad920e61b4c51c03952d8bb0f786138d40e7b,eb9ad920e61b4c51c03952d8bb0f786138d40e7b,True,ok,,3,58914e59c608ed4384ba6002e44c3465c58b2e71,48000
2154,resources/data/patches_3rdparty/Malfunction/Organs/Chick 2.fxp,contributor,28360,2c20000139f2f345b028916351e474fcde1e0f0d,2c20000139f2f345b028916351e474fcde1e0f0d,True,ok,,3,58914e59c608ed4384ba6002e44c3465c58b2e71,48000
2155,resources/data/patches_3rdparty/Malfunction/Organs/Churchlike.fxp,contributor,28436,04294dc661e6708469e811189c5777086a78914e,04294dc661e6708469e811189c5777086a78914e,True,ok,,2,58914e59c608ed4384ba6002e44c3465c58b2e71,48000
2156,resources/data/patches_3rdparty/Malfunction/Strings/Chamber Strings.fxp,contributor,45143,0f3c98b6845a9468c409e640efecc70759934ad8,0f3c98b6845a9468c409e640efecc70759934ad8,True,ok,,4,58914e59c608ed4384ba6002e44c3465c58b2e71,48000
2157,resources/data/patches_3rdparty/Malfunction/Strings/Short Staccato.fxp,contributor,29336,6fd9f3e0160dd02c542164604c5612879fbe4d3c,6fd9f3e0160dd02c542164604c5612879fbe4d3c,True,ok,,2,58914e59c608ed4384ba6002e44c3465c58b2e71,48000
2158,resources/data/patches_3rdparty/Malfunction/Strings/Solo Cello.fxp,contributor,27656,8e759cc4b292341a1a05669800b942631108d23a,8e759cc4b292341a1a05669800b942631108d23a,True,ok,,3,58914e59c608ed4384ba6002e44c3465c58b2e71,48000
2159,resources/data/patches_3rdparty/Malfunction/Strings/String Illusion.fxp,contributor,29233,1a014b11f860d2be4d7d3c0483dbd074dca17490,1a014b11f860d2be4d7d3c0483dbd074dca17490,True,ok,,3,58914e59c608ed4384ba6002e44c3465c58b2e71,48000
2160,resources/data/patches_3rdparty/Malfunction/Winds/Bagpipes.fxp,contributor,32496,5918e4c3da9378933f30dec584e2ccbf55225fc8,5918e4c3da9378933f30dec584e2ccbf55225fc8,True,ok,,2,58914e59c608ed4384ba6002e44c3465c58b2e71,48000
2161,resources/data/patches_3rdparty/Malfunction/Winds/Bass Clarinet 1.fxp,contributor,45871,386dff6409ea14291245477475c525c2e2b1809a,386dff6409ea14291245477475c525c2e2b1809a,True,ok,,3,58914e59c608ed4384ba6002e44c3465c58b2e71,48000
2162,resources/data/patches_3rdparty/Malfunction/Winds/Bass Clarinet 2.fxp,contributor,31374,15d006b2ab73a6880bd7a6235df57b7a20100761,15d006b2ab73a6880bd7a6235df57b7a20100761,True,ok,,3,58914e59c608ed4384ba6002e44c3465c58b2e71,48000
2163,resources/data/patches_3rdparty/Malfunction/Winds/Contrabassoon.fxp,contributor,31079,254a2f540f936dad4071c08dd881063ded3d1dca,254a2f540f936dad4071c08dd881063ded3d1dca,True,ok,,2,58914e59c608ed4384ba6002e44c3465c58b2e71,48000
2164,resources/data/patches_3rdparty/Malfunction/Winds/Rusty.fxp,contributor,30790,196d62be5ed633f30b4c2d10493b5491ff63e031,196d62be5ed633f30b4c2d10493b5491ff63e031,True,ok,,2,58914e59c608ed4384ba6002e44c3465c58b2e71,48000
2165,resources/data/patches_3rdparty/Nick Moritz/Arps/Demon Power.fxp,contributor,100167,ce3cd9037a076fe48fa272aad18e98c2b673448e,ce3cd9037a076fe48fa272aad18e98c2b673448e,True,ok,,7,58914e59c608ed4384ba6002e44c3465c58b2e71,48000
2166,resources/data/patches_3rdparty/Nick Moritz/Basses/Agressor.fxp,contributor,31611,24c8e1867915f09de3999ceb1e29326e36b07b1f,24c8e1867915f09de3999ceb1e29326e36b07b1f,True,ok,,2,58914e59c608ed4384ba6002e44c3465c58b2e71,48000
2167,resources/data/patches_3rdparty/Nick Moritz/Basses/Basted Lead.fxp,contributor,26893,6fdd10c4c805095afeab27f323fad4bc11cdbdde,6fdd10c4c805095afeab27f323fad4bc11cdbdde,True,ok,,2,58914e59c608ed4384ba6002e44c3465c58b2e71,48000
2168,resources/data/patches_3rdparty/Nick Moritz/Basses/Black Betty.fxp,contributor,33047,1e0c5265812c5af220348d14d48a0df66ac4acbc,1e0c5265812c5af220348d14d48a0df66ac4acbc,True,ok,,3,58914e59c608ed4384ba6002e44c3465c58b2e71,48000
2169,resources/data/patches_3rdparty/Nick Moritz/Basses/Chicago.fxp,contributor,29657,66b13bc9a14cc287fa09bdbd8eec6b909e4e6aff,66b13bc9a14cc287fa09bdbd8eec6b909e4e6aff,True,ok,,3,58914e59c608ed4384ba6002e44c3465c58b2e71,48000
2170,resources/data/patches_3rdparty/Nick Moritz/Basses/China Long.fxp,contributor,54373,1c5ba7b6124dea65a2ee5797b3980f0449f43f8f,1c5ba7b6124dea65a2ee5797b3980f0449f43f8f,True,ok,,5,58914e59c608ed4384ba6002e44c3465c58b2e71,48000
2171,resources/data/patches_3rdparty/Nick Moritz/Basses/Crash Attack.fxp,contributor,33830,6f6a066edebc5684811ac947d2db9a113e0870a6,6f6a066edebc5684811ac947d2db9a113e0870a6,True,ok,,3,58914e59c608ed4384ba6002e44c3465c58b2e71,48000
2172,resources/data/patches_3rdparty/Nick Moritz/Basses/Crazy.fxp,contributor,42857,bc8d7b6c8ee724576bbb10dfa1ff4121e70a6438,bc8d7b6c8ee724576bbb10dfa1ff4121e70a6438,True,ok,,3,58914e59c608ed4384ba6002e44c3465c58b2e71,48000
2173,resources/data/patches_3rdparty/Nick Moritz/Basses/Deep Stack.fxp,contributor,35728,0e13b63b6de7f0aa7560203180c9a7da71179d28,0e13b63b6de7f0aa7560203180c9a7da71179d28,True,ok,,3,58914e59c608ed4384ba6002e44c3465c58b2e71,48000
2174,resources/data/patches_3rdparty/Nick Moritz/Basses/Dista Bass.fxp,contributor,32148,27b8b5298d30ba6011049e98b0d1421c595a10fd,27b8b5298d30ba6011049e98b0d1421c595a10fd,True,ok,,3,58914e59c608ed4384ba6002e44c3465c58b2e71,48000
2175,resources/data/patches_3rdparty/Nick Moritz/Basses/Drunky.fxp,contributor,32192,3d37d321708a4d5b3fca5d3e85edf77e09d7143f,3d37d321708a4d5b3fca5d3e85edf77e09d7143f,True,ok,,3,58914e59c608ed4384ba6002e44c3465c58b2e71,48000
2176,resources/data/patches_3rdparty/Nick Moritz/Basses/Dusty Road.fxp,contributor,82617,f02f836bcd17711ae3574619838d7ad1de75167c,f02f836bcd17711ae3574619838d7ad1de75167c,True,ok,,6,58914e59c608ed4384ba6002e44c3465c58b2e71,48000
2177,resources/data/patches_3rdparty/Nick Moritz/Basses/Dynamic Sawer.fxp,contributor,32526,6af7f177c0da407e2a989ce95819cf7c03679757,6af7f177c0da407e2a989ce95819cf7c03679757,True,ok,,2,58914e59c608ed4384ba6002e44c3465c58b2e71,48000
2178,resources/data/patches_3rdparty/Nick Moritz/Basses/Electro Shock.fxp,contributor,49022,09753c36091f5f128ff3a2971f555d5b8c4a85a6,09753c36091f5f128ff3a2971f555d5b8c4a85a6,True,ok,,5,58914e59c608ed4384ba6002e44c3465c58b2e71,48000
2179,resources/data/patches_3rdparty/Nick Moritz/Basses/FM Structure.fxp,contributor,32613,aeffc604aea383202a24bdd49df173ad704b263c,aeffc604aea383202a24bdd49df173ad704b263c,True,ok,,3,58914e59c608ed4384ba6002e44c3465c58b2e71,48000
2180,resources/data/patches_3rdparty/Nick Moritz/Basses/Fidget.fxp,contributor,32335,51b14aae5a67a622bb6360cdce9a1abf078bdd93,51b14aae5a67a622bb6360cdce9a1abf078bdd93,True,ok,,5,58914e59c608ed4384ba6002e44c3465c58b2e71,48000
2181,resources/data/patches_3rdparty/Nick Moritz/Basses/Fretless Bass.fxp,contributor,39035,37b9b428df7da94af51fc6a00ddbae9d644da517,37b9b428df7da94af51fc6a00ddbae9d644da517,True,ok,,3,58914e59c608ed4384ba6002e44c3465c58b2e71,48000
2182,resources/data/patches_3rdparty/Nick Moritz/Basses/Grizzly.fxp,contributor,25300,6fb95b361e6fbca4cf3cba187241eb5a7b55fc5f,6fb95b361e6fbca4cf3cba187241eb5a7b55fc5f,True,ok,,2,58914e59c608ed4384ba6002e44c3465c58b2e71,48000
2183,resources/data/patches_3rdparty/Nick Moritz/Basses/Hemera.fxp,contributor,95344,376bec0b590683f590e0afb1a571a60b12d301c5,376bec0b590683f590e0afb1a571a60b12d301c5,True,ok,,9,58914e59c608ed4384ba6002e44c3465c58b2e71,48000
2184,resources/data/patches_3rdparty/Nick Moritz/Basses/Hoover FM.fxp,contributor,31694,73017d71b8985fcac8fcf624e9433502f9192475,73017d71b8985fcac8fcf624e9433502f9192475,True,ok,,2,58914e59c608ed4384ba6002e44c3465c58b2e71,48000
2185,resources/data/patches_3rdparty/Nick Moritz/Basses/Juno Fire.fxp,contributor,43010,6ba5f204b08c53ce6ee4be816c9e975c861ce77d,6ba5f204b08c53ce6ee4be816c9e975c861ce77d,True,ok,,11,58914e59c608ed4384ba6002e44c3465c58b2e71,48000
2186,resources/data/patches_3rdparty/Nick Moritz/Basses/Key Station.fxp,contributor,42487,4b1f68dc60a7eeeb65649a2a490385723f03ce77,4b1f68dc60a7eeeb65649a2a490385723f03ce77,True,ok,,4,58914e59c608ed4384ba6002e44c3465c58b2e71,48000
2187,resources/data/patches_3rdparty/Nick Moritz/Basses/Morphine.fxp,contributor,33242,c58c07cf24fe1fab9583488018647a9273f5a25c,c58c07cf24fe1fab9583488018647a9273f5a25c,True,ok,,4,58914e59c608ed4384ba6002e44c3465c58b2e71,48000
2188,resources/data/patches_3rdparty/Nick Moritz/Basses/Odionis.fxp,contributor,32169,65ca2696efcb8be57ecdd69427e692294d06413f,65ca2696efcb8be57ecdd69427e692294d06413f,True,ok,,2,58914e59c608ed4384ba6002e44c3465c58b2e71,48000
2189,resources/data/patches_3rdparty/Nick Moritz/Basses/Phantom.fxp,contributor,38779,95c045be9fda00976c4776dedee3c65d42dc61c4,95c045be9fda00976c4776dedee3c65d42dc61c4,True,ok,,3,58914e59c608ed4384ba6002e44c3465c58b2e71,48000
2190,resources/data/patches_3rdparty/Nick Moritz/Basses/Plastic Dream.fxp,contributor,75485,84a297e98c16796c53e7cf9d5f92d9e97b4b1254,84a297e98c16796c53e7cf9d5f92d9e97b4b1254,True,ok,,8,58914e59c608ed4384ba6002e44c3465c58b2e71,48000
2191,resources/data/patches_3rdparty/Nick Moritz/Basses/Poolpad.fxp,contributor,32443,66a9b120be6307326d8939c848ee919f4e5140e2,66a9b120be6307326d8939c848ee919f4e5140e2,True,ok,,4,58914e59c608ed4384ba6002e44c3465c58b2e71,48000
2192,resources/data/patches_3rdparty/Nick Moritz/Basses/Rubber Bass.fxp,contributor,32213,a6eb038d730ffb0bbcea65230a674a3846ba4d46,a6eb038d730ffb0bbcea65230a674a3846ba4d46,True,ok,,6,58914e59c608ed4384ba6002e44c3465c58b2e71,48000
2193,resources/data/patches_3rdparty/Nick Moritz/Basses/Scrambler.fxp,contributor,32032,6486ae92fb4e65544b81be8efaf46f04f306f1c9,6486ae92fb4e65544b81be8efaf46f04f306f1c9,True,ok,,4,58914e59c608ed4384ba6002e44c3465c58b2e71,48000
2194,resources/data/patches_3rdparty/Nick Moritz/Basses/Serious Step.fxp,contributor,39369,117e134cbe978883a1118958a5bd0e628b5f1380,117e134cbe978883a1118958a5bd0e628b5f1380,True,ok,,11,58914e59c608ed4384ba6002e44c3465c58b2e71,48000
2195,resources/data/patches_3rdparty/Nick Moritz/Basses/Shot Gun.fxp,contributor,102836,e45e82294a31dd32cecabda13c7ef40a98ff3084,e45e82294a31dd32cecabda13c7ef40a98ff3084,True,ok,,35,58914e59c608ed4384ba6002e44c3465c58b2e71,48000
2196,resources/data/patches_3rdparty/Nick Moritz/Basses/Slide Note.fxp,contributor,98101,25888a810e0d5e63339593a2e4b1bf56f34dc5f6,25888a810e0d5e63339593a2e4b1bf56f34dc5f6,True,ok,,7,58914e59c608ed4384ba6002e44c3465c58b2e71,48000
2197,resources/data/patches_3rdparty/Nick Moritz/Basses/Sortier.fxp,contributor,31929,04f8150c23b24ed3ff3bf9b4477d0258b01ec6ca,04f8150c23b24ed3ff3bf9b4477d0258b01ec6ca,True,ok,,2,58914e59c608ed4384ba6002e44c3465c58b2e71,48000
2198,resources/data/patches_3rdparty/Nick Moritz/Basses/Strange Frog.fxp,contributor,33475,9cba547c965286fa742d1bd6181dee65ab3babce,9cba547c965286fa742d1bd6181dee65ab3babce,True,ok,,2,58914e59c608ed4384ba6002e44c3465c58b2e71,48000
2199,resources/data/patches_3rdparty/Nick Moritz/Basses/Strekoza.fxp,contributor,64255,de0f957ad6e795d734858afb6f73d7a103a76712,de0f957ad6e795d734858afb6f73d7a103a76712,True,ok,,5,58914e59c608ed4384ba6002e44c3465c58b2e71,48000
2200,resources/data/patches_3rdparty/Nick Moritz/Basses/Striply Saw.fxp,contributor,32840,5dec25903260b495d059b8e12b60eed3fc305d28,5dec25903260b495d059b8e12b60eed3fc305d28,True,ok,,3,58914e59c608ed4384ba6002e44c3465c58b2e71,48000
2201,resources/data/patches_3rdparty/Nick Moritz/Basses/Strode Impulse.fxp,contributor,41423,3908cd165ade97ae36feb34e282fd371b981e6be,3908cd165ade97ae36feb34e282fd371b981e6be,True,ok,,3,58914e59c608ed4384ba6002e44c3465c58b2e71,48000
2202,resources/data/patches_3rdparty/Nick Moritz/Basses/Super Stap.fxp,contributor,33165,7b736a316668e142b1d79301fb8c302d8726d0be,7b736a316668e142b1d79301fb8c302d8726d0be,True,ok,,3,58914e59c608ed4384ba6002e44c3465c58b2e71,48000
2203,resources/data/patches_3rdparty/Nick Moritz/Basses/Wooden Alien.fxp,contributor,64657,7d20c1d8202aaa9e3e313e2eea7000ec5a58eb1d,7d20c1d8202aaa9e3e313e2eea7000ec5a58eb1d,True,ok,,4,58914e59c608ed4384ba6002e44c3465c58b2e71,48000
2204,resources/data/patches_3rdparty/Nick Moritz/FX/Noise Crash 1.fxp,contributor,24884,201d1257d74c44956898e1cf6c991e812e7fe107,201d1257d74c44956898e1cf6c991e812e7fe107,True,ok,,2,58914e59c608ed4384ba6002e44c3465c58b2e71,48000
2205,resources/data/patches_3rdparty/Nick Moritz/FX/Noise Crash 2.fxp,contributor,24909,74ba17a24c8d40e667597973b31dbe0a94315fda,74ba17a24c8d40e667597973b31dbe0a94315fda,True,ok,,3,58914e59c608ed4384ba6002e44c3465c58b2e71,48000
2206,resources/data/patches_3rdparty/Nick Moritz/FX/Pong Keys.fxp,contributor,31096,db8ba236f0b52738b8dd45c5128ba171a94989a9,db8ba236f0b52738b8dd45c5128ba171a94989a9,True,ok,,3,58914e59c608ed4384ba6002e44c3465c58b2e71,48000
2207,resources/data/patches_3rdparty/Nick Moritz/FX/Soloid Hit.fxp,contributor,32044,765fae2620411aef0658fc09d37077bdf7e2b1a9,765fae2620411aef0658fc09d37077bdf7e2b1a9,True,ok,,3,58914e59c608ed4384ba6002e44c3465c58b2e71,48000
2208,resources/data/patches_3rdparty/Nick Moritz/FX/Sweep Noise Out.fxp,contributor,24419,bfde755aff7fa86ecc4080206a4c9964ac1d2d4c,bfde755aff7fa86ecc4080206a4c9964ac1d2d4c,True,ok,,2,58914e59c608ed4384ba6002e44c3465c58b2e71,48000
2209,resources/data/patches_3rdparty/Nick Moritz/FX/Sweep Noise Up-Down.fxp,contributor,23875,22895d480d7a39e4c1b1c3a40191ff02141f6853,22895d480d7a39e4c1b1c3a40191ff02141f6853,True,ok,,2,58914e59c608ed4384ba6002e44c3465c58b2e71,48000
2210,resources/data/patches_3rdparty/Nick Moritz/Keys/Angel Pluck.fxp,contributor,25341,99dcbf10fb5bcef5236a6e44671c7f4eac919133,99dcbf10fb5bcef5236a6e44671c7f4eac919133,True,ok,,3,58914e59c608ed4384ba6002e44c3465c58b2e71,48000
2211,resources/data/patches_3rdparty/Nick Moritz/Keys/Benassi Bros.fxp,contributor,40532,b5c24bde459cc078c9ec36ba18a906321d3d9702,b5c24bde459cc078c9ec36ba18a906321d3d9702,True,ok,,4,58914e59c608ed4384ba6002e44c3465c58b2e71,48000
2212,resources/data/patches_3rdparty/Nick Moritz/Keys/Blue Whale Organ.fxp,contributor,31274,01746df92f660e08d986e006d909748ac4569e35,01746df92f660e08d986e006d909748ac4569e35,True,ok,,3,58914e59c608ed4384ba6002e44c3465c58b2e71,48000
2213,resources/data/patches_3rdparty/Nick Moritz/Keys/Brunto Chords.fxp,contributor,25647,8782e54b72f5f695e7584fa52fee17d1542c0e1d,8782e54b72f5f695e7584fa52fee17d1542c0e1d,True,ok,,3,58914e59c608ed4384ba6002e44c3465c58b2e71,48000
2214,resources/data/patches_3rdparty/Nick Moritz/Keys/Caspian Sea.fxp,contributor,26585,bb46bf86ded5764f226dfc2cda1892c7db989a5d,bb46bf86ded5764f226dfc2cda1892c7db989a5d,True,ok,,2,58914e59c608ed4384ba6002e44c3465c58b2e71,48000
2215,resources/data/patches_3rdparty/Nick Moritz/Keys/China Dream.fxp,contributor,109319,e1aea32c87eb7ab6cd4227f980d01c7529d39f45,e1aea32c87eb7ab6cd4227f980d01c7529d39f45,True,ok,,9,58914e59c608ed4384ba6002e44c3465c58b2e71,48000
2216,resources/data/patches_3rdparty/Nick Moritz/Keys/Crackle Organ.fxp,contributor,25645,f9aba3a06b05b73e3a087753f26f1ed63becfb9d,f9aba3a06b05b73e3a087753f26f1ed63becfb9d,True,ok,,2,58914e59c608ed4384ba6002e44c3465c58b2e71,48000
2217,resources/data/patches_3rdparty/Nick Moritz/Keys/Dream Plucks.fxp,contributor,25742,81bf2342e870412ac67b94c71c375b5d583db84c,81bf2342e870412ac67b94c71c375b5d583db84c,True,ok,,2,58914e59c608ed4384ba6002e44c3465c58b2e71,48000
2218,resources/data/patches_3rdparty/Nick Moritz/Keys/Electro Cricket.fxp,contributor,25791,66e4aaa46986eec6d1962d932199980d3a47df8b,66e4aaa46986eec6d1962d932199980d3a47df8b,True,ok,,3,58914e59c608ed4384ba6002e44c3465c58b2e71,48000
2219,resources/data/patches_3rdparty/Nick Moritz/Keys/Marimba.fxp,contributor,24694,781c4fbab71af921eebcea319913452065dbdb58,781c4fbab71af921eebcea319913452065dbdb58,True,ok,,3,58914e59c608ed4384ba6002e44c3465c58b2e71,48000
2220,resources/data/patches_3rdparty/Nick Moritz/Keys/Modern FM Bells.fxp,contributor,25202,d53f61fd6e9b2d6e8b4ed914c47dd15dbb827eb6,d53f61fd6e9b2d6e8b4ed914c47dd15dbb827eb6,True,ok,,3,58914e59c608ed4384ba6002e44c3465c58b2e71,48000
2221,resources/data/patches_3rdparty/Nick Moritz/Keys/Phone Drops.fxp,contributor,25386,81eb887012990d386a89cf41685c8202a3285167,81eb887012990d386a89cf41685c8202a3285167,True,ok,,2,58914e59c608ed4384ba6002e44c3465c58b2e71,48000
2222,resources/data/patches_3rdparty/Nick Moritz/Keys/Popcorn 2K.fxp,contributor,29761,27a0f93e15be0f62a16b3192883272fa3a81a3b8,27a0f93e15be0f62a16b3192883272fa3a81a3b8,True,ok,,3,58914e59c608ed4384ba6002e44c3465c58b2e71,48000
2223,resources/data/patches_3rdparty/Nick Moritz/Leads/5th House.fxp,contributor,33076,58474afedbaf8cde997d17e05f101c337a43e0ff,58474afedbaf8cde997d17e05f101c337a43e0ff,True,ok,,3,58914e59c608ed4384ba6002e44c3465c58b2e71,48000
2224,resources/data/patches_3rdparty/Nick Moritz/Leads/Chicago Key.fxp,contributor,32965,fef4edc808533c6d6bfe7cca7626673381286541,fef4edc808533c6d6bfe7cca7626673381286541,True,ok,,2,58914e59c608ed4384ba6002e44c3465c58b2e71,48000
2225,resources/data/patches_3rdparty/Nick Moritz/Leads/Demon Here.fxp,contributor,31974,eb9b9a4540e03ae8e378713ba72dffe274afcac7,eb9b9a4540e03ae8e378713ba72dffe274afcac7,True,ok,,3,58914e59c608ed4384ba6002e44c3465c58b2e71,48000
2226,resources/data/patches_3rdparty/Nick Moritz/Leads/Huge Saw.fxp,contributor,47733,b2b8d9dad1d3c2e2fe776f809039f2dc6ceb416b,b2b8d9dad1d3c2e2fe776f809039f2dc6ceb416b,True,ok,,4,58914e59c608ed4384ba6002e44c3465c58b2e71,48000
2227,resources/data/patches_3rdparty/Nick Moritz/Leads/Involved Crunch.fxp,contributor,35977,5ba48ea21a02e7758cecb63176cea1d495d1eeee,5ba48ea21a02e7758cecb63176cea1d495d1eeee,True,ok,,4,58914e59c608ed4384ba6002e44c3465c58b2e71,48000
2228,resources/data/patches_3rdparty/Nick Moritz/Leads/Modular.fxp,contributor,32435,44511f3f02ced0b12dea8b652a76e682eee7ef78,44511f3f02ced0b12dea8b652a76e682eee7ef78,True,ok,,2,58914e59c608ed4384ba6002e44c3465c58b2e71,48000
2229,resources/data/patches_3rdparty/Nick Moritz/Leads/Some Lead.fxp,contributor,32394,0242d9cc508a0286e3bd98d7526c4f0b3692e322,0242d9cc508a0286e3bd98d7526c4f0b3692e322,True,ok,,2,58914e59c608ed4384ba6002e44c3465c58b2e71,48000
2230,resources/data/patches_3rdparty/Nick Moritz/Pads/Brass Pad.fxp,contributor,24424,06c13efa11775ced1f2bd85a30ad2d241d947f5e,06c13efa11775ced1f2bd85a30ad2d241d947f5e,True,ok,,2,58914e59c608ed4384ba6002e44c3465c58b2e71,48000
2231,resources/data/patches_3rdparty/Nick Moritz/Pads/Nightmare.fxp,contributor,26660,0be1a509a7d5aa2f8dae118b22dbfb00d8ab803a,0be1a509a7d5aa2f8dae118b22dbfb00d8ab803a,True,ok,,3,58914e59c608ed4384ba6002e44c3465c58b2e71,48000
2232,resources/data/patches_3rdparty/Nick Moritz/Pads/Purple Ocean.fxp,contributor,108858,c2573563e9b0e82a90fee26bb1b8dae4bbaa1172,c2573563e9b0e82a90fee26bb1b8dae4bbaa1172,True,ok,,8,58914e59c608ed4384ba6002e44c3465c58b2e71,48000
2233,resources/data/patches_3rdparty/Nick Moritz/Pads/Saw Sweeper.fxp,contributor,30771,165ed2793ef4a5c93bfea465db003b541182a595,165ed2793ef4a5c93bfea465db003b541182a595,True,ok,,2,58914e59c608ed4384ba6002e44c3465c58b2e71,48000
2234,resources/data/patches_3rdparty/Nick Moritz/Pads/Scary Pad.fxp,contributor,31235,719f084c1873c9d26330b58048109f9473fdc341,719f084c1873c9d26330b58048109f9473fdc341,True,ok,,3,58914e59c608ed4384ba6002e44c3465c58b2e71,48000
2235,resources/data/patches_3rdparty/Nick Moritz/Pads/Sorrowful.fxp,contributor,55549,d35f156b3f97ef01905ac5451fff00d0cd3eb321,d35f156b3f97ef01905ac5451fff00d0cd3eb321,True,ok,,5,58914e59c608ed4384ba6002e44c3465c58b2e71,48000
2236,resources/data/patches_3rdparty/Nick Moritz/Sequences/Brain Out.fxp,contributor,26832,f253b7ea8db534723d702b459f208dcb684e77a5,f253b7ea8db534723d702b459f208dcb684e77a5,True,ok,,3,58914e59c608ed4384ba6002e44c3465c58b2e71,48000
2237,resources/data/patches_3rdparty/Nick Moritz/Sequences/Dark Knight.fxp,contributor,98113,b4b21885ab2e09b738688f1f2a25da06932be3bd,b4b21885ab2e09b738688f1f2a25da06932be3bd,True,ok,,7,58914e59c608ed4384ba6002e44c3465c58b2e71,48000
2238,resources/data/patches_3rdparty/Nick Moritz/Splits/Ana Bass Pluck.fxp,contributor,31530,42c3a9005eee55c2162f0a9760c693e49e3af296,42c3a9005eee55c2162f0a9760c693e49e3af296,True,ok,,3,58914e59c608ed4384ba6002e44c3465c58b2e71,48000
2239,resources/data/patches_3rdparty/Nick Moritz/Strings/Orchestral Trombone.fxp,contributor,47746,e4ef28b34d72604593b4412fd37acc1f332e9f0d,e4ef28b34d72604593b4412fd37acc1f332e9f0d,True,ok,,5,58914e59c608ed4384ba6002e44c3465c58b2e71,48000
2240,resources/data/patches_3rdparty/Nick Moritz/Synths/Adrenaline.fxp,contributor,24858,6b91d8b351d1e7e733f95f6cbb60d7ccdf1e3bfc,6b91d8b351d1e7e733f95f6cbb60d7ccdf1e3bfc,True,ok,,4,58914e59c608ed4384ba6002e44c3465c58b2e71,48000
2241,resources/data/patches_3rdparty/Nick Moritz/Synths/Dream Drops.fxp,contributor,25380,9b1400931132774896fa19a9aee75863ea14700f,9b1400931132774896fa19a9aee75863ea14700f,True,ok,,3,58914e59c608ed4384ba6002e44c3465c58b2e71,48000
2242,resources/data/patches_3rdparty/Nick Moritz/Synths/Forest Angels.fxp,contributor,29394,1195903e63d347927862be0adbd11c853880697f,1195903e63d347927862be0adbd11c853880697f,True,ok,,3,58914e59c608ed4384ba6002e44c3465c58b2e71,48000
2243,resources/data/patches_3rdparty/Nick Moritz/Synths/Moon Piano.fxp,contributor,25276,3bdc8fa7c6323c281162a949de3df385f6f8942d,3bdc8fa7c6323c281162a949de3df385f6f8942d,True,ok,,3,58914e59c608ed4384ba6002e44c3465c58b2e71,48000
2244,resources/data/patches_3rdparty/Nick Moritz/Synths/Morrowind.fxp,contributor,35328,04c94784f07586e7762dae67971337b8a914b65d,04c94784f07586e7762dae67971337b8a914b65d,True,ok,,3,58914e59c608ed4384ba6002e44c3465c58b2e71,48000
2245,resources/data/patches_3rdparty/Nick Moritz/Synths/Mystery Grotto.fxp,contributor,25038,e4e2a9a263428f87da98501f8be3f4e422c6133a,e4e2a9a263428f87da98501f8be3f4e422c6133a,True,ok,,3,58914e59c608ed4384ba6002e44c3465c58b2e71,48000
2246,resources/data/patches_3rdparty/Nick Moritz/Synths/Pushing Ocean.fxp,contributor,25232,2c4ad526088046fd39e93b6e0a02d86662882a1f,2c4ad526088046fd39e93b6e0a02d86662882a1f,True,ok,,3,58914e59c608ed4384ba6002e44c3465c58b2e71,48000
2247,resources/data/patches_3rdparty/Nick Moritz/Synths/Regressive Notes.fxp,contributor,49101,57316220d24bdda4076b7bae900022b0b02f2ef0,57316220d24bdda4076b7bae900022b0b02f2ef0,True,ok,,4,58914e59c608ed4384ba6002e44c3465c58b2e71,48000
2248,resources/data/patches_3rdparty/Nick Moritz/Synths/Space Stranger.fxp,contributor,25458,c5d1f7842f1513fde9bf6d9c1eca2d817c3c3188,c5d1f7842f1513fde9bf6d9c1eca2d817c3c3188,True,ok,,3,58914e59c608ed4384ba6002e44c3465c58b2e71,48000
2249,resources/data/patches_3rdparty/Noisegeek/Drones/Lost In Electric Woods.fxp,contributor,47280,d369572525d438c08a2b957cee24c2fb799d48c4,d369572525d438c08a2b957cee24c2fb799d48c4,True,ok,,4,58914e59c608ed4384ba6002e44c3465c58b2e71,48000
2250,resources/data/patches_3rdparty/Noisegeek/FX/Singing Space Saw.fxp,contributor,31955,6da250e7dcc0194b7309cc4ac7b159b3443771b0,6da250e7dcc0194b7309cc4ac7b159b3443771b0,True,ok,,3,58914e59c608ed4384ba6002e44c3465c58b2e71,48000
2251,resources/data/patches_3rdparty/Noisegeek/FX/Slow-mo Samurai.fxp,contributor,39000,c6d5675e7b97656534f2e70e0153702e5216a67d,c6d5675e7b97656534f2e70e0153702e5216a67d,True,ok,,38,58914e59c608ed4384ba6002e44c3465c58b2e71,48000
2252,resources/data/patches_3rdparty/Noisegeek/Keys/Busted Echobox.fxp,contributor,24285,32d230d076475a335a508fbe9f9542a96b5aa4f5,32d230d076475a335a508fbe9f9542a96b5aa4f5,True,ok,,3,58914e59c608ed4384ba6002e44c3465c58b2e71,48000
2253,resources/data/patches_3rdparty/Noisegeek/Keys/Kinda Fearless FM.fxp,contributor,105725,960db7d40003c1a4a66eb239a9f02936e114ecd9,960db7d40003c1a4a66eb239a9f02936e114ecd9,True,ok,,8,58914e59c608ed4384ba6002e44c3465c58b2e71,48000
2254,resources/data/patches_3rdparty/Noisegeek/Keys/Something Clangy.fxp,contributor,43731,bfaf8601cb6750f48d9285137905ed4eb854a4c5,bfaf8601cb6750f48d9285137905ed4eb854a4c5,True,ok,,5,58914e59c608ed4384ba6002e44c3465c58b2e71,48000
2255,resources/data/patches_3rdparty/Noisegeek/Leads/Back To Tyrell.fxp,contributor,48688,0985c31f0031d87447053198f44fd8fe2597f307,0985c31f0031d87447053198f44fd8fe2597f307,True,ok,,5,58914e59c608ed4384ba6002e44c3465c58b2e71,48000
2256,resources/data/patches_3rdparty/Noisegeek/Leads/Bagpipes Plugged In.fxp,contributor,31080,d6c9772e0572219f69d5c6f67c5d4195cac03a96,d6c9772e0572219f69d5c6f67c5d4195cac03a96,True,ok,,3,58914e59c608ed4384ba6002e44c3465c58b2e71,48000
2257,resources/data/patches_3rdparty/Noisegeek/Leads/Electric Leady Land.fxp,contributor,30355,1bdbe6d50258d8cd880340840c07783161d308a7,1bdbe6d50258d8cd880340840c07783161d308a7,True,ok,,3,58914e59c608ed4384ba6002e44c3465c58b2e71,48000
2258,resources/data/patches_3rdparty/Noisegeek/Leads/Rubberband Fight.fxp,contributor,30598,d4dd0adb375875cd3154a41028bb41967c800b0b,d4dd0adb375875cd3154a41028bb41967c800b0b,True,ok,,3,58914e59c608ed4384ba6002e44c3465c58b2e71,48000
2259,resources/data/patches_3rdparty/Noisegeek/Plucks/Skyscraper Harp.fxp,contributor,23809,c3fac86e18ffc18814ffa9cd79543de81d6566ce,c3fac86e18ffc18814ffa9cd79543de81d6566ce,True,ok,,2,58914e59c608ed4384ba6002e44c3465c58b2e71,48000
2260,resources/data/patches_3rdparty/Psiome Send Sound/Atmospheres/Ambient Duda.fxp,contributor,34296,99fd0bc6e53b253d67fdddccadf5b50b1af8c13d,99fd0bc6e53b253d67fdddccadf5b50b1af8c13d,True,ok,,3,58914e59c608ed4384ba6002e44c3465c58b2e71,48000
2261,resources/data/patches_3rdparty/Psiome Send Sound/Atmospheres/Surreal Craft.fxp,contributor,93027,146ed8fe1091310bcc3cceadd20be9953d9114fc,146ed8fe1091310bcc3cceadd20be9953d9114fc,True,ok,,9,58914e59c608ed4384ba6002e44c3465c58b2e71,48000
2262,resources/data/patches_3rdparty/Psiome Send Sound/Atmospheres/Texture 1.fxp,contributor,26740,7f2a1c05cce2a945dc170d73c558a9e546d6db69,7f2a1c05cce2a945dc170d73c558a9e546d6db69,True,ok,,5,58914e59c608ed4384ba6002e44c3465c58b2e71,48000
2263,resources/data/patches_3rdparty/Psiome Send Sound/Atmospheres/Texture 2.fxp,contributor,42350,33dd8251cd656bc14e3f596a82d7fca5dce108f6,33dd8251cd656bc14e3f596a82d7fca5dce108f6,True,ok,,4,58914e59c608ed4384ba6002e44c3465c58b2e71,48000
2264,resources/data/patches_3rdparty/Psiome Send Sound/Atmospheres/Texture 3.fxp,contributor,39192,3a67db59abc9c4317b4da7784bd2296681bdfbfa,3a67db59abc9c4317b4da7784bd2296681bdfbfa,True,ok,,4,58914e59c608ed4384ba6002e44c3465c58b2e71,48000
2265,resources/data/patches_3rdparty/Psiome Send Sound/Basses/Alternative.fxp,contributor,60847,c46d536dcb4a1d95d176f796512850a170af14a7,c46d536dcb4a1d95d176f796512850a170af14a7,True,ok,,4,58914e59c608ed4384ba6002e44c3465c58b2e71,48000
2266,resources/data/patches_3rdparty/Psiome Send Sound/Basses/Attack Chorus.fxp,contributor,32705,d8fbcdc4f750698c60556d0a827ee441fc5d3ec8,d8fbcdc4f750698c60556d0a827ee441fc5d3ec8,True,ok,,3,58914e59c608ed4384ba6002e44c3465c58b2e71,48000
2267,resources/data/patches_3rdparty/Psiome Send Sound/Basses/Barrell.fxp,contributor,31463,1c6a9633bd1c184d2f9a078a0425323428d15de7,1c6a9633bd1c184d2f9a078a0425323428d15de7,True,ok,,3,58914e59c608ed4384ba6002e44c3465c58b2e71,48000
2268,resources/data/patches_3rdparty/Psiome Send Sound/Basses/Character.fxp,contributor,59504,e975faed8882884da8bf6e60ee4fd72eb8e10a36,e975faed8882884da8bf6e60ee4fd72eb8e10a36,True,ok,,5,58914e59c608ed4384ba6002e44c3465c58b2e71,48000
2269,resources/data/patches_3rdparty/Psiome Send Sound/Basses/Distort.fxp,contributor,112531,770be513de39c8ea9e4327a275dece3e91c8eb64,770be513de39c8ea9e4327a275dece3e91c8eb64,True,ok,,8,58914e59c608ed4384ba6002e44c3465c58b2e71,48000
2270,resources/data/patches_3rdparty/Psiome Send Sound/Basses/EDM.fxp,contributor,30890,fcdae23f25f52d2d50595cc9c5b9cbc9c1c300f5,fcdae23f25f52d2d50595cc9c5b9cbc9c1c300f5,True,ok,,2,58914e59c608ed4384ba6002e44c3465c58b2e71,48000
2271,resources/data/patches_3rdparty/Psiome Send Sound/Basses/Electronic.fxp,contributor,25792,244cc5669d1410fccc25f261d911fa0019d5aa4f,244cc5669d1410fccc25f261d911fa0019d5aa4f,True,ok,,2,58914e59c608ed4384ba6002e44c3465c58b2e71,48000
2272,resources/data/patches_3rdparty/Psiome Send Sound/Basses/Experimental.fxp,contributor,32194,bcb2b2bf2a03acc6ce8ae9d71c0da4bd1ec1841d,bcb2b2bf2a03acc6ce8ae9d71c0da4bd1ec1841d,True,ok,,3,58914e59c608ed4384ba6002e44c3465c58b2e71,48000
2273,resources/data/patches_3rdparty/Psiome Send Sound/Basses/Expo.fxp,contributor,30895,20b4b107ef1b54f1c928476a7a7f08a423f80eaa,20b4b107ef1b54f1c928476a7a7f08a423f80eaa,True,ok,,2,58914e59c608ed4384ba6002e44c3465c58b2e71,48000
2274,resources/data/patches_3rdparty/Psiome Send Sound/Basses/FM Stalactite.fxp,contributor,24835,3f4294c2d9c3155e78855ef595b067db4faef898,3f4294c2d9c3155e78855ef595b067db4faef898,True,ok,,2,58914e59c608ed4384ba6002e44c3465c58b2e71,48000
2275,resources/data/patches_3rdparty/Psiome Send Sound/Basses/Industrial.fxp,contributor,34181,0180c4707f919d15b17757b7be160860d2c9b5c5,0180c4707f919d15b17757b7be160860d2c9b5c5,True,ok,,3,58914e59c608ed4384ba6002e44c3465c58b2e71,48000
2276,resources/data/patches_3rdparty/Psiome Send Sound/Basses/Metallic Electro.fxp,contributor,24477,78e50156e0aaece170ff8d7b8e2ae1ba72a3cc3f,78e50156e0aaece170ff8d7b8e2ae1ba72a3cc3f,True,ok,,2,58914e59c608ed4384ba6002e44c3465c58b2e71,48000
2277,resources/data/patches_3rdparty/Psiome Send Sound/Basses/Metallic FM.fxp,contributor,24370,a92fdc5d59d5241cf478d4212b74001ea7d9234b,a92fdc5d59d5241cf478d4212b74001ea7d9234b,True,ok,,2,58914e59c608ed4384ba6002e44c3465c58b2e71,48000
2278,resources/data/patches_3rdparty/Psiome Send Sound/Basses/POP.fxp,contributor,23823,8d5defd6965ec4955e9c74c51707980c73d23044,8d5defd6965ec4955e9c74c51707980c73d23044,True,ok,,8,58914e59c608ed4384ba6002e44c3465c58b2e71,48000
2279,resources/data/patches_3rdparty/Psiome Send Sound/Basses/Phaser Modular.fxp,contributor,48946,7c7e1d311aa2b0c6425a4c7b594109b73782ab16,7c7e1d311aa2b0c6425a4c7b594109b73782ab16,True,ok,,4,58914e59c608ed4384ba6002e44c3465c58b2e71,48000
2280,resources/data/patches_3rdparty/Psiome Send Sound/Basses/Porta Dist.fxp,contributor,31023,fb77ba1c90ccd98cd4dd9a921df5c24391acf103,fb77ba1c90ccd98cd4dd9a921df5c24391acf103,True,ok,,3,58914e59c608ed4384ba6002e44c3465c58b2e71,48000
2281,resources/data/patches_3rdparty/Psiome Send Sound/Basses/Staccato.fxp,contributor,24769,88cb46aa4d76782a4f236277c14f7ffa6eb4c805,88cb46aa4d76782a4f236277c14f7ffa6eb4c805,True,ok,,3,58914e59c608ed4384ba6002e44c3465c58b2e71,48000
2282,resources/data/patches_3rdparty/Psiome Send Sound/Basses/Standard.fxp,contributor,24209,24573becbdae763f48ebe55dc7066dab8f0d737e,24573becbdae763f48ebe55dc7066dab8f0d737e,True,ok,,2,58914e59c608ed4384ba6002e44c3465c58b2e71,48000
2283,resources/data/patches_3rdparty/Psiome Send Sound/Basses/Tone Reso.fxp,contributor,24808,f45d6ae011cda13c851f6d8827b521f4852da498,f45d6ae011cda13c851f6d8827b521f4852da498,True,ok,,4,58914e59c608ed4384ba6002e44c3465c58b2e71,48000
2284,resources/data/patches_3rdparty/Psiome Send Sound/Basses/Trip Bass.fxp,contributor,24395,f1860f56c48f1b3732eaeaf5f315ef96c5d92ee7,f1860f56c48f1b3732eaeaf5f315ef96c5d92ee7,True,ok,,2,58914e59c608ed4384ba6002e44c3465c58b2e71,48000
2285,resources/data/patches_3rdparty/Psiome Send Sound/FX/Boom.fxp,contributor,25118,05f07ccd33bda82518fc9b20e1d1916a145f2ff9,05f07ccd33bda82518fc9b20e1d1916a145f2ff9,True,ok,,3,58914e59c608ed4384ba6002e44c3465c58b2e71,48000
2286,resources/data/patches_3rdparty/Psiome Send Sound/FX/Forma.fxp,contributor,42055,cdb86662d23a6fe60b9332b5cc846f8969ba3f35,cdb86662d23a6fe60b9332b5cc846f8969ba3f35,True,ok,,5,58914e59c608ed4384ba6002e44c3465c58b2e71,48000
2287,resources/data/patches_3rdparty/Psiome Send Sound/FX/Horror.fxp,contributor,40836,3e6485c3c27d56b533e6fb37ce7dd61a1da3e821,3e6485c3c27d56b533e6fb37ce7dd61a1da3e821,True,ok,,5,58914e59c608ed4384ba6002e44c3465c58b2e71,48000
2288,resources/data/patches_3rdparty/Psiome Send Sound/FX/Hroost.fxp,contributor,24981,06f0e3262e849677c219012f7d7075f7f80663ff,06f0e3262e849677c219012f7d7075f7f80663ff,True,ok,,4,58914e59c608ed4384ba6002e44c3465c58b2e71,48000
2289,resources/data/patches_3rdparty/Psiome Send Sound/FX/Noise Combo.fxp,contributor,42541,6baef54f9f91ac5ff5ff4b2f6ba0bda13f7d7976,6baef54f9f91ac5ff5ff4b2f6ba0bda13f7d7976,True,ok,,4,58914e59c608ed4384ba6002e44c3465c58b2e71,48000
2290,resources/data/patches_3rdparty/Psiome Send Sound/FX/Noise Up.fxp,contributor,24992,8c3cd0e572dd35e2194af3a7e714497cd63289b1,8c3cd0e572dd35e2194af3a7e714497cd63289b1,True,ok,,4,58914e59c608ed4384ba6002e44c3465c58b2e71,48000
2291,resources/data/patches_3rdparty/Psiome Send Sound/FX/Noise.fxp,contributor,24739,3c56ebd2f127fdf9f0cd0dbd25a88724990944c3,3c56ebd2f127fdf9f0cd0dbd25a88724990944c3,True,ok,,5,58914e59c608ed4384ba6002e44c3465c58b2e71,48000
2292,resources/data/patches_3rdparty/Psiome Send Sound/FX/Perehod.fxp,contributor,24988,ba2e565abb7bb709754bfe3a085d9baf9ff87022,ba2e565abb7bb709754bfe3a085d9baf9ff87022,True,ok,,5,58914e59c608ed4384ba6002e44c3465c58b2e71,48000
2293,resources/data/patches_3rdparty/Psiome Send Sound/FX/Pitch Model.fxp,contributor,90148,98ee26e43ea282a861b75c9270a1ab7e0b06fdd0,98ee26e43ea282a861b75c9270a1ab7e0b06fdd0,True,ok,,10,58914e59c608ed4384ba6002e44c3465c58b2e71,48000
2294,resources/data/patches_3rdparty/Psiome Send Sound/FX/Rotor.fxp,contributor,90874,b06f493c6b347c58b753fc7f572e9a7e90434bed,b06f493c6b347c58b753fc7f572e9a7e90434bed,True,ok,,12,58914e59c608ed4384ba6002e44c3465c58b2e71,48000
2295,resources/data/patches_3rdparty/Psiome Send Sound/FX/Tour.fxp,contributor,25175,f5c8c8c500c0336bcbcdb5d38565654c05399324,f5c8c8c500c0336bcbcdb5d38565654c05399324,True,ok,,2,58914e59c608ed4384ba6002e44c3465c58b2e71,48000
2296,resources/data/patches_3rdparty/Psiome Send Sound/Keys/Destructive Piano.fxp,contributor,25319,64f7832ea7483326f77803674c2b10c447ea4f5b,64f7832ea7483326f77803674c2b10c447ea4f5b,True,ok,,2,58914e59c608ed4384ba6002e44c3465c58b2e71,48000
2297,resources/data/patches_3rdparty/Psiome Send Sound/Keys/Gluckophone.fxp,contributor,25443,88d03d168bf8dab70e0c0ca7f1ba71d760ae5537,88d03d168bf8dab70e0c0ca7f1ba71d760ae5537,True,ok,,3,58914e59c608ed4384ba6002e44c3465c58b2e71,48000
2298,resources/data/patches_3rdparty/Psiome Send Sound/Leads/Chill Duda.fxp,contributor,31962,d3a00f14ebae57f4db87a8b5cedf1d6345767c5b,d3a00f14ebae57f4db87a8b5cedf1d6345767c5b,True,ok,,3,58914e59c608ed4384ba6002e44c3465c58b2e71,48000
2299,resources/data/patches_3rdparty/Psiome Send Sound/Leads/Flute Designer.fxp,contributor,32512,9dafe5b5397d970383d854d378e7736458436fde,9dafe5b5397d970383d854d378e7736458436fde,True,ok,,3,58914e59c608ed4384ba6002e44c3465c58b2e71,48000
2300,resources/data/patches_3rdparty/Psiome Send Sound/Leads/Panflute.fxp,contributor,45366,b2d70dbc5cf47930407f2271dd38094fe05a5bb0,b2d70dbc5cf47930407f2271dd38094fe05a5bb0,True,ok,,4,58914e59c608ed4384ba6002e44c3465c58b2e71,48000
2301,resources/data/patches_3rdparty/Psiome Send Sound/Leads/Space Viola.fxp,contributor,25403,c3806403ab677944c8af6f3585863afb727a9c98,c3806403ab677944c8af6f3585863afb727a9c98,True,ok,,3,58914e59c608ed4384ba6002e44c3465c58b2e71,48000
2302,resources/data/patches_3rdparty/Psiome Send Sound/Leads/Tuba Cello.fxp,contributor,36554,98f2d50c73cebf1dc8eeab25ca925da40651b805,98f2d50c73cebf1dc8eeab25ca925da40651b805,True,ok,,7,58914e59c608ed4384ba6002e44c3465c58b2e71,48000
2303,resources/data/patches_3rdparty/Psiome Send Sound/Pads/Assistant.fxp,contributor,26162,6ca81a06b1cdcac3fbf0bdec1682afdf1102aa77,6ca81a06b1cdcac3fbf0bdec1682afdf1102aa77,True,ok,,4,58914e59c608ed4384ba6002e44c3465c58b2e71,48000
2304,resources/data/patches_3rdparty/Psiome Send Sound/Pads/Favor.fxp,contributor,58968,bb61ebda68a92b054026c2e522de27a0f7b8f274,bb61ebda68a92b054026c2e522de27a0f7b8f274,True,ok,,6,58914e59c608ed4384ba6002e44c3465c58b2e71,48000
2305,resources/data/patches_3rdparty/Psiome Send Sound/Pads/Orc.fxp,contributor,29627,cba2ac6a03fa7187909108f7e1da2d1854e61402,cba2ac6a03fa7187909108f7e1da2d1854e61402,True,ok,,6,58914e59c608ed4384ba6002e44c3465c58b2e71,48000
2306,resources/data/patches_3rdparty/Psiome Send Sound/Pads/Sphere.fxp,contributor,197638,22c6e1c449218a3d4a3e1e80e034a4848e3baa93,22c6e1c449218a3d4a3e1e80e034a4848e3baa93,True,ok,,43,58914e59c608ed4384ba6002e44c3465c58b2e71,48000
2307,resources/data/patches_3rdparty/Psiome Send Sound/Pads/Texture Space.fxp,contributor,33947,9e17d87e84aaf3899f8e1e31ebe8abf1c4a85d6d,9e17d87e84aaf3899f8e1e31ebe8abf1c4a85d6d,True,ok,,3,58914e59c608ed4384ba6002e44c3465c58b2e71,48000
2308,resources/data/patches_3rdparty/Psiome Send Sound/Percussion/Aiwa.fxp,contributor,25397,fd16faa6e5cb5cd531493b165fbbc98b42cd5823,fd16faa6e5cb5cd531493b165fbbc98b42cd5823,True,ok,,3,58914e59c608ed4384ba6002e44c3465c58b2e71,48000
2309,resources/data/patches_3rdparty/Psiome Send Sound/Percussion/Aliance.fxp,contributor,33451,a70b32e4f603926a151853386c338d4c9da4b2f3,a70b32e4f603926a151853386c338d4c9da4b2f3,True,ok,,3,58914e59c608ed4384ba6002e44c3465c58b2e71,48000
2310,resources/data/patches_3rdparty/Psiome Send Sound/Percussion/Clap Electro.fxp,contributor,25815,f0c5e2d3c83c346513df3cc25ce51daefef466ab,f0c5e2d3c83c346513df3cc25ce51daefef466ab,True,ok,,2,58914e59c608ed4384ba6002e44c3465c58b2e71,48000
2311,resources/data/patches_3rdparty/Psiome Send Sound/Percussion/Cuprun.fxp,contributor,23808,d98361059694c75fe2cd2470cb2901c9f2227eca,d98361059694c75fe2cd2470cb2901c9f2227eca,True,ok,,2,58914e59c608ed4384ba6002e44c3465c58b2e71,48000
2312,resources/data/patches_3rdparty/Psiome Send Sound/Percussion/Dark.fxp,contributor,25744,dada8b17cba9330985db254ed434b0eaeb05d44f,dada8b17cba9330985db254ed434b0eaeb05d44f,True,ok,,3,58914e59c608ed4384ba6002e44c3465c58b2e71,48000
2313,resources/data/patches_3rdparty/Psiome Send Sound/Percussion/Etnic.fxp,contributor,41974,4c3e118ecf44919eafebf5f5413561dfee4d4c54,4c3e118ecf44919eafebf5f5413561dfee4d4c54,True,ok,,3,58914e59c608ed4384ba6002e44c3465c58b2e71,48000
2314,resources/data/patches_3rdparty/Psiome Send Sound/Percussion/Flanger Hat.fxp,contributor,27147,1662faec288d51e1777babb2ae9a60f1e5e218fe,1662faec288d51e1777babb2ae9a60f1e5e218fe,True,ok,,3,58914e59c608ed4384ba6002e44c3465c58b2e71,48000
2315,resources/data/patches_3rdparty/Psiome Send Sound/Percussion/Hat Electro.fxp,contributor,25638,bcc448ef538a2cb3100ae5efb7d5bb8d97a260c5,bcc448ef538a2cb3100ae5efb7d5bb8d97a260c5,True,ok,,3,58914e59c608ed4384ba6002e44c3465c58b2e71,48000
2316,resources/data/patches_3rdparty/Psiome Send Sound/Percussion/Hat WT.fxp,contributor,42347,02df6e5421507c2bf5c19fe2905934682c782df3,02df6e5421507c2bf5c19fe2905934682c782df3,True,ok,,4,58914e59c608ed4384ba6002e44c3465c58b2e71,48000
2317,resources/data/patches_3rdparty/Psiome Send Sound/Percussion/Herack.fxp,contributor,24259,020b3131d7f703bacc10e97e6d402ff4bd54f913,020b3131d7f703bacc10e97e6d402ff4bd54f913,True,ok,,3,58914e59c608ed4384ba6002e44c3465c58b2e71,48000
2318,resources/data/patches_3rdparty/Psiome Send Sound/Percussion/Kick Body Model.fxp,contributor,26147,73131496417bbdca39a7dd91b1a176f70bc2654f,73131496417bbdca39a7dd91b1a176f70bc2654f,True,ok,,3,58914e59c608ed4384ba6002e44c3465c58b2e71,48000
2319,resources/data/patches_3rdparty/Psiome Send Sound/Percussion/Kick Solar.fxp,contributor,32939,c01b28ce9ef6cdd7be41139b701c86e9029cd55e,c01b28ce9ef6cdd7be41139b701c86e9029cd55e,True,ok,,3,58914e59c608ed4384ba6002e44c3465c58b2e71,48000
2320,resources/data/patches_3rdparty/Psiome Send Sound/Percussion/Metal Percussion.fxp,contributor,41650,b2b0562e1f5538aac0c5680c40e6840a216d4321,b2b0562e1f5538aac0c5680c40e6840a216d4321,True,ok,,6,58914e59c608ed4384ba6002e44c3465c58b2e71,48000
2321,resources/data/patches_3rdparty/Psiome Send Sound/Percussion/Pluck.fxp,contributor,24737,db938373c6c4a8dee0668ab1a07e51f7d44bb4d8,db938373c6c4a8dee0668ab1a07e51f7d44bb4d8,True,ok,,2,58914e59c608ed4384ba6002e44c3465c58b2e71,48000
2322,resources/data/patches_3rdparty/Psiome Send Sound/Percussion/Resonator.fxp,contributor,32900,4b48d62bdfe830bfe0777bdb1f89df131fccb317,4b48d62bdfe830bfe0777bdb1f89df131fccb317,True,ok,,3,58914e59c608ed4384ba6002e44c3465c58b2e71,48000
2323,resources/data/patches_3rdparty/Psiome Send Sound/Percussion/Room AIW.fxp,contributor,25461,7d5b17d734d22ac52699a7f9bfe332123189c16e,7d5b17d734d22ac52699a7f9bfe332123189c16e,True,ok,,2,58914e59c608ed4384ba6002e44c3465c58b2e71,48000
2324,resources/data/patches_3rdparty/Psiome Send Sound/Percussion/Short Snare.fxp,contributor,24509,b3cde5d992371a692114cbd1f693fd8301d86b9b,b3cde5d992371a692114cbd1f693fd8301d86b9b,True,ok,,2,58914e59c608ed4384ba6002e44c3465c58b2e71,48000
2325,resources/data/patches_3rdparty/Psiome Send Sound/Percussion/Signal.fxp,contributor,33001,f479a1682d8998c1b2dfbfcddf9fe2a9c0469ff5,f479a1682d8998c1b2dfbfcddf9fe2a9c0469ff5,True,ok,,3,58914e59c608ed4384ba6002e44c3465c58b2e71,48000
2326,resources/data/patches_3rdparty/Psiome Send Sound/Percussion/Surreal Percussion.fxp,contributor,41917,b5686c434b24f33764fd9118289ce675e74694a3,b5686c434b24f33764fd9118289ce675e74694a3,True,ok,,4,58914e59c608ed4384ba6002e44c3465c58b2e71,48000
2327,resources/data/patches_3rdparty/Psiome Send Sound/Percussion/Technology.fxp,contributor,23873,ea68e2d0e8f113874df5d498071e1b0e7c8f6ae6,ea68e2d0e8f113874df5d498071e1b0e7c8f6ae6,True,ok,,2,58914e59c608ed4384ba6002e44c3465c58b2e71,48000
2328,resources/data/patches_3rdparty/Psiome Send Sound/Synths/Combination Yeah.fxp,contributor,33287,85c20cc6be11bfc62bc5cf2f18e7bd101cb384b8,85c20cc6be11bfc62bc5cf2f18e7bd101cb384b8,True,ok,,4,58914e59c608ed4384ba6002e44c3465c58b2e71,48000
2329,resources/data/patches_3rdparty/Psiome Send Sound/Synths/Eldorado.fxp,contributor,24582,d4298ba6a234725c5c50431b95eddacf701b1969,d4298ba6a234725c5c50431b95eddacf701b1969,True,ok,,3,58914e59c608ed4384ba6002e44c3465c58b2e71,48000
2330,resources/data/patches_3rdparty/Psiome Send Sound/Synths/Experiment Clock.fxp,contributor,31604,e2c911ca09371b444fdd30887b1a2622dd4b6207,e2c911ca09371b444fdd30887b1a2622dd4b6207,True,ok,,3,58914e59c608ed4384ba6002e44c3465c58b2e71,48000
2331,resources/data/patches_3rdparty/Psiome Send Sound/Synths/Hybrid String.fxp,contributor,24457,f4b00629147c943560f68e232ae1edda20e79052,f4b00629147c943560f68e232ae1edda20e79052,True,ok,,3,58914e59c608ed4384ba6002e44c3465c58b2e71,48000
2332,resources/data/patches_3rdparty/Psiome Send Sound/Synths/Neuro Mini.fxp,contributor,35417,df74995ddf6a459da100138b93ca041369ef6ed0,df74995ddf6a459da100138b93ca041369ef6ed0,True,ok,,3,58914e59c608ed4384ba6002e44c3465c58b2e71,48000
2333,resources/data/patches_3rdparty/Psiome Send Sound/Synths/Noise Make.fxp,contributor,25119,293304f7157f31608eec3e56f32f45c445655319,293304f7157f31608eec3e56f32f45c445655319,True,ok,,3,58914e59c608ed4384ba6002e44c3465c58b2e71,48000
2334,resources/data/patches_3rdparty/Psiome Send Sound/Synths/PSY.fxp,contributor,37040,b552517f054858d369463960b693e6d3340d544d,b552517f054858d369463960b693e6d3340d544d,True,ok,,4,58914e59c608ed4384ba6002e44c3465c58b2e71,48000
2335,resources/data/patches_3rdparty/Psiome Send Sound/Synths/Pluck Control.fxp,contributor,33396,158b8cf0639fb0db698f9383243f181996a64348,158b8cf0639fb0db698f9383243f181996a64348,True,ok,,3,58914e59c608ed4384ba6002e44c3465c58b2e71,48000
2336,resources/data/patches_3rdparty/Psiome Send Sound/Synths/Suspession.fxp,contributor,99721,a3a783e1459d5c536ec37b1b21bf5ef818b14a73,a3a783e1459d5c536ec37b1b21bf5ef818b14a73,True,ok,,8,58914e59c608ed4384ba6002e44c3465c58b2e71,48000
2337,resources/data/patches_3rdparty/Psiome Send Sound/Synths/Symbiosis.fxp,contributor,23924,3cbf361ca0810c697f3912d3cda40dba81c0d853,3cbf361ca0810c697f3912d3cda40dba81c0d853,True,ok,,3,58914e59c608ed4384ba6002e44c3465c58b2e71,48000
2338,resources/data/patches_3rdparty/Psiome Send Sound/Synths/Tremor.fxp,contributor,24924,297771241fdc324b828c2eac315706523fe0d728,297771241fdc324b828c2eac315706523fe0d728,True,ok,,4,58914e59c608ed4384ba6002e44c3465c58b2e71,48000
2339,resources/data/patches_3rdparty/Psiome Send Sound/Synths/Xylo Chill.fxp,contributor,27465,42c827bca82869d47a163a35f0bc9fee87eac250,42c827bca82869d47a163a35f0bc9fee87eac250,True,ok,,3,58914e59c608ed4384ba6002e44c3465c58b2e71,48000
2340,resources/data/patches_3rdparty/Rare Earth/Basses/Abstract Wonder.fxp,contributor,34289,1ee67abc57d7673e401e5ded97cd111e92a062eb,1ee67abc57d7673e401e5ded97cd111e92a062eb,True,ok,,8,58914e59c608ed4384ba6002e44c3465c58b2e71,48000
2341,resources/data/patches_3rdparty/Rare Earth/Basses/Bass Tuba.fxp,contributor,293772,d18f7ee4760759d407a994205995021108bc01ab,d18f7ee4760759d407a994205995021108bc01ab,True,ok,,25,58914e59c608ed4384ba6002e44c3465c58b2e71,48000
2342,resources/data/patches_3rdparty/Rare Earth/Bells/Bell Tower.fxp,contributor,26842,7320817b43d1eecc9d2a9346922800269567f947,7320817b43d1eecc9d2a9346922800269567f947,True,ok,,4,58914e59c608ed4384ba6002e44c3465c58b2e71,48000
2343,resources/data/patches_3rdparty/Rare Earth/Bells/Clangy.fxp,contributor,26376,74b6debdeb6b3240297c38ef357fde35ee966a50,74b6debdeb6b3240297c38ef357fde35ee966a50,True,ok,,5,58914e59c608ed4384ba6002e44c3465c58b2e71,48000
2344,resources/data/patches_3rdparty/Rare Earth/FX/Bird Chirps.fxp,contributor,30807,b1080fce818faf5c1bb6f5bd2999b9e75ab339d9,b1080fce818faf5c1bb6f5bd2999b9e75ab339d9,True,ok,,7,58914e59c608ed4384ba6002e44c3465c58b2e71,48000
2345,resources/data/patches_3rdparty/Rare Earth/FX/Deep Note.fxp,contributor,85400,003ff3974520cf98ebb7b5b6ac4470f6db82aee1,003ff3974520cf98ebb7b5b6ac4470f6db82aee1,True,ok,,6,58914e59c608ed4384ba6002e44c3465c58b2e71,48000
2346,resources/data/patches_3rdparty/Rare Earth/FX/Distant Droplet.fxp,contributor,26025,8c9ca78e806866344f3b2e3ae60bc7f8c3474d00,8c9ca78e806866344f3b2e3ae60bc7f8c3474d00,True,ok,,3,58914e59c608ed4384ba6002e44c3465c58b2e71,48000
2347,resources/data/patches_3rdparty/Rare Earth/Pads/Karplus Pulse.fxp,contributor,26046,38b2d5e876977d8c1199aa9c7048456f6c1b8db8,38b2d5e876977d8c1199aa9c7048456f6c1b8db8,True,ok,,3,58914e59c608ed4384ba6002e44c3465c58b2e71,48000
2348,resources/data/patches_3rdparty/Rare Earth/Percussion/Crash Clang.fxp,contributor,26332,49be12b9b76927472c46a771b03c4d5bd5be1ea6,49be12b9b76927472c46a771b03c4d5bd5be1ea6,True,ok,,5,58914e59c608ed4384ba6002e44c3465c58b2e71,48000
2349,resources/data/patches_3rdparty/Rare Earth/Percussion/Crash Trash.fxp,contributor,25314,0fe38d01218857286dca9648ad38c5f66ccf214f,0fe38d01218857286dca9648ad38c5f66ccf214f,True,ok,,8,58914e59c608ed4384ba6002e44c3465c58b2e71,48000
2350,resources/data/patches_3rdparty/Rare Earth/Percussion/Household Metallic.fxp,contributor,26239,a81b874a0612ff0b164eeeaecd9e3c45956b6e18,a81b874a0612ff0b164eeeaecd9e3c45956b6e18,True,ok,,5,58914e59c608ed4384ba6002e44c3465c58b2e71,48000
2351,resources/data/patches_3rdparty/Rare Earth/Percussion/Kalimba Attempt.fxp,contributor,26204,7ffb25cf11fe9db6740afebe4ef8b692fe9f0961,7ffb25cf11fe9db6740afebe4ef8b692fe9f0961,True,ok,,5,58914e59c608ed4384ba6002e44c3465c58b2e71,48000
2352,resources/data/patches_3rdparty/Rare Earth/Percussion/Kick Clean.fxp,contributor,28730,8f1402e816071d93532e1026a5a6786178c18863,8f1402e816071d93532e1026a5a6786178c18863,True,ok,,4,58914e59c608ed4384ba6002e44c3465c58b2e71,48000
2353,resources/data/patches_3rdparty/Rare Earth/Percussion/Simple Click.fxp,contributor,26027,949fc77123bb22443e380a5133b84fdb43c9081d,949fc77123bb22443e380a5133b84fdb43c9081d,True,ok,,4,58914e59c608ed4384ba6002e44c3465c58b2e71,48000
2354,resources/data/patches_3rdparty/Rare Earth/Percussion/Simple Shaker.fxp,contributor,24498,a56f48a53e6c05bc419b371f83056670238df00b,a56f48a53e6c05bc419b371f83056670238df00b,True,ok,,4,58914e59c608ed4384ba6002e44c3465c58b2e71,48000
2355,resources/data/patches_3rdparty/Rare Earth/Percussion/Simple Stick.fxp,contributor,25058,616fccc5b81a334f27c0b23eb20393205ba06631,616fccc5b81a334f27c0b23eb20393205ba06631,True,ok,,4,58914e59c608ed4384ba6002e44c3465c58b2e71,48000
2356,resources/data/patches_3rdparty/Rare Earth/Percussion/Snare.fxp,contributor,44005,480606a0198b2d991676271ce06bcfcccfee0973,480606a0198b2d991676271ce06bcfcccfee0973,True,ok,,5,58914e59c608ed4384ba6002e44c3465c58b2e71,48000
2357,resources/data/patches_3rdparty/Rare Earth/Percussion/Thump Basses.fxp,contributor,27313,09023a7b29bc78c0a21af6f6ce3492305eb767c0,09023a7b29bc78c0a21af6f6ce3492305eb767c0,True,ok,,5,58914e59c608ed4384ba6002e44c3465c58b2e71,48000
2358,resources/data/patches_3rdparty/Rare Earth/Percussion/Thump Conga.fxp,contributor,27426,60708bbb51d86a5bf31c0e31b2b5f72ea5dbfd7a,60708bbb51d86a5bf31c0e31b2b5f72ea5dbfd7a,True,ok,,5,58914e59c608ed4384ba6002e44c3465c58b2e71,48000
2359,resources/data/patches_3rdparty/Rare Earth/Percussion/Thump Kick.fxp,contributor,26638,2c3ffe7e5ccdd6b064594d2eca8c4c4bc626edda,2c3ffe7e5ccdd6b064594d2eca8c4c4bc626edda,True,ok,,3,58914e59c608ed4384ba6002e44c3465c58b2e71,48000
2360,resources/data/patches_3rdparty/Rare Earth/Plucks/Mixed Feelings.fxp,contributor,26070,0dd93f36680fad88e7b7436643789b2a5f7007b1,0dd93f36680fad88e7b7436643789b2a5f7007b1,True,ok,,4,58914e59c608ed4384ba6002e44c3465c58b2e71,48000
2361,resources/data/patches_3rdparty/Rare Earth/Plucks/Music Box.fxp,contributor,25466,c8f1907addd672eb94af2f2bc82efbfd3d4d893e,c8f1907addd672eb94af2f2bc82efbfd3d4d893e,True,ok,,3,58914e59c608ed4384ba6002e44c3465c58b2e71,48000
2362,resources/data/patches_3rdparty/Rare Earth/Synths/Poly Drama.fxp,contributor,25055,febeda37a1256788bae652ac47a3750f0406cacb,febeda37a1256788bae652ac47a3750f0406cacb,True,ok,,2,58914e59c608ed4384ba6002e44c3465c58b2e71,48000
2363,resources/data/patches_3rdparty/Rozzer/Basses/Badass D'n'B Bass 1.fxp,contributor,31564,57b7a234ee5e3908dafec7af25c85218c397d124,57b7a234ee5e3908dafec7af25c85218c397d124,True,ok,,3,58914e59c608ed4384ba6002e44c3465c58b2e71,48000
2364,resources/data/patches_3rdparty/Rozzer/Basses/Badass D'n'B Bass 2.fxp,contributor,32360,a82863f6ff2471c218b5e5309f880923780de3cb,a82863f6ff2471c218b5e5309f880923780de3cb,True,ok,,4,58914e59c608ed4384ba6002e44c3465c58b2e71,48000
2365,resources/data/patches_3rdparty/Rozzer/Basses/Click Bass.fxp,contributor,35255,e1d06725ab0e3f0c04dfee9963693dcacdd3c30a,e1d06725ab0e3f0c04dfee9963693dcacdd3c30a,True,ok,,4,58914e59c608ed4384ba6002e44c3465c58b2e71,48000
2366,resources/data/patches_3rdparty/Rozzer/Basses/Evil From The Deep.fxp,contributor,34005,ae0e8844cb5611abfed28b72a103b53db362666f,ae0e8844cb5611abfed28b72a103b53db362666f,True,ok,,16,58914e59c608ed4384ba6002e44c3465c58b2e71,48000
2367,resources/data/patches_3rdparty/Rozzer/Basses/FM Wob Bass.fxp,contributor,32079,5a6ae7cd9f608fd059342a4e43b513d14d12b401,5a6ae7cd9f608fd059342a4e43b513d14d12b401,True,ok,,2,58914e59c608ed4384ba6002e44c3465c58b2e71,48000
2368,resources/data/patches_3rdparty/Rozzer/Basses/God Gave Me Bad Acid.fxp,contributor,31816,969cddf7bfba274e0f43420f9d194c7ceacae284,969cddf7bfba274e0f43420f9d194c7ceacae284,True,ok,,4,58914e59c608ed4384ba6002e44c3465c58b2e71,48000
2369,resources/data/patches_3rdparty/Rozzer/Basses/Industry.fxp,contributor,31809,2efd09c7723b426bd305271da0d1a1908dcb5b80,2efd09c7723b426bd305271da0d1a1908dcb5b80,True,ok,,3,58914e59c608ed4384ba6002e44c3465c58b2e71,48000
2370,resources/data/patches_3rdparty/Rozzer/Basses/LC Bass.fxp,contributor,47877,1208763236f93e8d994851d1c14fe3318358fe43,1208763236f93e8d994851d1c14fe3318358fe43,True,ok,,4,58914e59c608ed4384ba6002e44c3465c58b2e71,48000
2371,resources/data/patches_3rdparty/Rozzer/Basses/Natural Bass.fxp,contributor,44817,0c13dd1179c7e119ddb19ddac5a0b595607b6570,0c13dd1179c7e119ddb19ddac5a0b595607b6570,True,ok,,8,58914e59c608ed4384ba6002e44c3465c58b2e71,48000
2372,resources/data/patches_3rdparty/Rozzer/Basses/Nu Skool Bass 1.fxp,contributor,39918,e316d8ae89cb7947a0187052feadda5a79834d47,e316d8ae89cb7947a0187052feadda5a79834d47,True,ok,,4,58914e59c608ed4384ba6002e44c3465c58b2e71,48000
2373,resources/data/patches_3rdparty/Rozzer/Basses/Nu Skool Bass 2.fxp,contributor,41099,038583ee55ffb361fb957e78b149d1f0d163834b,038583ee55ffb361fb957e78b149d1f0d163834b,True,ok,,4,58914e59c608ed4384ba6002e44c3465c58b2e71,48000
2374,resources/data/patches_3rdparty/Rozzer/Basses/Tight FM Bass.fxp,contributor,31976,df6d22fec975f189ed907fc370ca1e3528e8fc87,df6d22fec975f189ed907fc370ca1e3528e8fc87,True,ok,,3,58914e59c608ed4384ba6002e44c3465c58b2e71,48000
2375,resources/data/patches_3rdparty/Rozzer/Basses/Trance Seq Bass.fxp,contributor,23941,d8e4b8d0ecefb523bec61544ef6472df9f1cf91f,d8e4b8d0ecefb523bec61544ef6472df9f1cf91f,True,ok,,3,58914e59c608ed4384ba6002e44c3465c58b2e71,48000
2376,resources/data/patches_3rdparty/Rozzer/Basses/Useful Bass.fxp,contributor,44170,fd3c988f13bd5df32a27ee7bba6ad6bec6fa602c,fd3c988f13bd5df32a27ee7bba6ad6bec6fa602c,True,ok,,5,58914e59c608ed4384ba6002e44c3465c58b2e71,48000
2377,resources/data/patches_3rdparty/Rozzer/Bells/Enchanted.fxp,contributor,31909,c849ccb416a4adb5ef5de3d32bd442e96fa71500,c849ccb416a4adb5ef5de3d32bd442e96fa71500,True,ok,,6,58914e59c608ed4384ba6002e44c3465c58b2e71,48000
2378,resources/data/patches_3rdparty/Rozzer/Bells/Hell's Bells.fxp,contributor,23940,e499f78df5664012717dd2961944502846e28cf7,e499f78df5664012717dd2961944502846e28cf7,True,ok,,3,58914e59c608ed4384ba6002e44c3465c58b2e71,48000
2379,resources/data/patches_3rdparty/Rozzer/Chords/6 Osc Stab.fxp,contributor,31743,00eaf628d904e8bb5aa8480d696ca3fa966caad8,00eaf628d904e8bb5aa8480d696ca3fa966caad8,True,ok,,3,58914e59c608ed4384ba6002e44c3465c58b2e71,48000
2380,resources/data/patches_3rdparty/Rozzer/Chords/M25 Stab.fxp,contributor,24239,3fb315be07ade1b534fccabe3ab9b03db0a9b660,3fb315be07ade1b534fccabe3ab9b03db0a9b660,True,ok,,2,58914e59c608ed4384ba6002e44c3465c58b2e71,48000
2381,resources/data/patches_3rdparty/Rozzer/Chords/Old Skool Detroit Minor Stab.fxp,contributor,34761,8fcbcc1447bc8ffb6b195d335342c70f4ea5cfa5,8fcbcc1447bc8ffb6b195d335342c70f4ea5cfa5,True,ok,,5,58914e59c608ed4384ba6002e44c3465c58b2e71,48000
2382,resources/data/patches_3rdparty/Rozzer/FX/Insectisoid.fxp,contributor,25251,b6ebe611687df9c7f66831448c447a6bcfc0bb8f,b6ebe611687df9c7f66831448c447a6bcfc0bb8f,True,ok,,4,58914e59c608ed4384ba6002e44c3465c58b2e71,48000
2383,resources/data/patches_3rdparty/Rozzer/FX/Modularity.fxp,contributor,24171,d080702c0b4c56f4231db833f4e15019579cdff0,d080702c0b4c56f4231db833f4e15019579cdff0,True,ok,,3,58914e59c608ed4384ba6002e44c3465c58b2e71,48000
2384,resources/data/patches_3rdparty/Rozzer/FX/Night Vision.fxp,contributor,51607,b2449dfd8375b5290f4c5f2c9aa3b755c237ca53,b2449dfd8375b5290f4c5f2c9aa3b755c237ca53,True,ok,,4,58914e59c608ed4384ba6002e44c3465c58b2e71,48000
2385,resources/data/patches_3rdparty/Rozzer/FX/OOOOOoooooh Scary.....fxp,contributor,49247,661941ae643671a8df4833962fe58d759e34f08b,661941ae643671a8df4833962fe58d759e34f08b,True,ok,,4,58914e59c608ed4384ba6002e44c3465c58b2e71,48000
2386,resources/data/patches_3rdparty/Rozzer/FX/Pinhole.fxp,contributor,32525,f38b56e0e26a11b84a9d2e8bafbdbda60764376e,f38b56e0e26a11b84a9d2e8bafbdbda60764376e,True,ok,,4,58914e59c608ed4384ba6002e44c3465c58b2e71,48000
2387,resources/data/patches_3rdparty/Rozzer/FX/She Cannae Take It.fxp,contributor,40064,906fa3d26290123696b4502fba1903bed2fcb2a3,906fa3d26290123696b4502fba1903bed2fcb2a3,True,ok,,4,58914e59c608ed4384ba6002e44c3465c58b2e71,48000
2388,resources/data/patches_3rdparty/Rozzer/Keys/Cute.fxp,contributor,43869,430feebd23ab605aa82e07002995792a1dc91220,430feebd23ab605aa82e07002995792a1dc91220,True,ok,,4,58914e59c608ed4384ba6002e44c3465c58b2e71,48000
2389,resources/data/patches_3rdparty/Rozzer/Keys/DX Tonez.fxp,contributor,90582,46af47ba3bfb82c308ab10b4fcf592098945421e,46af47ba3bfb82c308ab10b4fcf592098945421e,True,ok,,9,58914e59c608ed4384ba6002e44c3465c58b2e71,48000
2390,resources/data/patches_3rdparty/Rozzer/Keys/Fairy Dust.fxp,contributor,24855,81ada22c4a638447fb9c881e3d2f378035beced1,81ada22c4a638447fb9c881e3d2f378035beced1,True,ok,,4,58914e59c608ed4384ba6002e44c3465c58b2e71,48000
2391,resources/data/patches_3rdparty/Rozzer/Keys/Real Ether.fxp,contributor,32613,b8692b4864c796e832930483e688bb84ca3adc8b,b8692b4864c796e832930483e688bb84ca3adc8b,True,ok,,3,58914e59c608ed4384ba6002e44c3465c58b2e71,48000
2392,resources/data/patches_3rdparty/Rozzer/Keys/Sunday Organist.fxp,contributor,37913,bc4c6afbee22795910b82cbc46d80839bc16f512,bc4c6afbee22795910b82cbc46d80839bc16f512,True,ok,,7,58914e59c608ed4384ba6002e44c3465c58b2e71,48000
2393,resources/data/patches_3rdparty/Rozzer/Keys/Sweet Child.fxp,contributor,27199,fde4a3cb79b03ec745d361beb9caa61d59c670fc,fde4a3cb79b03ec745d361beb9caa61d59c670fc,True,ok,,9,58914e59c608ed4384ba6002e44c3465c58b2e71,48000
2394,resources/data/patches_3rdparty/Rozzer/Leads/Dark Heart.fxp,contributor,31910,7a87142c0c7d4ec7b7a5cf2b2358990e10b14653,7a87142c0c7d4ec7b7a5cf2b2358990e10b14653,True,ok,,5,58914e59c608ed4384ba6002e44c3465c58b2e71,48000
2395,resources/data/patches_3rdparty/Rozzer/Leads/Delicious Square.fxp,contributor,24641,bc2bd573bd41e6fb71f59016aa7a766406cd05c2,bc2bd573bd41e6fb71f59016aa7a766406cd05c2,True,ok,,2,58914e59c608ed4384ba6002e44c3465c58b2e71,48000
2396,resources/data/patches_3rdparty/Rozzer/Leads/Far Away Places.fxp,contributor,44087,f3abd87b4e933252a3530beac39dd1907d460efc,f3abd87b4e933252a3530beac39dd1907d460efc,True,ok,,13,58914e59c608ed4384ba6002e44c3465c58b2e71,48000
2397,resources/data/patches_3rdparty/Rozzer/Leads/Fast Fingers.fxp,contributor,31785,ca213512d8783f7910f873cba6909247dbd7a0f2,ca213512d8783f7910f873cba6909247dbd7a0f2,True,ok,,4,58914e59c608ed4384ba6002e44c3465c58b2e71,48000
2398,resources/data/patches_3rdparty/Rozzer/Leads/He Never Lost His Hardcore.fxp,contributor,31845,88911e825a702cfeafcebb654316d238b30a158f,88911e825a702cfeafcebb654316d238b30a158f,True,ok,,3,58914e59c608ed4384ba6002e44c3465c58b2e71,48000
2399,resources/data/patches_3rdparty/Rozzer/Leads/Prog Rock Octave Lead.fxp,contributor,31788,01df12148126e8b1bf2f17396eabf980baed007a,01df12148126e8b1bf2f17396eabf980baed007a,True,ok,,5,58914e59c608ed4384ba6002e44c3465c58b2e71,48000
2400,resources/data/patches_3rdparty/Rozzer/Leads/Tuff Enough.fxp,contributor,25511,8f7fb676988072ca1dd21d4a599fa3587e269a40,8f7fb676988072ca1dd21d4a599fa3587e269a40,True,ok,,3,58914e59c608ed4384ba6002e44c3465c58b2e71,48000
2401,resources/data/patches_3rdparty/Rozzer/Leads/Unisono MW AT.fxp,contributor,31071,7b37685ce1e5eff12dcc34bfd7ccef03afa0a465,7b37685ce1e5eff12dcc34bfd7ccef03afa0a465,True,ok,,2,58914e59c608ed4384ba6002e44c3465c58b2e71,48000
2402,resources/data/patches_3rdparty/Rozzer/Pads/Super Thick Strings.fxp,contributor,24995,8ecfd9c3f7dba5a04490f991e9cfc69213af13e7,8ecfd9c3f7dba5a04490f991e9cfc69213af13e7,True,ok,,4,58914e59c608ed4384ba6002e44c3465c58b2e71,48000
2403,resources/data/patches_3rdparty/Rozzer/Pads/Symphonic Strings.fxp,contributor,24993,bf57a884c38190367f4c6014efac7cf8dbc305c8,bf57a884c38190367f4c6014efac7cf8dbc305c8,True,ok,,3,58914e59c608ed4384ba6002e44c3465c58b2e71,48000
2404,resources/data/patches_3rdparty/Rozzer/Plucks/JP80x0 Pluck.fxp,contributor,24342,0f08223ee9c992456813021afac42d05af28fe0d,0f08223ee9c992456813021afac42d05af28fe0d,True,ok,,4,58914e59c608ed4384ba6002e44c3465c58b2e71,48000
2405,resources/data/patches_3rdparty/Rozzer/Rhythms/Disco!.fxp,contributor,24200,dd0caa21bc0a2873edd7ace91a80249a49aabc72,dd0caa21bc0a2873edd7ace91a80249a49aabc72,True,ok,,3,58914e59c608ed4384ba6002e44c3465c58b2e71,48000
2406,resources/data/patches_3rdparty/Rozzer/Rhythms/Sync Alarm!.fxp,contributor,25009,b7b84a25632fd4464e8354db45c9739d7df26e83,b7b84a25632fd4464e8354db45c9739d7df26e83,True,ok,,4,58914e59c608ed4384ba6002e44c3465c58b2e71,48000
2407,resources/data/patches_3rdparty/Rozzer/Rhythms/Twisted.fxp,contributor,32472,6650a4ff57e50d02f3e7425cdc4360955bf2bb72,6650a4ff57e50d02f3e7425cdc4360955bf2bb72,True,ok,,6,58914e59c608ed4384ba6002e44c3465c58b2e71,48000
2408,resources/data/patches_3rdparty/Slowboat/Atmospheres/5th Harmonics.fxp,contributor,2128910,a3c19ca1952e2f17793eacc82c89f1d332d678fa,a3c19ca1952e2f17793eacc82c89f1d332d678fa,True,ok,,236,58914e59c608ed4384ba6002e44c3465c58b2e71,48000
2409,resources/data/patches_3rdparty/Slowboat/Atmospheres/Harmonic Blast.fxp,contributor,38459,2fa89d66c11511aa8499329aed8af96f35f7d8d5,2fa89d66c11511aa8499329aed8af96f35f7d8d5,True,ok,,5,58914e59c608ed4384ba6002e44c3465c58b2e71,48000
2410,resources/data/patches_3rdparty/Slowboat/Atmospheres/Melodic Grains.fxp,contributor,40536,b2c7cbd2fe9d75ffd36524e23f3be382e8688cc6,b2c7cbd2fe9d75ffd36524e23f3be382e8688cc6,True,ok,,7,58914e59c608ed4384ba6002e44c3465c58b2e71,48000
2411,resources/data/patches_3rdparty/Slowboat/Atmospheres/Ocean Shimmer 1.fxp,contributor,162258,d100106cf805a5c8bf3693dd63a37e0eba4fc39e,d100106cf805a5c8bf3693dd63a37e0eba4fc39e,True,ok,,20,58914e59c608ed4384ba6002e44c3465c58b2e71,48000
2412,resources/data/patches_3rdparty/Slowboat/Atmospheres/Ocean Shimmer 2.fxp,contributor,169112,ecbf981ac4178b13dfdc01f72d2226b013e9bde3,ecbf981ac4178b13dfdc01f72d2226b013e9bde3,True,ok,,31,58914e59c608ed4384ba6002e44c3465c58b2e71,48000
2413,resources/data/patches_3rdparty/Slowboat/Atmospheres/Shimmer.fxp,contributor,48693,81bbfa9001558a7c85e808a24514084036a9985e,81bbfa9001558a7c85e808a24514084036a9985e,True,ok,,4,58914e59c608ed4384ba6002e44c3465c58b2e71,48000
2414,resources/data/patches_3rdparty/Slowboat/Atmospheres/Signal Particles.fxp,contributor,73546,a84c852ca50d2e1c2b314819b164c6eb188b81b2,a84c852ca50d2e1c2b314819b164c6eb188b81b2,True,ok,,8,58914e59c608ed4384ba6002e44c3465c58b2e71,48000
2415,resources/data/patches_3rdparty/Slowboat/Atmospheres/Simple Particles.fxp,contributor,295849,c893cdab05526f81889016683eba16dafef8a374,c893cdab05526f81889016683eba16dafef8a374,True,ok,,54,58914e59c608ed4384ba6002e44c3465c58b2e71,48000
2416,resources/data/patches_3rdparty/Slowboat/Atmospheres/Wetness Particles 1.fxp,contributor,122352,cd371e9bf88e3150c8bfab4aecb557449ca6d95d,cd371e9bf88e3150c8bfab4aecb557449ca6d95d,True,ok,,10,58914e59c608ed4384ba6002e44c3465c58b2e71,48000
2417,resources/data/patches_3rdparty/Slowboat/Atmospheres/Wetness Particles 2.fxp,contributor,33039,def67779c5af8fec0deac6b37b64649e9070658f,def67779c5af8fec0deac6b37b64649e9070658f,True,ok,,3,58914e59c608ed4384ba6002e44c3465c58b2e71,48000
2418,resources/data/patches_3rdparty/Slowboat/Atmospheres/Wetness Particles 3.fxp,contributor,163614,3485dd568e7f4b76e489057c1669b85ea5028819,3485dd568e7f4b76e489057c1669b85ea5028819,True,ok,,23,58914e59c608ed4384ba6002e44c3465c58b2e71,48000
2419,resources/data/patches_3rdparty/Slowboat/Basses/5th Dirt.fxp,contributor,93832,5e0c1b163b5c2ed415ad76e9be0e8db9a5f06d47,5e0c1b163b5c2ed415ad76e9be0e8db9a5f06d47,True,ok,,7,58914e59c608ed4384ba6002e44c3465c58b2e71,48000
2420,resources/data/patches_3rdparty/Slowboat/Basses/Bass Accident.fxp,contributor,44655,bb3db271aad53035cad55baad0c8bc0fcd04b6cc,bb3db271aad53035cad55baad0c8bc0fcd04b6cc,True,ok,,4,58914e59c608ed4384ba6002e44c3465c58b2e71,48000
2421,resources/data/patches_3rdparty/Slowboat/Basses/Bass FX 1.fxp,contributor,31333,8691b7d3dc79cf73e23325217317684d034ffda1,8691b7d3dc79cf73e23325217317684d034ffda1,True,ok,,5,58914e59c608ed4384ba6002e44c3465c58b2e71,48000
2422,resources/data/patches_3rdparty/Slowboat/Basses/Bass FX 2.fxp,contributor,52098,0dc06f32bb7ea43f193dacb42cd64aa2f39c5582,0dc06f32bb7ea43f193dacb42cd64aa2f39c5582,True,ok,,4,58914e59c608ed4384ba6002e44c3465c58b2e71,48000
2423,resources/data/patches_3rdparty/Slowboat/Basses/Bass Guitar 1.fxp,contributor,38680,6696c17e7e438b0bf1e916b4a53e845fa97484ca,6696c17e7e438b0bf1e916b4a53e845fa97484ca,True,ok,,3,58914e59c608ed4384ba6002e44c3465c58b2e71,48000
2424,resources/data/patches_3rdparty/Slowboat/Basses/Bass Guitar 2.fxp,contributor,84511,f26612c9932ea3a52c4aac3b9354e3f03734d2e0,f26612c9932ea3a52c4aac3b9354e3f03734d2e0,True,ok,,6,58914e59c608ed4384ba6002e44c3465c58b2e71,48000
2425,resources/data/patches_3rdparty/Slowboat/Basses/Bass Guitar 3.fxp,contributor,50334,36985256847fa610d62fe316671a863aa23d48cb,36985256847fa610d62fe316671a863aa23d48cb,True,ok,,4,58914e59c608ed4384ba6002e44c3465c58b2e71,48000
2426,resources/data/patches_3rdparty/Slowboat/Basses/Bass Guitar 4.fxp,contributor,168016,2c9cd749e7e01a01efdc0463f422123bbdd47970,2c9cd749e7e01a01efdc0463f422123bbdd47970,True,ok,,13,58914e59c608ed4384ba6002e44c3465c58b2e71,48000
2427,resources/data/patches_3rdparty/Slowboat/Basses/Bass Guitar 5.fxp,contributor,168692,7923883618de3f484310f3f49614125879ce61d8,7923883618de3f484310f3f49614125879ce61d8,True,ok,,12,58914e59c608ed4384ba6002e44c3465c58b2e71,48000
2428,resources/data/patches_3rdparty/Slowboat/Basses/Bass Guitar 6.fxp,contributor,84509,01be9c79bcaf051340724205bec3c995f1fb690e,01be9c79bcaf051340724205bec3c995f1fb690e,True,ok,,7,58914e59c608ed4384ba6002e44c3465c58b2e71,48000
2429,resources/data/patches_3rdparty/Slowboat/Basses/Bass Guong 1.fxp,contributor,39780,20ad4e196d09a7b14d3e2f31ab7ab0adcd27a8ad,20ad4e196d09a7b14d3e2f31ab7ab0adcd27a8ad,True,ok,,3,58914e59c608ed4384ba6002e44c3465c58b2e71,48000
2430,resources/data/patches_3rdparty/Slowboat/Basses/Bass Guong 2.fxp,contributor,37045,df6ef5fc11ccbb41ca6a8468a21da267891f0acc,df6ef5fc11ccbb41ca6a8468a21da267891f0acc,True,ok,,4,58914e59c608ed4384ba6002e44c3465c58b2e71,48000
2431,resources/data/patches_3rdparty/Slowboat/Basses/Bass Mulch.fxp,contributor,69233,973f2c558b2fe22216711133d87fd02c33593df2,973f2c558b2fe22216711133d87fd02c33593df2,True,ok,,6,58914e59c608ed4384ba6002e44c3465c58b2e71,48000
2432,resources/data/patches_3rdparty/Slowboat/Basses/Dirt Bass.fxp,contributor,33054,36f7cf48f4f6548722056ed8ae862cf8d91b4947,36f7cf48f4f6548722056ed8ae862cf8d91b4947,True,ok,,3,58914e59c608ed4384ba6002e44c3465c58b2e71,48000
2433,resources/data/patches_3rdparty/Slowboat/Basses/Dusty Bass 1.fxp,contributor,30043,27382ef2f04302f1ffbf864883344f1e38d2894c,27382ef2f04302f1ffbf864883344f1e38d2894c,True,ok,,2,58914e59c608ed4384ba6002e44c3465c58b2e71,48000
2434,resources/data/patches_3rdparty/Slowboat/Basses/Dusty Bass 2.fxp,contributor,32817,d5f5c9d3f3e1e9d256d0ff6f75bebd1d72e8349f,d5f5c9d3f3e1e9d256d0ff6f75bebd1d72e8349f,True,ok,,3,58914e59c608ed4384ba6002e44c3465c58b2e71,48000
2435,resources/data/patches_3rdparty/Slowboat/Basses/Dystopian Tech.fxp,contributor,39514,470d474977c294da49b63109384ecccbd28fa32e,470d474977c294da49b63109384ecccbd28fa32e,True,ok,,5,58914e59c608ed4384ba6002e44c3465c58b2e71,48000
2436,resources/data/patches_3rdparty/Slowboat/Basses/Gigantic Bass 1.fxp,contributor,36608,064161f1b3959eb2c5a0cba4db32fc8b8ca5354a,064161f1b3959eb2c5a0cba4db32fc8b8ca5354a,True,ok,,4,58914e59c608ed4384ba6002e44c3465c58b2e71,48000
2437,resources/data/patches_3rdparty/Slowboat/Basses/Gigantic Bass 2.fxp,contributor,36681,b7c40233bf75de84c40b8118bbbc25720c809fac,b7c40233bf75de84c40b8118bbbc25720c809fac,True,ok,,3,58914e59c608ed4384ba6002e44c3465c58b2e71,48000
2438,resources/data/patches_3rdparty/Slowboat/Basses/Happy Bass 1.fxp,contributor,33134,2ec31390adf391cf5921c32c749edd9d6e12302b,2ec31390adf391cf5921c32c749edd9d6e12302b,True,ok,,2,58914e59c608ed4384ba6002e44c3465c58b2e71,48000
2439,resources/data/patches_3rdparty/Slowboat/Basses/Happy Bass 2.fxp,contributor,30742,bfac89dd7045e4c37096e2270ca23b7dfdc4c1b3,bfac89dd7045e4c37096e2270ca23b7dfdc4c1b3,True,ok,,3,58914e59c608ed4384ba6002e44c3465c58b2e71,48000
2440,resources/data/patches_3rdparty/Slowboat/Basses/Neuro Grease.fxp,contributor,34642,6bc13001e2c7ee9b6fc4b34f5c8005b435117e2a,6bc13001e2c7ee9b6fc4b34f5c8005b435117e2a,True,ok,,3,58914e59c608ed4384ba6002e44c3465c58b2e71,48000
2441,resources/data/patches_3rdparty/Slowboat/Basses/Perc Bass 1.fxp,contributor,28649,e2eadc93b47156d338ec96a130322025c28040bb,e2eadc93b47156d338ec96a130322025c28040bb,True,ok,,5,58914e59c608ed4384ba6002e44c3465c58b2e71,48000
2442,resources/data/patches_3rdparty/Slowboat/Basses/Perc Bass 2.fxp,contributor,28501,ec41d0db9b4336b766a94c4104500943fd1af470,ec41d0db9b4336b766a94c4104500943fd1af470,True,ok,,2,58914e59c608ed4384ba6002e44c3465c58b2e71,48000
2443,resources/data/patches_3rdparty/Slowboat/Basses/Predator Talking 1.fxp,contributor,208419,c6a1b4e6f1b925db897db2224f65e1e116739af6,c6a1b4e6f1b925db897db2224f65e1e116739af6,True,ok,,19,58914e59c608ed4384ba6002e44c3465c58b2e71,48000
2444,resources/data/patches_3rdparty/Slowboat/Basses/Predator Talking 2.fxp,contributor,279846,14dff13fb4886ca6a0fcc2144b3ba3597006fc6e,14dff13fb4886ca6a0fcc2144b3ba3597006fc6e,True,ok,,24,58914e59c608ed4384ba6002e44c3465c58b2e71,48000
2445,resources/data/patches_3rdparty/Slowboat/Basses/Rude Bass.fxp,contributor,33046,4c90d085236880085224506f709c560818ba9a13,4c90d085236880085224506f709c560818ba9a13,True,ok,,3,58914e59c608ed4384ba6002e44c3465c58b2e71,48000
2446,resources/data/patches_3rdparty/Slowboat/Basses/Saw Wob.fxp,contributor,27025,b9f64e4e8e008467cfebccf1adb585f3e3a1207a,b9f64e4e8e008467cfebccf1adb585f3e3a1207a,True,ok,,5,58914e59c608ed4384ba6002e44c3465c58b2e71,48000
2447,resources/data/patches_3rdparty/Slowboat/Basses/Sub Perc.fxp,contributor,31081,e66ec8f73026285013c06ebca18531d70f243f80,e66ec8f73026285013c06ebca18531d70f243f80,True,ok,,4,58914e59c608ed4384ba6002e44c3465c58b2e71,48000
2448,resources/data/patches_3rdparty/Slowboat/Basses/Sub Talk.fxp,contributor,1079599,3913ec5be4df5bc830886c6b100a8ba1b7193126,3913ec5be4df5bc830886c6b100a8ba1b7193126,True,ok,,119,58914e59c608ed4384ba6002e44c3465c58b2e71,48000
2449,resources/data/patches_3rdparty/Slowboat/Bells/Chime Melodies.fxp,contributor,32212,490dc2254ce115f4da60f7f6fac2a07b3538a3a7,490dc2254ce115f4da60f7f6fac2a07b3538a3a7,True,ok,,8,58914e59c608ed4384ba6002e44c3465c58b2e71,48000
2450,resources/data/patches_3rdparty/Slowboat/Drums/Hats 1.fxp,contributor,32258,1325935dc15532fc7c10207b1888565be9a066a1,1325935dc15532fc7c10207b1888565be9a066a1,True,ok,,2,58914e59c608ed4384ba6002e44c3465c58b2e71,48000
2451,resources/data/patches_3rdparty/Slowboat/Drums/Hats 2.fxp,contributor,90768,61ca4beab7fb2d5a3b01fffc21bb5e5a1f891e01,61ca4beab7fb2d5a3b01fffc21bb5e5a1f891e01,True,ok,,7,58914e59c608ed4384ba6002e44c3465c58b2e71,48000
2452,resources/data/patches_3rdparty/Slowboat/Drums/Kick Analog 1.fxp,contributor,59330,fac89aac6f6e56d7e0201dbbf4255709b8906236,fac89aac6f6e56d7e0201dbbf4255709b8906236,True,ok,,6,58914e59c608ed4384ba6002e44c3465c58b2e71,48000
2453,resources/data/patches_3rdparty/Slowboat/Drums/Kick Analog 2.fxp,contributor,64204,8dece0d84c695159e8a9600a4de3c5f8d8b82fd5,8dece0d84c695159e8a9600a4de3c5f8d8b82fd5,True,ok,,9,58914e59c608ed4384ba6002e44c3465c58b2e71,48000
2454,resources/data/patches_3rdparty/Slowboat/Drums/Kick Analog 3.fxp,contributor,64753,badf08c883e35330ab7646a6f82595c39a843b06,badf08c883e35330ab7646a6f82595c39a843b06,True,ok,,12,58914e59c608ed4384ba6002e44c3465c58b2e71,48000
2455,resources/data/patches_3rdparty/Slowboat/Drums/Kick Thumper.fxp,contributor,26752,54a3d6c0dc50db3ed6788c2dfb2cd1aac315309f,54a3d6c0dc50db3ed6788c2dfb2cd1aac315309f,True,ok,,38,58914e59c608ed4384ba6002e44c3465c58b2e71,48000
2456,resources/data/patches_3rdparty/Slowboat/Drums/Kick Variety.fxp,contributor,46388,a0f8603a9b9005a6f5bce2d94bd2f618dab3165d,a0f8603a9b9005a6f5bce2d94bd2f618dab3165d,True,ok,,4,58914e59c608ed4384ba6002e44c3465c58b2e71,48000
2457,resources/data/patches_3rdparty/Slowboat/Drums/Shakers.fxp,contributor,33092,3c4d351aa2c6047c69d6722dbce4c6ef770c5d57,3c4d351aa2c6047c69d6722dbce4c6ef770c5d57,True,ok,,2,58914e59c608ed4384ba6002e44c3465c58b2e71,48000
2458,resources/data/patches_3rdparty/Slowboat/Drums/Snare 1.fxp,contributor,30294,14a9eeb9a6253849f68b9e3f02ecd38f21b6c2de,14a9eeb9a6253849f68b9e3f02ecd38f21b6c2de,True,ok,,3,58914e59c608ed4384ba6002e44c3465c58b2e71,48000
2459,resources/data/patches_3rdparty/Slowboat/Drums/Snare 2.fxp,contributor,172830,09e6f1157f39963a217c1d9aca237865c2fb8bd3,09e6f1157f39963a217c1d9aca237865c2fb8bd3,True,ok,,11,58914e59c608ed4384ba6002e44c3465c58b2e71,48000
2460,resources/data/patches_3rdparty/Slowboat/Drums/Snare 3.fxp,contributor,167999,a4cf5cf7de360adfe02b9d7780dff601b386b77b,a4cf5cf7de360adfe02b9d7780dff601b386b77b,True,ok,,13,58914e59c608ed4384ba6002e44c3465c58b2e71,48000
2461,resources/data/patches_3rdparty/Slowboat/Drums/Toms 1.fxp,contributor,232213,ae13c17523818db0ed6c0c0627b0e8354741aee7,ae13c17523818db0ed6c0c0627b0e8354741aee7,True,ok,,17,58914e59c608ed4384ba6002e44c3465c58b2e71,48000
2462,resources/data/patches_3rdparty/Slowboat/Drums/Toms 2.fxp,contributor,167765,0c68839d24b39dae5a106bfe9c352c71fc531248,0c68839d24b39dae5a106bfe9c352c71fc531248,True,ok,,11,58914e59c608ed4384ba6002e44c3465c58b2e71,48000
2463,resources/data/patches_3rdparty/Slowboat/Drums/Toms Electric.fxp,contributor,28341,a56415d7581ac932e36f3d36c3267202a224a3bd,a56415d7581ac932e36f3d36c3267202a224a3bd,True,ok,,2,58914e59c608ed4384ba6002e44c3465c58b2e71,48000
2464,resources/data/patches_3rdparty/Slowboat/FX/Bacon Frying.fxp,contributor,28071,f53e2f75ebd50247e5e64a3d956b4166b6e2d52a,f53e2f75ebd50247e5e64a3d956b4166b6e2d52a,True,ok,,2,58914e59c608ed4384ba6002e44c3465c58b2e71,48000
2465,resources/data/patches_3rdparty/Slowboat/FX/Bird Squawk.fxp,contributor,27676,34f4d51f7cb81789dab3f72b46cd4665ae950d23,34f4d51f7cb81789dab3f72b46cd4665ae950d23,True,ok,,4,58914e59c608ed4384ba6002e44c3465c58b2e71,48000
2466,resources/data/patches_3rdparty/Slowboat/FX/Chiller Bell FX.fxp,contributor,33043,ee0f11a4c493f69975e6ce4610a168b864b335d4,ee0f11a4c493f69975e6ce4610a168b864b335d4,True,ok,,3,58914e59c608ed4384ba6002e44c3465c58b2e71,48000
2467,resources/data/patches_3rdparty/Slowboat/FX/Cyber Deep Stab 1.fxp,contributor,37371,3529b5ebd421f26f4c8744fd634a07b70c89cff2,3529b5ebd421f26f4c8744fd634a07b70c89cff2,True,ok,,4,58914e59c608ed4384ba6002e44c3465c58b2e71,48000
2468,resources/data/patches_3rdparty/Slowboat/FX/Cyber Deep Stab 2.fxp,contributor,37224,914a31d7ac882383c28d6330e5ba16c1f890a5b5,914a31d7ac882383c28d6330e5ba16c1f890a5b5,True,ok,,3,58914e59c608ed4384ba6002e44c3465c58b2e71,48000
2469,resources/data/patches_3rdparty/Slowboat/FX/Electrical Interference.fxp,contributor,214133,9f30fb350066f98600f03f0cfef2d1d2e773e928,9f30fb350066f98600f03f0cfef2d1d2e773e928,True,ok,,15,58914e59c608ed4384ba6002e44c3465c58b2e71,48000
2470,resources/data/patches_3rdparty/Slowboat/FX/FM Down.fxp,contributor,93492,7f5189037018799b1d94a2cc7f288f6ca11929a8,7f5189037018799b1d94a2cc7f288f6ca11929a8,True,ok,,15,58914e59c608ed4384ba6002e44c3465c58b2e71,48000
2471,resources/data/patches_3rdparty/Slowboat/FX/FM FX 1.fxp,contributor,60722,dbcf53c1dbf4b7f85772b23122cee953e5525367,dbcf53c1dbf4b7f85772b23122cee953e5525367,True,ok,,11,58914e59c608ed4384ba6002e44c3465c58b2e71,48000
2472,resources/data/patches_3rdparty/Slowboat/FX/FM FX 2.fxp,contributor,61590,db1fb7e105ff7c53e8ecad813f9ac6d2bcd859c0,db1fb7e105ff7c53e8ecad813f9ac6d2bcd859c0,True,ok,,8,58914e59c608ed4384ba6002e44c3465c58b2e71,48000
2473,resources/data/patches_3rdparty/Slowboat/FX/FM Riser.fxp,contributor,93479,d19696a86b15011a3c43071098620da868d4d101,d19696a86b15011a3c43071098620da868d4d101,True,ok,,10,58914e59c608ed4384ba6002e44c3465c58b2e71,48000
2474,resources/data/patches_3rdparty/Slowboat/FX/Granular Stretches.fxp,contributor,30096,c4ae144e12a9803fe3174db26d11c0d23e0a9b3d,c4ae144e12a9803fe3174db26d11c0d23e0a9b3d,True,ok,,4,58914e59c608ed4384ba6002e44c3465c58b2e71,48000
2475,resources/data/patches_3rdparty/Slowboat/FX/Night Life.fxp,contributor,73190,4937b1c28bd22dd2099be234ed3836f029ea162b,4937b1c28bd22dd2099be234ed3836f029ea162b,True,ok,,8,58914e59c608ed4384ba6002e44c3465c58b2e71,48000
2476,resources/data/patches_3rdparty/Slowboat/FX/Random Bass FX.fxp,contributor,111041,e0b6b1d01a6dd1f696823056067bc3625e791075,e0b6b1d01a6dd1f696823056067bc3625e791075,True,ok,,10,58914e59c608ed4384ba6002e44c3465c58b2e71,48000
2477,resources/data/patches_3rdparty/Slowboat/FX/Reverse Breath 1.fxp,contributor,32573,29ccfb0561ad12081c64873d0fdcf51478b18176,29ccfb0561ad12081c64873d0fdcf51478b18176,True,ok,,2,58914e59c608ed4384ba6002e44c3465c58b2e71,48000
2478,resources/data/patches_3rdparty/Slowboat/FX/Reverse Breath 2.fxp,contributor,32404,4c91ad1b656d7d9a4ebf75ed414cf41842994cad,4c91ad1b656d7d9a4ebf75ed414cf41842994cad,True,ok,,7,58914e59c608ed4384ba6002e44c3465c58b2e71,48000
2479,resources/data/patches_3rdparty/Slowboat/FX/Reverse Breath 3.fxp,contributor,28539,27f897c74cec0cc8c8b2ecacf5a905a654217a97,27f897c74cec0cc8c8b2ecacf5a905a654217a97,True,ok,,6,58914e59c608ed4384ba6002e44c3465c58b2e71,48000
2480,resources/data/patches_3rdparty/Slowboat/FX/Scary.fxp,contributor,27061,1034d067052a93385915e8aad109ba3cdaa2d490,1034d067052a93385915e8aad109ba3cdaa2d490,True,ok,,4,58914e59c608ed4384ba6002e44c3465c58b2e71,48000
2481,resources/data/patches_3rdparty/Slowboat/FX/Spirits Of Air 1.fxp,contributor,37463,16235c70a660a726156532d41b8ecc29a0ef2efd,16235c70a660a726156532d41b8ecc29a0ef2efd,True,ok,,31,58914e59c608ed4384ba6002e44c3465c58b2e71,48000
2482,resources/data/patches_3rdparty/Slowboat/FX/Spirits Of Air 2.fxp,contributor,40468,b6090ce002eb856826422c76b445c92509a97b0b,b6090ce002eb856826422c76b445c92509a97b0b,True,ok,,9,58914e59c608ed4384ba6002e44c3465c58b2e71,48000
2483,resources/data/patches_3rdparty/Slowboat/FX/Water Tank.fxp,contributor,26838,7301a17850a119950e5fb8f091dcc13b1c7cf42a,7301a17850a119950e5fb8f091dcc13b1c7cf42a,True,ok,,2,58914e59c608ed4384ba6002e44c3465c58b2e71,48000
2484,resources/data/patches_3rdparty/Slowboat/FX/Wild Stab 1.fxp,contributor,42917,7306e6a317348ec0f397a5c3446b9460fb2ed1e5,7306e6a317348ec0f397a5c3446b9460fb2ed1e5,True,ok,,2,58914e59c608ed4384ba6002e44c3465c58b2e71,48000
2485,resources/data/patches_3rdparty/Slowboat/FX/Wild Stab 2.fxp,contributor,39143,7bc4e1166edde7c1d35441ea1676fe7fdcf79113,7bc4e1166edde7c1d35441ea1676fe7fdcf79113,True,ok,,3,58914e59c608ed4384ba6002e44c3465c58b2e71,48000
2486,resources/data/patches_3rdparty/Slowboat/Guitars/Goodbye Rock.fxp,contributor,2134101,6ec9d5575f990c4415c48cbca525e0a8d2326f17,6ec9d5575f990c4415c48cbca525e0a8d2326f17,True,ok,,315,58914e59c608ed4384ba6002e44c3465c58b2e71,48000
2487,resources/data/patches_3rdparty/Slowboat/Guitars/Shimmer Guitar.fxp,contributor,100625,466c044755f9943eb476cd48ce500108c9d43b4d,466c044755f9943eb476cd48ce500108c9d43b4d,True,ok,,28,58914e59c608ed4384ba6002e44c3465c58b2e71,48000
2488,resources/data/patches_3rdparty/Slowboat/Guitars/Strummed Strings.fxp,contributor,31966,c56392bd48f5c3be1f32900362dc88743b2aa2ba,c56392bd48f5c3be1f32900362dc88743b2aa2ba,True,ok,,5,58914e59c608ed4384ba6002e44c3465c58b2e71,48000
2489,resources/data/patches_3rdparty/Slowboat/Keys/Aquatique.fxp,contributor,30285,dfc1319e5f7c81d4581d0a2ca3bcaacdb1c341ae,dfc1319e5f7c81d4581d0a2ca3bcaacdb1c341ae,True,ok,,4,58914e59c608ed4384ba6002e44c3465c58b2e71,48000
2490,resources/data/patches_3rdparty/Slowboat/Keys/Heavy Keys.fxp,contributor,167200,0fc37b7e2c8d0130b323f3c0f43f565cf6acebbc,0fc37b7e2c8d0130b323f3c0f43f565cf6acebbc,True,ok,,14,58914e59c608ed4384ba6002e44c3465c58b2e71,48000
2491,resources/data/patches_3rdparty/Slowboat/Keys/Holiday Chords.fxp,contributor,96236,d9884fe7306daa8fdba39686ef3ae5a50b320272,d9884fe7306daa8fdba39686ef3ae5a50b320272,True,ok,,9,58914e59c608ed4384ba6002e44c3465c58b2e71,48000
2492,resources/data/patches_3rdparty/Slowboat/Keys/Quick Steel Drum.fxp,contributor,139333,11638f0294643f79004413a12c8229d925941ea1,11638f0294643f79004413a12c8229d925941ea1,True,ok,,11,58914e59c608ed4384ba6002e44c3465c58b2e71,48000
2493,resources/data/patches_3rdparty/Slowboat/Keys/Understated.fxp,contributor,32465,057904013a700fffcc4cb6394cf9d0cc842549a7,057904013a700fffcc4cb6394cf9d0cc842549a7,True,ok,,11,58914e59c608ed4384ba6002e44c3465c58b2e71,48000
2494,resources/data/patches_3rdparty/Slowboat/Leads/Clouds Ana Lead.fxp,contributor,82955,90348916c278346807105d22f2e5a11a30b65869,90348916c278346807105d22f2e5a11a30b65869,True,ok,,7,58914e59c608ed4384ba6002e44c3465c58b2e71,48000
2495,resources/data/patches_3rdparty/Slowboat/Leads/Grindy.fxp,contributor,53911,6c871763d2c6f32e9807ce68317ee079ebb81f15,6c871763d2c6f32e9807ce68317ee079ebb81f15,True,ok,,8,58914e59c608ed4384ba6002e44c3465c58b2e71,48000
2496,resources/data/patches_3rdparty/Slowboat/Leads/Lost Lead.fxp,contributor,4232549,32df888debe2e5161b31da5e8a2a20d3ab301567,32df888debe2e5161b31da5e8a2a20d3ab301567,True,ok,,557,58914e59c608ed4384ba6002e44c3465c58b2e71,48000
2497,resources/data/patches_3rdparty/Slowboat/Leads/Machining.fxp,contributor,30388,d0d4e94b7b599fcfe3fd1ddaffb18909db7a2457,d0d4e94b7b599fcfe3fd1ddaffb18909db7a2457,True,ok,,10,58914e59c608ed4384ba6002e44c3465c58b2e71,48000
2498,resources/data/patches_3rdparty/Slowboat/Leads/Some Analog.fxp,contributor,33028,fae7f40fd9c4560ac8078707bada12d726e0947b,fae7f40fd9c4560ac8078707bada12d726e0947b,True,ok,,3,58914e59c608ed4384ba6002e44c3465c58b2e71,48000
2499,resources/data/patches_3rdparty/Slowboat/Leads/Turnout.fxp,contributor,36495,bfc146275901f180552a60aab932594de1daf92c,bfc146275901f180552a60aab932594de1daf92c,True,ok,,2,58914e59c608ed4384ba6002e44c3465c58b2e71,48000
2500,resources/data/patches_3rdparty/Slowboat/Mallets/Kalimba Hang Drum.fxp,contributor,231603,5f0cbb2b9e88e1a1558a02bca4d1030f19dd79fe,5f0cbb2b9e88e1a1558a02bca4d1030f19dd79fe,True,ok,,20,58914e59c608ed4384ba6002e44c3465c58b2e71,48000
2501,resources/data/patches_3rdparty/Slowboat/Mallets/Kalimba.fxp,contributor,29451,9cc9b91b8811089223225c4ae430b5ca9aecfd21,9cc9b91b8811089223225c4ae430b5ca9aecfd21,True,ok,,2,58914e59c608ed4384ba6002e44c3465c58b2e71,48000
2502,resources/data/patches_3rdparty/Slowboat/Mallets/Mallet Finally! 1.fxp,contributor,2401163,9bc779230e1455414d33f8b8ab06334a6b9453a7,9bc779230e1455414d33f8b8ab06334a6b9453a7,True,ok,,264,58914e59c608ed4384ba6002e44c3465c58b2e71,48000
2503,resources/data/patches_3rdparty/Slowboat/Mallets/Mallet Finally! 2.fxp,contributor,2396088,6efaad0c3d308d9eb56ea48462b4bd51acd8a8e0,6efaad0c3d308d9eb56ea48462b4bd51acd8a8e0,True,ok,,413,58914e59c608ed4384ba6002e44c3465c58b2e71,48000
2504,resources/data/patches_3rdparty/Slowboat/Pads/Choir Space.fxp,contributor,125543,d89f4134134f26fa11d5621091ec9c860e4e76f0,d89f4134134f26fa11d5621091ec9c860e4e76f0,True,ok,,9,58914e59c608ed4384ba6002e44c3465c58b2e71,48000
2505,resources/data/patches_3rdparty/Slowboat/Pads/Deep Space.fxp,contributor,54641,b16c70e6493f0cce9b5e1065df9f2a377ba913b7,b16c70e6493f0cce9b5e1065df9f2a377ba913b7,True,ok,,5,58914e59c608ed4384ba6002e44c3465c58b2e71,48000
2506,resources/data/patches_3rdparty/Slowboat/Pads/Retro Smooth.fxp,contributor,27468,674833b0d587262f6fb8b8d323e95affe219568d,674833b0d587262f6fb8b8d323e95affe219568d,True,ok,,2,58914e59c608ed4384ba6002e44c3465c58b2e71,48000
2507,resources/data/patches_3rdparty/Slowboat/Pads/Super Swell.fxp,contributor,32834,2730755d28e6f01dee0d2768882e8a1437f0e00b,2730755d28e6f01dee0d2768882e8a1437f0e00b,True,ok,,3,58914e59c608ed4384ba6002e44c3465c58b2e71,48000
2508,resources/data/patches_3rdparty/Slowboat/Percussion/Another Perc Thing.fxp,contributor,35322,0a1152223d80eb056f62f91d449022b546e4d734,0a1152223d80eb056f62f91d449022b546e4d734,True,ok,,3,58914e59c608ed4384ba6002e44c3465c58b2e71,48000
2509,resources/data/patches_3rdparty/Slowboat/Percussion/Djembeish 1.fxp,contributor,169438,0c6561d3b37cc68134d75b753b7c9406bda9e811,0c6561d3b37cc68134d75b753b7c9406bda9e811,True,ok,,13,58914e59c608ed4384ba6002e44c3465c58b2e71,48000
2510,resources/data/patches_3rdparty/Slowboat/Percussion/Djembeish 2.fxp,contributor,173038,77600659573d3073b5a2dbacdd0fd614d013bdec,77600659573d3073b5a2dbacdd0fd614d013bdec,True,ok,,15,58914e59c608ed4384ba6002e44c3465c58b2e71,48000
2511,resources/data/patches_3rdparty/Slowboat/Percussion/Tribe.fxp,contributor,118819,ba1c388323a1177c3822436c6dfe028a5e48d01d,ba1c388323a1177c3822436c6dfe028a5e48d01d,True,ok,,14,58914e59c608ed4384ba6002e44c3465c58b2e71,48000
2512,resources/data/patches_3rdparty/Slowboat/Percussion/Wind Chime.fxp,contributor,58397,ee12be892d062a284a3bd54576bdbeb132064695,ee12be892d062a284a3bd54576bdbeb132064695,True,ok,,5,58914e59c608ed4384ba6002e44c3465c58b2e71,48000
2513,resources/data/patches_3rdparty/Slowboat/Plucks/Classic Arp.fxp,contributor,32110,f52d96b48688c5622e413bb228b1814381c5c892,f52d96b48688c5622e413bb228b1814381c5c892,True,ok,,13,58914e59c608ed4384ba6002e44c3465c58b2e71,48000
2514,resources/data/patches_3rdparty/Slowboat/Plucks/Little Pluck.fxp,contributor,30025,65266691ba850696cf465a1635ea5f73c3bdcf23,65266691ba850696cf465a1635ea5f73c3bdcf23,True,ok,,5,58914e59c608ed4384ba6002e44c3465c58b2e71,48000
2515,resources/data/patches_3rdparty/Slowboat/Rhythms/Bellish Shape Shimmer.fxp,contributor,96764,3882a2fa4dc8b7f381182182c3f5d79b1b751e02,3882a2fa4dc8b7f381182182c3f5d79b1b751e02,True,ok,,16,58914e59c608ed4384ba6002e44c3465c58b2e71,48000
2516,resources/data/patches_3rdparty/Slowboat/Rhythms/Choir For Tape.fxp,contributor,78151,768a269a871f5355a1736fbe13426996faf94883,768a269a871f5355a1736fbe13426996faf94883,True,ok,,12,58914e59c608ed4384ba6002e44c3465c58b2e71,48000
2517,resources/data/patches_3rdparty/Slowboat/Rhythms/Choir Pad.fxp,contributor,62335,ee65766b1f1edf81da5162570372a6bf6010907e,ee65766b1f1edf81da5162570372a6bf6010907e,True,ok,,14,58914e59c608ed4384ba6002e44c3465c58b2e71,48000
2518,resources/data/patches_3rdparty/Slowboat/Rhythms/Machine Jam.fxp,contributor,43889,4d150966823f5ee054775e416a4f36a03b39149e,4d150966823f5ee054775e416a4f36a03b39149e,True,ok,,11,58914e59c608ed4384ba6002e44c3465c58b2e71,48000
2519,resources/data/patches_3rdparty/Slowboat/Rhythms/Massive Pad 1.fxp,contributor,95015,f8a63e326356452ac8a36f57cc6326dd39ea8012,f8a63e326356452ac8a36f57cc6326dd39ea8012,True,ok,,73,58914e59c608ed4384ba6002e44c3465c58b2e71,48000
2520,resources/data/patches_3rdparty/Slowboat/Rhythms/Massive Pad 2.fxp,contributor,161185,6a532c2f61c7af800c73955d9e5925f3cf76dd8f,6a532c2f61c7af800c73955d9e5925f3cf76dd8f,True,ok,,14,58914e59c608ed4384ba6002e44c3465c58b2e71,48000
2521,resources/data/patches_3rdparty/Slowboat/Rhythms/Particles For Chords.fxp,contributor,114090,5af22ba918c3ad8e6c9bdab15697bbf30b0122b0,5af22ba918c3ad8e6c9bdab15697bbf30b0122b0,True,ok,,9,58914e59c608ed4384ba6002e44c3465c58b2e71,48000
2522,resources/data/patches_3rdparty/Slowboat/Sequences/Bouncy Surge.fxp,contributor,1084560,d71286b5a50959e7cb882b9ec10961117b6fd129,d71286b5a50959e7cb882b9ec10961117b6fd129,True,ok,,174,58914e59c608ed4384ba6002e44c3465c58b2e71,48000
2523,resources/data/patches_3rdparty/Slowboat/Sequences/Cars.fxp,contributor,98369,acc00f04a61aa55263646863ebffbb6d18a6a2b8,acc00f04a61aa55263646863ebffbb6d18a6a2b8,True,ok,,17,58914e59c608ed4384ba6002e44c3465c58b2e71,48000
2524,resources/data/patches_3rdparty/Slowboat/Sequences/Musical Pulses.fxp,contributor,94589,3e7fd7712e1cbd3159ca9f7ce9192d2226bae1e4,3e7fd7712e1cbd3159ca9f7ce9192d2226bae1e4,True,ok,,9,58914e59c608ed4384ba6002e44c3465c58b2e71,48000
2525,resources/data/patches_3rdparty/Slowboat/Sequences/Percussive Shuffle.fxp,contributor,32750,6be1d540570e06812680ca6f7390c7e66150f6aa,6be1d540570e06812680ca6f7390c7e66150f6aa,True,ok,,3,58914e59c608ed4384ba6002e44c3465c58b2e71,48000
2526,resources/data/patches_3rdparty/Slowboat/Sequences/Percy Pluck.fxp,contributor,35044,4a60b6df91fe8015a80d7f2cc7b97a7ec39b71a7,4a60b6df91fe8015a80d7f2cc7b97a7ec39b71a7,True,ok,,3,58914e59c608ed4384ba6002e44c3465c58b2e71,48000
2527,resources/data/patches_3rdparty/Slowboat/Strings/Tremolo Viola Section 1.fxp,contributor,32843,9d879484dc529087f0a1a2ff4264354809b2bc5e,9d879484dc529087f0a1a2ff4264354809b2bc5e,True,ok,,4,58914e59c608ed4384ba6002e44c3465c58b2e71,48000
2528,resources/data/patches_3rdparty/Slowboat/Strings/Tremolo Viola Section 2.fxp,contributor,32991,a2488821bff6c8d2b54a07e362c849aaf6f48edd,a2488821bff6c8d2b54a07e362c849aaf6f48edd,True,ok,,4,58914e59c608ed4384ba6002e44c3465c58b2e71,48000
2529,resources/data/patches_3rdparty/Slowboat/Synths/Bell Square 1.fxp,contributor,42452,b685f1dcb1ada0ba644ab1ab9c903d23cff6f29b,b685f1dcb1ada0ba644ab1ab9c903d23cff6f29b,True,ok,,4,58914e59c608ed4384ba6002e44c3465c58b2e71,48000
2530,resources/data/patches_3rdparty/Slowboat/Synths/Bell Square 2.fxp,contributor,45299,c54ca1886f1f9b7ee3149158e7196b86f23c60a3,c54ca1886f1f9b7ee3149158e7196b86f23c60a3,True,ok,,5,58914e59c608ed4384ba6002e44c3465c58b2e71,48000
2531,resources/data/patches_3rdparty/Slowboat/Synths/Texture Fractals.fxp,contributor,29085,b80099801e9663a13848bf8ec0c4f331096dc623,b80099801e9663a13848bf8ec0c4f331096dc623,True,ok,,4,58914e59c608ed4384ba6002e44c3465c58b2e71,48000
2532,resources/data/patches_3rdparty/Slowboat/Winds/Basseridoo 1.fxp,contributor,45855,54ae04bd9398fd63b4f48a8306ea71191db625e8,54ae04bd9398fd63b4f48a8306ea71191db625e8,True,ok,,4,58914e59c608ed4384ba6002e44c3465c58b2e71,48000
2533,resources/data/patches_3rdparty/Slowboat/Winds/Basseridoo 2.fxp,contributor,46718,cbe5709d473cbb94dc0c2ae95cbee0bfcc09a7f6,cbe5709d473cbb94dc0c2ae95cbee0bfcc09a7f6,True,ok,,4,58914e59c608ed4384ba6002e44c3465c58b2e71,48000
2534,resources/data/patches_3rdparty/Slowboat/Winds/Closeup Clarinet 1.fxp,contributor,34415,a4474671e001e62070f3e7b6d9062c04192f66a5,a4474671e001e62070f3e7b6d9062c04192f66a5,True,ok,,3,58914e59c608ed4384ba6002e44c3465c58b2e71,48000
2535,resources/data/patches_3rdparty/Slowboat/Winds/Closeup Clarinet 2.fxp,contributor,35223,1169c80ae7a55793855ac07757cd6537ceb5c52a,1169c80ae7a55793855ac07757cd6537ceb5c52a,True,ok,,4,58914e59c608ed4384ba6002e44c3465c58b2e71,48000
2536,resources/data/patches_3rdparty/Slowboat/Winds/Flutily.fxp,contributor,107788,119e40d6a491ec9bfda1417dcc277895f90c5d0a,119e40d6a491ec9bfda1417dcc277895f90c5d0a,True,ok,,8,58914e59c608ed4384ba6002e44c3465c58b2e71,48000
2537,resources/data/patches_3rdparty/Stefan Singer/Basses/Bass MW.fxp,contributor,24212,c23d6786597bd35e1e7d4d72ec7e6da605d3b9f6,c23d6786597bd35e1e7d4d72ec7e6da605d3b9f6,True,ok,,3,58914e59c608ed4384ba6002e44c3465c58b2e71,48000
2538,resources/data/patches_3rdparty/Stefan Singer/Basses/Body Bass.fxp,contributor,30404,354afe06cba778661e4e10da9fad8b766de964b1,354afe06cba778661e4e10da9fad8b766de964b1,True,ok,,2,58914e59c608ed4384ba6002e44c3465c58b2e71,48000
2539,resources/data/patches_3rdparty/Stefan Singer/Basses/Evil Mono Bass.fxp,contributor,31111,4fcb8727ad1ae704d78343c58809a2a38034ef89,4fcb8727ad1ae704d78343c58809a2a38034ef89,True,ok,,3,58914e59c608ed4384ba6002e44c3465c58b2e71,48000
2540,resources/data/patches_3rdparty/Stefan Singer/Basses/FM Bass Lead.fxp,contributor,25058,4e9e04de38c012d7ebe654992888ef95d7a2bc92,4e9e04de38c012d7ebe654992888ef95d7a2bc92,True,ok,,3,58914e59c608ed4384ba6002e44c3465c58b2e71,48000
2541,resources/data/patches_3rdparty/Stefan Singer/Basses/Sequenced Psy Bass.fxp,contributor,32546,ba7b00a337b0a36a7505077a85ec15bab8ae3d34,ba7b00a337b0a36a7505077a85ec15bab8ae3d34,True,ok,,2,58914e59c608ed4384ba6002e44c3465c58b2e71,48000
2542,resources/data/patches_3rdparty/Stefan Singer/Basses/Wet Bass.fxp,contributor,31557,05c53869890c5b08b298f262ed09082cc59a389a,05c53869890c5b08b298f262ed09082cc59a389a,True,ok,,3,58914e59c608ed4384ba6002e44c3465c58b2e71,48000
2543,resources/data/patches_3rdparty/Stefan Singer/Leads/FM Flute.fxp,contributor,25220,adb998f340b90d93736fc9b2a7822ae44c41887d,adb998f340b90d93736fc9b2a7822ae44c41887d,True,ok,,2,58914e59c608ed4384ba6002e44c3465c58b2e71,48000
2544,resources/data/patches_3rdparty/Stefan Singer/Leads/Hoove.fxp,contributor,31540,f76b0797161e27732a5224ca98a27d8937a810aa,f76b0797161e27732a5224ca98a27d8937a810aa,True,ok,,2,58914e59c608ed4384ba6002e44c3465c58b2e71,48000
2545,resources/data/patches_3rdparty/Stefan Singer/Leads/Naggy Bee Lead.fxp,contributor,24434,ae29964629d3ace76c7afd08b7c962caa40b8b2b,ae29964629d3ace76c7afd08b7c962caa40b8b2b,True,ok,,2,58914e59c608ed4384ba6002e44c3465c58b2e71,48000
2546,resources/data/patches_3rdparty/Stefan Singer/Pads/Analog Pad.fxp,contributor,24276,a4c3858fba5b9349f4be21ffe901e499966b76d1,a4c3858fba5b9349f4be21ffe901e499966b76d1,True,ok,,3,58914e59c608ed4384ba6002e44c3465c58b2e71,48000
2547,resources/data/patches_3rdparty/Stefan Singer/Pads/Cold Seq Pad.fxp,contributor,26614,e25cea9ed530d90114984d76ebeae8b55de277d4,e25cea9ed530d90114984d76ebeae8b55de277d4,True,ok,,2,58914e59c608ed4384ba6002e44c3465c58b2e71,48000
2548,resources/data/patches_3rdparty/Stefan Singer/Pads/Out There.fxp,contributor,23159,9b72b50cd01f7c91883045c455b166192049b93a,9b72b50cd01f7c91883045c455b166192049b93a,True,ok,,2,58914e59c608ed4384ba6002e44c3465c58b2e71,48000
2549,resources/data/patches_3rdparty/Stefan Singer/Pads/Trance Pad 1.fxp,contributor,24643,89a75009396889c9387b8a5dfa6716c11e64604a,89a75009396889c9387b8a5dfa6716c11e64604a,True,ok,,2,58914e59c608ed4384ba6002e44c3465c58b2e71,48000
2550,resources/data/patches_3rdparty/Stefan Singer/Pads/Trance Pad 2.fxp,contributor,25505,dcb5b249db8b779b01252301880baa7ea6254a14,dcb5b249db8b779b01252301880baa7ea6254a14,True,ok,,2,58914e59c608ed4384ba6002e44c3465c58b2e71,48000
2551,resources/data/patches_3rdparty/Stefan Singer/Plucks/Playing With Filters.fxp,contributor,24333,e34db9b3788795b04e0271ac93b117ed5f4b317a,e34db9b3788795b04e0271ac93b117ed5f4b317a,True,ok,,2,58914e59c608ed4384ba6002e44c3465c58b2e71,48000
2552,resources/data/patches_3rdparty/Stefan Singer/Plucks/Techno Stab.fxp,contributor,26061,d223843576fd0f79df9e644c339eefebabd7a9a3,d223843576fd0f79df9e644c339eefebabd7a9a3,True,ok,,2,58914e59c608ed4384ba6002e44c3465c58b2e71,48000
2553,resources/data/patches_3rdparty/Stefan Singer/Plucks/Trance Pluck.fxp,contributor,32244,c2cc5136309dadea661d54fdd184a226852463ec,c2cc5136309dadea661d54fdd184a226852463ec,True,ok,,3,58914e59c608ed4384ba6002e44c3465c58b2e71,48000
2554,resources/data/patches_3rdparty/Stefan Singer/Plucks/VA Morph Wheel.fxp,contributor,25541,cc3b90ff31bb1dd347053181f7073f568c1cdffa,cc3b90ff31bb1dd347053181f7073f568c1cdffa,True,ok,,3,58914e59c608ed4384ba6002e44c3465c58b2e71,48000
2555,resources/data/patches_3rdparty/Stefan Singer/Plucks/Velo VA.fxp,contributor,25120,cb055d17b8958f106a991d6690ef221705d235af,cb055d17b8958f106a991d6690ef221705d235af,True,ok,,2,58914e59c608ed4384ba6002e44c3465c58b2e71,48000
2556,resources/data/patches_3rdparty/TNMG/Basses/Abomination.fxp,contributor,365770,de1a9848a0337fe44b4a66781a241c0e500277f9,de1a9848a0337fe44b4a66781a241c0e500277f9,True,ok,,101,58914e59c608ed4384ba6002e44c3465c58b2e71,48000
2557,resources/data/patches_3rdparty/TNMG/Basses/Analog Foundation.fxp,contributor,33995,1c65a3a040592320120b52d0cf160968227f1338,1c65a3a040592320120b52d0cf160968227f1338,True,ok,,5,58914e59c608ed4384ba6002e44c3465c58b2e71,48000
2558,resources/data/patches_3rdparty/TNMG/Basses/Artificial Intelligence.fxp,contributor,34376,497f937dcf1c85cdebee603bab3f4eb772288a7f,497f937dcf1c85cdebee603bab3f4eb772288a7f,True,ok,,7,58914e59c608ed4384ba6002e44c3465c58b2e71,48000
2559,resources/data/patches_3rdparty/TNMG/Basses/Modern Solutions.fxp,contributor,2080370,8544bcfa2ca0050da5be3d5fae5733895cec5814,8544bcfa2ca0050da5be3d5fae5733895cec5814,True,ok,,310,58914e59c608ed4384ba6002e44c3465c58b2e71,48000
2560,resources/data/patches_3rdparty/TNMG/Basses/Rude Individual.fxp,contributor,33430,e6088bb0bbff6b868e7213f34c88d9d4594e3f42,e6088bb0bbff6b868e7213f34c88d9d4594e3f42,True,ok,,7,58914e59c608ed4384ba6002e44c3465c58b2e71,48000
2561,resources/data/patches_3rdparty/TNMG/Basses/Vacuum.fxp,contributor,33682,78cd3a563e5672d61b6933769ffe9a25f469c562,78cd3a563e5672d61b6933769ffe9a25f469c562,True,ok,,3,58914e59c608ed4384ba6002e44c3465c58b2e71,48000
2562,resources/data/patches_3rdparty/TNMG/Bells/Mystical Creature.fxp,contributor,28893,fac150e6cb2b59b3ec549ea8beb9cc97d9298d83,fac150e6cb2b59b3ec549ea8beb9cc97d9298d83,True,ok,,3,58914e59c608ed4384ba6002e44c3465c58b2e71,48000
2563,resources/data/patches_3rdparty/TNMG/Chords/Dust Mote.fxp,contributor,39827,73eec493c733d09c8b82b8a2456a8dee7b8f4554,73eec493c733d09c8b82b8a2456a8dee7b8f4554,True,ok,,4,58914e59c608ed4384ba6002e44c3465c58b2e71,48000
2564,resources/data/patches_3rdparty/TNMG/Drums/Clap - Noise Layer.fxp,contributor,39675,b8b78f78a5284937d7c248cbeaf4e0b2d0bd1779,b8b78f78a5284937d7c248cbeaf4e0b2d0bd1779,True,ok,,2,58914e59c608ed4384ba6002e44c3465c58b2e71,48000
2565,resources/data/patches_3rdparty/TNMG/Drums/Hi-Hat - Phase Noise.fxp,contributor,33984,b76f729d14c3a2c2c96075335d99da5d47ec425b,b76f729d14c3a2c2c96075335d99da5d47ec425b,True,ok,,4,58914e59c608ed4384ba6002e44c3465c58b2e71,48000
2566,resources/data/patches_3rdparty/TNMG/Drums/Kick - Ampere.fxp,contributor,100933,44b80a63977098c37e4c8b19a769ac9909f3f6af,44b80a63977098c37e4c8b19a769ac9909f3f6af,True,ok,,6,58914e59c608ed4384ba6002e44c3465c58b2e71,48000
2567,resources/data/patches_3rdparty/TNMG/Drums/Kick - Arcade.fxp,contributor,33485,f9aea31b2ee11b6d0798997db3d2e0dad72b5d9c,f9aea31b2ee11b6d0798997db3d2e0dad72b5d9c,True,ok,,3,58914e59c608ed4384ba6002e44c3465c58b2e71,48000
2568,resources/data/patches_3rdparty/TNMG/Drums/Kick - Bold Sine.fxp,contributor,42994,463280435e05d3524ab83a8e253a870f5c732a4f,463280435e05d3524ab83a8e253a870f5c732a4f,True,ok,,3,58914e59c608ed4384ba6002e44c3465c58b2e71,48000
2569,resources/data/patches_3rdparty/TNMG/Drums/Kick - Classic.fxp,contributor,66755,c2295d6b5011b2b3539a4fbd1c2d0f7ce5be0c2e,c2295d6b5011b2b3539a4fbd1c2d0f7ce5be0c2e,True,ok,,9,58914e59c608ed4384ba6002e44c3465c58b2e71,48000
2570,resources/data/patches_3rdparty/TNMG/Drums/Kick - In Your Face.fxp,contributor,33386,b3f80cba298fa3c38403b622c86bf2b3ce1e35d2,b3f80cba298fa3c38403b622c86bf2b3ce1e35d2,True,ok,,3,58914e59c608ed4384ba6002e44c3465c58b2e71,48000
2571,resources/data/patches_3rdparty/TNMG/Drums/Kick - Transistor.fxp,contributor,33991,c67cce13966816ecbc0ccc40b930faa4724c4c9e,c67cce13966816ecbc0ccc40b930faa4724c4c9e,True,ok,,3,58914e59c608ed4384ba6002e44c3465c58b2e71,48000
2572,resources/data/patches_3rdparty/TNMG/Drums/Snare - Basic Drive.fxp,contributor,34594,0f94601ab11d6ab2818f7e2f33d840ef0da2278c,0f94601ab11d6ab2818f7e2f33d840ef0da2278c,True,ok,,3,58914e59c608ed4384ba6002e44c3465c58b2e71,48000
2573,resources/data/patches_3rdparty/TNMG/Drums/Snare - Classic.fxp,contributor,35152,f165df3f49ddf16cc0f06a452e9b11ce41248cb8,f165df3f49ddf16cc0f06a452e9b11ce41248cb8,True,ok,,6,58914e59c608ed4384ba6002e44c3465c58b2e71,48000
2574,resources/data/patches_3rdparty/TNMG/Drums/Snare - Synthetic.fxp,contributor,36286,d866dba41d12bfe3a9c57f0f5f790f6bcdaebd51,d866dba41d12bfe3a9c57f0f5f790f6bcdaebd51,True,ok,,4,58914e59c608ed4384ba6002e44c3465c58b2e71,48000
2575,resources/data/patches_3rdparty/TNMG/FX/Noisy Record.fxp,contributor,29502,3daa73b205e5a16f79d1081ed4dd7a6209e88fb8,3daa73b205e5a16f79d1081ed4dd7a6209e88fb8,True,ok,,2,58914e59c608ed4384ba6002e44c3465c58b2e71,48000
2576,resources/data/patches_3rdparty/TNMG/Leads/Acid Gizmo.fxp,contributor,34680,1e589d1e3692541f7ce1ea12323963ffde2cfdbe,1e589d1e3692541f7ce1ea12323963ffde2cfdbe,True,ok,,7,58914e59c608ed4384ba6002e44c3465c58b2e71,48000
2577,resources/data/patches_3rdparty/TNMG/Pads/Aero.fxp,contributor,32669,b9ec8a94f0d75f00a5835704a468ed58996bbfee,b9ec8a94f0d75f00a5835704a468ed58996bbfee,True,ok,,5,58914e59c608ed4384ba6002e44c3465c58b2e71,48000
2578,resources/data/patches_3rdparty/TNMG/Pads/Ambient Occlusion.fxp,contributor,125563,0b51d929b0d6894d456ab07c7057507a7bbb4742,0b51d929b0d6894d456ab07c7057507a7bbb4742,True,ok,,17,58914e59c608ed4384ba6002e44c3465c58b2e71,48000
2579,resources/data/patches_3rdparty/TNMG/Pads/Cryo Chamber.fxp,contributor,1603451,57d6f79528b4d8761ed46192d9c6dccec7394b22,57d6f79528b4d8761ed46192d9c6dccec7394b22,True,ok,,220,58914e59c608ed4384ba6002e44c3465c58b2e71,48000
2580,resources/data/patches_3rdparty/TNMG/Pads/Digital Domain.fxp,contributor,63642,f135abc08f91d0589d8061b30a98e5c75c3ccc47,f135abc08f91d0589d8061b30a98e5c75c3ccc47,True,ok,,6,58914e59c608ed4384ba6002e44c3465c58b2e71,48000
2581,resources/data/patches_3rdparty/TNMG/Pads/In Motion.fxp,contributor,63945,09281a4f8832552bdc90db2b6385e06803ca0772,09281a4f8832552bdc90db2b6385e06803ca0772,True,ok,,7,58914e59c608ed4384ba6002e44c3465c58b2e71,48000
2582,resources/data/patches_3rdparty/TNMG/Pads/Motion Picture.fxp,contributor,30099,228330e049a703f9f07f2c150b092e18a5a4bcfd,228330e049a703f9f07f2c150b092e18a5a4bcfd,True,ok,,5,58914e59c608ed4384ba6002e44c3465c58b2e71,48000
2583,resources/data/patches_3rdparty/TNMG/Pads/Nebulae.fxp,contributor,44026,b9de44a01d35ac491190a5805803a8fe51d57bfd,b9de44a01d35ac491190a5805803a8fe51d57bfd,True,ok,,7,58914e59c608ed4384ba6002e44c3465c58b2e71,48000
2584,resources/data/patches_3rdparty/TNMG/Pads/Negative Space.fxp,contributor,30983,5f9cef7d2cd94a58d267a1b75064aa8ebcb09209,5f9cef7d2cd94a58d267a1b75064aa8ebcb09209,True,ok,,8,58914e59c608ed4384ba6002e44c3465c58b2e71,48000
2585,resources/data/patches_3rdparty/TNMG/Pads/Proudly Digital.fxp,contributor,1004515,e96fc289e4bee575e3da35471e13737c86939f48,e96fc289e4bee575e3da35471e13737c86939f48,True,ok,,81,58914e59c608ed4384ba6002e44c3465c58b2e71,48000
2586,resources/data/patches_3rdparty/TNMG/Pads/Reflections.fxp,contributor,36246,c77d7be118909fb81e896478ab3992b937ff6c29,c77d7be118909fb81e896478ab3992b937ff6c29,True,ok,,10,58914e59c608ed4384ba6002e44c3465c58b2e71,48000
2587,resources/data/patches_3rdparty/TNMG/Pads/Translucent.fxp,contributor,30181,4df4260a7879a7065ba8671eaba36f4500137601,4df4260a7879a7065ba8671eaba36f4500137601,True,ok,,10,58914e59c608ed4384ba6002e44c3465c58b2e71,48000
2588,resources/data/patches_3rdparty/TNMG/Percussion/Bovinae.fxp,contributor,33161,b57ae17feb89f7c557054f25076a9d9170061a75,b57ae17feb89f7c557054f25076a9d9170061a75,True,ok,,10,58914e59c608ed4384ba6002e44c3465c58b2e71,48000
2589,resources/data/patches_3rdparty/TNMG/Percussion/Electro Rimshot.fxp,contributor,34532,5c873865ee5da49aa1d7056240d9f29320025cdf,5c873865ee5da49aa1d7056240d9f29320025cdf,True,ok,,5,58914e59c608ed4384ba6002e44c3465c58b2e71,48000
2590,resources/data/patches_3rdparty/TNMG/Percussion/Synth Tom.fxp,contributor,36077,c9519c03fab8e18ebcadb1ff77af4a83d4b3f165,c9519c03fab8e18ebcadb1ff77af4a83d4b3f165,True,ok,,5,58914e59c608ed4384ba6002e44c3465c58b2e71,48000
2591,resources/data/patches_3rdparty/TNMG/Percussion/Zapped.fxp,contributor,33484,a9b7a13b9e21217cb21abc565506b9499be8034a,a9b7a13b9e21217cb21abc565506b9499be8034a,True,ok,,5,58914e59c608ed4384ba6002e44c3465c58b2e71,48000
2592,resources/data/patches_3rdparty/TNMG/Plucks/Dream State.fxp,contributor,29079,771651eeff5364093e1e056c76705e5853a3a02c,771651eeff5364093e1e056c76705e5853a3a02c,True,ok,,4,58914e59c608ed4384ba6002e44c3465c58b2e71,48000
2593,resources/data/patches_3rdparty/TNMG/Plucks/Ghost Notes.fxp,contributor,41422,64b69f639b680cfcc64090ce458fe22e29e35ca4,64b69f639b680cfcc64090ce458fe22e29e35ca4,True,ok,,6,58914e59c608ed4384ba6002e44c3465c58b2e71,48000
2594,resources/data/patches_3rdparty/TNMG/Plucks/Millennium.fxp,contributor,27647,2289af6f879faa7063f5470527ed6591a2147962,2289af6f879faa7063f5470527ed6591a2147962,True,ok,,5,58914e59c608ed4384ba6002e44c3465c58b2e71,48000
2595,resources/data/patches_3rdparty/TNMG/Plucks/Retro Wave.fxp,contributor,764701,5bef577fb275bdafd47a56d8d32faed20582898f,5bef577fb275bdafd47a56d8d32faed20582898f,True,ok,,136,58914e59c608ed4384ba6002e44c3465c58b2e71,48000
2596,resources/data/patches_3rdparty/TNMG/Plucks/Suppressor.fxp,contributor,42005,503d6fefb3bc3f0073a3ca46c011a85bf16621e1,503d6fefb3bc3f0073a3ca46c011a85bf16621e1,True,ok,,9,58914e59c608ed4384ba6002e44c3465c58b2e71,48000
2597,resources/data/patches_3rdparty/TNMG/Polysynths/Synth Basics.fxp,contributor,38549,8faeb80076dec6d2978c84e5c42c5c9b713a28ac,8faeb80076dec6d2978c84e5c42c5c9b713a28ac,True,ok,,5,58914e59c608ed4384ba6002e44c3465c58b2e71,48000
2598,resources/data/patches_3rdparty/TNMG/Sequences/Mid Layer.fxp,contributor,35025,c005cd514b0a76a4ac2a12a24129a898accf061a,c005cd514b0a76a4ac2a12a24129a898accf061a,True,ok,,3,58914e59c608ed4384ba6002e44c3465c58b2e71,48000
2599,resources/data/patches_3rdparty/TNMG/Sequences/One Note IDM.fxp,contributor,48721,5381f2162a8964f542fd833f4d962d822e909df3,5381f2162a8964f542fd833f4d962d822e909df3,True,ok,,4,58914e59c608ed4384ba6002e44c3465c58b2e71,48000
2600,resources/data/patches_3rdparty/TNMG/Soundscapes/Andromeda.fxp,contributor,41420,8e13e762ef8b6e7a5cd9b20438af05ed14b8caec,8e13e762ef8b6e7a5cd9b20438af05ed14b8caec,True,ok,,4,58914e59c608ed4384ba6002e44c3465c58b2e71,48000
2601,resources/data/patches_3rdparty/TNMG/Soundscapes/Chaos Theory.fxp,contributor,72483,1cfa33c150a6c9714ff1271fa2ef4577cea979af,1cfa33c150a6c9714ff1271fa2ef4577cea979af,True,ok,,7,58914e59c608ed4384ba6002e44c3465c58b2e71,48000
2602,resources/data/patches_3rdparty/TNMG/Soundscapes/Memescape.fxp,contributor,61011,e5a7485c9a4a3a9dcbe497e1eaf72a163352c118,e5a7485c9a4a3a9dcbe497e1eaf72a163352c118,True,ok,,6,58914e59c608ed4384ba6002e44c3465c58b2e71,48000
2603,resources/data/patches_3rdparty/TNMG/Vox/Surge Synthesizer.fxp,contributor,1040194,6ca88d4ba9b6b4423165115444627824ae84734a,6ca88d4ba9b6b4423165115444627824ae84734a,True,ok,,175,58914e59c608ed4384ba6002e44c3465c58b2e71,48000
2604,resources/data/patches_3rdparty/Vincent Zauhar/Basses/AI's Revenge.fxp,contributor,31920,3a3e77e570a9ebc3e44255448db776a667a94459,3a3e77e570a9ebc3e44255448db776a667a94459,True,ok,,10,58914e59c608ed4384ba6002e44c3465c58b2e71,48000
2605,resources/data/patches_3rdparty/Vincent Zauhar/Basses/Dirty.fxp,contributor,30844,5c15b1f52278b1b26869cfdfde09db305f13dd4e,5c15b1f52278b1b26869cfdfde09db305f13dd4e,True,ok,,4,58914e59c608ed4384ba6002e44c3465c58b2e71,48000
2606,resources/data/patches_3rdparty/Vincent Zauhar/Basses/Electro.fxp,contributor,30116,f5d44314666f005b41aa853012f8c1baf2d4fca6,f5d44314666f005b41aa853012f8c1baf2d4fca6,True,ok,,4,58914e59c608ed4384ba6002e44c3465c58b2e71,48000
2607,resources/data/patches_3rdparty/Vincent Zauhar/Basses/Electronic Monster.fxp,contributor,25610,ae2c8174dbe13f908367c2ee3b68ca941fca1ff4,ae2c8174dbe13f908367c2ee3b68ca941fca1ff4,True,ok,,8,58914e59c608ed4384ba6002e44c3465c58b2e71,48000
2608,resources/data/patches_3rdparty/Vincent Zauhar/Basses/Saw-Sweep.fxp,contributor,30275,88eb9ec10cf69f8270bbee9470c13cd2fa519c2e,88eb9ec10cf69f8270bbee9470c13cd2fa519c2e,True,ok,,5,58914e59c608ed4384ba6002e44c3465c58b2e71,48000
2609,resources/data/patches_3rdparty/Vincent Zauhar/Basses/Squelchy Square.fxp,contributor,30660,4b219854e788d9ab0e5118f612b2f1bebb9e7767,4b219854e788d9ab0e5118f612b2f1bebb9e7767,True,ok,,2,58914e59c608ed4384ba6002e44c3465c58b2e71,48000
2610,resources/data/patches_3rdparty/Vincent Zauhar/Basses/Voltage Bees.fxp,contributor,30854,d18c50709d13609c06edf79cd385299bd7cf1209,d18c50709d13609c06edf79cd385299bd7cf1209,True,ok,,2,58914e59c608ed4384ba6002e44c3465c58b2e71,48000
2611,resources/data/patches_3rdparty/Vincent Zauhar/Basses/Waw.fxp,contributor,31501,796c3f8f3049d0b3005bfad1efb8202a2d0a89ef,796c3f8f3049d0b3005bfad1efb8202a2d0a89ef,True,ok,,7,58914e59c608ed4384ba6002e44c3465c58b2e71,48000
2612,resources/data/patches_3rdparty/Vincent Zauhar/FX/I Am Your Father.fxp,contributor,32133,21387741b8e47d43e07ecb7abf1e468cd09f54a4,21387741b8e47d43e07ecb7abf1e468cd09f54a4,True,ok,,2,58914e59c608ed4384ba6002e44c3465c58b2e71,48000
2613,resources/data/patches_3rdparty/Vincent Zauhar/Keys/Agitated Fifths.fxp,contributor,24474,0a69ae98a53aa3e14d962192475b4615c60205cb,0a69ae98a53aa3e14d962192475b4615c60205cb,True,ok,,3,58914e59c608ed4384ba6002e44c3465c58b2e71,48000
2614,"resources/data/patches_3rdparty/Vincent Zauhar/Keys/Blue Lines, Red Lights 1.fxp",contributor,32179,a965ced702571d1b82c35dc01acef07a8be64119,a965ced702571d1b82c35dc01acef07a8be64119,True,ok,,2,58914e59c608ed4384ba6002e44c3465c58b2e71,48000
2615,"resources/data/patches_3rdparty/Vincent Zauhar/Keys/Blue Lines, Red Lights 2.fxp",contributor,30743,7db4139ea2628535cdb1aee6d42de9521049847c,7db4139ea2628535cdb1aee6d42de9521049847c,True,ok,,3,58914e59c608ed4384ba6002e44c3465c58b2e71,48000
2616,resources/data/patches_3rdparty/Vincent Zauhar/Keys/Combulabug.fxp,contributor,27362,57ba65111a4d53ba24437a2476c1d2d215a88b0d,57ba65111a4d53ba24437a2476c1d2d215a88b0d,True,ok,,3,58914e59c608ed4384ba6002e44c3465c58b2e71,48000
2617,resources/data/patches_3rdparty/Vincent Zauhar/Keys/Electric Organ.fxp,contributor,40928,fc7fc56a3fb575348a0d2703c4d4e7065ef2a182,fc7fc56a3fb575348a0d2703c4d4e7065ef2a182,True,ok,,4,58914e59c608ed4384ba6002e44c3465c58b2e71,48000
2618,resources/data/patches_3rdparty/Vincent Zauhar/Keys/Electronic Pipe.fxp,contributor,95727,0b614c82550ce787f23bc3ab0bac588c4fe94be0,0b614c82550ce787f23bc3ab0bac588c4fe94be0,True,ok,,7,58914e59c608ed4384ba6002e44c3465c58b2e71,48000
2619,resources/data/patches_3rdparty/Vincent Zauhar/Keys/Half Broken Air Piano.fxp,contributor,26383,f8e0d7e69a24e93c52bc230deee815673a5e12d1,f8e0d7e69a24e93c52bc230deee815673a5e12d1,True,ok,,2,58914e59c608ed4384ba6002e44c3465c58b2e71,48000
2620,resources/data/patches_3rdparty/Vincent Zauhar/Keys/So Appalled.fxp,contributor,334975,0204e9e16cbafdb883b04b1f26c4d3e78bf49c7d,0204e9e16cbafdb883b04b1f26c4d3e78bf49c7d,True,ok,,84,58914e59c608ed4384ba6002e44c3465c58b2e71,48000
2621,resources/data/patches_3rdparty/Vincent Zauhar/Keys/Viva La Trance.fxp,contributor,24349,c202a1622ade4183c39aad2fa9acfce9afa947cc,c202a1622ade4183c39aad2fa9acfce9afa947cc,True,ok,,6,58914e59c608ed4384ba6002e44c3465c58b2e71,48000
2622,resources/data/patches_3rdparty/Vincent Zauhar/Pads/80s Brass.fxp,contributor,23923,634728ab391be43794de2ba413b8a87ba071b914,634728ab391be43794de2ba413b8a87ba071b914,True,ok,,2,58914e59c608ed4384ba6002e44c3465c58b2e71,48000
2623,resources/data/patches_3rdparty/Vincent Zauhar/Pads/Beth's Breath.fxp,contributor,225643,cb51f7a4478da920b6adc08834bcd49babaf3ccb,cb51f7a4478da920b6adc08834bcd49babaf3ccb,True,ok,,23,58914e59c608ed4384ba6002e44c3465c58b2e71,48000
2624,resources/data/patches_3rdparty/Vincent Zauhar/Pads/Bouncing Octaves.fxp,contributor,26439,1c0ac12541b4eb4e9df2ce82bb2895fffb390fb4,1c0ac12541b4eb4e9df2ce82bb2895fffb390fb4,True,ok,,6,58914e59c608ed4384ba6002e44c3465c58b2e71,48000
2625,resources/data/patches_3rdparty/Vincent Zauhar/Pads/CS-80.fxp,contributor,40308,7d8b692d2d3228763eda5124e32fd1c5cdec60ea,7d8b692d2d3228763eda5124e32fd1c5cdec60ea,True,ok,,8,58914e59c608ed4384ba6002e44c3465c58b2e71,48000
2626,resources/data/patches_3rdparty/Vincent Zauhar/Pads/Classic Warm Jupiters.fxp,contributor,58786,aaa10d052bb00aebdef627145e542396f46357c8,aaa10d052bb00aebdef627145e542396f46357c8,True,ok,,11,58914e59c608ed4384ba6002e44c3465c58b2e71,48000
2627,resources/data/patches_3rdparty/Vincent Zauhar/Pads/Digitally Analog.fxp,contributor,226041,09e1153fa1c9d56a2cd4f765a005abcd78dd4b05,09e1153fa1c9d56a2cd4f765a005abcd78dd4b05,True,ok,,38,58914e59c608ed4384ba6002e44c3465c58b2e71,48000
2628,resources/data/patches_3rdparty/Vincent Zauhar/Pads/Filter Sweep.fxp,contributor,27137,770883bdd020a47f0f488769929eaf6ef3faa590,770883bdd020a47f0f488769929eaf6ef3faa590,True,ok,,3,58914e59c608ed4384ba6002e44c3465c58b2e71,48000
2629,resources/data/patches_3rdparty/Vincent Zauhar/Pads/Magic Madness.fxp,contributor,94840,eaca4617107d37f013a5c6b162761747fb67582b,eaca4617107d37f013a5c6b162761747fb67582b,True,ok,,8,58914e59c608ed4384ba6002e44c3465c58b2e71,48000
2630,resources/data/patches_3rdparty/Vincent Zauhar/Pads/Multi-Timbral.fxp,contributor,93337,08f0cf997555809cc7fb19491a21ddf0ece0e3ba,08f0cf997555809cc7fb19491a21ddf0ece0e3ba,True,ok,,9,58914e59c608ed4384ba6002e44c3465c58b2e71,48000
2631,resources/data/patches_3rdparty/Vincent Zauhar/Pads/New Age.fxp,contributor,60949,03f84b903d5e013f59f72baf472312857c0f6d7b,03f84b903d5e013f59f72baf472312857c0f6d7b,True,ok,,56,58914e59c608ed4384ba6002e44c3465c58b2e71,48000
2632,resources/data/patches_3rdparty/Vincent Zauhar/Pads/New Pad.fxp,contributor,160629,7bc80cddf3ca7d5d138fcd79e91d9bf9d96867d5,7bc80cddf3ca7d5d138fcd79e91d9bf9d96867d5,True,ok,,13,58914e59c608ed4384ba6002e44c3465c58b2e71,48000
2633,resources/data/patches_3rdparty/Vincent Zauhar/Pads/Orion Strings.fxp,contributor,24857,65cf92a6beaa6638c6fdfa30d81f619c29abc94c,65cf92a6beaa6638c6fdfa30d81f619c29abc94c,True,ok,,3,58914e59c608ed4384ba6002e44c3465c58b2e71,48000
2634,resources/data/patches_3rdparty/Vincent Zauhar/Pads/Thicc Pad.fxp,contributor,48887,59e01346c672aad31d10a38823e98d8f93cdc3a3,59e01346c672aad31d10a38823e98d8f93cdc3a3,True,ok,,6,58914e59c608ed4384ba6002e44c3465c58b2e71,48000
2635,resources/data/patches_3rdparty/Vincent Zauhar/Pads/Triad Expert.fxp,contributor,91279,a6e4e1e5b8e1f31c850a95cb45956e5905d73567,a6e4e1e5b8e1f31c850a95cb45956e5905d73567,True,ok,,7,58914e59c608ed4384ba6002e44c3465c58b2e71,48000
2636,resources/data/patches_3rdparty/Vincent Zauhar/Pads/Under The Sea.fxp,contributor,27359,594af7257de118dc21052349dabc7c91bfb60f31,594af7257de118dc21052349dabc7c91bfb60f31,True,ok,,2,58914e59c608ed4384ba6002e44c3465c58b2e71,48000
2637,resources/data/patches_3rdparty/Vincent Zauhar/Plucks/Anjunabeats 2007.fxp,contributor,27382,3df8d9bc899f8a333c5f29b4d29d37e706c5cfe9,3df8d9bc899f8a333c5f29b4d29d37e706c5cfe9,True,ok,,3,58914e59c608ed4384ba6002e44c3465c58b2e71,48000
2638,resources/data/patches_3rdparty/Vincent Zauhar/Plucks/Play High Or Low.fxp,contributor,28066,289657ddbebd73be6a41ca91f30d589caeee6072,289657ddbebd73be6a41ca91f30d589caeee6072,True,ok,,3,58914e59c608ed4384ba6002e44c3465c58b2e71,48000
2639,resources/data/patches_3rdparty/Vincent Zauhar/Plucks/Super Pluck.fxp,contributor,27074,41f9fc6fec976164486d0835ade51ed168e722be,41f9fc6fec976164486d0835ade51ed168e722be,True,ok,,3,58914e59c608ed4384ba6002e44c3465c58b2e71,48000
2640,resources/data/patches_3rdparty/Vincent Zauhar/Plucks/Wooden Glass.fxp,contributor,26661,55b4b31901492ba20d3af380009af14f303d49d1,55b4b31901492ba20d3af380009af14f303d49d1,True,ok,,3,58914e59c608ed4384ba6002e44c3465c58b2e71,48000
2641,resources/data/patches_3rdparty/Vincent Zauhar/Sequences/Acid Buzz.fxp,contributor,35122,a85218e5c73a91f8bbe207da6d3f9cb55fcb2116,a85218e5c73a91f8bbe207da6d3f9cb55fcb2116,True,ok,,3,58914e59c608ed4384ba6002e44c3465c58b2e71,48000
2642,resources/data/patches_3rdparty/Vincent Zauhar/Sequences/Chord Me.fxp,contributor,103874,1e3aaf61dc5b05400d1dc718e75e4a3632bf1d91,1e3aaf61dc5b05400d1dc718e75e4a3632bf1d91,True,ok,,8,58914e59c608ed4384ba6002e44c3465c58b2e71,48000
2643,resources/data/patches_3rdparty/Vincent Zauhar/Sequences/Sequenced Bass & Pad.fxp,contributor,83109,a816f15242c53d04c69a24e07d783c2682874966,a816f15242c53d04c69a24e07d783c2682874966,True,ok,,6,58914e59c608ed4384ba6002e44c3465c58b2e71,48000
2644,resources/data/patches_3rdparty/Vincent Zauhar/Winds/Another Flute.fxp,contributor,26505,ca045cb4d77109f01828827b27166eac245faf4e,ca045cb4d77109f01828827b27166eac245faf4e,True,ok,,2,58914e59c608ed4384ba6002e44c3465c58b2e71,48000
2645,resources/data/patches_3rdparty/Vospi/Basses/808 Builder A.fxp,contributor,33980,5e9561ee51ead5ff9397964d954d6768bec957f1,5e9561ee51ead5ff9397964d954d6768bec957f1,True,ok,,2,58914e59c608ed4384ba6002e44c3465c58b2e71,48000
2646,resources/data/patches_3rdparty/Vospi/Basses/But Clean The DC.fxp,contributor,45479,245ce1499174ce54bc4e270c49d6a233b28aedcf,245ce1499174ce54bc4e270c49d6a233b28aedcf,True,ok,,7,58914e59c608ed4384ba6002e44c3465c58b2e71,48000
2647,resources/data/patches_3rdparty/Vospi/Basses/Capitalize On Older WTs.fxp,contributor,72313,cf3e0d8edbcbc4995df046ffe8396b2119bdf8e3,cf3e0d8edbcbc4995df046ffe8396b2119bdf8e3,True,ok,,5,58914e59c608ed4384ba6002e44c3465c58b2e71,48000
2648,resources/data/patches_3rdparty/Vospi/Basses/FM Frog.fxp,contributor,38412,632ad5487922c2c00e2bd9cfba34716333fe9241,632ad5487922c2c00e2bd9cfba34716333fe9241,True,ok,,3,58914e59c608ed4384ba6002e44c3465c58b2e71,48000
2649,resources/data/patches_3rdparty/Vospi/Basses/Floored.fxp,contributor,32627,670d924cac8f87b6cf765b88852be3e6a0da489e,670d924cac8f87b6cf765b88852be3e6a0da489e,True,ok,,3,58914e59c608ed4384ba6002e44c3465c58b2e71,48000
2650,resources/data/patches_3rdparty/Vospi/Basses/Garage Depth.fxp,contributor,36433,f5f074e03a74cfe7ff0ad4bb1a9271473332928f,f5f074e03a74cfe7ff0ad4bb1a9271473332928f,True,ok,,3,58914e59c608ed4384ba6002e44c3465c58b2e71,48000
2651,resources/data/patches_3rdparty/Vospi/Basses/I Can Kinda Be Chordish.fxp,contributor,27162,d25d11477c53457290d1180bceac6863304ac55e,d25d11477c53457290d1180bceac6863304ac55e,True,ok,,5,58914e59c608ed4384ba6002e44c3465c58b2e71,48000
2652,resources/data/patches_3rdparty/Vospi/Basses/Low Problems.fxp,contributor,44916,edda7e9e60fa5348afc53c588269a8fe46c1ee64,edda7e9e60fa5348afc53c588269a8fe46c1ee64,True,ok,,7,58914e59c608ed4384ba6002e44c3465c58b2e71,48000
2653,resources/data/patches_3rdparty/Vospi/Basses/Morphable Donk.fxp,contributor,102458,cf8e9a62f06c36130fd6d445f014855fc5c565f4,cf8e9a62f06c36130fd6d445f014855fc5c565f4,True,ok,,12,58914e59c608ed4384ba6002e44c3465c58b2e71,48000
2654,resources/data/patches_3rdparty/Vospi/Basses/Primitive Reese.fxp,contributor,30344,90985ed208d2a4c48be77c948212ff5da529725d,90985ed208d2a4c48be77c948212ff5da529725d,True,ok,,9,58914e59c608ed4384ba6002e44c3465c58b2e71,48000
2655,resources/data/patches_3rdparty/Vospi/Basses/RETRO HAKKOO.fxp,contributor,26777,02b1d0b5f5616aa54c3346699e20764487d504f0,02b1d0b5f5616aa54c3346699e20764487d504f0,True,ok,,5,58914e59c608ed4384ba6002e44c3465c58b2e71,48000
2656,resources/data/patches_3rdparty/Vospi/Basses/Uuu-waaaa.fxp,contributor,1125318,1d537b804aa7aa22c546e046325d301e4e4e789a,1d537b804aa7aa22c546e046325d301e4e4e789a,True,ok,,192,58914e59c608ed4384ba6002e44c3465c58b2e71,48000
2657,resources/data/patches_3rdparty/Vospi/Chords/Beautiful Nightmare.fxp,contributor,26461,9811d1f4ba5b9913a14ac44aaeb5d62724de5e67,9811d1f4ba5b9913a14ac44aaeb5d62724de5e67,True,ok,,3,58914e59c608ed4384ba6002e44c3465c58b2e71,48000
2658,resources/data/patches_3rdparty/Vospi/Chords/Bemasaw.fxp,contributor,25599,ae33701c1ea3af2fe2bb0d7538400e26d5e1884d,ae33701c1ea3af2fe2bb0d7538400e26d5e1884d,True,ok,,3,58914e59c608ed4384ba6002e44c3465c58b2e71,48000
2659,resources/data/patches_3rdparty/Vospi/Chords/If You Don't Need Me Then Let Me Go.fxp,contributor,25754,5d915008fe64fbb782188756ef3d2adef97e2504,5d915008fe64fbb782188756ef3d2adef97e2504,True,ok,,3,58914e59c608ed4384ba6002e44c3465c58b2e71,48000
2660,resources/data/patches_3rdparty/Vospi/Chords/Simple Emotional Reeds.fxp,contributor,26275,af55c3d475bc9b58982cadd57382cc3505add961,af55c3d475bc9b58982cadd57382cc3505add961,True,ok,,3,58914e59c608ed4384ba6002e44c3465c58b2e71,48000
2661,resources/data/patches_3rdparty/Vospi/Chords/VHS Organ.fxp,contributor,26566,11073d0f92104eca310cbd5cb9138bc8cb1d3138,11073d0f92104eca310cbd5cb9138bc8cb1d3138,True,ok,,3,58914e59c608ed4384ba6002e44c3465c58b2e71,48000
2662,resources/data/patches_3rdparty/Vospi/Chords/You Are Incompatible.fxp,contributor,26258,9df7cdc6ee2e95b1d77fcf21845a80d90f09504c,9df7cdc6ee2e95b1d77fcf21845a80d90f09504c,True,ok,,2,58914e59c608ed4384ba6002e44c3465c58b2e71,48000
2663,resources/data/patches_3rdparty/Vospi/Drums/Hakko Kick.fxp,contributor,35661,e8068f6697b8db94dc5b8c44eda75b53c9bc8079,e8068f6697b8db94dc5b8c44eda75b53c9bc8079,True,ok,,2,58914e59c608ed4384ba6002e44c3465c58b2e71,48000
2664,resources/data/patches_3rdparty/Vospi/Drums/Modular Drum.fxp,contributor,26857,3ee0e6fa8c4cd49a77d240eba29d0ba18b5da8a5,3ee0e6fa8c4cd49a77d240eba29d0ba18b5da8a5,True,ok,,3,58914e59c608ed4384ba6002e44c3465c58b2e71,48000
2665,resources/data/patches_3rdparty/Vospi/Drums/Nice Clicks Perc.fxp,contributor,26565,bf5b10c6defcb434f05e40e94acc015132632a00,bf5b10c6defcb434f05e40e94acc015132632a00,True,ok,,5,58914e59c608ed4384ba6002e44c3465c58b2e71,48000
2666,resources/data/patches_3rdparty/Vospi/Drums/Proper Kick.fxp,contributor,29861,2416a403b16d319113c042ae71d92ad9e911dcc7,2416a403b16d319113c042ae71d92ad9e911dcc7,True,ok,,2,58914e59c608ed4384ba6002e44c3465c58b2e71,48000
2667,resources/data/patches_3rdparty/Vospi/Drums/Simple Snare.fxp,contributor,27225,a9d4121752c881fa9d753cc97778be7dc1ad40b3,a9d4121752c881fa9d753cc97778be7dc1ad40b3,True,ok,,2,58914e59c608ed4384ba6002e44c3465c58b2e71,48000
2668,resources/data/patches_3rdparty/Vospi/FX/Atonal Computers.fxp,contributor,93034,b49fe4dc4c3e0aeafdc6b9cb4f1929447dbe3f92,b49fe4dc4c3e0aeafdc6b9cb4f1929447dbe3f92,True,ok,,7,58914e59c608ed4384ba6002e44c3465c58b2e71,48000
2669,resources/data/patches_3rdparty/Vospi/FX/White Noise Flutter.fxp,contributor,26607,808dcf93b8dc69482705223b640636d8ad980981,808dcf93b8dc69482705223b640636d8ad980981,True,ok,,2,58914e59c608ed4384ba6002e44c3465c58b2e71,48000
2670,resources/data/patches_3rdparty/Vospi/Keys/Beauty Organ.fxp,contributor,89299,d312d2505bd186bb4b29386c00676cc810ce360f,d312d2505bd186bb4b29386c00676cc810ce360f,True,ok,,7,58914e59c608ed4384ba6002e44c3465c58b2e71,48000
2671,resources/data/patches_3rdparty/Vospi/Keys/EP Forest.fxp,contributor,165754,50c5165c550afc121ebacc511ff1353efb1c2eb1,50c5165c550afc121ebacc511ff1353efb1c2eb1,True,ok,,59,58914e59c608ed4384ba6002e44c3465c58b2e71,48000
2672,resources/data/patches_3rdparty/Vospi/Keys/EP Middle.fxp,contributor,198691,c9d4c3dc5be94229ee967cfc8ab84a5f6287a0a7,c9d4c3dc5be94229ee967cfc8ab84a5f6287a0a7,True,ok,,23,58914e59c608ed4384ba6002e44c3465c58b2e71,48000
2673,resources/data/patches_3rdparty/Vospi/Keys/Found In A Closet.fxp,contributor,25222,e67dda7311f75a606cf4621f02a4e421f5fb0741,e67dda7311f75a606cf4621f02a4e421f5fb0741,True,ok,,9,58914e59c608ed4384ba6002e44c3465c58b2e71,48000
2674,resources/data/patches_3rdparty/Vospi/Keys/Picked Driven Synth.fxp,contributor,28301,63a85b908d40f61cc3a9b8231fc77c281da0789f,63a85b908d40f61cc3a9b8231fc77c281da0789f,True,ok,,14,58914e59c608ed4384ba6002e44c3465c58b2e71,48000
2675,resources/data/patches_3rdparty/Vospi/Keys/Spectacularly Simple Brass.fxp,contributor,26139,93321a717c7cb063ad2c26006695207b3a3f0f95,93321a717c7cb063ad2c26006695207b3a3f0f95,True,ok,,3,58914e59c608ed4384ba6002e44c3465c58b2e71,48000
2676,resources/data/patches_3rdparty/Vospi/Keys/Starchild.fxp,contributor,25847,e81e19138e53c112dba4eddc84b9670cd7127eab,e81e19138e53c112dba4eddc84b9670cd7127eab,True,ok,,2,58914e59c608ed4384ba6002e44c3465c58b2e71,48000
2677,resources/data/patches_3rdparty/Vospi/Keys/The Softest.fxp,contributor,27902,7f7502a55d0070b843156c4c74a2593a279f35d5,7f7502a55d0070b843156c4c74a2593a279f35d5,True,ok,,2,58914e59c608ed4384ba6002e44c3465c58b2e71,48000
2678,resources/data/patches_3rdparty/Vospi/Keys/Truly A Background.fxp,contributor,27231,3edd7cabbec83a6fcdde6168bd086214a0bd56d5,3edd7cabbec83a6fcdde6168bd086214a0bd56d5,True,ok,,9,58914e59c608ed4384ba6002e44c3465c58b2e71,48000
2679,resources/data/patches_3rdparty/Vospi/Leads/Mystique Power.fxp,contributor,31836,221da11d4e718bcd1acc02eab723ecbff8ee18be,221da11d4e718bcd1acc02eab723ecbff8ee18be,True,ok,,12,58914e59c608ed4384ba6002e44c3465c58b2e71,48000
2680,resources/data/patches_3rdparty/Vospi/Leads/Nice And Elegant Retro.fxp,contributor,32011,4c56a489e9fcffeea9a60693b5ac39322bb5369d,4c56a489e9fcffeea9a60693b5ac39322bb5369d,True,ok,,8,58914e59c608ed4384ba6002e44c3465c58b2e71,48000
2681,resources/data/patches_3rdparty/Vospi/Leads/Open Retro Lead.fxp,contributor,32458,29b3913c749fc6ee6f5f31250bc4371833920ddb,29b3913c749fc6ee6f5f31250bc4371833920ddb,True,ok,,7,58914e59c608ed4384ba6002e44c3465c58b2e71,48000
2682,resources/data/patches_3rdparty/Vospi/Pads/CPU Hog.fxp,contributor,59919,8e2a2ec329e69edb662dfd0e04f2968d40d68f3a,8e2a2ec329e69edb662dfd0e04f2968d40d68f3a,True,ok,,11,58914e59c608ed4384ba6002e44c3465c58b2e71,48000
2683,resources/data/patches_3rdparty/Vospi/Pads/Hold A Lot Of Notes.fxp,contributor,27888,a9ef7e4bdd840e870c7e3c452a622fe3f314611c,a9ef7e4bdd840e870c7e3c452a622fe3f314611c,True,ok,,3,58914e59c608ed4384ba6002e44c3465c58b2e71,48000
2684,resources/data/patches_3rdparty/Vospi/Pads/Moving World.fxp,contributor,169741,353a0e4c553aba6e7eb594e41e639037c059d6e9,353a0e4c553aba6e7eb594e41e639037c059d6e9,True,ok,,68,58914e59c608ed4384ba6002e44c3465c58b2e71,48000
2685,resources/data/patches_3rdparty/Vospi/Pads/Stillness In Time.fxp,contributor,28955,48d500942cd8ad1e34462f87b996c244ddbce7f8,48d500942cd8ad1e34462f87b996c244ddbce7f8,True,ok,,3,58914e59c608ed4384ba6002e44c3465c58b2e71,48000
2686,resources/data/patches_3rdparty/Vospi/Plucks/Come Closer.fxp,contributor,28593,23afa5beb39c7bb75cbe42988b80c8e47e652c69,23afa5beb39c7bb75cbe42988b80c8e47e652c69,True,ok,,2,58914e59c608ed4384ba6002e44c3465c58b2e71,48000
2687,resources/data/patches_3rdparty/Vospi/Plucks/Flat Computer Marimba.fxp,contributor,94319,084521d675b6842739e069c555a1966fd13139b2,084521d675b6842739e069c555a1966fd13139b2,True,ok,,8,58914e59c608ed4384ba6002e44c3465c58b2e71,48000
2688,resources/data/patches_3rdparty/Vospi/Plucks/Popcorn Pluck.fxp,contributor,60824,42631923391a4e5370afbcc18ab5032a4e1012b3,42631923391a4e5370afbcc18ab5032a4e1012b3,True,ok,,5,58914e59c608ed4384ba6002e44c3465c58b2e71,48000
2689,resources/data/patches_3rdparty/Vospi/Sequences/Harmony Chords + Synth Top.fxp,contributor,1023711,41d1042246c169f9de6d4aa7afbd5268ee402f7a,41d1042246c169f9de6d4aa7afbd5268ee402f7a,True,ok,,203,58914e59c608ed4384ba6002e44c3465c58b2e71,48000
2690,resources/data/patches_3rdparty/Vospi/Sequences/Harmony Chords.fxp,contributor,29308,4e4eb59317b18142677cc76e1be3a374c7ad9e0a,4e4eb59317b18142677cc76e1be3a374c7ad9e0a,True,ok,,9,58914e59c608ed4384ba6002e44c3465c58b2e71,48000
2691,resources/data/patches_3rdparty/Vospi/Sequences/Retrochords.fxp,contributor,43025,1129a43d947bc6f0a6fa094372471b641cc2d77a,1129a43d947bc6f0a6fa094372471b641cc2d77a,True,ok,,6,58914e59c608ed4384ba6002e44c3465c58b2e71,48000
2692,resources/data/patches_3rdparty/Vospi/Sequences/Retrovictory.fxp,contributor,26111,706c0a9987a3abf0494cac38fa9bd96ff6a51895,706c0a9987a3abf0494cac38fa9bd96ff6a51895,True,ok,,8,58914e59c608ed4384ba6002e44c3465c58b2e71,48000
2693,resources/data/patches_3rdparty/Vospi/Sequences/Works As A Reesey String Motive.fxp,contributor,31596,72887da1dd91adffa994e5eb88acd6e8ff04e3f3,72887da1dd91adffa994e5eb88acd6e8ff04e3f3,True,ok,,10,58914e59c608ed4384ba6002e44c3465c58b2e71,48000
2694,resources/data/patches_3rdparty/Xenofish/Basses/Artificial Bass.fxp,contributor,34625,1806b248105b2d7b1e0b4243194f9390b002b57f,1806b248105b2d7b1e0b4243194f9390b002b57f,True,ok,,6,58914e59c608ed4384ba6002e44c3465c58b2e71,48000
2695,resources/data/patches_3rdparty/Xenofish/Basses/Chimera.fxp,contributor,33343,56d4e6a4df8615c86402ebc468d35ebf67142604,56d4e6a4df8615c86402ebc468d35ebf67142604,True,ok,,3,58914e59c608ed4384ba6002e44c3465c58b2e71,48000
2696,resources/data/patches_3rdparty/Xenofish/Basses/Pocket Bass.fxp,contributor,35870,baa16903faf992d55b171b5faa10081a896d03c6,baa16903faf992d55b171b5faa10081a896d03c6,True,ok,,3,58914e59c608ed4384ba6002e44c3465c58b2e71,48000
2697,resources/data/patches_3rdparty/Xenofish/Brass/Cloud Horn.fxp,contributor,27800,fff01fda458b03740db95caa6638d4eea327bfde,fff01fda458b03740db95caa6638d4eea327bfde,True,ok,,3,58914e59c608ed4384ba6002e44c3465c58b2e71,48000
2698,resources/data/patches_3rdparty/Xenofish/Brass/Multifaced Ensemble.fxp,contributor,26903,49ccab8a43812e99b32b267d83c7dab043d0cf8b,49ccab8a43812e99b32b267d83c7dab043d0cf8b,True,ok,,4,58914e59c608ed4384ba6002e44c3465c58b2e71,48000
2699,resources/data/patches_3rdparty/Xenofish/FX/Broken Furbi.fxp,contributor,29387,6503c9e8d3b1da3c4f8ce21710d8891cb13d6a2d,6503c9e8d3b1da3c4f8ce21710d8891cb13d6a2d,True,ok,,2,58914e59c608ed4384ba6002e44c3465c58b2e71,48000
2700,resources/data/patches_3rdparty/Xenofish/Leads/Granular Saw.fxp,contributor,27105,5e7904ca140c0ae7ec198cc60a3c4d8eea3343c5,5e7904ca140c0ae7ec198cc60a3c4d8eea3343c5,True,ok,,2,58914e59c608ed4384ba6002e44c3465c58b2e71,48000
2701,resources/data/patches_3rdparty/Xenofish/Leads/Saturn Saw.fxp,contributor,35766,9f4c540b42a6b2ad35ed9f34c033eec329ae1249,9f4c540b42a6b2ad35ed9f34c033eec329ae1249,True,ok,,8,58914e59c608ed4384ba6002e44c3465c58b2e71,48000
2702,resources/data/patches_3rdparty/Xenofish/Pads/Azure Sky.fxp,contributor,29003,1760b55b2a385f35a37983f18897c444a6ff30c2,1760b55b2a385f35a37983f18897c444a6ff30c2,True,ok,,6,58914e59c608ed4384ba6002e44c3465c58b2e71,48000
2703,resources/data/patches_3rdparty/Xenofish/Pads/Biosphere.fxp,contributor,28584,19b85ef1810faeb4107719eb718bc13fbea29b61,19b85ef1810faeb4107719eb718bc13fbea29b61,True,ok,,2,58914e59c608ed4384ba6002e44c3465c58b2e71,48000
2704,resources/data/patches_3rdparty/Xenofish/Pads/Breeze.fxp,contributor,28301,f70d8b14c05d9ecdb27de9a4b6ff3d845f579397,f70d8b14c05d9ecdb27de9a4b6ff3d845f579397,True,ok,,10,58914e59c608ed4384ba6002e44c3465c58b2e71,48000
2705,resources/data/patches_3rdparty/Xenofish/Pads/Crystals.fxp,contributor,28360,ed4e3421165b4cf543ca2aadb11c85bcdc66fc1d,ed4e3421165b4cf543ca2aadb11c85bcdc66fc1d,True,ok,,12,58914e59c608ed4384ba6002e44c3465c58b2e71,48000
2706,resources/data/patches_3rdparty/Xenofish/Pads/Dial Chip.fxp,contributor,27846,7d4f5dad06bf45a3170196561fcd246702fdf962,7d4f5dad06bf45a3170196561fcd246702fdf962,True,ok,,3,58914e59c608ed4384ba6002e44c3465c58b2e71,48000
2707,resources/data/patches_3rdparty/Xenofish/Pads/Fireflies.fxp,contributor,27532,29c956a877d76d5f74ba72239ce88685572f6994,29c956a877d76d5f74ba72239ce88685572f6994,True,ok,,3,58914e59c608ed4384ba6002e44c3465c58b2e71,48000
2708,resources/data/patches_3rdparty/Xenofish/Pads/Planar Device.fxp,contributor,28019,799cc32457191308816e8bc4e287a162e12eb582,799cc32457191308816e8bc4e287a162e12eb582,True,ok,,2,58914e59c608ed4384ba6002e44c3465c58b2e71,48000
2709,resources/data/patches_3rdparty/Xenofish/Pads/Reflections.fxp,contributor,27801,4f06faac9948a4b426f8c0c0c6e35e7595003ad6,4f06faac9948a4b426f8c0c0c6e35e7595003ad6,True,ok,,3,58914e59c608ed4384ba6002e44c3465c58b2e71,48000
2710,resources/data/patches_3rdparty/Xenofish/Plucks/Cyan Sky.fxp,contributor,28106,e3379e42159cc3a8aac9f7c273d34b654ba69dfc,e3379e42159cc3a8aac9f7c273d34b654ba69dfc,True,ok,,3,58914e59c608ed4384ba6002e44c3465c58b2e71,48000
2711,resources/data/patches_3rdparty/Xenofish/Sequences/Mechanical Child.fxp,contributor,122800,221cea74fbb9e524250fe88157376bb06b65e8e3,221cea74fbb9e524250fe88157376bb06b65e8e3,True,ok,,9,58914e59c608ed4384ba6002e44c3465c58b2e71,48000
2712,resources/data/patches_3rdparty/Xenofish/Sequences/Shroom Party.fxp,contributor,257102,d088f162f6352d1bbdc554e1967b5208e8c437a9,d088f162f6352d1bbdc554e1967b5208e8c437a9,True,ok,,76,58914e59c608ed4384ba6002e44c3465c58b2e71,48000
2713,resources/data/patches_3rdparty/Xenofish/Sequences/Shroom Sequence.fxp,contributor,307299,6feea01f15ab61fdc59fa124b00f6e7b2215518e,6feea01f15ab61fdc59fa124b00f6e7b2215518e,True,ok,,28,58914e59c608ed4384ba6002e44c3465c58b2e71,48000
2714,resources/data/patches_3rdparty/Xenofish/Sequences/Sluggish.fxp,contributor,42907,257500a7b322e2b15ee4baf5d0a7656ba42bc571,257500a7b322e2b15ee4baf5d0a7656ba42bc571,True,ok,,7,58914e59c608ed4384ba6002e44c3465c58b2e71,48000
2715,resources/data/patches_3rdparty/Xenofish/Splits/Dreamscape.fxp,contributor,30515,92521cb958808f715e9da40d7ae4119cd4049f4f,92521cb958808f715e9da40d7ae4119cd4049f4f,True,ok,,6,58914e59c608ed4384ba6002e44c3465c58b2e71,48000
2716,resources/data/patches_3rdparty/Zoozither/Atmospheres/Brain Stem.fxp,contributor,41788,15b8f135a92d01d4b89139deabc2eb610c099a55,15b8f135a92d01d4b89139deabc2eb610c099a55,True,ok,,5,58914e59c608ed4384ba6002e44c3465c58b2e71,48000
2717,resources/data/patches_3rdparty/Zoozither/Atmospheres/Chewsy.fxp,contributor,106063,4844c0c33ea75d757e52a29cf4cdec9675b59b23,4844c0c33ea75d757e52a29cf4cdec9675b59b23,True,ok,,8,58914e59c608ed4384ba6002e44c3465c58b2e71,48000
2718,resources/data/patches_3rdparty/Zoozither/Atmospheres/Crossover.fxp,contributor,32732,bdc614a287329a4cfcc3f9a0b23846b9cfabcaad,bdc614a287329a4cfcc3f9a0b23846b9cfabcaad,True,ok,,9,58914e59c608ed4384ba6002e44c3465c58b2e71,48000
2719,resources/data/patches_3rdparty/Zoozither/Atmospheres/Dissonance.fxp,contributor,64593,e5f716c6dca6fae036ed6a55c9b6a5aaf6d4d3c2,e5f716c6dca6fae036ed6a55c9b6a5aaf6d4d3c2,True,ok,,5,58914e59c608ed4384ba6002e44c3465c58b2e71,48000
2720,resources/data/patches_3rdparty/Zoozither/Basses/Bibass.fxp,contributor,106052,759cc8980038ef8ff3d7b1834169ab648012cb1a,759cc8980038ef8ff3d7b1834169ab648012cb1a,True,ok,,8,58914e59c608ed4384ba6002e44c3465c58b2e71,48000
2721,resources/data/patches_3rdparty/Zoozither/Basses/Black Hawk.fxp,contributor,63212,2ea0142c948ce1f82b9380b9402d661a07ce78d2,2ea0142c948ce1f82b9380b9402d661a07ce78d2,True,ok,,8,58914e59c608ed4384ba6002e44c3465c58b2e71,48000
2722,resources/data/patches_3rdparty/Zoozither/Basses/Disabled.fxp,contributor,79954,55fc97be7959c4ddcd9bb3e8ec0d1aa83b557d87,55fc97be7959c4ddcd9bb3e8ec0d1aa83b557d87,True,ok,,8,58914e59c608ed4384ba6002e44c3465c58b2e71,48000
2723,resources/data/patches_3rdparty/Zoozither/Basses/Drill.fxp,contributor,34476,62e8766d9fc380446d2e991bc243ab3befe987b7,62e8766d9fc380446d2e991bc243ab3befe987b7,True,ok,,5,58914e59c608ed4384ba6002e44c3465c58b2e71,48000
2724,resources/data/patches_3rdparty/Zoozither/Basses/Elephant Shock.fxp,contributor,40125,cf182322c18b60b0eb26921f4c20ed79d91c316b,cf182322c18b60b0eb26921f4c20ed79d91c316b,True,ok,,3,58914e59c608ed4384ba6002e44c3465c58b2e71,48000
2725,resources/data/patches_3rdparty/Zoozither/Basses/Fizzy.fxp,contributor,96624,7abe43259b0cc6250ff502518d981cc80688a454,7abe43259b0cc6250ff502518d981cc80688a454,True,ok,,12,58914e59c608ed4384ba6002e44c3465c58b2e71,48000
2726,resources/data/patches_3rdparty/Zoozither/Basses/Godfather.fxp,contributor,47093,0f5b7a74af1811eb82ffe08990c4c3ad862f0dba,0f5b7a74af1811eb82ffe08990c4c3ad862f0dba,True,ok,,9,58914e59c608ed4384ba6002e44c3465c58b2e71,48000
2727,resources/data/patches_3rdparty/Zoozither/Basses/Growl.fxp,contributor,63138,74d9b38189c7574bb9d8f86d799920d7f4635bc9,74d9b38189c7574bb9d8f86d799920d7f4635bc9,True,ok,,37,58914e59c608ed4384ba6002e44c3465c58b2e71,48000
2728,resources/data/patches_3rdparty/Zoozither/Basses/Hesitant.fxp,contributor,34832,5ea03513f28a46dd759e90d888a97d81de40bf30,5ea03513f28a46dd759e90d888a97d81de40bf30,True,ok,,3,58914e59c608ed4384ba6002e44c3465c58b2e71,48000
2729,resources/data/patches_3rdparty/Zoozither/Basses/Mindfunk.fxp,contributor,63023,465b613be45281417a25ed2309e8089e6837005d,465b613be45281417a25ed2309e8089e6837005d,True,ok,,6,58914e59c608ed4384ba6002e44c3465c58b2e71,48000
2730,resources/data/patches_3rdparty/Zoozither/Basses/Open Up.fxp,contributor,89092,20c2b84f8761bb4740a51e8d516ee5a6ccdb3ff1,20c2b84f8761bb4740a51e8d516ee5a6ccdb3ff1,True,ok,,4,58914e59c608ed4384ba6002e44c3465c58b2e71,48000
2731,resources/data/patches_3rdparty/Zoozither/Basses/Pasty.fxp,contributor,39874,28c00c6d31b5912e56e456aa958c05225e29d598,28c00c6d31b5912e56e456aa958c05225e29d598,True,ok,,3,58914e59c608ed4384ba6002e44c3465c58b2e71,48000
2732,resources/data/patches_3rdparty/Zoozither/Basses/Quick 1.fxp,contributor,96706,ca034984c070003e724896af1510ab4ceb05caad,ca034984c070003e724896af1510ab4ceb05caad,True,ok,,7,58914e59c608ed4384ba6002e44c3465c58b2e71,48000
2733,resources/data/patches_3rdparty/Zoozither/Basses/Quick 2.fxp,contributor,96627,b70307bd9a535e351c7f8af67ce91a02dd64a13f,b70307bd9a535e351c7f8af67ce91a02dd64a13f,True,ok,,6,58914e59c608ed4384ba6002e44c3465c58b2e71,48000
2734,resources/data/patches_3rdparty/Zoozither/Basses/Rip Fat.fxp,contributor,67447,bcb950c4e605d91d1d86a4e18808d91bf2c77d2f,bcb950c4e605d91d1d86a4e18808d91bf2c77d2f,True,ok,,5,58914e59c608ed4384ba6002e44c3465c58b2e71,48000
2735,resources/data/patches_3rdparty/Zoozither/Basses/Shuttle 1.fxp,contributor,66986,c1f8f95d7ca2e3695124f49321f1e79706fefd58,c1f8f95d7ca2e3695124f49321f1e79706fefd58,True,ok,,6,58914e59c608ed4384ba6002e44c3465c58b2e71,48000
2736,resources/data/patches_3rdparty/Zoozither/Basses/Shuttle 2.fxp,contributor,66987,02f6187bf658713ff1be8336b57d409f61e5b4ea,02f6187bf658713ff1be8336b57d409f61e5b4ea,True,ok,,5,58914e59c608ed4384ba6002e44c3465c58b2e71,48000
2737,resources/data/patches_3rdparty/Zoozither/Basses/Tired Double.fxp,contributor,54650,20c5b5ab5d036e32fb1e0b21897426a6faede6ac,20c5b5ab5d036e32fb1e0b21897426a6faede6ac,True,ok,,4,58914e59c608ed4384ba6002e44c3465c58b2e71,48000
2738,resources/data/patches_3rdparty/Zoozither/FX/Arrival.fxp,contributor,32828,b306e9231b4dd3b8e67b3ca138de5100209b54ff,b306e9231b4dd3b8e67b3ca138de5100209b54ff,True,ok,,3,58914e59c608ed4384ba6002e44c3465c58b2e71,48000
2739,resources/data/patches_3rdparty/Zoozither/FX/Braqo WT.fxp,contributor,73582,ff17311214bd81ce32e0980d010094cfc3757625,ff17311214bd81ce32e0980d010094cfc3757625,True,ok,,6,58914e59c608ed4384ba6002e44c3465c58b2e71,48000
2740,resources/data/patches_3rdparty/Zoozither/FX/Raft.fxp,contributor,48713,c88b1baa41b2aad878bc24b1725a9c2dba6b3e77,c88b1baa41b2aad878bc24b1725a9c2dba6b3e77,True,ok,,5,58914e59c608ed4384ba6002e44c3465c58b2e71,48000
2741,resources/data/patches_3rdparty/Zoozither/FX/Shortwave.fxp,contributor,42843,aec9855ea3f224eef4dd8e04a6666fd3614ba076,aec9855ea3f224eef4dd8e04a6666fd3614ba076,True,ok,,3,58914e59c608ed4384ba6002e44c3465c58b2e71,48000
2742,resources/data/patches_3rdparty/Zoozither/Keys/Clavish.fxp,contributor,39656,e1a16b2590e5bbff08ceee7531a7ba6615bbd7b1,e1a16b2590e5bbff08ceee7531a7ba6615bbd7b1,True,ok,,3,58914e59c608ed4384ba6002e44c3465c58b2e71,48000
2743,resources/data/patches_3rdparty/Zoozither/Keys/Plaything.fxp,contributor,55461,664bfa2564833d54897fe435775871c0e2485dde,664bfa2564833d54897fe435775871c0e2485dde,True,ok,,6,58914e59c608ed4384ba6002e44c3465c58b2e71,48000
2744,resources/data/patches_3rdparty/Zoozither/Keys/Station.fxp,contributor,105886,5131758890c2ee2af230aff8a69c87a81821340b,5131758890c2ee2af230aff8a69c87a81821340b,True,ok,,58,58914e59c608ed4384ba6002e44c3465c58b2e71,48000
2745,resources/data/patches_3rdparty/Zoozither/Leads/Add Wind.fxp,contributor,63089,8540ac02ce8638912d73eb93f8e7b2857896880d,8540ac02ce8638912d73eb93f8e7b2857896880d,True,ok,,5,58914e59c608ed4384ba6002e44c3465c58b2e71,48000
2746,resources/data/patches_3rdparty/Zoozither/Leads/Ahead.fxp,contributor,39413,be9772dc4440cb39bf81d88281afe83afaf30984,be9772dc4440cb39bf81d88281afe83afaf30984,True,ok,,4,58914e59c608ed4384ba6002e44c3465c58b2e71,48000
2747,resources/data/patches_3rdparty/Zoozither/Leads/Benny.fxp,contributor,107376,1fbb5eb8748c60a1dd46b10e80f163de31dc3558,1fbb5eb8748c60a1dd46b10e80f163de31dc3558,True,ok,,9,58914e59c608ed4384ba6002e44c3465c58b2e71,48000
2748,resources/data/patches_3rdparty/Zoozither/Leads/Bottlefly.fxp,contributor,65050,b933773ee9e1abd290f7640174fdb36f6d9c3e0d,b933773ee9e1abd290f7640174fdb36f6d9c3e0d,True,ok,,5,58914e59c608ed4384ba6002e44c3465c58b2e71,48000
2749,resources/data/patches_3rdparty/Zoozither/Leads/Charmer Wah.fxp,contributor,52863,052aebcb6deffaa2b9bb230da3c945d3c809115c,052aebcb6deffaa2b9bb230da3c945d3c809115c,True,ok,,6,58914e59c608ed4384ba6002e44c3465c58b2e71,48000
2750,resources/data/patches_3rdparty/Zoozither/Leads/Charmer.fxp,contributor,52851,d7ceaf8c65a383ee53f447d239dc9d7068354f02,d7ceaf8c65a383ee53f447d239dc9d7068354f02,True,ok,,4,58914e59c608ed4384ba6002e44c3465c58b2e71,48000
2751,resources/data/patches_3rdparty/Zoozither/Leads/Clingy.fxp,contributor,55258,18093ef8d934afba49af64ee2f9f3407b7afa36e,18093ef8d934afba49af64ee2f9f3407b7afa36e,True,ok,,4,58914e59c608ed4384ba6002e44c3465c58b2e71,48000
2752,resources/data/patches_3rdparty/Zoozither/Leads/Conflict.fxp,contributor,37901,078da73fc5f809705ff4012bab29216a7ec6ce27,078da73fc5f809705ff4012bab29216a7ec6ce27,True,ok,,3,58914e59c608ed4384ba6002e44c3465c58b2e71,48000
2753,resources/data/patches_3rdparty/Zoozither/Leads/Current.fxp,contributor,30220,662cdbc33bf0d8e5499a28b18c867ace7dcc9618,662cdbc33bf0d8e5499a28b18c867ace7dcc9618,True,ok,,2,58914e59c608ed4384ba6002e44c3465c58b2e71,48000
2754,resources/data/patches_3rdparty/Zoozither/Leads/Expansion 1.fxp,contributor,32261,be8d41769ffbe8fc3e34ebaf072a069e677097e3,be8d41769ffbe8fc3e34ebaf072a069e677097e3,True,ok,,3,58914e59c608ed4384ba6002e44c3465c58b2e71,48000
2755,resources/data/patches_3rdparty/Zoozither/Leads/Expansion 2.fxp,contributor,25082,7d60e56a3802d975579a6d2c7d9b8f68f17aeb7f,7d60e56a3802d975579a6d2c7d9b8f68f17aeb7f,True,ok,,3,58914e59c608ed4384ba6002e44c3465c58b2e71,48000
2756,resources/data/patches_3rdparty/Zoozither/Leads/Fish.fxp,contributor,47392,b72913f7ca775b099bceb17cd0b799f33fa51d5a,b72913f7ca775b099bceb17cd0b799f33fa51d5a,True,ok,,4,58914e59c608ed4384ba6002e44c3465c58b2e71,48000
2757,resources/data/patches_3rdparty/Zoozither/Leads/Flutter.fxp,contributor,68109,c647b3c10ff811361c68abccbb9601e13d436ae6,c647b3c10ff811361c68abccbb9601e13d436ae6,True,ok,,6,58914e59c608ed4384ba6002e44c3465c58b2e71,48000
2758,resources/data/patches_3rdparty/Zoozither/Leads/Frontal.fxp,contributor,100556,f50a995f2d4066a7bd0dd1ca370d179d4d283fdc,f50a995f2d4066a7bd0dd1ca370d179d4d283fdc,True,ok,,68,58914e59c608ed4384ba6002e44c3465c58b2e71,48000
2759,resources/data/patches_3rdparty/Zoozither/Leads/Gurgle.fxp,contributor,72857,677325c61a11bdadd1f06ed24d4c7f312967f56b,677325c61a11bdadd1f06ed24d4c7f312967f56b,True,ok,,13,58914e59c608ed4384ba6002e44c3465c58b2e71,48000
2760,resources/data/patches_3rdparty/Zoozither/Leads/Higher.fxp,contributor,64563,ec9070b65209fad39f6c4cc035f1d9c1f7b59d54,ec9070b65209fad39f6c4cc035f1d9c1f7b59d54,True,ok,,5,58914e59c608ed4384ba6002e44c3465c58b2e71,48000
2761,resources/data/patches_3rdparty/Zoozither/Leads/Iceover.fxp,contributor,47315,e4c3ce8b85386c963fd8b619b3db552f591adf51,e4c3ce8b85386c963fd8b619b3db552f591adf51,True,ok,,6,58914e59c608ed4384ba6002e44c3465c58b2e71,48000
2762,resources/data/patches_3rdparty/Zoozither/Leads/In The Water.fxp,contributor,48325,48d01691ad5ae380e0465cd15b9fb75e8fb7e18a,48d01691ad5ae380e0465cd15b9fb75e8fb7e18a,True,ok,,5,58914e59c608ed4384ba6002e44c3465c58b2e71,48000
2763,resources/data/patches_3rdparty/Zoozither/Leads/Meltdown.fxp,contributor,79554,322d1dfb68726d7d2f55f7b4a1bb30fdf40436ab,322d1dfb68726d7d2f55f7b4a1bb30fdf40436ab,True,ok,,6,58914e59c608ed4384ba6002e44c3465c58b2e71,48000
2764,resources/data/patches_3rdparty/Zoozither/Leads/Modified.fxp,contributor,146601,43a28100664bd68594fec7d6c3d36074a7b7954a,43a28100664bd68594fec7d6c3d36074a7b7954a,True,ok,,10,58914e59c608ed4384ba6002e44c3465c58b2e71,48000
2765,resources/data/patches_3rdparty/Zoozither/Leads/Modrops 1.fxp,contributor,99027,3b9c4db265826f1a676bb98b54ab24018c502fa0,3b9c4db265826f1a676bb98b54ab24018c502fa0,True,ok,,7,58914e59c608ed4384ba6002e44c3465c58b2e71,48000
2766,resources/data/patches_3rdparty/Zoozither/Leads/Modrops 2.fxp,contributor,130483,0203c39175261b24529e58784bf4f550211065e3,0203c39175261b24529e58784bf4f550211065e3,True,ok,,12,58914e59c608ed4384ba6002e44c3465c58b2e71,48000
2767,resources/data/patches_3rdparty/Zoozither/Leads/Mute.fxp,contributor,31552,27dd1871fc694bfb55d04a6b0a38d7569c680959,27dd1871fc694bfb55d04a6b0a38d7569c680959,True,ok,,3,58914e59c608ed4384ba6002e44c3465c58b2e71,48000
2768,resources/data/patches_3rdparty/Zoozither/Leads/Neustation.fxp,contributor,45599,0cc4bdeb15ef099879930dcf85a2a899d700a674,0cc4bdeb15ef099879930dcf85a2a899d700a674,True,ok,,8,58914e59c608ed4384ba6002e44c3465c58b2e71,48000
2769,resources/data/patches_3rdparty/Zoozither/Leads/Partite.fxp,contributor,113951,f664fd89d1013d1a6123de7c8cf6dbc512eee376,f664fd89d1013d1a6123de7c8cf6dbc512eee376,True,ok,,9,58914e59c608ed4384ba6002e44c3465c58b2e71,48000
2770,resources/data/patches_3rdparty/Zoozither/Leads/Quickspit.fxp,contributor,30010,73e0e7a4b531928489903ffe07892333be75fec6,73e0e7a4b531928489903ffe07892333be75fec6,True,ok,,3,58914e59c608ed4384ba6002e44c3465c58b2e71,48000
2771,resources/data/patches_3rdparty/Zoozither/Leads/Seesaw.fxp,contributor,32265,1385c94efe0fbf124671bfa439f7a6d98796ef03,1385c94efe0fbf124671bfa439f7a6d98796ef03,True,ok,,3,58914e59c608ed4384ba6002e44c3465c58b2e71,48000
2772,resources/data/patches_3rdparty/Zoozither/Leads/Segur.fxp,contributor,47010,cbdda51c27d24997a3182bfb74aa35564b58d647,cbdda51c27d24997a3182bfb74aa35564b58d647,True,ok,,5,58914e59c608ed4384ba6002e44c3465c58b2e71,48000
2773,resources/data/patches_3rdparty/Zoozither/Leads/Spacious.fxp,contributor,80303,20fd3eff707d6092235cba38f8da5b76e2915d17,20fd3eff707d6092235cba38f8da5b76e2915d17,True,ok,,7,58914e59c608ed4384ba6002e44c3465c58b2e71,48000
2774,resources/data/patches_3rdparty/Zoozither/Leads/Streetsweeper.fxp,contributor,48406,f3e0f0ec1993abfaf03b998ddee2770037154828,f3e0f0ec1993abfaf03b998ddee2770037154828,True,ok,,4,58914e59c608ed4384ba6002e44c3465c58b2e71,48000
2775,resources/data/patches_3rdparty/Zoozither/Leads/Swamp 1.fxp,contributor,32660,925a46ced4f5cfd016c37aa2046d86e7f6a57162,925a46ced4f5cfd016c37aa2046d86e7f6a57162,True,ok,,2,58914e59c608ed4384ba6002e44c3465c58b2e71,48000
2776,resources/data/patches_3rdparty/Zoozither/Leads/Swamp 2.fxp,contributor,32827,643a4ff3774349311ef3abb3791fa7b0bf400456,643a4ff3774349311ef3abb3791fa7b0bf400456,True,ok,,3,58914e59c608ed4384ba6002e44c3465c58b2e71,48000
2777,resources/data/patches_3rdparty/Zoozither/Leads/Tragic.fxp,contributor,49623,05fee68d343a8b71764660acdff16ee0dd206ee4,05fee68d343a8b71764660acdff16ee0dd206ee4,True,ok,,7,58914e59c608ed4384ba6002e44c3465c58b2e71,48000
2778,resources/data/patches_3rdparty/Zoozither/Leads/Triumph.fxp,contributor,47402,23794649bf06b218a956c3ff00f0603acc279d7e,23794649bf06b218a956c3ff00f0603acc279d7e,True,ok,,5,58914e59c608ed4384ba6002e44c3465c58b2e71,48000
2779,resources/data/patches_3rdparty/Zoozither/Leads/Twitter.fxp,contributor,48892,1fdb0cd8bddea18062126611a1976add9c41ca4a,1fdb0cd8bddea18062126611a1976add9c41ca4a,True,ok,,5,58914e59c608ed4384ba6002e44c3465c58b2e71,48000
2780,resources/data/patches_3rdparty/Zoozither/Leads/Unleaded.fxp,contributor,64079,2ccc3b9ac79f1e27cb4dbadafbabda5adb70a589,2ccc3b9ac79f1e27cb4dbadafbabda5adb70a589,True,ok,,6,58914e59c608ed4384ba6002e44c3465c58b2e71,48000
2781,resources/data/patches_3rdparty/Zoozither/Leads/Unstable.fxp,contributor,48458,2846e71a4065b9b355b4b9e4dc45f2d212fff103,2846e71a4065b9b355b4b9e4dc45f2d212fff103,True,ok,,6,58914e59c608ed4384ba6002e44c3465c58b2e71,48000
2782,resources/data/patches_3rdparty/Zoozither/Leads/Wave Bye.fxp,contributor,48731,e6e56864d4b3ba6e01ea1b6599757f2b45a5ad16,e6e56864d4b3ba6e01ea1b6599757f2b45a5ad16,True,ok,,5,58914e59c608ed4384ba6002e44c3465c58b2e71,48000
2783,resources/data/patches_3rdparty/Zoozither/Pads/Coldness 1.fxp,contributor,71882,7658eaebbac37e947edf8fbbda6ee68de5c9a08a,7658eaebbac37e947edf8fbbda6ee68de5c9a08a,True,ok,,6,58914e59c608ed4384ba6002e44c3465c58b2e71,48000
2784,resources/data/patches_3rdparty/Zoozither/Pads/Coldness 2.fxp,contributor,57553,9f1dbf6a962ac43e2ca5ae0f2dfa3136f895950b,9f1dbf6a962ac43e2ca5ae0f2dfa3136f895950b,True,ok,,4,58914e59c608ed4384ba6002e44c3465c58b2e71,48000
2785,resources/data/patches_3rdparty/Zoozither/Pads/Coldness 3.fxp,contributor,57809,a5c9edec0a51ec9853f8389803b6bfe8e72910a6,a5c9edec0a51ec9853f8389803b6bfe8e72910a6,True,ok,,5,58914e59c608ed4384ba6002e44c3465c58b2e71,48000
2786,resources/data/patches_3rdparty/Zoozither/Pads/Oncoming.fxp,contributor,133803,2adfda2b6ed9664936f4f4cb6a1b19a09f45a8f8,2adfda2b6ed9664936f4f4cb6a1b19a09f45a8f8,True,ok,,8,58914e59c608ed4384ba6002e44c3465c58b2e71,48000
2787,resources/data/patches_3rdparty/Zoozither/Plucks/Boing 1.fxp,contributor,30232,1162d5f2d0b81c53823099a60e7a7b1d0b7b6a73,1162d5f2d0b81c53823099a60e7a7b1d0b7b6a73,True,ok,,3,58914e59c608ed4384ba6002e44c3465c58b2e71,48000
2788,resources/data/patches_3rdparty/Zoozither/Plucks/Boing 2.fxp,contributor,30895,74493dbfb5e0a9825f67db237e589ec7a347f7c1,74493dbfb5e0a9825f67db237e589ec7a347f7c1,True,ok,,3,58914e59c608ed4384ba6002e44c3465c58b2e71,48000
2789,resources/data/patches_3rdparty/Zoozither/Plucks/Conjurer.fxp,contributor,49443,b86287689f32df270614a38da94087657718c2c0,b86287689f32df270614a38da94087657718c2c0,True,ok,,6,58914e59c608ed4384ba6002e44c3465c58b2e71,48000
2790,resources/data/patches_3rdparty/Zoozither/Plucks/Icy Pluck.fxp,contributor,46518,73c2dee05745b5b4c0cbca9682cff95c367de870,73c2dee05745b5b4c0cbca9682cff95c367de870,True,ok,,6,58914e59c608ed4384ba6002e44c3465c58b2e71,48000
2791,resources/data/patches_3rdparty/Zoozither/Plucks/Suffer.fxp,contributor,52790,3d3843f55e3bde69b3b6fa841e394f5b22518008,3d3843f55e3bde69b3b6fa841e394f5b22518008,True,ok,,7,58914e59c608ed4384ba6002e44c3465c58b2e71,48000
2792,resources/data/patches_3rdparty/Zoozither/Plucks/Wall Eye.fxp,contributor,44765,6246ea4b13e9de0b4d9cee1e30d3357ab6d9a7b6,6246ea4b13e9de0b4d9cee1e30d3357ab6d9a7b6,True,ok,,6,58914e59c608ed4384ba6002e44c3465c58b2e71,48000
2793,resources/data/patches_3rdparty/Zoozither/Rhythms/Goose.fxp,contributor,65068,78d8f55257441c6400dafa89a9b4635502855827,78d8f55257441c6400dafa89a9b4635502855827,True,ok,,7,58914e59c608ed4384ba6002e44c3465c58b2e71,48000
2794,resources/data/patches_3rdparty/Zoozither/Rhythms/Intruder.fxp,contributor,105608,152ba7ffacbcb34169f8bd7132651fd3656398db,152ba7ffacbcb34169f8bd7132651fd3656398db,True,ok,,9,58914e59c608ed4384ba6002e44c3465c58b2e71,48000
2795,resources/data/patches_3rdparty/Zoozither/Rhythms/Jumper.fxp,contributor,47534,db6b20dba761dfdd1bbff1c27559d5758e6dac3d,db6b20dba761dfdd1bbff1c27559d5758e6dac3d,True,ok,,5,58914e59c608ed4384ba6002e44c3465c58b2e71,48000
2796,resources/data/patches_3rdparty/Zoozither/Rhythms/Lazy Motion.fxp,contributor,46957,50d0a6f1575027d1d03227cc0439e40072d52c23,50d0a6f1575027d1d03227cc0439e40072d52c23,True,ok,,6,58914e59c608ed4384ba6002e44c3465c58b2e71,48000
2797,resources/data/patches_3rdparty/Zoozither/Rhythms/Nightcrawler.fxp,contributor,48123,a4cee51d2008a6daa802bbcfab661a30f1b0b578,a4cee51d2008a6daa802bbcfab661a30f1b0b578,True,ok,,7,58914e59c608ed4384ba6002e44c3465c58b2e71,48000
2798,resources/data/patches_3rdparty/Zoozither/Rhythms/Ventricle 1.fxp,contributor,47428,c3250d9c7fe7100b18f2dce9a8416256d1a0d041,c3250d9c7fe7100b18f2dce9a8416256d1a0d041,True,ok,,6,58914e59c608ed4384ba6002e44c3465c58b2e71,48000
2799,resources/data/patches_3rdparty/Zoozither/Rhythms/Ventricle 2.fxp,contributor,47261,022a2363cf53d962c91d4cdf124bdb840a27237d,022a2363cf53d962c91d4cdf124bdb840a27237d,True,ok,,4,58914e59c608ed4384ba6002e44c3465c58b2e71,48000
2800,resources/data/patches_3rdparty/Zoozither/Soundscapes/Glow 1.fxp,contributor,42321,b0b633d0961435bfe527e496cbd8b09067ba7295,b0b633d0961435bfe527e496cbd8b09067ba7295,True,ok,,3,58914e59c608ed4384ba6002e44c3465c58b2e71,48000
2801,resources/data/patches_3rdparty/Zoozither/Soundscapes/Glow 2.fxp,contributor,42380,c069523508c301f9c846aa80938c33ae8e50c211,c069523508c301f9c846aa80938c33ae8e50c211,True,ok,,3,58914e59c608ed4384ba6002e44c3465c58b2e71,48000
2802,resources/data/patches_3rdparty/Zoozither/Soundscapes/Harshness.fxp,contributor,63878,53cdb2c1f79d7a249ebcd6c2f62aae3c1f4dc6e2,53cdb2c1f79d7a249ebcd6c2f62aae3c1f4dc6e2,True,ok,,12,58914e59c608ed4384ba6002e44c3465c58b2e71,48000
2803,resources/data/patches_3rdparty/Zoozither/Soundscapes/Jimson.fxp,contributor,77385,026e32fd6bbd1796a47964c239be2943f6c9d913,026e32fd6bbd1796a47964c239be2943f6c9d913,True,ok,,13,58914e59c608ed4384ba6002e44c3465c58b2e71,48000
2804,resources/data/patches_3rdparty/Zoozither/Soundscapes/Plectrum 1.fxp,contributor,130738,4ce8bd2bb3dcbe0453d1bc49c257f4460fd28024,4ce8bd2bb3dcbe0453d1bc49c257f4460fd28024,True,ok,,9,58914e59c608ed4384ba6002e44c3465c58b2e71,48000
2805,resources/data/patches_3rdparty/Zoozither/Soundscapes/Plectrum 2.fxp,contributor,115160,9b34606d38d37e066ab771dda81ce841abb4daf9,9b34606d38d37e066ab771dda81ce841abb4daf9,True,ok,,8,58914e59c608ed4384ba6002e44c3465c58b2e71,48000
2806,resources/data/patches_3rdparty/Zoozither/Soundscapes/Starfield.fxp,contributor,92368,a0b05b5c5ebc90868bb4c38355be7a95835554e3,a0b05b5c5ebc90868bb4c38355be7a95835554e3,True,ok,,7,58914e59c608ed4384ba6002e44c3465c58b2e71,48000
2807,resources/data/patches_3rdparty/Zoozither/Soundscapes/Static.fxp,contributor,145760,d9d05cfde4003f332fc18d5f8551220c53f9b2bc,d9d05cfde4003f332fc18d5f8551220c53f9b2bc,True,ok,,11,58914e59c608ed4384ba6002e44c3465c58b2e71,48000
2808,resources/data/patches_3rdparty/Zoozither/Soundscapes/Warble.fxp,contributor,63368,86774d9df12e4e26f25552827bc64ca9d7e208ba,86774d9df12e4e26f25552827bc64ca9d7e208ba,True,ok,,5,58914e59c608ed4384ba6002e44c3465c58b2e71,48000
2809,resources/data/patches_3rdparty/Zoozither/Splits/Hilo.fxp,contributor,102894,b9cf9440b733d84ee2e8908556240a073c41507f,b9cf9440b733d84ee2e8908556240a073c41507f,True,ok,,8,58914e59c608ed4384ba6002e44c3465c58b2e71,48000
2810,resources/data/patches_3rdparty/Zoozither/Vox/Hell Choir 1.fxp,contributor,89396,bf340708e3d4df54b258f317aa36aa518727f563,bf340708e3d4df54b258f317aa36aa518727f563,True,ok,,4,58914e59c608ed4384ba6002e44c3465c58b2e71,48000
2811,resources/data/patches_3rdparty/Zoozither/Vox/Hell Choir 2.fxp,contributor,89398,fa8fc279ef306f6f554c2e6dc921010b068e4b54,fa8fc279ef306f6f554c2e6dc921010b068e4b54,True,ok,,5,58914e59c608ed4384ba6002e44c3465c58b2e71,48000
2812,resources/data/patches_3rdparty/Zoozither/Vox/Munchkin 1.fxp,contributor,47519,56bc5cd9982d261bccb16810b40bf3dc756f6552,56bc5cd9982d261bccb16810b40bf3dc756f6552,True,ok,,5,58914e59c608ed4384ba6002e44c3465c58b2e71,48000
2813,resources/data/patches_3rdparty/Zoozither/Vox/Munchkin 2.fxp,contributor,48096,27a9346130da07479a5c08965b35e41aea86b9e8,27a9346130da07479a5c08965b35e41aea86b9e8,True,ok,,4,58914e59c608ed4384ba6002e44c3465c58b2e71,48000
2814,resources/data/patches_3rdparty/Zoozither/Vox/Munchkin 3.fxp,contributor,48501,3db102b96be3ddde850ca6f7ab785396ef095b38,3db102b96be3ddde850ca6f7ab785396ef095b38,True,ok,,5,58914e59c608ed4384ba6002e44c3465c58b2e71,48000
2815,resources/data/patches_3rdparty/Zoozither/Vox/Release Me.fxp,contributor,142343,bc531458550222e6e44b3fd82a1a6f83780f1cd1,bc531458550222e6e44b3fd82a1a6f83780f1cd1,True,ok,,6,58914e59c608ed4384ba6002e44c3465c58b2e71,48000
2816,resources/data/patches_3rdparty/Zoozither/Vox/Whisper.fxp,contributor,52605,1c6425ca718e3427595773b774ca4502ef49a54b,1c6425ca718e3427595773b774ca4502ef49a54b,True,ok,,4,58914e59c608ed4384ba6002e44c3465c58b2e71,48000
2817,resources/data/patches_3rdparty/qb/Ambiances/Rushing Wind.fxp,contributor,97702,4d4679e0c645980eefb2818877bc2a55f0511c49,4d4679e0c645980eefb2818877bc2a55f0511c49,True,ok,,8,58914e59c608ed4384ba6002e44c3465c58b2e71,48000
2818,resources/data/patches_3rdparty/qb/Ambiances/Seashore.fxp,contributor,97780,abe9b0144cdaf4184533b310dcd88010a29fd8f6,abe9b0144cdaf4184533b310dcd88010a29fd8f6,True,ok,,7,58914e59c608ed4384ba6002e44c3465c58b2e71,48000
2819,resources/data/patches_3rdparty/qb/Ambiances/Summer Rain 1.fxp,contributor,97609,77cb6309ad5f6288eeadf436ccc196aca8fa396e,77cb6309ad5f6288eeadf436ccc196aca8fa396e,True,ok,,9,58914e59c608ed4384ba6002e44c3465c58b2e71,48000
2820,resources/data/patches_3rdparty/qb/Ambiances/Summer Rain 2.fxp,contributor,97750,56b383ac8a9111b75883d74fdd531629e880445c,56b383ac8a9111b75883d74fdd531629e880445c,True,ok,,111,58914e59c608ed4384ba6002e44c3465c58b2e71,48000
2821,resources/data/patches_3rdparty/qb/Ambiances/Wind Tuned.fxp,contributor,272314,42d69f46b3f87a46102748431417fca8ea626315,42d69f46b3f87a46102748431417fca8ea626315,True,ok,,27,58914e59c608ed4384ba6002e44c3465c58b2e71,48000
2822,resources/data/patches_3rdparty/qb/Atmospheres/Bubbles & Organ 1.fxp,contributor,46661,6d2245563c536efb47be4a6e377d1b6ae50dbd52,6d2245563c536efb47be4a6e377d1b6ae50dbd52,True,ok,,104,58914e59c608ed4384ba6002e44c3465c58b2e71,48000
2823,resources/data/patches_3rdparty/qb/Atmospheres/Bubbles & Organ 2.fxp,contributor,47506,6eb1804c1cdb56a085cd079d50688e526c0b1d6e,6eb1804c1cdb56a085cd079d50688e526c0b1d6e,True,ok,,121,58914e59c608ed4384ba6002e44c3465c58b2e71,48000
2824,resources/data/patches_3rdparty/qb/Atmospheres/Shimmering & Space Choir 1.fxp,contributor,179232,f52cb20bca66c930daadc8fc9947082c75ccac07,f52cb20bca66c930daadc8fc9947082c75ccac07,True,ok,,282,58914e59c608ed4384ba6002e44c3465c58b2e71,48000
2825,resources/data/patches_3rdparty/qb/Atmospheres/Shimmering & Space Choir 2.fxp,contributor,179297,69e9ec4153d116a9bc315a02f3d571cafbd2c9b1,69e9ec4153d116a9bc315a02f3d571cafbd2c9b1,True,ok,,37,58914e59c608ed4384ba6002e44c3465c58b2e71,48000
2826,resources/data/patches_3rdparty/qb/Atmospheres/Space Organ Buzz.fxp,contributor,41062,ad147a10754301b28f89d4354c9c9839e923ca2f,ad147a10754301b28f89d4354c9c9839e923ca2f,True,ok,,10,58914e59c608ed4384ba6002e44c3465c58b2e71,48000
2827,resources/data/patches_3rdparty/qb/Atmospheres/Sweep Noisy Glitter.fxp,contributor,43189,c52aef71804647be3062a1eb021e2f84eb9e41a5,c52aef71804647be3062a1eb021e2f84eb9e41a5,True,ok,,10,58914e59c608ed4384ba6002e44c3465c58b2e71,48000
2828,resources/data/patches_3rdparty/qb/Atmospheres/Tuned Resonance Harmonics.fxp,contributor,131226,4b4f2273f72fbbc369f18d063e5c9b72a5f6feb1,4b4f2273f72fbbc369f18d063e5c9b72a5f6feb1,True,ok,,45,58914e59c608ed4384ba6002e44c3465c58b2e71,48000
2829,resources/data/patches_3rdparty/qb/Atmospheres/Very High Shimmer.fxp,contributor,156395,be8ff908c8ba48c280f8abed5b7fbef5d73eedb9,be8ff908c8ba48c280f8abed5b7fbef5d73eedb9,True,ok,,16,58914e59c608ed4384ba6002e44c3465c58b2e71,48000
2830,resources/data/patches_3rdparty/qb/Atmospheres/Wiggle Wiggle Wiggle.fxp,contributor,42054,100b9e10001675e9d2f87a68c3632bac5ab3773d,100b9e10001675e9d2f87a68c3632bac5ab3773d,True,ok,,4,58914e59c608ed4384ba6002e44c3465c58b2e71,48000
2831,resources/data/patches_3rdparty/qb/Basses/Buzz Bass.fxp,contributor,31674,8c84036c10674607fd2aeb9efca6a8ffcf904020,8c84036c10674607fd2aeb9efca6a8ffcf904020,True,ok,,4,58914e59c608ed4384ba6002e44c3465c58b2e71,48000
2832,resources/data/patches_3rdparty/qb/Basses/Filter Envelope Drone.fxp,contributor,66304,92f76d5355215807024be841f546398ef8e641eb,92f76d5355215807024be841f546398ef8e641eb,True,ok,,8,58914e59c608ed4384ba6002e44c3465c58b2e71,48000
2833,resources/data/patches_3rdparty/qb/Basses/Hard Attack Soft Bass.fxp,contributor,31843,61fe8b3d9864fea597bc8e3ddf42b687d52e373f,61fe8b3d9864fea597bc8e3ddf42b687d52e373f,True,ok,,5,58914e59c608ed4384ba6002e44c3465c58b2e71,48000
2834,resources/data/patches_3rdparty/qb/Basses/Heavy Sub Sine.fxp,contributor,32089,35c149c4f0af03fb99e31fdf12d9557c2d6cd65d,35c149c4f0af03fb99e31fdf12d9557c2d6cd65d,True,ok,,4,58914e59c608ed4384ba6002e44c3465c58b2e71,48000
2835,resources/data/patches_3rdparty/qb/Basses/Steady Saw Bass.fxp,contributor,35100,ab3c250de05245bab8230d3b06ef9d0e1889cf85,ab3c250de05245bab8230d3b06ef9d0e1889cf85,True,ok,,3,58914e59c608ed4384ba6002e44c3465c58b2e71,48000
2836,resources/data/patches_3rdparty/qb/Basses/Supersaw Bass.fxp,contributor,31416,c8849d70a09b7d68ed960ea1b77304d64e7d9288,c8849d70a09b7d68ed960ea1b77304d64e7d9288,True,ok,,4,58914e59c608ed4384ba6002e44c3465c58b2e71,48000
2837,resources/data/patches_3rdparty/qb/Bells/Deep Bell Impact.fxp,contributor,32464,d503c274b655e7946cc945d2a15a37c78033f04f,d503c274b655e7946cc945d2a15a37c78033f04f,True,ok,,7,58914e59c608ed4384ba6002e44c3465c58b2e71,48000
2838,resources/data/patches_3rdparty/qb/Bells/Glitters.fxp,contributor,32099,717dabe1f571bc9073cc7dbf7c05b1be733e4531,717dabe1f571bc9073cc7dbf7c05b1be733e4531,True,ok,,5,58914e59c608ed4384ba6002e44c3465c58b2e71,48000
2839,resources/data/patches_3rdparty/qb/Bells/Hard Transient Bell.fxp,contributor,32478,b64b97b4c994fafcf8cbe2b71f1a00f109277943,b64b97b4c994fafcf8cbe2b71f1a00f109277943,True,ok,,4,58914e59c608ed4384ba6002e44c3465c58b2e71,48000
2840,resources/data/patches_3rdparty/qb/Bells/Noisy High Bell.fxp,contributor,32468,574aa9c44847aafab03cc3871dd7c2fd47da463c,574aa9c44847aafab03cc3871dd7c2fd47da463c,True,ok,,2,58914e59c608ed4384ba6002e44c3465c58b2e71,48000
2841,resources/data/patches_3rdparty/qb/Bells/Sparkles.fxp,contributor,156372,c0a901e5324fd9bd460c998ad66974e54ace4ae0,c0a901e5324fd9bd460c998ad66974e54ace4ae0,True,ok,,16,58914e59c608ed4384ba6002e44c3465c58b2e71,48000
2842,resources/data/patches_3rdparty/qb/Bells/Tuned Resonance Bell.fxp,contributor,99429,51119f8029f6fb547575af10abca2d5a98dcb7d9,51119f8029f6fb547575af10abca2d5a98dcb7d9,True,ok,,9,58914e59c608ed4384ba6002e44c3465c58b2e71,48000
2843,resources/data/patches_3rdparty/qb/Brass/Comfy Horns 1.fxp,contributor,32411,17c39ef3aef08ce3160f4a56074b83ee90a36b81,17c39ef3aef08ce3160f4a56074b83ee90a36b81,True,ok,,4,58914e59c608ed4384ba6002e44c3465c58b2e71,48000
2844,resources/data/patches_3rdparty/qb/Brass/Comfy Horns 2.fxp,contributor,31550,c7ffbc28cfcbc786fda1c41539b58b6d78066098,c7ffbc28cfcbc786fda1c41539b58b6d78066098,True,ok,,4,58914e59c608ed4384ba6002e44c3465c58b2e71,48000
2845,resources/data/patches_3rdparty/qb/Brass/Lo-Fi Horns.fxp,contributor,31711,886748e106061252645b2c383be38a64b535ba34,886748e106061252645b2c383be38a64b535ba34,True,ok,,4,58914e59c608ed4384ba6002e44c3465c58b2e71,48000
2846,resources/data/patches_3rdparty/qb/Drums/Kick Hit.fxp,contributor,32308,b7c10a73c83528efeb1ac3e044e1acd403846ae0,b7c10a73c83528efeb1ac3e044e1acd403846ae0,True,ok,,33,58914e59c608ed4384ba6002e44c3465c58b2e71,48000
2847,resources/data/patches_3rdparty/qb/Drums/Snare Tail.fxp,contributor,31440,1f7e009b873847cf6b845b6bf0516c3e2f90a9d5,1f7e009b873847cf6b845b6bf0516c3e2f90a9d5,True,ok,,3,58914e59c608ed4384ba6002e44c3465c58b2e71,48000
2848,resources/data/patches_3rdparty/qb/Drums/Snare Transient.fxp,contributor,34096,5e847b0391487c18fe8d4ce8a61bb828d7c7e989,5e847b0391487c18fe8d4ce8a61bb828d7c7e989,True,ok,,3,58914e59c608ed4384ba6002e44c3465c58b2e71,48000
2849,resources/data/patches_3rdparty/qb/FX/Night Bugs.fxp,contributor,229402,0b0da6e821c3e259decb342be77697564b4fc1a9,0b0da6e821c3e259decb342be77697564b4fc1a9,True,ok,,72,58914e59c608ed4384ba6002e44c3465c58b2e71,48000
2850,resources/data/patches_3rdparty/qb/FX/Pasta Rain Very Weird.fxp,contributor,97527,c1834b7cb34e7984b68b4aaf4ed4cd8a19797aed,c1834b7cb34e7984b68b4aaf4ed4cd8a19797aed,True,ok,,6,58914e59c608ed4384ba6002e44c3465c58b2e71,48000
2851,resources/data/patches_3rdparty/qb/FX/Sick Impact Hex Hit.fxp,contributor,32476,4db764bc4692cd4ba8a7077aca9c997b90fcdd49,4db764bc4692cd4ba8a7077aca9c997b90fcdd49,True,ok,,4,58914e59c608ed4384ba6002e44c3465c58b2e71,48000
2852,resources/data/patches_3rdparty/qb/FX/Tremolo War.fxp,contributor,122899,77f43092f927acffce5bfe2ba931a0fcd72028f2,77f43092f927acffce5bfe2ba931a0fcd72028f2,True,ok,,106,58914e59c608ed4384ba6002e44c3465c58b2e71,48000
2853,resources/data/patches_3rdparty/qb/Keys/8-bit Vibrato Pads.fxp,contributor,41890,4e4503227c190047cf92c14e935b946f726491c1,4e4503227c190047cf92c14e935b946f726491c1,True,ok,,3,58914e59c608ed4384ba6002e44c3465c58b2e71,48000
2854,resources/data/patches_3rdparty/qb/Keys/80s Hard Keys 1.fxp,contributor,48189,d40e44112c5b2898012f488db9f88343f60aa8a9,d40e44112c5b2898012f488db9f88343f60aa8a9,True,ok,,6,58914e59c608ed4384ba6002e44c3465c58b2e71,48000
2855,resources/data/patches_3rdparty/qb/Keys/80s Hard Keys 2.fxp,contributor,48977,bc00876bcd6bb7919bf00e79dc98c0ffc6842185,bc00876bcd6bb7919bf00e79dc98c0ffc6842185,True,ok,,6,58914e59c608ed4384ba6002e44c3465c58b2e71,48000
2856,resources/data/patches_3rdparty/qb/Keys/80s Running Up That Hill.fxp,contributor,99359,8c7fedc754d2ae5cc7a1e00f0edf64c920e55823,8c7fedc754d2ae5cc7a1e00f0edf64c920e55823,True,ok,,51,58914e59c608ed4384ba6002e44c3465c58b2e71,48000
2857,resources/data/patches_3rdparty/qb/Keys/Accordion-ish.fxp,contributor,32064,1a1908c5538edc456de01fe7bf52807736bc12d2,1a1908c5538edc456de01fe7bf52807736bc12d2,True,ok,,4,58914e59c608ed4384ba6002e44c3465c58b2e71,48000
2858,resources/data/patches_3rdparty/qb/Keys/Battle Keys.fxp,contributor,113455,c73f7316c4a68ce8576fc02f4df82da039466be9,c73f7316c4a68ce8576fc02f4df82da039466be9,True,ok,,7,58914e59c608ed4384ba6002e44c3465c58b2e71,48000
2859,resources/data/patches_3rdparty/qb/Keys/Buzzy Day Van.fxp,contributor,97598,ae1e22d45d70af080cf0815281fa67fe6df7560f,ae1e22d45d70af080cf0815281fa67fe6df7560f,True,ok,,9,58914e59c608ed4384ba6002e44c3465c58b2e71,48000
2860,resources/data/patches_3rdparty/qb/Keys/Detuned Liminal Keys 1.fxp,contributor,101529,9f45b8b471453b7a5dbf1cc5f4f494484e8b1aea,9f45b8b471453b7a5dbf1cc5f4f494484e8b1aea,True,ok,,8,58914e59c608ed4384ba6002e44c3465c58b2e71,48000
2861,resources/data/patches_3rdparty/qb/Keys/Detuned Liminal Keys 2.fxp,contributor,101445,4042fa2202ca387c2d918bc2929355b9d3b3ed38,4042fa2202ca387c2d918bc2929355b9d3b3ed38,True,ok,,7,58914e59c608ed4384ba6002e44c3465c58b2e71,48000
2862,resources/data/patches_3rdparty/qb/Keys/Dirty Keys.fxp,contributor,33014,5e494cc64eb6ad621ac231f3878e418b3b9d48d6,5e494cc64eb6ad621ac231f3878e418b3b9d48d6,True,ok,,2,58914e59c608ed4384ba6002e44c3465c58b2e71,48000
2863,resources/data/patches_3rdparty/qb/Keys/Flutter Keys.fxp,contributor,33754,115c83fbf77568eb7fe6f2a10b9912c85947c692,115c83fbf77568eb7fe6f2a10b9912c85947c692,True,ok,,3,58914e59c608ed4384ba6002e44c3465c58b2e71,48000
2864,resources/data/patches_3rdparty/qb/Keys/Leady Keys.fxp,contributor,32908,911e980e744120978986fa359a442de188c6fd97,911e980e744120978986fa359a442de188c6fd97,True,ok,,2,58914e59c608ed4384ba6002e44c3465c58b2e71,48000
2865,resources/data/patches_3rdparty/qb/Keys/Liminal Keys Wet.fxp,contributor,35123,fe39535d151202a728922a21a574c17c4e2d3aa3,fe39535d151202a728922a21a574c17c4e2d3aa3,True,ok,,3,58914e59c608ed4384ba6002e44c3465c58b2e71,48000
2866,resources/data/patches_3rdparty/qb/Keys/Noise Supersaw.fxp,contributor,32170,e2badbb5d0b102b06a06a55ddf6e15b9893b0b31,e2badbb5d0b102b06a06a55ddf6e15b9893b0b31,True,ok,,2,58914e59c608ed4384ba6002e44c3465c58b2e71,48000
2867,resources/data/patches_3rdparty/qb/Keys/Soft Portamento.fxp,contributor,40571,7a359845d286e09652b2ba3d22f29efcc9c51216,7a359845d286e09652b2ba3d22f29efcc9c51216,True,ok,,4,58914e59c608ed4384ba6002e44c3465c58b2e71,48000
2868,resources/data/patches_3rdparty/qb/Keys/Soft Space Keys.fxp,contributor,178733,5215679593637184846603b24ca373d3def194ec,5215679593637184846603b24ca373d3def194ec,True,ok,,98,58914e59c608ed4384ba6002e44c3465c58b2e71,48000
2869,resources/data/patches_3rdparty/qb/Keys/Soft Vibrato Keys.fxp,contributor,172123,173a1c57f9416fc739b2b84c1de1bac87fc219da,173a1c57f9416fc739b2b84c1de1bac87fc219da,True,ok,,14,58914e59c608ed4384ba6002e44c3465c58b2e71,48000
2870,resources/data/patches_3rdparty/qb/Keys/Squarish Low.fxp,contributor,32187,5f003028996f767b527bf0fdb931668947283804,5f003028996f767b527bf0fdb931668947283804,True,ok,,2,58914e59c608ed4384ba6002e44c3465c58b2e71,48000
2871,resources/data/patches_3rdparty/qb/Leads/Alt Triangle 1.fxp,contributor,156209,73ca3e108df037774718c47b51311c1b166fb97f,73ca3e108df037774718c47b51311c1b166fb97f,True,ok,,11,58914e59c608ed4384ba6002e44c3465c58b2e71,48000
2872,resources/data/patches_3rdparty/qb/Leads/Alt Triangle 2.fxp,contributor,156282,5bbfd45de9ff3b9bfff16e26a365f0a55ea603ff,5bbfd45de9ff3b9bfff16e26a365f0a55ea603ff,True,ok,,10,58914e59c608ed4384ba6002e44c3465c58b2e71,48000
2873,resources/data/patches_3rdparty/qb/Leads/Arpeggio Transient.fxp,contributor,36950,35d7c647a0425957e7286130eb6784b592202477,35d7c647a0425957e7286130eb6784b592202477,True,ok,,2,58914e59c608ed4384ba6002e44c3465c58b2e71,48000
2874,resources/data/patches_3rdparty/qb/Leads/Daft Beep.fxp,contributor,98304,1b801c01dc504c3b519dafc266f304f9a0fffb24,1b801c01dc504c3b519dafc266f304f9a0fffb24,True,ok,,37,58914e59c608ed4384ba6002e44c3465c58b2e71,48000
2875,resources/data/patches_3rdparty/qb/Leads/Humming Transient.fxp,contributor,36052,088bf1f436e8a663a8384eb60742e2a172d5e1ab,088bf1f436e8a663a8384eb60742e2a172d5e1ab,True,ok,,3,58914e59c608ed4384ba6002e44c3465c58b2e71,48000
2876,resources/data/patches_3rdparty/qb/Leads/Liminal Waters Lead.fxp,contributor,35231,bad550eda450dcdf332269b135218446207b3401,bad550eda450dcdf332269b135218446207b3401,True,ok,,2,58914e59c608ed4384ba6002e44c3465c58b2e71,48000
2877,resources/data/patches_3rdparty/qb/Leads/Quick Portamento.fxp,contributor,112937,c2dcf07361c833b0c96d1d15e70ae3c52cd226f9,c2dcf07361c833b0c96d1d15e70ae3c52cd226f9,True,ok,,7,58914e59c608ed4384ba6002e44c3465c58b2e71,48000
2878,resources/data/patches_3rdparty/qb/Leads/Weird Duck.fxp,contributor,115403,1069d309ef5bb06dd6ee4d300b711ecd46e1342c,1069d309ef5bb06dd6ee4d300b711ecd46e1342c,True,ok,,8,58914e59c608ed4384ba6002e44c3465c58b2e71,48000
2879,resources/data/patches_3rdparty/qb/Organs/Analog Organ.fxp,contributor,48271,a6a5f47e5691d0cfbe751c59eda1691d79d0a57a,a6a5f47e5691d0cfbe751c59eda1691d79d0a57a,True,ok,,3,58914e59c608ed4384ba6002e44c3465c58b2e71,48000
2880,resources/data/patches_3rdparty/qb/Organs/Belly Organ.fxp,contributor,172620,b35f9b5fdd4ceb2b375000ee8ba202cf24ac700c,b35f9b5fdd4ceb2b375000ee8ba202cf24ac700c,True,ok,,12,58914e59c608ed4384ba6002e44c3465c58b2e71,48000
2881,resources/data/patches_3rdparty/qb/Organs/Comfy Organ.fxp,contributor,156134,b9bcfd8d1e7fb57885c24c4a81111132ff428bba,b9bcfd8d1e7fb57885c24c4a81111132ff428bba,True,ok,,11,58914e59c608ed4384ba6002e44c3465c58b2e71,48000
2882,resources/data/patches_3rdparty/qb/Organs/Daft Saw Organ 1.fxp,contributor,31400,d5bb940645ef357133a6f7bf2f8d11ebacdff0fc,d5bb940645ef357133a6f7bf2f8d11ebacdff0fc,True,ok,,3,58914e59c608ed4384ba6002e44c3465c58b2e71,48000
2883,resources/data/patches_3rdparty/qb/Organs/Daft Saw Organ 2.fxp,contributor,31396,0c1e5665d0a4130ab09d52697121ec96ebafeeff,0c1e5665d0a4130ab09d52697121ec96ebafeeff,True,ok,,3,58914e59c608ed4384ba6002e44c3465c58b2e71,48000
2884,resources/data/patches_3rdparty/qb/Organs/Filter Sweep Organ.fxp,contributor,33283,33b8c71dc495666d866a4d7233c64dbeee05a261,33b8c71dc495666d866a4d7233c64dbeee05a261,True,ok,,3,58914e59c608ed4384ba6002e44c3465c58b2e71,48000
2885,resources/data/patches_3rdparty/qb/Organs/Glitched Organ.fxp,contributor,112961,b21eee1a077fd6903737417cb00c42b1811610e0,b21eee1a077fd6903737417cb00c42b1811610e0,True,ok,,8,58914e59c608ed4384ba6002e44c3465c58b2e71,48000
2886,resources/data/patches_3rdparty/qb/Organs/Liminal Organ.fxp,contributor,33292,514aff46e147c0ce4eac4f836f36b1c3ac9ff480,514aff46e147c0ce4eac4f836f36b1c3ac9ff480,True,ok,,3,58914e59c608ed4384ba6002e44c3465c58b2e71,48000
2887,resources/data/patches_3rdparty/qb/Organs/Lost Signal.fxp,contributor,156407,7d7106f88a488e589c67bcb4c6db90fe7810bbd9,7d7106f88a488e589c67bcb4c6db90fe7810bbd9,True,ok,,10,58914e59c608ed4384ba6002e44c3465c58b2e71,48000
2888,resources/data/patches_3rdparty/qb/Organs/Moogy Organ.fxp,contributor,172114,be77493697d0abeb03061c5e5b3f7db48f3ee316,be77493697d0abeb03061c5e5b3f7db48f3ee316,True,ok,,11,58914e59c608ed4384ba6002e44c3465c58b2e71,48000
2889,resources/data/patches_3rdparty/qb/Organs/Sine Organ.fxp,contributor,33376,2bbe3ef4e77b73e0a3b1659ba1eaad447045d746,2bbe3ef4e77b73e0a3b1659ba1eaad447045d746,True,ok,,3,58914e59c608ed4384ba6002e44c3465c58b2e71,48000
2890,resources/data/patches_3rdparty/qb/Pads/Ambient Sines.fxp,contributor,244401,3f5a3f0783fb05a45e4636fd505e79ad8cac8492,3f5a3f0783fb05a45e4636fd505e79ad8cac8492,True,ok,,91,58914e59c608ed4384ba6002e44c3465c58b2e71,48000
2891,resources/data/patches_3rdparty/qb/Pads/Damaged FM.fxp,contributor,35708,2d069402386195594f0798b257502d886e14832d,2d069402386195594f0798b257502d886e14832d,True,ok,,7,58914e59c608ed4384ba6002e44c3465c58b2e71,48000
2892,resources/data/patches_3rdparty/qb/Pads/Damaged Liminal.fxp,contributor,33137,9e041ad952b6f35e1228481afb7d5eaa3f0ef8a5,9e041ad952b6f35e1228481afb7d5eaa3f0ef8a5,True,ok,,2,58914e59c608ed4384ba6002e44c3465c58b2e71,48000
2893,resources/data/patches_3rdparty/qb/Pads/Double Saw Pad+FX.fxp,contributor,34261,1ccdc69e4a1a74add3433f47d527518ca307bd65,1ccdc69e4a1a74add3433f47d527518ca307bd65,True,ok,,5,58914e59c608ed4384ba6002e44c3465c58b2e71,48000
2894,resources/data/patches_3rdparty/qb/Pads/Kaos Pad.fxp,contributor,42206,ad80cb6f236e456b8efd9d75001fb425df292be2,ad80cb6f236e456b8efd9d75001fb425df292be2,True,ok,,4,58914e59c608ed4384ba6002e44c3465c58b2e71,48000
2895,resources/data/patches_3rdparty/qb/Pads/Living Pad.fxp,contributor,46986,083d5a8561365f696117b69fc69f3644c4c269f1,083d5a8561365f696117b69fc69f3644c4c269f1,True,ok,,12,58914e59c608ed4384ba6002e44c3465c58b2e71,48000
2896,resources/data/patches_3rdparty/qb/Pads/Muffled Air.fxp,contributor,32210,c5631b3463adb48f1a6798959b13eb7deb2305e1,c5631b3463adb48f1a6798959b13eb7deb2305e1,True,ok,,8,58914e59c608ed4384ba6002e44c3465c58b2e71,48000
2897,resources/data/patches_3rdparty/qb/Pads/Sequenced Pad.fxp,contributor,156425,251764f1e66b5070e208c767fd2dd8f7221f3767,251764f1e66b5070e208c767fd2dd8f7221f3767,True,ok,,10,58914e59c608ed4384ba6002e44c3465c58b2e71,48000
2898,resources/data/patches_3rdparty/qb/Pads/Slow Filter Tremolo Sweep.fxp,contributor,67038,132feb9378302eb0dec643ef57dbb143b9cd18db,132feb9378302eb0dec643ef57dbb143b9cd18db,True,ok,,5,58914e59c608ed4384ba6002e44c3465c58b2e71,48000
2899,resources/data/patches_3rdparty/qb/Pads/Triangle Soft Pad.fxp,contributor,33682,ebeb965f25e5cb2e0c7babb19e17fc7779981744,ebeb965f25e5cb2e0c7babb19e17fc7779981744,True,ok,,3,58914e59c608ed4384ba6002e44c3465c58b2e71,48000
2900,resources/data/patches_3rdparty/qb/Pads/Tuned Resonances Soothing.fxp,contributor,103569,eb752ef2042a1345bb3ca870bf58c20be12f269a,eb752ef2042a1345bb3ca870bf58c20be12f269a,True,ok,,7,58914e59c608ed4384ba6002e44c3465c58b2e71,48000
2901,resources/data/patches_3rdparty/qb/Plucks/Comfy Koto.fxp,contributor,48723,960a237e5fe5d85ee898892a0e0e549788256d49,960a237e5fe5d85ee898892a0e0e549788256d49,True,ok,,4,58914e59c608ed4384ba6002e44c3465c58b2e71,48000
2902,resources/data/patches_3rdparty/qb/Plucks/Pluck Fast Filter.fxp,contributor,33196,8d96aa79e7dbdd7ef91aa56e412588670c46976f,8d96aa79e7dbdd7ef91aa56e412588670c46976f,True,ok,,3,58914e59c608ed4384ba6002e44c3465c58b2e71,48000
2903,resources/data/patches_3rdparty/qb/Plucks/Space Koto Buzz.fxp,contributor,68940,289ed13f2bac843babdc63436fb68adf39de3403,289ed13f2bac843babdc63436fb68adf39de3403,True,ok,,5,58914e59c608ed4384ba6002e44c3465c58b2e71,48000
2904,resources/data/patches_3rdparty/qb/Plucks/Space Koto.fxp,contributor,49713,73f0105d0a2d1a248b854dc90ff02a08132e8290,73f0105d0a2d1a248b854dc90ff02a08132e8290,True,ok,,7,58914e59c608ed4384ba6002e44c3465c58b2e71,48000
2905,resources/data/patches_3rdparty/qb/Plucks/Sustained Plucks.fxp,contributor,32292,304142bf66d4fe0de8f1833409b4977ca1874fb8,304142bf66d4fe0de8f1833409b4977ca1874fb8,True,ok,,6,58914e59c608ed4384ba6002e44c3465c58b2e71,48000
2906,resources/data/patches_3rdparty/qb/Sequences/High Bugs.fxp,contributor,31929,52c0fbc4d631dc6a29600c57679a203197c6afaa,52c0fbc4d631dc6a29600c57679a203197c6afaa,True,ok,,3,58914e59c608ed4384ba6002e44c3465c58b2e71,48000
2907,resources/data/patches_3rdparty/qb/Sequences/Is This Techno.fxp,contributor,50810,6e4ecfb33d6464c7fa682cd39ea7b5b58272aeff,6e4ecfb33d6464c7fa682cd39ea7b5b58272aeff,True,ok,,5,58914e59c608ed4384ba6002e44c3465c58b2e71,48000
2908,resources/data/patches_3rdparty/qb/Sequences/More Wiggles.fxp,contributor,51150,74968b60fe9ea4456c4d09ed0811b72f43ae6700,74968b60fe9ea4456c4d09ed0811b72f43ae6700,True,ok,,148,58914e59c608ed4384ba6002e44c3465c58b2e71,48000
2909,resources/data/patches_3rdparty/qb/Strings/Airy Strings.fxp,contributor,41696,da98aca4168a3f025e59ec1fc87cce80d6cc3e43,da98aca4168a3f025e59ec1fc87cce80d6cc3e43,True,ok,,13,58914e59c608ed4384ba6002e44c3465c58b2e71,48000
2910,resources/data/patches_3rdparty/qb/Strings/Cello Staccatos.fxp,contributor,31812,c863ab8b1fc1f6b25220bc0dcf40d20b6e146a64,c863ab8b1fc1f6b25220bc0dcf40d20b6e146a64,True,ok,,5,58914e59c608ed4384ba6002e44c3465c58b2e71,48000
2911,resources/data/patches_3rdparty/qb/Strings/Cello-ish.fxp,contributor,43401,43a84818b198e25aa7aa377d44f6018ad852ff08,43a84818b198e25aa7aa377d44f6018ad852ff08,True,ok,,9,58914e59c608ed4384ba6002e44c3465c58b2e71,48000
2912,resources/data/patches_3rdparty/qb/Strings/Cello.fxp,contributor,35314,2c82b84e32a5ed7ff70de4980da7d2b75ab10b51,2c82b84e32a5ed7ff70de4980da7d2b75ab10b51,True,ok,,6,58914e59c608ed4384ba6002e44c3465c58b2e71,48000
2913,resources/data/patches_3rdparty/qb/Strings/Distorted Cello.fxp,contributor,35325,d4c22a58bf52ba33dd97a1cb1c8914acc58875e1,d4c22a58bf52ba33dd97a1cb1c8914acc58875e1,True,ok,,3,58914e59c608ed4384ba6002e44c3465c58b2e71,48000
2914,resources/data/patches_3rdparty/qb/Strings/FM Strings.fxp,contributor,35089,f8ebe6655202278385f487436d5d2621a6b72e5b,f8ebe6655202278385f487436d5d2621a6b72e5b,True,ok,,2,58914e59c608ed4384ba6002e44c3465c58b2e71,48000
2915,resources/data/patches_3rdparty/qb/Strings/Sweet Pizz.fxp,contributor,48729,2b9cc8fb145f755fccf3e62acdd5654b05d875d6,2b9cc8fb145f755fccf3e62acdd5654b05d875d6,True,ok,,4,58914e59c608ed4384ba6002e44c3465c58b2e71,48000
2916,resources/data/patches_3rdparty/qb/Voices/80s Choir.fxp,contributor,32728,cc541b56fe8af675e3a2eb1dbd1ba608bfeec237,cc541b56fe8af675e3a2eb1dbd1ba608bfeec237,True,ok,,3,58914e59c608ed4384ba6002e44c3465c58b2e71,48000
2917,resources/data/patches_3rdparty/qb/Voices/Buzzy Choir.fxp,contributor,36060,ce722df46f8bc9d8929e4e3423fa0e3b810b39c4,ce722df46f8bc9d8929e4e3423fa0e3b810b39c4,True,ok,,3,58914e59c608ed4384ba6002e44c3465c58b2e71,48000
2918,resources/data/patches_3rdparty/qb/Voices/Soft Ambient Choir.fxp,contributor,178722,582c13179dcb2bdb00332525a1e92740437b4238,582c13179dcb2bdb00332525a1e92740437b4238,True,ok,,34,58914e59c608ed4384ba6002e44c3465c58b2e71,48000
2919,resources/data/patches_3rdparty/qb/Voices/Upper-ish Choir.fxp,contributor,34511,b267c835a2a219606e0a51309ccb890eed206823,b267c835a2a219606e0a51309ccb890eed206823,True,ok,,11,58914e59c608ed4384ba6002e44c3465c58b2e71,48000
2920,resources/data/patches_factory/Basses/Attacky.fxp,factory,23212,4675e423a7489b02f501f7763b4760f64ab035f9,4675e423a7489b02f501f7763b4760f64ab035f9,True,ok,,124,58914e59c608ed4384ba6002e44c3465c58b2e71,48000
2921,resources/data/patches_factory/Basses/Bass 1.fxp,factory,27492,96e0e547a4422cae97b3f05c75e378b6e2205592,96e0e547a4422cae97b3f05c75e378b6e2205592,True,ok,,3,58914e59c608ed4384ba6002e44c3465c58b2e71,48000
2922,resources/data/patches_factory/Basses/Bass 2.fxp,factory,31558,e88ebe2d3b049c9937dd1fc65a886418dad132b4,e88ebe2d3b049c9937dd1fc65a886418dad132b4,True,ok,,45,58914e59c608ed4384ba6002e44c3465c58b2e71,48000
2923,resources/data/patches_factory/Basses/Bass 3.fxp,factory,32097,9c55b7c50bc3d48c5cb4f4e6adfd23c28b4f5ae0,9c55b7c50bc3d48c5cb4f4e6adfd23c28b4f5ae0,True,ok,,4,58914e59c608ed4384ba6002e44c3465c58b2e71,48000
2924,resources/data/patches_factory/Basses/Bass 4.fxp,factory,23824,0a80aa2a2fb27367c73f716d64bf0349caf5eec4,0a80aa2a2fb27367c73f716d64bf0349caf5eec4,True,ok,,2,58914e59c608ed4384ba6002e44c3465c58b2e71,48000
2925,resources/data/patches_factory/Basses/Bass 5.fxp,factory,47364,50fa48b69f35b22467f9fc663d31d2decd6ac8b6,50fa48b69f35b22467f9fc663d31d2decd6ac8b6,True,ok,,4,58914e59c608ed4384ba6002e44c3465c58b2e71,48000
2926,resources/data/patches_factory/Basses/Behemoth.fxp,factory,30715,a824155d66d3600521f02cb784eae105fe50c320,a824155d66d3600521f02cb784eae105fe50c320,True,ok,,3,58914e59c608ed4384ba6002e44c3465c58b2e71,48000
2927,resources/data/patches_factory/Basses/Crush Bass.fxp,factory,23315,247cf912dccf395c9fd3ac888d1757aa4f2b976a,247cf912dccf395c9fd3ac888d1757aa4f2b976a,True,ok,,4,58914e59c608ed4384ba6002e44c3465c58b2e71,48000
2928,resources/data/patches_factory/Basses/Deep End.fxp,factory,30961,68931b122ae25e0b06354177a99aa22a4f6e6559,68931b122ae25e0b06354177a99aa22a4f6e6559,True,ok,,5,58914e59c608ed4384ba6002e44c3465c58b2e71,48000
2929,resources/data/patches_factory/Basses/Digibass.fxp,factory,36013,843cf98463f9d8d7840993180739e63a114d7ed9,843cf98463f9d8d7840993180739e63a114d7ed9,True,ok,,5,58914e59c608ed4384ba6002e44c3465c58b2e71,48000
2930,resources/data/patches_factory/Basses/Dist Bass 1.fxp,factory,30736,0ee597b5cadbaafa6c8c41d69a46a4e563c09730,0ee597b5cadbaafa6c8c41d69a46a4e563c09730,True,ok,,3,58914e59c608ed4384ba6002e44c3465c58b2e71,48000
2931,resources/data/patches_factory/Basses/Dist Bass 2.fxp,factory,32052,b9a3f40ab521b24fd22d4ac5005fba82f6280e14,b9a3f40ab521b24fd22d4ac5005fba82f6280e14,True,ok,,5,58914e59c608ed4384ba6002e44c3465c58b2e71,48000
2932,resources/data/patches_factory/Basses/Distorted Bass.fxp,factory,30584,dca7fbc642a96fc05e86b3528df30b45e9f3b2f5,dca7fbc642a96fc05e86b3528df30b45e9f3b2f5,True,ok,,3,58914e59c608ed4384ba6002e44c3465c58b2e71,48000
2933,resources/data/patches_factory/Basses/Distorted FM.fxp,factory,31402,3e446af09ca3b88807d35d79a5a001087a18172b,3e446af09ca3b88807d35d79a5a001087a18172b,True,ok,,5,58914e59c608ed4384ba6002e44c3465c58b2e71,48000
2934,resources/data/patches_factory/Basses/Distorted MW.fxp,factory,36630,c88158ac07b776f1997d05927f6fcc0b2c975343,c88158ac07b776f1997d05927f6fcc0b2c975343,True,ok,,3,58914e59c608ed4384ba6002e44c3465c58b2e71,48000
2935,resources/data/patches_factory/Basses/Doomsday.fxp,factory,66752,a8a3a395d52c1f0435ee2f948559ac2acf2e18dd,a8a3a395d52c1f0435ee2f948559ac2acf2e18dd,True,ok,,7,58914e59c608ed4384ba6002e44c3465c58b2e71,48000
2936,resources/data/patches_factory/Basses/E-Bass.fxp,factory,34074,56e5222a85df54a93f56560ed8ecab3c68e1e173,56e5222a85df54a93f56560ed8ecab3c68e1e173,True,ok,,3,58914e59c608ed4384ba6002e44c3465c58b2e71,48000
2937,resources/data/patches_factory/Basses/Eighties Drone.fxp,factory,30702,d50415c2a47a09878c672ba92386e6b1523b4907,d50415c2a47a09878c672ba92386e6b1523b4907,True,ok,,3,58914e59c608ed4384ba6002e44c3465c58b2e71,48000
2938,resources/data/patches_factory/Basses/Evilous.fxp,factory,31185,f8375ecec419864677883c5fc1ab149d7d975f7c,f8375ecec419864677883c5fc1ab149d7d975f7c,True,ok,,4,58914e59c608ed4384ba6002e44c3465c58b2e71,48000
2939,resources/data/patches_factory/Basses/FM Bass 1.fxp,factory,35334,65020fc9f9aba15ca7884bf2080868778dbf3d3e,65020fc9f9aba15ca7884bf2080868778dbf3d3e,True,ok,,4,58914e59c608ed4384ba6002e44c3465c58b2e71,48000
2940,resources/data/patches_factory/Basses/FM Bass 2.fxp,factory,30306,b7eb01b8212fab14fb016c436c07eb4382c8745c,b7eb01b8212fab14fb016c436c07eb4382c8745c,True,ok,,2,58914e59c608ed4384ba6002e44c3465c58b2e71,48000
2941,resources/data/patches_factory/Basses/FM Bass 3.fxp,factory,31441,ed92556dcdb7e92559287d3131557abeeb611320,ed92556dcdb7e92559287d3131557abeeb611320,True,ok,,2,58914e59c608ed4384ba6002e44c3465c58b2e71,48000
2942,resources/data/patches_factory/Basses/FM Bass 4.fxp,factory,23472,595c3b64b8c534e0f47f5c111afb8e83c06c9b5a,595c3b64b8c534e0f47f5c111afb8e83c06c9b5a,True,ok,,2,58914e59c608ed4384ba6002e44c3465c58b2e71,48000
2943,resources/data/patches_factory/Basses/FM Bass 5.fxp,factory,30958,a8762110854f6a60c2d0ae6dc350e65aaef66ba7,a8762110854f6a60c2d0ae6dc350e65aaef66ba7,True,ok,,3,58914e59c608ed4384ba6002e44c3465c58b2e71,48000
2944,resources/data/patches_factory/Basses/FM Bass 6.fxp,factory,23295,0058cb646589568d5eca94ff9daa8adcb2bbe329,0058cb646589568d5eca94ff9daa8adcb2bbe329,True,ok,,2,58914e59c608ed4384ba6002e44c3465c58b2e71,48000
2945,resources/data/patches_factory/Basses/FM Combo.fxp,factory,31669,b50a36498d699f8ec409b7a5623ff516954cd242,b50a36498d699f8ec409b7a5623ff516954cd242,True,ok,,2,58914e59c608ed4384ba6002e44c3465c58b2e71,48000
2946,resources/data/patches_factory/Basses/FM Slap.fxp,factory,23347,e6b18b6cc55e9537a6cb1d2cc8c7b452940a29c4,e6b18b6cc55e9537a6cb1d2cc8c7b452940a29c4,True,ok,,1,58914e59c608ed4384ba6002e44c3465c58b2e71,48000
2947,resources/data/patches_factory/Basses/Fingered.fxp,factory,36323,315e81e300e0882710ef9e1b249ad6e4656ebd0c,315e81e300e0882710ef9e1b249ad6e4656ebd0c,True,ok,,4,58914e59c608ed4384ba6002e44c3465c58b2e71,48000
2948,resources/data/patches_factory/Basses/Helmeto.fxp,factory,23093,273b30a9bf461fbd5b01fc56b4adab022fc11967,273b30a9bf461fbd5b01fc56b4adab022fc11967,True,ok,,3,58914e59c608ed4384ba6002e44c3465c58b2e71,48000
2949,resources/data/patches_factory/Basses/Lord Sawtooth.fxp,factory,30841,a28f3666a1ece7f7706bd895ea207e3ed49b3a12,a28f3666a1ece7f7706bd895ea207e3ed49b3a12,True,ok,,2,58914e59c608ed4384ba6002e44c3465c58b2e71,48000
2950,resources/data/patches_factory/Basses/Mellow.fxp,factory,31372,fd28d0e2f7bc82d6f7baacb40c8dc4239dd83190,fd28d0e2f7bc82d6f7baacb40c8dc4239dd83190,True,ok,,2,58914e59c608ed4384ba6002e44c3465c58b2e71,48000
2951,resources/data/patches_factory/Basses/Metal Square.fxp,factory,24006,d9d860b249791e4f36dd6b82b71e3ad5e2545922,d9d860b249791e4f36dd6b82b71e3ad5e2545922,True,ok,,3,58914e59c608ed4384ba6002e44c3465c58b2e71,48000
2952,resources/data/patches_factory/Basses/Mmm... Pointy!.fxp,factory,24321,7be8eae2f173429d0998e17299b33331ea3e0242,7be8eae2f173429d0998e17299b33331ea3e0242,True,ok,,2,58914e59c608ed4384ba6002e44c3465c58b2e71,48000
2953,resources/data/patches_factory/Basses/Piano Bass.fxp,factory,75146,d9f48dafc508cb8b77d8b192e0f8a829f2c4ba58,d9f48dafc508cb8b77d8b192e0f8a829f2c4ba58,True,ok,,6,58914e59c608ed4384ba6002e44c3465c58b2e71,48000
2954,resources/data/patches_factory/Basses/Plain.fxp,factory,30923,2f9339681828b2597103783baab39c2f27234e0a,2f9339681828b2597103783baab39c2f27234e0a,True,ok,,2,58914e59c608ed4384ba6002e44c3465c58b2e71,48000
2955,resources/data/patches_factory/Basses/Ring Mayhem.fxp,factory,23605,fa50ed99f6e8710486061bbec09330f3a2dcda00,fa50ed99f6e8710486061bbec09330f3a2dcda00,True,ok,,2,58914e59c608ed4384ba6002e44c3465c58b2e71,48000
2956,resources/data/patches_factory/Basses/Rubber Bass.fxp,factory,30796,b9ad399f1075d7f8ed96b0312419f199e9d0b024,b9ad399f1075d7f8ed96b0312419f199e9d0b024,True,ok,,2,58914e59c608ed4384ba6002e44c3465c58b2e71,48000
2957,resources/data/patches_factory/Basses/Rumble.fxp,factory,23761,d36c6fc22198e37b6bfae6902c02fb7d2a99acdb,d36c6fc22198e37b6bfae6902c02fb7d2a99acdb,True,ok,,2,58914e59c608ed4384ba6002e44c3465c58b2e71,48000
2958,resources/data/patches_factory/Basses/Saw Lo-Fi.fxp,factory,30847,6e01a65fad948c16c0c45e7ac0ca77c8584762b3,6e01a65fad948c16c0c45e7ac0ca77c8584762b3,True,ok,,2,58914e59c608ed4384ba6002e44c3465c58b2e71,48000
2959,resources/data/patches_factory/Basses/Schnell.fxp,factory,23999,a1a5a2ee094ed9d63a15e9a18cb8e47eb00561a2,a1a5a2ee094ed9d63a15e9a18cb8e47eb00561a2,True,ok,,2,58914e59c608ed4384ba6002e44c3465c58b2e71,48000
2960,resources/data/patches_factory/Basses/Slow.fxp,factory,30951,1c505d8ead588d21a22a3ceca9679aaf5a919519,1c505d8ead588d21a22a3ceca9679aaf5a919519,True,ok,,4,58914e59c608ed4384ba6002e44c3465c58b2e71,48000
2961,resources/data/patches_factory/Basses/Smoothie.fxp,factory,30899,eea9aebab3fa7ceb13d3c5e3bdc32699e53e25c9,eea9aebab3fa7ceb13d3c5e3bdc32699e53e25c9,True,ok,,3,58914e59c608ed4384ba6002e44c3465c58b2e71,48000
2962,resources/data/patches_factory/Basses/Square Bass.fxp,factory,25780,311d8926005896db75e23f345cf395e9296862eb,311d8926005896db75e23f345cf395e9296862eb,True,ok,,1,58914e59c608ed4384ba6002e44c3465c58b2e71,48000
2963,resources/data/patches_factory/Basses/Squared.fxp,factory,30605,e74136ce6509a5661912e1b07a8fbb494fa65569,e74136ce6509a5661912e1b07a8fbb494fa65569,True,ok,,2,58914e59c608ed4384ba6002e44c3465c58b2e71,48000
2964,resources/data/patches_factory/Basses/Stable.fxp,factory,30305,54e585abef13f3a15e47896782a420d061373971,54e585abef13f3a15e47896782a420d061373971,True,ok,,2,58914e59c608ed4384ba6002e44c3465c58b2e71,48000
2965,resources/data/patches_factory/Basses/Static 1.fxp,factory,39143,cc918a21b471394a416e173148e77427695f7266,cc918a21b471394a416e173148e77427695f7266,True,ok,,3,58914e59c608ed4384ba6002e44c3465c58b2e71,48000
2966,resources/data/patches_factory/Basses/Static 2.fxp,factory,38578,30b1d9628603ae6c0edcc8bcf0e5670cab631822,30b1d9628603ae6c0edcc8bcf0e5670cab631822,True,ok,,3,58914e59c608ed4384ba6002e44c3465c58b2e71,48000
2967,resources/data/patches_factory/Basses/Stone.fxp,factory,30428,ea88f4a5bb55cb36206a2ab7e3e79867aed02ae8,ea88f4a5bb55cb36206a2ab7e3e79867aed02ae8,True,ok,,3,58914e59c608ed4384ba6002e44c3465c58b2e71,48000
2968,resources/data/patches_factory/Basses/Sub 1.fxp,factory,25259,4331d10e8c20c15d3810a00747b0d9242669bde0,4331d10e8c20c15d3810a00747b0d9242669bde0,True,ok,,2,58914e59c608ed4384ba6002e44c3465c58b2e71,48000
2969,resources/data/patches_factory/Basses/Sub 2.fxp,factory,31207,32abc39b3fd74243646591c5c7faa2d08cf0a49a,32abc39b3fd74243646591c5c7faa2d08cf0a49a,True,ok,,2,58914e59c608ed4384ba6002e44c3465c58b2e71,48000
2970,resources/data/patches_factory/Basses/Sub 3.fxp,factory,30633,4063076c2fc8957fcc6bb074bce840bb2c4ec047,4063076c2fc8957fcc6bb074bce840bb2c4ec047,True,ok,,2,58914e59c608ed4384ba6002e44c3465c58b2e71,48000
2971,resources/data/patches_factory/Basses/Sub 4.fxp,factory,30038,47d1db8a36d4ff57fa260b927a31f7fb199f755f,47d1db8a36d4ff57fa260b927a31f7fb199f755f,True,ok,,2,58914e59c608ed4384ba6002e44c3465c58b2e71,48000
2972,resources/data/patches_factory/Basses/Sub Square.fxp,factory,23198,de4ec8bd627907348e8b57db7b8138772997b250,de4ec8bd627907348e8b57db7b8138772997b250,True,ok,,2,58914e59c608ed4384ba6002e44c3465c58b2e71,48000
2973,resources/data/patches_factory/Basses/Tacky 1.fxp,factory,30984,6a8bd9fbc73022618cd90b64a264928b1f5d2427,6a8bd9fbc73022618cd90b64a264928b1f5d2427,True,ok,,2,58914e59c608ed4384ba6002e44c3465c58b2e71,48000
2974,resources/data/patches_factory/Basses/Tacky 2.fxp,factory,30913,07c05854b6c65682bfa0c81121bee8d022af24b4,07c05854b6c65682bfa0c81121bee8d022af24b4,True,ok,,3,58914e59c608ed4384ba6002e44c3465c58b2e71,48000
2975,resources/data/patches_factory/Basses/Theme.fxp,factory,39896,e8ee92711acbb2a096c1a7891b47cff944124f4b,e8ee92711acbb2a096c1a7891b47cff944124f4b,True,ok,,4,58914e59c608ed4384ba6002e44c3465c58b2e71,48000
2976,resources/data/patches_factory/Basses/WT Bass.fxp,factory,33134,a558fb81ad90166b4f491321d20d73e08d7d4a55,a558fb81ad90166b4f491321d20d73e08d7d4a55,True,ok,,3,58914e59c608ed4384ba6002e44c3465c58b2e71,48000
2977,resources/data/patches_factory/Basses/Wide Bassline.fxp,factory,31103,e5985dddc8d793b8da4b1d423d77b2b9f4864f3c,e5985dddc8d793b8da4b1d423d77b2b9f4864f3c,True,ok,,3,58914e59c608ed4384ba6002e44c3465c58b2e71,48000
2978,resources/data/patches_factory/Basses/Width.fxp,factory,32579,121ab900060f83cd7891fdf25caecf5fdab8b70e,121ab900060f83cd7891fdf25caecf5fdab8b70e,True,ok,,3,58914e59c608ed4384ba6002e44c3465c58b2e71,48000
2979,resources/data/patches_factory/Brass/Brassy.fxp,factory,25140,03f6a8abf27792e77462db2e4490e617260924a8,03f6a8abf27792e77462db2e4490e617260924a8,True,ok,,12,58914e59c608ed4384ba6002e44c3465c58b2e71,48000
2980,resources/data/patches_factory/Brass/Buggy Brass.fxp,factory,24598,74a2e379b1bfe8233317e48d663f6147ed238846,74a2e379b1bfe8233317e48d663f6147ed238846,True,ok,,10,58914e59c608ed4384ba6002e44c3465c58b2e71,48000
2981,resources/data/patches_factory/Brass/Crisp Noise Brass.fxp,factory,27935,da2b4fe84844b21c92f8d44bd97ebb0adec03872,da2b4fe84844b21c92f8d44bd97ebb0adec03872,True,ok,,3,58914e59c608ed4384ba6002e44c3465c58b2e71,48000
2982,resources/data/patches_factory/Brass/JX-10 Double Brass.fxp,factory,24956,20d28822c439bcb5127bf9b233a966f4e23ba671,20d28822c439bcb5127bf9b233a966f4e23ba671,True,ok,,14,58914e59c608ed4384ba6002e44c3465c58b2e71,48000
2983,resources/data/patches_factory/Brass/OB-8 Jump.fxp,factory,24953,d700f144c07f15e54ae6d1119431b7565722fcf1,d700f144c07f15e54ae6d1119431b7565722fcf1,True,ok,,10,58914e59c608ed4384ba6002e44c3465c58b2e71,48000
2984,resources/data/patches_factory/Brass/Plastic Brass.fxp,factory,27514,11fe094b2462c6f29ee964c2abbf96fa6a4745e2,11fe094b2462c6f29ee964c2abbf96fa6a4745e2,True,ok,,3,58914e59c608ed4384ba6002e44c3465c58b2e71,48000
2985,resources/data/patches_factory/Brass/Reso Brassy.fxp,factory,24957,aaf4ba97f8ed90e59eb864889a2c2d190c40f236,aaf4ba97f8ed90e59eb864889a2c2d190c40f236,True,ok,,21,58914e59c608ed4384ba6002e44c3465c58b2e71,48000
2986,resources/data/patches_factory/Brass/Synth Brass 1.fxp,factory,26954,dac58ed6650233912700db874971223336d1ac6c,dac58ed6650233912700db874971223336d1ac6c,True,ok,,15,58914e59c608ed4384ba6002e44c3465c58b2e71,48000
2987,resources/data/patches_factory/Brass/Synth Brass 2.fxp,factory,30627,7529ba6c58db8b0f3e0bca533dcd853c7af28da5,7529ba6c58db8b0f3e0bca533dcd853c7af28da5,True,ok,,12,58914e59c608ed4384ba6002e44c3465c58b2e71,48000
2988,resources/data/patches_factory/Brass/Synth Brass 3.fxp,factory,29969,169abad5a1d195399927718ce42c9f6f9b0d4688,169abad5a1d195399927718ce42c9f6f9b0d4688,True,ok,,145,58914e59c608ed4384ba6002e44c3465c58b2e71,48000
2989,resources/data/patches_factory/Brass/Toto Brass.fxp,factory,24956,4574f3d2d46751914225237c90c122c44637789d,4574f3d2d46751914225237c90c122c44637789d,True,ok,,15,58914e59c608ed4384ba6002e44c3465c58b2e71,48000
2990,resources/data/patches_factory/Chords/Inharmonic Stab.fxp,factory,23457,ad800ece3a26887ffa2705134cb766926899e83d,ad800ece3a26887ffa2705134cb766926899e83d,True,ok,,9,58914e59c608ed4384ba6002e44c3465c58b2e71,48000
2991,resources/data/patches_factory/Chords/Maj-Min Saw.fxp,factory,50078,692620d65a00d1f6274b163dee63508df7916147,692620d65a00d1f6274b163dee63508df7916147,True,ok,,4,58914e59c608ed4384ba6002e44c3465c58b2e71,48000
2992,resources/data/patches_factory/Chords/Maj-Min Stab.fxp,factory,23155,ec72fbe2d669c375153b0cdab3fe06ba71bb8a19,ec72fbe2d669c375153b0cdab3fe06ba71bb8a19,True,ok,,6,58914e59c608ed4384ba6002e44c3465c58b2e71,48000
2993,resources/data/patches_factory/Chords/Major 7 MkI.fxp,factory,31362,2dce205c6fa64703f22d97efe75ab46e02d4a044,2dce205c6fa64703f22d97efe75ab46e02d4a044,True,ok,,9,58914e59c608ed4384ba6002e44c3465c58b2e71,48000
2994,resources/data/patches_factory/Chords/Major 7 MkII.fxp,factory,31542,3bfc43d08397f853b73387967f2b6f9a50bfa943,3bfc43d08397f853b73387967f2b6f9a50bfa943,True,ok,,4,58914e59c608ed4384ba6002e44c3465c58b2e71,48000
2995,resources/data/patches_factory/Chords/Minor 7.fxp,factory,31362,2cf3e95cce99cf1c0e173c7038bf93b67dee1147,2cf3e95cce99cf1c0e173c7038bf93b67dee1147,True,ok,,10,58914e59c608ed4384ba6002e44c3465c58b2e71,48000
2996,resources/data/patches_factory/Chords/Minor Chord Retro Stab.fxp,factory,39577,088b1c599bd7d65385d19ddb831a6b74c010eb59,088b1c599bd7d65385d19ddb831a6b74c010eb59,True,ok,,8,58914e59c608ed4384ba6002e44c3465c58b2e71,48000
2997,resources/data/patches_factory/Chords/Tek Stab.fxp,factory,24165,d0ca99dd21f6a7c5c8e8aa4e9714ed3491bab7d6,d0ca99dd21f6a7c5c8e8aa4e9714ed3491bab7d6,True,ok,,5,58914e59c608ed4384ba6002e44c3465c58b2e71,48000
2998,resources/data/patches_factory/FX/Aggero.fxp,factory,41232,a23ec1b30cad4196a432d5dbe6bcfd62588b166d,a23ec1b30cad4196a432d5dbe6bcfd62588b166d,True,ok,,10,58914e59c608ed4384ba6002e44c3465c58b2e71,48000
2999,resources/data/patches_factory/FX/Alarm.fxp,factory,41154,e769de2bf0161696f344a87610bc781e82de4358,e769de2bf0161696f344a87610bc781e82de4358,True,ok,,9,58914e59c608ed4384ba6002e44c3465c58b2e71,48000
3000,resources/data/patches_factory/FX/Aliens.fxp,factory,89382,b011c4e2480d9fefdddd1820749634c3249c7863,b011c4e2480d9fefdddd1820749634c3249c7863,True,ok,,13,58914e59c608ed4384ba6002e44c3465c58b2e71,48000
3001,resources/data/patches_factory/FX/Bork.fxp,factory,39759,3e055296fa743af63d5302593b70b4f66b0c2e85,3e055296fa743af63d5302593b70b4f66b0c2e85,True,ok,,4,58914e59c608ed4384ba6002e44c3465c58b2e71,48000
3002,resources/data/patches_factory/FX/Busy.fxp,factory,23057,b1d2459b28904a31c88b55e9201fef46a4be6069,b1d2459b28904a31c88b55e9201fef46a4be6069,True,ok,,2,58914e59c608ed4384ba6002e44c3465c58b2e71,48000
3003,resources/data/patches_factory/FX/Chaotry.fxp,factory,40394,9fbae5f0c96296ed9651c54e38dad7924fd6a52e,9fbae5f0c96296ed9651c54e38dad7924fd6a52e,True,ok,,12,58914e59c608ed4384ba6002e44c3465c58b2e71,48000
3004,resources/data/patches_factory/FX/Crackling.fxp,factory,31824,6156f9f71bc477ae626fc57db1c9fa13a6a5a961,6156f9f71bc477ae626fc57db1c9fa13a6a5a961,True,ok,,3,58914e59c608ed4384ba6002e44c3465c58b2e71,48000
3005,resources/data/patches_factory/FX/DTMF.fxp,factory,23688,c566e90e7e78f7da17c72690a3cb92390bd315f5,c566e90e7e78f7da17c72690a3cb92390bd315f5,True,ok,,2,58914e59c608ed4384ba6002e44c3465c58b2e71,48000
3006,resources/data/patches_factory/FX/Damage Dealer.fxp,factory,24073,b92735ffe4c0a34845a5f91f4825ca6d73149886,b92735ffe4c0a34845a5f91f4825ca6d73149886,True,ok,,2,58914e59c608ed4384ba6002e44c3465c58b2e71,48000
3007,resources/data/patches_factory/FX/Die-ie-ie.fxp,factory,23380,1fe0858ba09f23f60bdfb23593bee0fa56d87209,1fe0858ba09f23f60bdfb23593bee0fa56d87209,True,ok,,2,58914e59c608ed4384ba6002e44c3465c58b2e71,48000
3008,resources/data/patches_factory/FX/Dishonest.fxp,factory,48683,bf12ec7924ecadb29ff4b39b9f1eea35173eda70,bf12ec7924ecadb29ff4b39b9f1eea35173eda70,True,ok,,3,58914e59c608ed4384ba6002e44c3465c58b2e71,48000
3009,resources/data/patches_factory/FX/Evil Sucker Seq.fxp,factory,24607,022a4cb0a0ca1eaa3543e42eefdd765ffa5417b8,022a4cb0a0ca1eaa3543e42eefdd765ffa5417b8,True,ok,,3,58914e59c608ed4384ba6002e44c3465c58b2e71,48000
3010,resources/data/patches_factory/FX/Fireworks.fxp,factory,31992,2a799b6ca5f72d3d52c77c4ede61b601e24fd14a,2a799b6ca5f72d3d52c77c4ede61b601e24fd14a,True,ok,,3,58914e59c608ed4384ba6002e44c3465c58b2e71,48000
3011,resources/data/patches_factory/FX/Fry's Holophoner.fxp,factory,31252,34dac05c92d2ae65886e1f12d02a1a07eb7bd251,34dac05c92d2ae65886e1f12d02a1a07eb7bd251,True,ok,,3,58914e59c608ed4384ba6002e44c3465c58b2e71,48000
3012,resources/data/patches_factory/FX/Geiger.fxp,factory,31259,8aac04d5244a3d258fc1d5ab46df808ab2b7f2db,8aac04d5244a3d258fc1d5ab46df808ab2b7f2db,True,ok,,3,58914e59c608ed4384ba6002e44c3465c58b2e71,48000
3013,resources/data/patches_factory/FX/Harm.fxp,factory,23596,b1ed14d96e7002617ad83261dfe6866a98393aec,b1ed14d96e7002617ad83261dfe6866a98393aec,True,ok,,4,58914e59c608ed4384ba6002e44c3465c58b2e71,48000
3014,resources/data/patches_factory/FX/Health Care.fxp,factory,50272,bb9d214e22f1e6e64aff98417472d3935c1a9adc,bb9d214e22f1e6e64aff98417472d3935c1a9adc,True,ok,,6,58914e59c608ed4384ba6002e44c3465c58b2e71,48000
3015,resources/data/patches_factory/FX/Metal Pluck.fxp,factory,23673,847830043e33d0bc7ac3a0c89ddefc1e032f9ec8,847830043e33d0bc7ac3a0c89ddefc1e032f9ec8,True,ok,,3,58914e59c608ed4384ba6002e44c3465c58b2e71,48000
3016,resources/data/patches_factory/FX/Radio Noise.fxp,factory,39839,7356a8b4cada5d9a100360826674c77ec98a90ce,7356a8b4cada5d9a100360826674c77ec98a90ce,True,ok,,3,58914e59c608ed4384ba6002e44c3465c58b2e71,48000
3017,resources/data/patches_factory/FX/Rather Low.fxp,factory,23856,bf4571b5d7ecd768eadca613dfc47842eaaceced,bf4571b5d7ecd768eadca613dfc47842eaaceced,True,ok,,2,58914e59c608ed4384ba6002e44c3465c58b2e71,48000
3018,resources/data/patches_factory/FX/Space Adventure 1.fxp,factory,24083,33d0b41553602430e8eed05a23700f425de1149e,33d0b41553602430e8eed05a23700f425de1149e,True,ok,,2,58914e59c608ed4384ba6002e44c3465c58b2e71,48000
3019,resources/data/patches_factory/FX/Space Adventure 2.fxp,factory,25270,2c2addd0e57517a99470e923ccf2d734c46c03fa,2c2addd0e57517a99470e923ccf2d734c46c03fa,True,ok,,2,58914e59c608ed4384ba6002e44c3465c58b2e71,48000
3020,resources/data/patches_factory/FX/Space Cadet.fxp,factory,24090,a7ed87b4185cf7f693e3afc0fb6654effc05ccf8,a7ed87b4185cf7f693e3afc0fb6654effc05ccf8,True,ok,,2,58914e59c608ed4384ba6002e44c3465c58b2e71,48000
3021,resources/data/patches_factory/FX/Spooky Fish.fxp,factory,260067,89ee248ca88bb1ecbc7f1dd6b88691febe17c109,89ee248ca88bb1ecbc7f1dd6b88691febe17c109,True,ok,,16,58914e59c608ed4384ba6002e44c3465c58b2e71,48000
3022,resources/data/patches_factory/FX/Unsettler.fxp,factory,23662,1d9731c0b3926d0211a7bd7f01616cb07c8e5d55,1d9731c0b3926d0211a7bd7f01616cb07c8e5d55,True,ok,,2,58914e59c608ed4384ba6002e44c3465c58b2e71,48000
3023,resources/data/patches_factory/FX/Vinyl.fxp,factory,23074,7e1be047f88c928855f81e60f906aab80e0acbfd,7e1be047f88c928855f81e60f906aab80e0acbfd,True,ok,,2,58914e59c608ed4384ba6002e44c3465c58b2e71,48000
3024,resources/data/patches_factory/FX/XG Stardust.fxp,factory,32032,762c527aa68b480dc0d54abcf65e477e09f4faed,762c527aa68b480dc0d54abcf65e477e09f4faed,True,ok,,3,58914e59c608ed4384ba6002e44c3465c58b2e71,48000
3025,resources/data/patches_factory/Keys/Artificial 1.fxp,factory,39031,d1bdfd140a045a76a7150d5baf8b973a6a815222,d1bdfd140a045a76a7150d5baf8b973a6a815222,True,ok,,3,58914e59c608ed4384ba6002e44c3465c58b2e71,48000
3026,resources/data/patches_factory/Keys/Artificial 2.fxp,factory,39086,c0e1d225e737ef162e01842ea5187afc826b6636,c0e1d225e737ef162e01842ea5187afc826b6636,True,ok,,5,58914e59c608ed4384ba6002e44c3465c58b2e71,48000
3027,resources/data/patches_factory/Keys/Church.fxp,factory,26791,32b1368c77d0464a74bdc01cee606c6aa43188f6,32b1368c77d0464a74bdc01cee606c6aa43188f6,True,ok,,2,58914e59c608ed4384ba6002e44c3465c58b2e71,48000
3028,resources/data/patches_factory/Keys/Circus 1.fxp,factory,23648,652e7771c03745fc51a444d2d1c586f3ae27234f,652e7771c03745fc51a444d2d1c586f3ae27234f,True,ok,,2,58914e59c608ed4384ba6002e44c3465c58b2e71,48000
3029,resources/data/patches_factory/Keys/Circus 2.fxp,factory,23694,307f71ba7e938cf7e947da6a006257042f8e9d17,307f71ba7e938cf7e947da6a006257042f8e9d17,True,ok,,3,58914e59c608ed4384ba6002e44c3465c58b2e71,48000
3030,resources/data/patches_factory/Keys/DX EP.fxp,factory,24480,3b454b9957f1067fcbdd100ef6738b96f551c025,3b454b9957f1067fcbdd100ef6738b96f551c025,True,ok,,3,58914e59c608ed4384ba6002e44c3465c58b2e71,48000
3031,resources/data/patches_factory/Keys/Digi Harpsi.fxp,factory,31845,2a57ab1422b47ba0e519ed333fed7b1c4d15694d,2a57ab1422b47ba0e519ed333fed7b1c4d15694d,True,ok,,3,58914e59c608ed4384ba6002e44c3465c58b2e71,48000
3032,resources/data/patches_factory/Keys/Dirt.fxp,factory,40173,9f0081baf11fe6879f61b334157cfebd9e6c528d,9f0081baf11fe6879f61b334157cfebd9e6c528d,True,ok,,3,58914e59c608ed4384ba6002e44c3465c58b2e71,48000
3033,resources/data/patches_factory/Keys/EP 1.fxp,factory,25798,8bc188101e2fdec89e119405f0d92953d718ca26,8bc188101e2fdec89e119405f0d92953d718ca26,True,ok,,3,58914e59c608ed4384ba6002e44c3465c58b2e71,48000
3034,resources/data/patches_factory/Keys/EP 2.fxp,factory,26362,cf9d12c9b307aa3c2edf1183406e6e069cc7099b,cf9d12c9b307aa3c2edf1183406e6e069cc7099b,True,ok,,2,58914e59c608ed4384ba6002e44c3465c58b2e71,48000
3035,resources/data/patches_factory/Keys/Experiment.fxp,factory,156157,a56f19227fa1cd66ec0b814d90dbc20d456ea849,a56f19227fa1cd66ec0b814d90dbc20d456ea849,True,ok,,119,58914e59c608ed4384ba6002e44c3465c58b2e71,48000
3036,resources/data/patches_factory/Keys/House Organ.fxp,factory,27996,bbed52cad49902d88d44d9474f1fb227ce36124a,bbed52cad49902d88d44d9474f1fb227ce36124a,True,ok,,8,58914e59c608ed4384ba6002e44c3465c58b2e71,48000
3037,resources/data/patches_factory/Keys/Organ 1.fxp,factory,28937,ea5cc3a4e65a19aaaf0c146e355236178d97c8e5,ea5cc3a4e65a19aaaf0c146e355236178d97c8e5,True,ok,,10,58914e59c608ed4384ba6002e44c3465c58b2e71,48000
3038,resources/data/patches_factory/Keys/Organ 2.fxp,factory,24607,527571b01e34ebd96e8fbe398cfb802ef0e32a3b,527571b01e34ebd96e8fbe398cfb802ef0e32a3b,True,ok,,2,58914e59c608ed4384ba6002e44c3465c58b2e71,48000
3039,resources/data/patches_factory/Keys/Organ 3.fxp,factory,56808,85fb17ca0b41e90b9208cbb20dc51a53a16c6287,85fb17ca0b41e90b9208cbb20dc51a53a16c6287,True,ok,,10,58914e59c608ed4384ba6002e44c3465c58b2e71,48000
3040,resources/data/patches_factory/Keys/Soft Suitcase.fxp,factory,24475,d3f828bf584448a1bddab2e1142380a1fc212de4,d3f828bf584448a1bddab2e1142380a1fc212de4,True,ok,,17,58914e59c608ed4384ba6002e44c3465c58b2e71,48000
3041,resources/data/patches_factory/Leads/Acidofil.fxp,factory,31543,ef2e5dbe702656240fcf579a98d1b849fd1cafcd,ef2e5dbe702656240fcf579a98d1b849fd1cafcd,True,ok,,12,58914e59c608ed4384ba6002e44c3465c58b2e71,48000
3042,resources/data/patches_factory/Leads/Agroculture.fxp,factory,32148,caebfa768598cd6f9af10bf5a45343bfc0ccfea3,caebfa768598cd6f9af10bf5a45343bfc0ccfea3,True,ok,,19,58914e59c608ed4384ba6002e44c3465c58b2e71,48000
3043,resources/data/patches_factory/Leads/Asymptote.fxp,factory,32062,cdce5fd6c0ae5ddd54cd3251819838bf9bafc281,cdce5fd6c0ae5ddd54cd3251819838bf9bafc281,True,ok,,8,58914e59c608ed4384ba6002e44c3465c58b2e71,48000
3044,resources/data/patches_factory/Leads/Bad Childhood.fxp,factory,31598,c6666b7dbaf0fcad554fe6733b52984497ef1a8a,c6666b7dbaf0fcad554fe6733b52984497ef1a8a,True,ok,,5,58914e59c608ed4384ba6002e44c3465c58b2e71,48000
3045,resources/data/patches_factory/Leads/Banjo Remains.fxp,factory,35537,0fb13e51d67f3fb5f26fc6e51157bfe92c9cbd8d,0fb13e51d67f3fb5f26fc6e51157bfe92c9cbd8d,True,ok,,9,58914e59c608ed4384ba6002e44c3465c58b2e71,48000
3046,resources/data/patches_factory/Leads/Banter.fxp,factory,31871,d487dbe2aa21c4522c43508e8ad4da4d62a7efe4,d487dbe2aa21c4522c43508e8ad4da4d62a7efe4,True,ok,,4,58914e59c608ed4384ba6002e44c3465c58b2e71,48000
3047,resources/data/patches_factory/Leads/Bee.fxp,factory,31481,c02aa879ecbc44caaaabf8a57d7620593dc6e8f8,c02aa879ecbc44caaaabf8a57d7620593dc6e8f8,True,ok,,6,58914e59c608ed4384ba6002e44c3465c58b2e71,48000
3048,resources/data/patches_factory/Leads/Bitten.fxp,factory,30426,e3267537a00470fbdee4d395b4a25747ca07bdeb,e3267537a00470fbdee4d395b4a25747ca07bdeb,True,ok,,44,58914e59c608ed4384ba6002e44c3465c58b2e71,48000
3049,resources/data/patches_factory/Leads/Boll.fxp,factory,30981,c591d1b22f22dfed32ee4c1e1f2915d6d7cb0c62,c591d1b22f22dfed32ee4c1e1f2915d6d7cb0c62,True,ok,,3,58914e59c608ed4384ba6002e44c3465c58b2e71,48000
3050,resources/data/patches_factory/Leads/Broken One.fxp,factory,30818,391ac50a4592ca032f2ed2f147819ed25dd91a20,391ac50a4592ca032f2ed2f147819ed25dd91a20,True,ok,,3,58914e59c608ed4384ba6002e44c3465c58b2e71,48000
3051,resources/data/patches_factory/Leads/Butter.fxp,factory,30971,eaa530680fe03956a17f6d9900a29e3c278e20a0,eaa530680fe03956a17f6d9900a29e3c278e20a0,True,ok,,3,58914e59c608ed4384ba6002e44c3465c58b2e71,48000
3052,resources/data/patches_factory/Leads/Caveman.fxp,factory,31786,14c24aa5fc3922dab49860010cddd5e45e4d9ab6,14c24aa5fc3922dab49860010cddd5e45e4d9ab6,True,ok,,4,58914e59c608ed4384ba6002e44c3465c58b2e71,48000
3053,resources/data/patches_factory/Leads/Cell.fxp,factory,47736,b9f93704be52b0ccd6a4bf02a57fe8058bab597c,b9f93704be52b0ccd6a4bf02a57fe8058bab597c,True,ok,,4,58914e59c608ed4384ba6002e44c3465c58b2e71,48000
3054,resources/data/patches_factory/Leads/Chatter.fxp,factory,31853,13770de5f3d8c4c9669f83be9621005d53a0646b,13770de5f3d8c4c9669f83be9621005d53a0646b,True,ok,,3,58914e59c608ed4384ba6002e44c3465c58b2e71,48000
3055,resources/data/patches_factory/Leads/Classic Lead 1.fxp,factory,30393,d72e83c6a03db7a534a4395ed37d0e56b8dc0a13,d72e83c6a03db7a534a4395ed37d0e56b8dc0a13,True,ok,,2,58914e59c608ed4384ba6002e44c3465c58b2e71,48000
3056,resources/data/patches_factory/Leads/Classic Lead 2.fxp,factory,31193,6ddaf549d39de7de0113c532bdf3022662c1785c,6ddaf549d39de7de0113c532bdf3022662c1785c,True,ok,,3,58914e59c608ed4384ba6002e44c3465c58b2e71,48000
3057,resources/data/patches_factory/Leads/Classical.fxp,factory,31969,c1fad3ac0051ea690445605f1353e763248c1cb5,c1fad3ac0051ea690445605f1353e763248c1cb5,True,ok,,3,58914e59c608ed4384ba6002e44c3465c58b2e71,48000
3058,resources/data/patches_factory/Leads/Clean Shit.fxp,factory,38475,e04c9a36d60ef8b7e878d8e5ac41cb5b821f5bac,e04c9a36d60ef8b7e878d8e5ac41cb5b821f5bac,True,ok,,3,58914e59c608ed4384ba6002e44c3465c58b2e71,48000
3059,resources/data/patches_factory/Leads/Condom.fxp,factory,31055,d519033a88fe7d4df80163f61c3e9b0af08c413e,d519033a88fe7d4df80163f61c3e9b0af08c413e,True,ok,,2,58914e59c608ed4384ba6002e44c3465c58b2e71,48000
3060,resources/data/patches_factory/Leads/Cottage.fxp,factory,64693,130764e970b7ddf800685ed12ddb07414a1fe3e4,130764e970b7ddf800685ed12ddb07414a1fe3e4,True,ok,,5,58914e59c608ed4384ba6002e44c3465c58b2e71,48000
3061,resources/data/patches_factory/Leads/Cray.fxp,factory,32313,45265da1787856b69d9afe4067e224656ee59f99,45265da1787856b69d9afe4067e224656ee59f99,True,ok,,4,58914e59c608ed4384ba6002e44c3465c58b2e71,48000
3062,resources/data/patches_factory/Leads/Crisp PWM.fxp,factory,48283,abdf280ee3f1f1e7b7b9a68077a70f67fd97e5fa,abdf280ee3f1f1e7b7b9a68077a70f67fd97e5fa,True,ok,,4,58914e59c608ed4384ba6002e44c3465c58b2e71,48000
3063,resources/data/patches_factory/Leads/DNA Sequencer.fxp,factory,31695,477b24e9e41e0b0dc93fa061d6ef1a873a4a449a,477b24e9e41e0b0dc93fa061d6ef1a873a4a449a,True,ok,,3,58914e59c608ed4384ba6002e44c3465c58b2e71,48000
3064,resources/data/patches_factory/Leads/Digi It.fxp,factory,30819,b9e43f8c64c1512e1dc5345740f0210ace450a9f,b9e43f8c64c1512e1dc5345740f0210ace450a9f,True,ok,,3,58914e59c608ed4384ba6002e44c3465c58b2e71,48000
3065,resources/data/patches_factory/Leads/Digi Portalead.fxp,factory,31109,3a7e2e760f8343e9dbeed1894611294f464f8932,3a7e2e760f8343e9dbeed1894611294f464f8932,True,ok,,3,58914e59c608ed4384ba6002e44c3465c58b2e71,48000
3066,resources/data/patches_factory/Leads/Distortionworks.fxp,factory,32701,7d344e65d1e92aac501029fe086a96692392da4a,7d344e65d1e92aac501029fe086a96692392da4a,True,ok,,3,58914e59c608ed4384ba6002e44c3465c58b2e71,48000
3067,resources/data/patches_factory/Leads/Dome.fxp,factory,30844,9499db1db8b18656bc4b96af8e90c8336bfcb322,9499db1db8b18656bc4b96af8e90c8336bfcb322,True,ok,,2,58914e59c608ed4384ba6002e44c3465c58b2e71,48000
3068,resources/data/patches_factory/Leads/Duck and Cover.fxp,factory,31941,481994a6396b0f774b66e996487bac26a4048bad,481994a6396b0f774b66e996487bac26a4048bad,True,ok,,3,58914e59c608ed4384ba6002e44c3465c58b2e71,48000
3069,resources/data/patches_factory/Leads/Eight.fxp,factory,29981,4b565f32e1cda491b88e09211d0efdd15a2e2ac5,4b565f32e1cda491b88e09211d0efdd15a2e2ac5,True,ok,,3,58914e59c608ed4384ba6002e44c3465c58b2e71,48000
3070,resources/data/patches_factory/Leads/Etwas.fxp,factory,31623,c94aa07e9e230eb0d87bdcbb8491421b133e32ec,c94aa07e9e230eb0d87bdcbb8491421b133e32ec,True,ok,,130,58914e59c608ed4384ba6002e44c3465c58b2e71,48000
3071,resources/data/patches_factory/Leads/FM Is Growing On Me.fxp,factory,30879,924f29e05f98caac3424213d5f34059c84dc4c92,924f29e05f98caac3424213d5f34059c84dc4c92,True,ok,,22,58914e59c608ed4384ba6002e44c3465c58b2e71,48000
3072,resources/data/patches_factory/Leads/FM Rock.fxp,factory,28797,3ebbe574e34264b4ac810e84ce8c62750ffec830,3ebbe574e34264b4ac810e84ce8c62750ffec830,True,ok,,11,58914e59c608ed4384ba6002e44c3465c58b2e71,48000
3073,resources/data/patches_factory/Leads/Fairy.fxp,factory,39872,e0e713051f6880933785ed7bc3046c755d530224,e0e713051f6880933785ed7bc3046c755d530224,True,ok,,5,58914e59c608ed4384ba6002e44c3465c58b2e71,48000
3074,resources/data/patches_factory/Leads/Flawed Science.fxp,factory,31635,1fa69e0e96cf4cd3878ca408612b6a0a55ac785d,1fa69e0e96cf4cd3878ca408612b6a0a55ac785d,True,ok,,16,58914e59c608ed4384ba6002e44c3465c58b2e71,48000
3075,resources/data/patches_factory/Leads/Fluff.fxp,factory,30809,726e8493086eb29a4422eea5d2243456cdd37243,726e8493086eb29a4422eea5d2243456cdd37243,True,ok,,3,58914e59c608ed4384ba6002e44c3465c58b2e71,48000
3076,resources/data/patches_factory/Leads/Formant Pulse.fxp,factory,39588,828327d88dd8e876b56fbfda77bec71c745108f8,828327d88dd8e876b56fbfda77bec71c745108f8,True,ok,,3,58914e59c608ed4384ba6002e44c3465c58b2e71,48000
3077,resources/data/patches_factory/Leads/Fuji.fxp,factory,31859,3e57d54b7661736a3502d5931eeafb82c778a612,3e57d54b7661736a3502d5931eeafb82c778a612,True,ok,,8,58914e59c608ed4384ba6002e44c3465c58b2e71,48000
3078,resources/data/patches_factory/Leads/Fundament.fxp,factory,46512,10c0bf62d19baff712a71d6bb731b3ab42ea753f,10c0bf62d19baff712a71d6bb731b3ab42ea753f,True,ok,,3,58914e59c608ed4384ba6002e44c3465c58b2e71,48000
3079,resources/data/patches_factory/Leads/Fyllo Dual.fxp,factory,32005,6bf0a736f00295b8b5b2968c9e39c3fd1f071e26,6bf0a736f00295b8b5b2968c9e39c3fd1f071e26,True,ok,,2,58914e59c608ed4384ba6002e44c3465c58b2e71,48000
3080,resources/data/patches_factory/Leads/Gallium Arsenic.fxp,factory,47649,6f7bec1927c1f682e70ec96552ab4fbe2857f56a,6f7bec1927c1f682e70ec96552ab4fbe2857f56a,True,ok,,3,58914e59c608ed4384ba6002e44c3465c58b2e71,48000
3081,resources/data/patches_factory/Leads/Generic.fxp,factory,31954,5261a7ace6219dae995a6044ef6454fe1529d562,5261a7ace6219dae995a6044ef6454fe1529d562,True,ok,,2,58914e59c608ed4384ba6002e44c3465c58b2e71,48000
3082,resources/data/patches_factory/Leads/Gliss Lead.fxp,factory,95836,8f68fe872ddac2142fa200e077cff0d3bc7e6f45,8f68fe872ddac2142fa200e077cff0d3bc7e6f45,True,ok,,16,58914e59c608ed4384ba6002e44c3465c58b2e71,48000
3083,resources/data/patches_factory/Leads/Harsh.fxp,factory,32059,b8efae2674d9ac64950fc965504a7b450337e9df,b8efae2674d9ac64950fc965504a7b450337e9df,True,ok,,6,58914e59c608ed4384ba6002e44c3465c58b2e71,48000
3084,resources/data/patches_factory/Leads/Harsher.fxp,factory,32319,58547da52e68e00be72dcbb47650ccec9c5b8ca7,58547da52e68e00be72dcbb47650ccec9c5b8ca7,True,ok,,3,58914e59c608ed4384ba6002e44c3465c58b2e71,48000
3085,resources/data/patches_factory/Leads/Hippo.fxp,factory,30982,523be7881fd2bafd4b4dc0b07438983e8b595377,523be7881fd2bafd4b4dc0b07438983e8b595377,True,ok,,2,58914e59c608ed4384ba6002e44c3465c58b2e71,48000
3086,resources/data/patches_factory/Leads/Hof.fxp,factory,31816,3366f2a672043908aadb5dd0896917e1157f21eb,3366f2a672043908aadb5dd0896917e1157f21eb,True,ok,,13,58914e59c608ed4384ba6002e44c3465c58b2e71,48000
3087,resources/data/patches_factory/Leads/In The Distance.fxp,factory,31557,a15e0ed2223fc24173cddb7d1e3b146a67248f1d,a15e0ed2223fc24173cddb7d1e3b146a67248f1d,True,ok,,3,58914e59c608ed4384ba6002e44c3465c58b2e71,48000
3088,resources/data/patches_factory/Leads/Kilkenny.fxp,factory,48222,a40150c7869ec0299a153cd262db7ed89dfdd5d1,a40150c7869ec0299a153cd262db7ed89dfdd5d1,True,ok,,4,58914e59c608ed4384ba6002e44c3465c58b2e71,48000
3089,resources/data/patches_factory/Leads/Koala 1.fxp,factory,30828,1902375e4defedcabad44d2249df48c724147d3e,1902375e4defedcabad44d2249df48c724147d3e,True,ok,,3,58914e59c608ed4384ba6002e44c3465c58b2e71,48000
3090,resources/data/patches_factory/Leads/Koala 2.fxp,factory,30652,a4bdd34c211bcfbc3652389c0100e74e4263deb2,a4bdd34c211bcfbc3652389c0100e74e4263deb2,True,ok,,3,58914e59c608ed4384ba6002e44c3465c58b2e71,48000
3091,resources/data/patches_factory/Leads/Kurasu.fxp,factory,31052,7df97955363e0faa13c695b06cfa7063117f446a,7df97955363e0faa13c695b06cfa7063117f446a,True,ok,,2,58914e59c608ed4384ba6002e44c3465c58b2e71,48000
3092,resources/data/patches_factory/Leads/Labcoat.fxp,factory,31713,3668f53e92e55bc369320bff394db2aef841be8d,3668f53e92e55bc369320bff394db2aef841be8d,True,ok,,3,58914e59c608ed4384ba6002e44c3465c58b2e71,48000
3093,resources/data/patches_factory/Leads/Later.fxp,factory,101496,f5baca22a8e823a69a8841232b1c4ad57ee631d2,f5baca22a8e823a69a8841232b1c4ad57ee631d2,True,ok,,8,58914e59c608ed4384ba6002e44c3465c58b2e71,48000
3094,resources/data/patches_factory/Leads/Legoland.fxp,factory,34184,e2fbbde81ef6b6e7aa18cac46dd2e15e9457fd71,e2fbbde81ef6b6e7aa18cac46dd2e15e9457fd71,True,ok,,3,58914e59c608ed4384ba6002e44c3465c58b2e71,48000
3095,resources/data/patches_factory/Leads/Lera.fxp,factory,47697,f7b0c4748f23bf56a130cf41bf1c77c74338b61e,f7b0c4748f23bf56a130cf41bf1c77c74338b61e,True,ok,,4,58914e59c608ed4384ba6002e44c3465c58b2e71,48000
3096,resources/data/patches_factory/Leads/Light.fxp,factory,31494,24cff8a21f5e651f7a9be74815015d404d952f18,24cff8a21f5e651f7a9be74815015d404d952f18,True,ok,,3,58914e59c608ed4384ba6002e44c3465c58b2e71,48000
3097,resources/data/patches_factory/Leads/Log Log.fxp,factory,31936,79c894a7fcb09af6d7d866479df63cb315c730ae,79c894a7fcb09af6d7d866479df63cb315c730ae,True,ok,,3,58914e59c608ed4384ba6002e44c3465c58b2e71,48000
3098,resources/data/patches_factory/Leads/Long Stocking.fxp,factory,31623,f1646a59de153e5412ddd61ca8ade848ad917938,f1646a59de153e5412ddd61ca8ade848ad917938,True,ok,,2,58914e59c608ed4384ba6002e44c3465c58b2e71,48000
3099,resources/data/patches_factory/Leads/Markov.fxp,factory,48337,b95432be2e5751a3312b5b1de603473c818ff9f3,b95432be2e5751a3312b5b1de603473c818ff9f3,True,ok,,4,58914e59c608ed4384ba6002e44c3465c58b2e71,48000
3100,resources/data/patches_factory/Leads/Moogy Saw.fxp,factory,31333,c2e05255fc6949669e4d4351e8ce134115e9c1eb,c2e05255fc6949669e4d4351e8ce134115e9c1eb,True,ok,,3,58914e59c608ed4384ba6002e44c3465c58b2e71,48000
3101,resources/data/patches_factory/Leads/Mosquito.fxp,factory,54117,b4b4585b5e29f018e0bdda3e4ee68a12df3722da,b4b4585b5e29f018e0bdda3e4ee68a12df3722da,True,ok,,5,58914e59c608ed4384ba6002e44c3465c58b2e71,48000
3102,resources/data/patches_factory/Leads/Motion.fxp,factory,31110,13aabf17200f2d3d99eff352683fb22a8ae8453e,13aabf17200f2d3d99eff352683fb22a8ae8453e,True,ok,,3,58914e59c608ed4384ba6002e44c3465c58b2e71,48000
3103,resources/data/patches_factory/Leads/Mundane.fxp,factory,31010,0b980f8447bffe7e9258dd43495b2dbc9e536653,0b980f8447bffe7e9258dd43495b2dbc9e536653,True,ok,,2,58914e59c608ed4384ba6002e44c3465c58b2e71,48000
3104,resources/data/patches_factory/Leads/Nastyfication.fxp,factory,39796,c9b5ac73943d8914841f3bef4c73444f9396b305,c9b5ac73943d8914841f3bef4c73444f9396b305,True,ok,,4,58914e59c608ed4384ba6002e44c3465c58b2e71,48000
3105,resources/data/patches_factory/Leads/Not Nearly As Harsh.fxp,factory,31352,76582c79159d142ebd91a90741b9e649ed70dac3,76582c79159d142ebd91a90741b9e649ed70dac3,True,ok,,2,58914e59c608ed4384ba6002e44c3465c58b2e71,48000
3106,resources/data/patches_factory/Leads/Octave Dodger.fxp,factory,32682,7661f35712ac3daf91d537d1490bbaf3714a5096,7661f35712ac3daf91d537d1490bbaf3714a5096,True,ok,,2,58914e59c608ed4384ba6002e44c3465c58b2e71,48000
3107,resources/data/patches_factory/Leads/Oldest Trick In The Book MW.fxp,factory,30833,6afd26f11e00cb8f56dc11444ad4836d0eb3e28b,6afd26f11e00cb8f56dc11444ad4836d0eb3e28b,True,ok,,3,58914e59c608ed4384ba6002e44c3465c58b2e71,48000
3108,resources/data/patches_factory/Leads/Organ Donor.fxp,factory,36118,df8d8a955e8e94a430f6858c1e3193e5eeaaf620,df8d8a955e8e94a430f6858c1e3193e5eeaaf620,True,ok,,3,58914e59c608ed4384ba6002e44c3465c58b2e71,48000
3109,resources/data/patches_factory/Leads/Owl.fxp,factory,31155,3d46a283bc8b6aedc8a1abb23ac66027f983ecce,3d46a283bc8b6aedc8a1abb23ac66027f983ecce,True,ok,,2,58914e59c608ed4384ba6002e44c3465c58b2e71,48000
3110,resources/data/patches_factory/Leads/Panda.fxp,factory,32335,dea1d888d94c2f05987dcf9552e250536c39469f,dea1d888d94c2f05987dcf9552e250536c39469f,True,ok,,3,58914e59c608ed4384ba6002e44c3465c58b2e71,48000
3111,resources/data/patches_factory/Leads/Pet.fxp,factory,40308,a001f53bf10f6d7f3dec3066207a81b1c7b8936f,a001f53bf10f6d7f3dec3066207a81b1c7b8936f,True,ok,,4,58914e59c608ed4384ba6002e44c3465c58b2e71,48000
3112,resources/data/patches_factory/Leads/Phase Pass.fxp,factory,31567,5218b18520f12f95fcfd9fd74102b175ef04d33a,5218b18520f12f95fcfd9fd74102b175ef04d33a,True,ok,,3,58914e59c608ed4384ba6002e44c3465c58b2e71,48000
3113,resources/data/patches_factory/Leads/Photon.fxp,factory,32953,b9c387429f28bde354b77c61c1b91577e83c3e0b,b9c387429f28bde354b77c61c1b91577e83c3e0b,True,ok,,3,58914e59c608ed4384ba6002e44c3465c58b2e71,48000
3114,resources/data/patches_factory/Leads/Play Nice.fxp,factory,31599,4aa9e5377f65abd5ce6ea2e4b8b9cef846e562ab,4aa9e5377f65abd5ce6ea2e4b8b9cef846e562ab,True,ok,,3,58914e59c608ed4384ba6002e44c3465c58b2e71,48000
3115,resources/data/patches_factory/Leads/Probability.fxp,factory,31941,858168c4337943ff7185443b34a993e672f7013f,858168c4337943ff7185443b34a993e672f7013f,True,ok,,3,58914e59c608ed4384ba6002e44c3465c58b2e71,48000
3116,resources/data/patches_factory/Leads/Qealchee.fxp,factory,31091,dc67d54e7fd6d76b3c585e47ef55f5eb85b1e5ab,dc67d54e7fd6d76b3c585e47ef55f5eb85b1e5ab,True,ok,,3,58914e59c608ed4384ba6002e44c3465c58b2e71,48000
3117,resources/data/patches_factory/Leads/Quick Basic.fxp,factory,24404,aad226d5aaa97de912a59ebbcd56e2c49e12ec8f,aad226d5aaa97de912a59ebbcd56e2c49e12ec8f,True,ok,,9,58914e59c608ed4384ba6002e44c3465c58b2e71,48000
3118,resources/data/patches_factory/Leads/Quirp.fxp,factory,30902,0d5dd0a391ef18aed188c6d67a769a2fc6e9babd,0d5dd0a391ef18aed188c6d67a769a2fc6e9babd,True,ok,,7,58914e59c608ed4384ba6002e44c3465c58b2e71,48000
3119,resources/data/patches_factory/Leads/Quiz.fxp,factory,30561,05d063ed74fc4615ebaf128319375a26882d98f0,05d063ed74fc4615ebaf128319375a26882d98f0,True,ok,,7,58914e59c608ed4384ba6002e44c3465c58b2e71,48000
3120,resources/data/patches_factory/Leads/Radon.fxp,factory,31831,9a4437ea997c24ca85e3ce989925e4e8210ec040,9a4437ea997c24ca85e3ce989925e4e8210ec040,True,ok,,10,58914e59c608ed4384ba6002e44c3465c58b2e71,48000
3121,resources/data/patches_factory/Leads/Resofest 1.fxp,factory,31647,eef94c93a875b050a585ffd48c3ad6eb13695037,eef94c93a875b050a585ffd48c3ad6eb13695037,True,ok,,7,58914e59c608ed4384ba6002e44c3465c58b2e71,48000
3122,resources/data/patches_factory/Leads/Resofest 2.fxp,factory,31715,efbc36f8abca7dc7ae4099030e0280086e6c12e6,efbc36f8abca7dc7ae4099030e0280086e6c12e6,True,ok,,2,58914e59c608ed4384ba6002e44c3465c58b2e71,48000
3123,resources/data/patches_factory/Leads/Resofest 3.fxp,factory,30906,bc0766d814a3cc0cec1af50722709eb881dec323,bc0766d814a3cc0cec1af50722709eb881dec323,True,ok,,6,58914e59c608ed4384ba6002e44c3465c58b2e71,48000
3124,resources/data/patches_factory/Leads/Resofest 4.fxp,factory,31578,986ddec2fe37f73f08edd453d69ceec073eb8a7d,986ddec2fe37f73f08edd453d69ceec073eb8a7d,True,ok,,3,58914e59c608ed4384ba6002e44c3465c58b2e71,48000
3125,resources/data/patches_factory/Leads/Riemann.fxp,factory,31917,9b99df6ad534f6a3e0618367d28caa45f95a22a5,9b99df6ad534f6a3e0618367d28caa45f95a22a5,True,ok,,7,58914e59c608ed4384ba6002e44c3465c58b2e71,48000
3126,resources/data/patches_factory/Leads/Rough.fxp,factory,30890,8807f082dc86ca378d364cf3fbdfc4ecdc89357c,8807f082dc86ca378d364cf3fbdfc4ecdc89357c,True,ok,,9,58914e59c608ed4384ba6002e44c3465c58b2e71,48000
3127,resources/data/patches_factory/Leads/Rundfunk Funk.fxp,factory,32355,6adabc1e179431a126c7f46d001930c56fa5b0ce,6adabc1e179431a126c7f46d001930c56fa5b0ce,True,ok,,8,58914e59c608ed4384ba6002e44c3465c58b2e71,48000
3128,resources/data/patches_factory/Leads/Saw Octaves.fxp,factory,32296,02d2aadb50142cf19d6d071187a3215fed22dd3c,02d2aadb50142cf19d6d071187a3215fed22dd3c,True,ok,,2,58914e59c608ed4384ba6002e44c3465c58b2e71,48000
3129,resources/data/patches_factory/Leads/Scooped.fxp,factory,31624,8c9ecd0fe1a367e8b7b103e39c3c820f43cec6ac,8c9ecd0fe1a367e8b7b103e39c3c820f43cec6ac,True,ok,,15,58914e59c608ed4384ba6002e44c3465c58b2e71,48000
3130,resources/data/patches_factory/Leads/Scream Lead.fxp,factory,33470,62fd503bcf941e47f14c65c5a0dff94e029d422c,62fd503bcf941e47f14c65c5a0dff94e029d422c,True,ok,,3,58914e59c608ed4384ba6002e44c3465c58b2e71,48000
3131,resources/data/patches_factory/Leads/Screamer.fxp,factory,23769,92d2874d120d6c8da4bab251ccc33362dcff9806,92d2874d120d6c8da4bab251ccc33362dcff9806,True,ok,,8,58914e59c608ed4384ba6002e44c3465c58b2e71,48000
3132,resources/data/patches_factory/Leads/Screamy Verby.fxp,factory,39184,8c41704b034d3b51beacdf4f28f15c6e9ce934f5,8c41704b034d3b51beacdf4f28f15c6e9ce934f5,True,ok,,3,58914e59c608ed4384ba6002e44c3465c58b2e71,48000
3133,resources/data/patches_factory/Leads/Semi-clip.fxp,factory,32417,9eccfcea09f0441f2409a49be93aedab993bc524,9eccfcea09f0441f2409a49be93aedab993bc524,True,ok,,109,58914e59c608ed4384ba6002e44c3465c58b2e71,48000
3134,resources/data/patches_factory/Leads/Serial.fxp,factory,34614,fcf4bec72c33ce3b0dec035fe2554a7efcf642b3,fcf4bec72c33ce3b0dec035fe2554a7efcf642b3,True,ok,,9,58914e59c608ed4384ba6002e44c3465c58b2e71,48000
3135,resources/data/patches_factory/Leads/Shanai.fxp,factory,33396,418f8cf469551d3e798a5f33ffaad3577f75fe62,418f8cf469551d3e798a5f33ffaad3577f75fe62,True,ok,,3,58914e59c608ed4384ba6002e44c3465c58b2e71,48000
3136,resources/data/patches_factory/Leads/Sharpish.fxp,factory,31314,9b9260d0268b85825a5769d02d78cd571a24f5d7,9b9260d0268b85825a5769d02d78cd571a24f5d7,True,ok,,3,58914e59c608ed4384ba6002e44c3465c58b2e71,48000
3137,resources/data/patches_factory/Leads/Sheep Clothing MW.fxp,factory,31651,46bea0f29b82d6b3649c8146e9c107ee5e323745,46bea0f29b82d6b3649c8146e9c107ee5e323745,True,ok,,2,58914e59c608ed4384ba6002e44c3465c58b2e71,48000
3138,resources/data/patches_factory/Leads/Simple ATC.fxp,factory,41697,ed120804815a69edf33fa5ffacc712cc0a289df4,ed120804815a69edf33fa5ffacc712cc0a289df4,True,ok,,3,58914e59c608ed4384ba6002e44c3465c58b2e71,48000
3139,resources/data/patches_factory/Leads/Simpler Times.fxp,factory,31050,489670d9a3026a7546d11d2fcebb3b9404341dab,489670d9a3026a7546d11d2fcebb3b9404341dab,True,ok,,2,58914e59c608ed4384ba6002e44c3465c58b2e71,48000
3140,resources/data/patches_factory/Leads/Sine Lead.fxp,factory,30933,91136090c3d4e77af715e91a0286a0ff956ba16f,91136090c3d4e77af715e91a0286a0ff956ba16f,True,ok,,2,58914e59c608ed4384ba6002e44c3465c58b2e71,48000
3141,resources/data/patches_factory/Leads/Sine-Saw Acidish.fxp,factory,47171,2e8e4248f30aba79bbafa3e7af49d4656f799d35,2e8e4248f30aba79bbafa3e7af49d4656f799d35,True,ok,,4,58914e59c608ed4384ba6002e44c3465c58b2e71,48000
3142,resources/data/patches_factory/Leads/Smoothness World Cup.fxp,factory,31551,300a6bb2bbe8504557a6b9b8196583f18bf3a9a0,300a6bb2bbe8504557a6b9b8196583f18bf3a9a0,True,ok,,3,58914e59c608ed4384ba6002e44c3465c58b2e71,48000
3143,resources/data/patches_factory/Leads/Smoothy Hollow.fxp,factory,32988,29e9b748cb4e7e375bc14772a5a752cd5be1d92c,29e9b748cb4e7e375bc14772a5a752cd5be1d92c,True,ok,,3,58914e59c608ed4384ba6002e44c3465c58b2e71,48000
3144,resources/data/patches_factory/Leads/Somewhere MW.fxp,factory,73431,98f7060dd6938ba44c3fd4732ad75aa286e9a5a9,98f7060dd6938ba44c3fd4732ad75aa286e9a5a9,True,ok,,4,58914e59c608ed4384ba6002e44c3465c58b2e71,48000
3145,resources/data/patches_factory/Leads/Square.fxp,factory,30085,5d063c4cf2029a46739462a23f04655eb3a7a0ea,5d063c4cf2029a46739462a23f04655eb3a7a0ea,True,ok,,2,58914e59c608ed4384ba6002e44c3465c58b2e71,48000
3146,resources/data/patches_factory/Leads/Squelch.fxp,factory,31260,03d1d38ceaf69bc3d964982e5ccbf65bdbff278d,03d1d38ceaf69bc3d964982e5ccbf65bdbff278d,True,ok,,2,58914e59c608ed4384ba6002e44c3465c58b2e71,48000
3147,resources/data/patches_factory/Leads/Squiggly.fxp,factory,35554,276c4ae88e346a564e8b8ada22e4e7358eb0006a,276c4ae88e346a564e8b8ada22e4e7358eb0006a,True,ok,,3,58914e59c608ed4384ba6002e44c3465c58b2e71,48000
3148,resources/data/patches_factory/Leads/Stepmother.fxp,factory,32072,f4efe9b3924fd0be11b91ddb8d54522a220dcdc0,f4efe9b3924fd0be11b91ddb8d54522a220dcdc0,True,ok,,3,58914e59c608ed4384ba6002e44c3465c58b2e71,48000
3149,resources/data/patches_factory/Leads/Sweepy.fxp,factory,31351,58c2f0719b56e55b5187949f1e873d9e09612d99,58c2f0719b56e55b5187949f1e873d9e09612d99,True,ok,,3,58914e59c608ed4384ba6002e44c3465c58b2e71,48000
3150,resources/data/patches_factory/Leads/Sync Harmonics.fxp,factory,31862,f0611dda8e5553e16d9835d4323b0c7d7caf53ef,f0611dda8e5553e16d9835d4323b0c7d7caf53ef,True,ok,,2,58914e59c608ed4384ba6002e44c3465c58b2e71,48000
3151,resources/data/patches_factory/Leads/Sync Lead.fxp,factory,31520,14fbd8f889f216d0bd33855fb4162d7982054038,14fbd8f889f216d0bd33855fb4162d7982054038,True,ok,,4,58914e59c608ed4384ba6002e44c3465c58b2e71,48000
3152,resources/data/patches_factory/Leads/Synth Guitar 1.fxp,factory,32043,191879cb0116d46372c708d6bef0aa7370179345,191879cb0116d46372c708d6bef0aa7370179345,True,ok,,5,58914e59c608ed4384ba6002e44c3465c58b2e71,48000
3153,resources/data/patches_factory/Leads/Synth Guitar 2.fxp,factory,32406,2b70151b85049b84806fef72781e6b44e3278f42,2b70151b85049b84806fef72781e6b44e3278f42,True,ok,,4,58914e59c608ed4384ba6002e44c3465c58b2e71,48000
3154,resources/data/patches_factory/Leads/Talky 1 MW.fxp,factory,31085,478ccab560c9ae75d7d22c60f09dc071ce4e1630,478ccab560c9ae75d7d22c60f09dc071ce4e1630,True,ok,,3,58914e59c608ed4384ba6002e44c3465c58b2e71,48000
3155,resources/data/patches_factory/Leads/Talky 2 MW.fxp,factory,32006,d8b0d6c49d22c133e7c5a7605c3baff8b838ab82,d8b0d6c49d22c133e7c5a7605c3baff8b838ab82,True,ok,,2,58914e59c608ed4384ba6002e44c3465c58b2e71,48000
3156,resources/data/patches_factory/Leads/Tank Top.fxp,factory,40167,19b454ba18e1239c14f21c56c7bf94f924524158,19b454ba18e1239c14f21c56c7bf94f924524158,True,ok,,4,58914e59c608ed4384ba6002e44c3465c58b2e71,48000
3157,resources/data/patches_factory/Leads/Tight Bassline.fxp,factory,31018,764e3e27fd42c68f74869bbde4c962fee73407de,764e3e27fd42c68f74869bbde4c962fee73407de,True,ok,,3,58914e59c608ed4384ba6002e44c3465c58b2e71,48000
3158,resources/data/patches_factory/Leads/Tok.fxp,factory,33281,b72ba8d3a59ff8f58c200e768657768926cc7e85,b72ba8d3a59ff8f58c200e768657768926cc7e85,True,ok,,3,58914e59c608ed4384ba6002e44c3465c58b2e71,48000
3159,resources/data/patches_factory/Leads/Tolk.fxp,factory,32297,b68b7559c2998186cb98e4ff3f62933b76d6157f,b68b7559c2998186cb98e4ff3f62933b76d6157f,True,ok,,3,58914e59c608ed4384ba6002e44c3465c58b2e71,48000
3160,resources/data/patches_factory/Leads/Triple.fxp,factory,30722,eceb651889b13aa00cbfab6286d4795ec16e848e,eceb651889b13aa00cbfab6286d4795ec16e848e,True,ok,,2,58914e59c608ed4384ba6002e44c3465c58b2e71,48000
3161,resources/data/patches_factory/Leads/Turbo Solo.fxp,factory,31388,6ce79cf704422b4cacbc972239034c72fb7e1b0d,6ce79cf704422b4cacbc972239034c72fb7e1b0d,True,ok,,3,58914e59c608ed4384ba6002e44c3465c58b2e71,48000
3162,resources/data/patches_factory/Leads/Turbo.fxp,factory,31536,4118bb4002f0e724c97d67469cb66e6a65d2edf4,4118bb4002f0e724c97d67469cb66e6a65d2edf4,True,ok,,3,58914e59c608ed4384ba6002e44c3465c58b2e71,48000
3163,resources/data/patches_factory/Leads/Untamed.fxp,factory,32053,25040bbb9b412a71b210bf124301771583c7e9c3,25040bbb9b412a71b210bf124301771583c7e9c3,True,ok,,5,58914e59c608ed4384ba6002e44c3465c58b2e71,48000
3164,resources/data/patches_factory/Leads/Up Down.fxp,factory,31255,847f20aedffc084398a54c65d5da338ae03c527a,847f20aedffc084398a54c65d5da338ae03c527a,True,ok,,4,58914e59c608ed4384ba6002e44c3465c58b2e71,48000
3165,resources/data/patches_factory/Leads/Very Chorus.fxp,factory,31527,212762ec02d6c0564832b1f7160306e648a8ff2a,212762ec02d6c0564832b1f7160306e648a8ff2a,True,ok,,3,58914e59c608ed4384ba6002e44c3465c58b2e71,48000
3166,resources/data/patches_factory/Leads/Violini Solo.fxp,factory,35097,10b66b8360aad25b7214557a3fe036e3f0839c41,10b66b8360aad25b7214557a3fe036e3f0839c41,True,ok,,3,58914e59c608ed4384ba6002e44c3465c58b2e71,48000
3167,resources/data/patches_factory/Leads/Vocal Lead.fxp,factory,33330,8e00530b986c0a03489787e49369364f095fd011,8e00530b986c0a03489787e49369364f095fd011,True,ok,,3,58914e59c608ed4384ba6002e44c3465c58b2e71,48000
3168,resources/data/patches_factory/Leads/WG 01.fxp,factory,31758,75b7edcdb08b37ac21055cd68f1c0d8944be6803,75b7edcdb08b37ac21055cd68f1c0d8944be6803,True,ok,,2,58914e59c608ed4384ba6002e44c3465c58b2e71,48000
3169,resources/data/patches_factory/Leads/Wombat.fxp,factory,32765,5e5c8b4d408a31965ec46573b22dc360b0ce8f8b,5e5c8b4d408a31965ec46573b22dc360b0ce8f8b,True,ok,,2,58914e59c608ed4384ba6002e44c3465c58b2e71,48000
3170,resources/data/patches_factory/Leads/Zero Zero One.fxp,factory,31003,84c9313af8faccd69df7d23c6d241b08669c1d7b,84c9313af8faccd69df7d23c6d241b08669c1d7b,True,ok,,3,58914e59c608ed4384ba6002e44c3465c58b2e71,48000
3171,resources/data/patches_factory/Leads/µcomputer.fxp,factory,34107,aab656537c752e5a009a45aafa812f8f3db62120,aab656537c752e5a009a45aafa812f8f3db62120,True,ok,,3,58914e59c608ed4384ba6002e44c3465c58b2e71,48000
3172,resources/data/patches_factory/MPE/Baritonosaurus Saxus.fxp,factory,24513,4f0deeadee7d0de11349224311db9a87d6c29522,4f0deeadee7d0de11349224311db9a87d6c29522,True,ok,,3,58914e59c608ed4384ba6002e44c3465c58b2e71,48000
3173,resources/data/patches_factory/MPE/Bloom.fxp,factory,42850,23aa32b16662b72d1bdaf2fc10df28d8ce4fb16c,23aa32b16662b72d1bdaf2fc10df28d8ce4fb16c,True,ok,,5,58914e59c608ed4384ba6002e44c3465c58b2e71,48000
3174,resources/data/patches_factory/MPE/Coteaux du Giennois.fxp,factory,24799,907f35071676497643b9e7f8dae4e58a56345b3b,907f35071676497643b9e7f8dae4e58a56345b3b,True,ok,,3,58914e59c608ed4384ba6002e44c3465c58b2e71,48000
3175,resources/data/patches_factory/MPE/Lead With A Bell Attack.fxp,factory,108023,815443859cd9de6085882b672c34bcd0d8e5aec1,815443859cd9de6085882b672c34bcd0d8e5aec1,True,ok,,8,58914e59c608ed4384ba6002e44c3465c58b2e71,48000
3176,resources/data/patches_factory/MPE/Moving Day In The Caves.fxp,factory,93003,b0a12cb4d9e69922342850005b96a2b9869f3254,b0a12cb4d9e69922342850005b96a2b9869f3254,True,ok,,7,58914e59c608ed4384ba6002e44c3465c58b2e71,48000
3177,resources/data/patches_factory/MPE/Pad Plink 'n' Move.fxp,factory,150305,0cde4539f179e73c5f4c893f7a13c9e095437875,0cde4539f179e73c5f4c893f7a13c9e095437875,True,ok,,13,58914e59c608ed4384ba6002e44c3465c58b2e71,48000
3178,resources/data/patches_factory/MPE/Sticky.fxp,factory,41510,e785e1c51e8d8ceac364e78921593ac4fe33e6f7,e785e1c51e8d8ceac364e78921593ac4fe33e6f7,True,ok,,4,58914e59c608ed4384ba6002e44c3465c58b2e71,48000
3179,resources/data/patches_factory/MPE/The Elephant Told You.fxp,factory,24953,62636621f591fb4ab5dc9e67e108246799c9c303,62636621f591fb4ab5dc9e67e108246799c9c303,True,ok,,3,58914e59c608ed4384ba6002e44c3465c58b2e71,48000
3180,resources/data/patches_factory/MPE/The Shoebox.fxp,factory,75686,49df646042c39365dccd82d773223267c8859fcf,49df646042c39365dccd82d773223267c8859fcf,True,ok,,6,58914e59c608ed4384ba6002e44c3465c58b2e71,48000
3181,resources/data/patches_factory/Pads/Alias Pornography.fxp,factory,25042,4e9773fee1589733e15635f23863dc26461f77dc,4e9773fee1589733e15635f23863dc26461f77dc,True,ok,,3,58914e59c608ed4384ba6002e44c3465c58b2e71,48000
3182,resources/data/patches_factory/Pads/Assymetry.fxp,factory,36019,ae8aba07dfb2a8458d828b0fefeac26a9f7c372a,ae8aba07dfb2a8458d828b0fefeac26a9f7c372a,True,ok,,5,58914e59c608ed4384ba6002e44c3465c58b2e71,48000
3183,resources/data/patches_factory/Pads/Bell Pad.fxp,factory,57753,29d1158fcd7b346d8748417c1fb7ad3f885a8931,29d1158fcd7b346d8748417c1fb7ad3f885a8931,True,ok,,5,58914e59c608ed4384ba6002e44c3465c58b2e71,48000
3184,resources/data/patches_factory/Pads/Bells and Sweep.fxp,factory,82673,5939842927fddddb6c21cb1dec6a03395d157bde,5939842927fddddb6c21cb1dec6a03395d157bde,True,ok,,7,58914e59c608ed4384ba6002e44c3465c58b2e71,48000
3185,resources/data/patches_factory/Pads/Bright.fxp,factory,25175,324ca3c139922f05d62c3c8c1ea5baa42356bb9d,324ca3c139922f05d62c3c8c1ea5baa42356bb9d,True,ok,,2,58914e59c608ed4384ba6002e44c3465c58b2e71,48000
3186,resources/data/patches_factory/Pads/Burden.fxp,factory,24822,8afb1164b5a5a0834841ae6d12e2516be4758358,8afb1164b5a5a0834841ae6d12e2516be4758358,True,ok,,2,58914e59c608ed4384ba6002e44c3465c58b2e71,48000
3187,resources/data/patches_factory/Pads/Canadians.fxp,factory,92269,7430c4a4beeeee1f6cc1fc1732afff25fcfe4b19,7430c4a4beeeee1f6cc1fc1732afff25fcfe4b19,True,ok,,7,58914e59c608ed4384ba6002e44c3465c58b2e71,48000
3188,resources/data/patches_factory/Pads/Choir Pad Thing.fxp,factory,26585,1df1416fbcf12e01a61006e63e325058c6fbaaf5,1df1416fbcf12e01a61006e63e325058c6fbaaf5,True,ok,,3,58914e59c608ed4384ba6002e44c3465c58b2e71,48000
3189,resources/data/patches_factory/Pads/Chowning.fxp,factory,24240,d220bba8766bc5be4e6ca316b8355722de0f4b60,d220bba8766bc5be4e6ca316b8355722de0f4b60,True,ok,,3,58914e59c608ed4384ba6002e44c3465c58b2e71,48000
3190,resources/data/patches_factory/Pads/Communication.fxp,factory,29939,1277536c30fb175448575746d7d9ebbbdf4f55ef,1277536c30fb175448575746d7d9ebbbdf4f55ef,True,ok,,4,58914e59c608ed4384ba6002e44c3465c58b2e71,48000
3191,resources/data/patches_factory/Pads/Computers In Space.fxp,factory,89791,64507c31566c308ae6d4691b0a46a3e37d7fee9c,64507c31566c308ae6d4691b0a46a3e37d7fee9c,True,ok,,7,58914e59c608ed4384ba6002e44c3465c58b2e71,48000
3192,resources/data/patches_factory/Pads/Death To Gator.fxp,factory,24942,b85aed0bb6d43e3c7b68133c12fe8f5adda438f7,b85aed0bb6d43e3c7b68133c12fe8f5adda438f7,True,ok,,3,58914e59c608ed4384ba6002e44c3465c58b2e71,48000
3193,resources/data/patches_factory/Pads/Distant.fxp,factory,24907,14a958c7f67b8bc3353790a3b72dd59a8753a7a4,14a958c7f67b8bc3353790a3b72dd59a8753a7a4,True,ok,,2,58914e59c608ed4384ba6002e44c3465c58b2e71,48000
3194,resources/data/patches_factory/Pads/Distorted Choir 1.fxp,factory,91144,d62ba483d3b2d51a2973039a6ebc5991be24ca57,d62ba483d3b2d51a2973039a6ebc5991be24ca57,True,ok,,6,58914e59c608ed4384ba6002e44c3465c58b2e71,48000
3195,resources/data/patches_factory/Pads/Distorted Choir 2.fxp,factory,91304,6cf3254bc33df65769a817aa4a0c2d01a619c596,6cf3254bc33df65769a817aa4a0c2d01a619c596,True,ok,,7,58914e59c608ed4384ba6002e44c3465c58b2e71,48000
3196,resources/data/patches_factory/Pads/Endgame.fxp,factory,57996,4377955ab42c40e51890da6a3baaaca6f4635c08,4377955ab42c40e51890da6a3baaaca6f4635c08,True,ok,,5,58914e59c608ed4384ba6002e44c3465c58b2e71,48000
3197,resources/data/patches_factory/Pads/FM Pad.fxp,factory,24239,100c03e59e6e33e9f808352665a679b8d0616793,100c03e59e6e33e9f808352665a679b8d0616793,True,ok,,3,58914e59c608ed4384ba6002e44c3465c58b2e71,48000
3198,resources/data/patches_factory/Pads/Flux Capacitor.fxp,factory,24283,0785cd4081f76ad02b78fe2bc2763f5c5fe24c7b,0785cd4081f76ad02b78fe2bc2763f5c5fe24c7b,True,ok,,3,58914e59c608ed4384ba6002e44c3465c58b2e71,48000
3199,resources/data/patches_factory/Pads/Formants MW.fxp,factory,24813,3c921c5d988c4ddbc9ed31432eadad4cb91ff986,3c921c5d988c4ddbc9ed31432eadad4cb91ff986,True,ok,,2,58914e59c608ed4384ba6002e44c3465c58b2e71,48000
3200,resources/data/patches_factory/Pads/Ghost Pad.fxp,factory,25650,855fa957795ba62874ad649e1749dbee6b5bcf3c,855fa957795ba62874ad649e1749dbee6b5bcf3c,True,ok,,4,58914e59c608ed4384ba6002e44c3465c58b2e71,48000
3201,resources/data/patches_factory/Pads/Gliss Movement.fxp,factory,89617,f64a970c49fbf6f72aa87634ff4dda386a762659,f64a970c49fbf6f72aa87634ff4dda386a762659,True,ok,,8,58914e59c608ed4384ba6002e44c3465c58b2e71,48000
3202,resources/data/patches_factory/Pads/Growth.fxp,factory,24925,e5109ef576e1bf64a4337ee0b917c8e3fa0cb1ce,e5109ef576e1bf64a4337ee0b917c8e3fa0cb1ce,True,ok,,2,58914e59c608ed4384ba6002e44c3465c58b2e71,48000
3203,resources/data/patches_factory/Pads/Harmonic Sweep.fxp,factory,25009,bba02711181b3ca706a8b4da4d14926efedea6b3,bba02711181b3ca706a8b4da4d14926efedea6b3,True,ok,,3,58914e59c608ed4384ba6002e44c3465c58b2e71,48000
3204,resources/data/patches_factory/Pads/Harsh Saw.fxp,factory,24454,20e3ab7fda789c440559a8a42431e92ba42a1ee9,20e3ab7fda789c440559a8a42431e92ba42a1ee9,True,ok,,2,58914e59c608ed4384ba6002e44c3465c58b2e71,48000
3205,resources/data/patches_factory/Pads/Hmm....fxp,factory,56729,fe956f628da21c073f104e11a70343f241de4de9,fe956f628da21c073f104e11a70343f241de4de9,True,ok,,5,58914e59c608ed4384ba6002e44c3465c58b2e71,48000
3206,resources/data/patches_factory/Pads/Legacy.fxp,factory,24491,cbcaf63b4880d29a74c28dd250d93b23cce3d653,cbcaf63b4880d29a74c28dd250d93b23cce3d653,True,ok,,2,58914e59c608ed4384ba6002e44c3465c58b2e71,48000
3207,resources/data/patches_factory/Pads/Louder.fxp,factory,23748,8b79003582b95afabb7b9ef2411b2db060eb1add,8b79003582b95afabb7b9ef2411b2db060eb1add,True,ok,,3,58914e59c608ed4384ba6002e44c3465c58b2e71,48000
3208,resources/data/patches_factory/Pads/MKS-70 Warm Pad.fxp,factory,25135,83ce5d5f7dc0985b5500d2fd3e663b3ef1b80774,83ce5d5f7dc0985b5500d2fd3e663b3ef1b80774,True,ok,,2,58914e59c608ed4384ba6002e44c3465c58b2e71,48000
3209,resources/data/patches_factory/Pads/MW Pulsating.fxp,factory,27399,f2da56b79c1ad6217240dfafbe01d6e6483c0c78,f2da56b79c1ad6217240dfafbe01d6e6483c0c78,True,ok,,3,58914e59c608ed4384ba6002e44c3465c58b2e71,48000
3210,resources/data/patches_factory/Pads/Moody Statement.fxp,factory,148455,6af2fdb6a432aab52b1572a40f1eb2674a93682a,6af2fdb6a432aab52b1572a40f1eb2674a93682a,True,ok,,11,58914e59c608ed4384ba6002e44c3465c58b2e71,48000
3211,resources/data/patches_factory/Pads/Newton Was Evil.fxp,factory,24624,857eaea35be13f574efa60fbdb0a36d89d2e530a,857eaea35be13f574efa60fbdb0a36d89d2e530a,True,ok,,2,58914e59c608ed4384ba6002e44c3465c58b2e71,48000
3212,resources/data/patches_factory/Pads/Ooh.fxp,factory,26253,1dfcbcb9cb1f7e5a63e06e941b66703ca77720af,1dfcbcb9cb1f7e5a63e06e941b66703ca77720af,True,ok,,3,58914e59c608ed4384ba6002e44c3465c58b2e71,48000
3213,resources/data/patches_factory/Pads/Pad 1.fxp,factory,30878,6d170c4d9498341fc31a142f0b6ecd1003da08af,6d170c4d9498341fc31a142f0b6ecd1003da08af,True,ok,,3,58914e59c608ed4384ba6002e44c3465c58b2e71,48000
3214,resources/data/patches_factory/Pads/Pad 2 MW.fxp,factory,83695,4387955c1def221e39d6d2d4903a683ca4fcebc8,4387955c1def221e39d6d2d4903a683ca4fcebc8,True,ok,,7,58914e59c608ed4384ba6002e44c3465c58b2e71,48000
3215,resources/data/patches_factory/Pads/Pad 3.fxp,factory,24712,de77d292d0e0852a67cefa586bb52ff70c1ef022,de77d292d0e0852a67cefa586bb52ff70c1ef022,True,ok,,3,58914e59c608ed4384ba6002e44c3465c58b2e71,48000
3216,resources/data/patches_factory/Pads/Pad 4.fxp,factory,24616,cd28919c561099497a780d6293247dc2af1d29ee,cd28919c561099497a780d6293247dc2af1d29ee,True,ok,,2,58914e59c608ed4384ba6002e44c3465c58b2e71,48000
3217,resources/data/patches_factory/Pads/Pad 5.fxp,factory,24696,07fb46fd27abb4a5c159a5d387c19da88511df0e,07fb46fd27abb4a5c159a5d387c19da88511df0e,True,ok,,3,58914e59c608ed4384ba6002e44c3465c58b2e71,48000
3218,resources/data/patches_factory/Pads/Pad 6.fxp,factory,23979,2fe0c4ca815aa3fcfd07e8cce10062682baef27b,2fe0c4ca815aa3fcfd07e8cce10062682baef27b,True,ok,,2,58914e59c608ed4384ba6002e44c3465c58b2e71,48000
3219,resources/data/patches_factory/Pads/Pad 7.fxp,factory,49389,bf6c206e95866e27a48bd54f1a9363b74bbd0e13,bf6c206e95866e27a48bd54f1a9363b74bbd0e13,True,ok,,4,58914e59c608ed4384ba6002e44c3465c58b2e71,48000
3220,resources/data/patches_factory/Pads/Pad 8.fxp,factory,25886,8b2792571636b212ddcb79a8b3a7e575dd8e0d6d,8b2792571636b212ddcb79a8b3a7e575dd8e0d6d,True,ok,,238,58914e59c608ed4384ba6002e44c3465c58b2e71,48000
3221,resources/data/patches_factory/Pads/Primes.fxp,factory,90295,81487e3b67400a6bef6d6ca897eb3ecab1f656a0,81487e3b67400a6bef6d6ca897eb3ecab1f656a0,True,ok,,15,58914e59c608ed4384ba6002e44c3465c58b2e71,48000
3222,resources/data/patches_factory/Pads/Retro Choir.fxp,factory,31867,47b43175594d61a23645af2a40868a4be1e460f8,47b43175594d61a23645af2a40868a4be1e460f8,True,ok,,3,58914e59c608ed4384ba6002e44c3465c58b2e71,48000
3223,resources/data/patches_factory/Pads/Ringing.fxp,factory,24867,3555a8c7d0cfd954f7b468ebdb00f2b58cecb81c,3555a8c7d0cfd954f7b468ebdb00f2b58cecb81c,True,ok,,3,58914e59c608ed4384ba6002e44c3465c58b2e71,48000
3224,resources/data/patches_factory/Pads/Robochoir 1.fxp,factory,26850,ec4ec4080f3e6b46f42ad8ffdb0ede71e0dfd019,ec4ec4080f3e6b46f42ad8ffdb0ede71e0dfd019,True,ok,,2,58914e59c608ed4384ba6002e44c3465c58b2e71,48000
3225,resources/data/patches_factory/Pads/Robochoir 2.fxp,factory,31325,8fea31b9337581217709371662d338a251c541b7,8fea31b9337581217709371662d338a251c541b7,True,ok,,3,58914e59c608ed4384ba6002e44c3465c58b2e71,48000
3226,resources/data/patches_factory/Pads/Safety.fxp,factory,33134,267ce343d094fa1c78de8242754ee1105c86583c,267ce343d094fa1c78de8242754ee1105c86583c,True,ok,,3,58914e59c608ed4384ba6002e44c3465c58b2e71,48000
3227,resources/data/patches_factory/Pads/Sawteeth.fxp,factory,32440,be5dea66afcbce2754ccdbaf59cc5197ea52fb9a,be5dea66afcbce2754ccdbaf59cc5197ea52fb9a,True,ok,,4,58914e59c608ed4384ba6002e44c3465c58b2e71,48000
3228,resources/data/patches_factory/Pads/Semiconductor.fxp,factory,41394,b6488e2fc8aa3f3b6dc7c5d3ca1a9c6a5dc46232,b6488e2fc8aa3f3b6dc7c5d3ca1a9c6a5dc46232,True,ok,,4,58914e59c608ed4384ba6002e44c3465c58b2e71,48000
3229,resources/data/patches_factory/Pads/Semihaunt.fxp,factory,23693,ee935bf9383da8d687ed52dff84c3aed79adda65,ee935bf9383da8d687ed52dff84c3aed79adda65,True,ok,,2,58914e59c608ed4384ba6002e44c3465c58b2e71,48000
3230,resources/data/patches_factory/Pads/Smooth Dist.fxp,factory,35718,2c792219002db842c04110ad2c1137c26658d010,2c792219002db842c04110ad2c1137c26658d010,True,ok,,3,58914e59c608ed4384ba6002e44c3465c58b2e71,48000
3231,resources/data/patches_factory/Pads/Sparkly.fxp,factory,59646,eae240f7cdfef02d0d664dd07e865828e739873e,eae240f7cdfef02d0d664dd07e865828e739873e,True,ok,,5,58914e59c608ed4384ba6002e44c3465c58b2e71,48000
3232,resources/data/patches_factory/Pads/Sprinkly.fxp,factory,90484,ef2ebab9139d1fc70d78bab2938b62aac0e8a4bb,ef2ebab9139d1fc70d78bab2938b62aac0e8a4bb,True,ok,,7,58914e59c608ed4384ba6002e44c3465c58b2e71,48000
3233,resources/data/patches_factory/Pads/Still.fxp,factory,26832,8d4047520a9fde6acec8ea0520e27c5ac4f3e8f5,8d4047520a9fde6acec8ea0520e27c5ac4f3e8f5,True,ok,,2,58914e59c608ed4384ba6002e44c3465c58b2e71,48000
3234,resources/data/patches_factory/Pads/Stretch.fxp,factory,24062,d7f503e7e309e8a4e7986ec92dfecfb7177f07bc,d7f503e7e309e8a4e7986ec92dfecfb7177f07bc,True,ok,,2,58914e59c608ed4384ba6002e44c3465c58b2e71,48000
3235,resources/data/patches_factory/Pads/Subtle Comb Strings.fxp,factory,24901,d0af7e179cdcc834bea10b76c8725e65c3411019,d0af7e179cdcc834bea10b76c8725e65c3411019,True,ok,,3,58914e59c608ed4384ba6002e44c3465c58b2e71,48000
3236,resources/data/patches_factory/Pads/Sunday.fxp,factory,24660,742d9b1ff9cbb50f0c33a8d6aa49538dfbf21155,742d9b1ff9cbb50f0c33a8d6aa49538dfbf21155,True,ok,,5,58914e59c608ed4384ba6002e44c3465c58b2e71,48000
3237,resources/data/patches_factory/Pads/Super.fxp,factory,25266,d4fd696d6d0c2afdb9f338af20d09065a9a10562,d4fd696d6d0c2afdb9f338af20d09065a9a10562,True,ok,,3,58914e59c608ed4384ba6002e44c3465c58b2e71,48000
3238,resources/data/patches_factory/Pads/Synth Choir MW O-Ah.fxp,factory,25844,49d2aba0067bc83013fdde569eb7bb4728c92b79,49d2aba0067bc83013fdde569eb7bb4728c92b79,True,ok,,3,58914e59c608ed4384ba6002e44c3465c58b2e71,48000
3239,resources/data/patches_factory/Pads/Verb Pad.fxp,factory,25063,0efbadae5756874ed288ecdd72a7b7e890db70fa,0efbadae5756874ed288ecdd72a7b7e890db70fa,True,ok,,4,58914e59c608ed4384ba6002e44c3465c58b2e71,48000
3240,resources/data/patches_factory/Pads/Well.fxp,factory,40477,d95a4ad46c637391b8fc9615883ea22762ef6154,d95a4ad46c637391b8fc9615883ea22762ef6154,True,ok,,4,58914e59c608ed4384ba6002e44c3465c58b2e71,48000
3241,resources/data/patches_factory/Pads/Winter Warmer.fxp,factory,55508,b0b6bccd8ac46d436fc5f9885b23e4fc21aa7079,b0b6bccd8ac46d436fc5f9885b23e4fc21aa7079,True,ok,,5,58914e59c608ed4384ba6002e44c3465c58b2e71,48000
3242,resources/data/patches_factory/Pads/Worried.fxp,factory,26723,49cb7d563e96c560c408ff2916b2b82c34446af7,49cb7d563e96c560c408ff2916b2b82c34446af7,True,ok,,2,58914e59c608ed4384ba6002e44c3465c58b2e71,48000
3243,resources/data/patches_factory/Pads/Xbox 1.fxp,factory,24144,66955a312056c4aeef00322d6ed66a7841cf9005,66955a312056c4aeef00322d6ed66a7841cf9005,True,ok,,3,58914e59c608ed4384ba6002e44c3465c58b2e71,48000
3244,resources/data/patches_factory/Pads/Xbox 2.fxp,factory,25054,19d3af74169e2a248da221cb471afa483c64f4dc,19d3af74169e2a248da221cb471afa483c64f4dc,True,ok,,2,58914e59c608ed4384ba6002e44c3465c58b2e71,48000
3245,resources/data/patches_factory/Pads/Yeti Funeral.fxp,factory,28902,d1758236ff1dd8fecabe176466044c6057018035,d1758236ff1dd8fecabe176466044c6057018035,True,ok,,4,58914e59c608ed4384ba6002e44c3465c58b2e71,48000
3246,resources/data/patches_factory/Percussion/Drum One.fxp,factory,23997,acd22fccb94482f2488526463dc37fb015de1890,acd22fccb94482f2488526463dc37fb015de1890,True,ok,,2,58914e59c608ed4384ba6002e44c3465c58b2e71,48000
3247,resources/data/patches_factory/Percussion/Kick 909ish.fxp,factory,23455,982020445fb82285cd93dbac1da8fec7e02fc882,982020445fb82285cd93dbac1da8fec7e02fc882,True,ok,,2,58914e59c608ed4384ba6002e44c3465c58b2e71,48000
3248,resources/data/patches_factory/Percussion/Kick Tech 1.fxp,factory,25978,c5e6ffd41c2d58b4969186e8790217102b878505,c5e6ffd41c2d58b4969186e8790217102b878505,True,ok,,2,58914e59c608ed4384ba6002e44c3465c58b2e71,48000
3249,resources/data/patches_factory/Percussion/Kick Tech 2.fxp,factory,24503,ede1a19db066469a39b523c73072b79df8cfc321,ede1a19db066469a39b523c73072b79df8cfc321,True,ok,,2,58914e59c608ed4384ba6002e44c3465c58b2e71,48000
3250,resources/data/patches_factory/Percussion/Snare Tight.fxp,factory,26893,a34338e14bca1154aab77858bac75c528224f68e,a34338e14bca1154aab77858bac75c528224f68e,True,ok,,3,58914e59c608ed4384ba6002e44c3465c58b2e71,48000
3251,resources/data/patches_factory/Percussion/Synth Tom 1.fxp,factory,23305,814014d639b8e4f095fe7f41abd5d72b30f55021,814014d639b8e4f095fe7f41abd5d72b30f55021,True,ok,,3,58914e59c608ed4384ba6002e44c3465c58b2e71,48000
3252,resources/data/patches_factory/Percussion/Synth Tom 2.fxp,factory,24227,9a7e7763d341c384e527d438f62e848c41ae01b1,9a7e7763d341c384e527d438f62e848c41ae01b1,True,ok,,2,58914e59c608ed4384ba6002e44c3465c58b2e71,48000
3253,resources/data/patches_factory/Percussion/Synth Tom 3.fxp,factory,24229,91c538942d81a634d3ed19eab60d652f79429e15,91c538942d81a634d3ed19eab60d652f79429e15,True,ok,,2,58914e59c608ed4384ba6002e44c3465c58b2e71,48000
3254,resources/data/patches_factory/Percussion/Verber.fxp,factory,24442,03c8fbdf20078a767d3e3a7e48e572028646311a,03c8fbdf20078a767d3e3a7e48e572028646311a,True,ok,,3,58914e59c608ed4384ba6002e44c3465c58b2e71,48000
3255,resources/data/patches_factory/Plucks/80s Gliss.fxp,factory,39191,bb408e08c7bb823d0a82145d5c2a3580dc43a393,bb408e08c7bb823d0a82145d5c2a3580dc43a393,True,ok,,4,58914e59c608ed4384ba6002e44c3465c58b2e71,48000
3256,resources/data/patches_factory/Plucks/ACME.fxp,factory,25929,a2a97e81376aedd506a19ce164d90caedb6b4393,a2a97e81376aedd506a19ce164d90caedb6b4393,True,ok,,6,58914e59c608ed4384ba6002e44c3465c58b2e71,48000
3257,resources/data/patches_factory/Plucks/Agropop.fxp,factory,25977,c600989d6f7058efddbb94acb175a75a4a65b714,c600989d6f7058efddbb94acb175a75a4a65b714,True,ok,,12,58914e59c608ed4384ba6002e44c3465c58b2e71,48000
3258,resources/data/patches_factory/Plucks/Ambient E-Guitar.fxp,factory,25406,eeebaa7707bd2a214c1ea0972032f1245112ae0f,eeebaa7707bd2a214c1ea0972032f1245112ae0f,True,ok,,9,58914e59c608ed4384ba6002e44c3465c58b2e71,48000
3259,resources/data/patches_factory/Plucks/Artificial.fxp,factory,39923,b1a7f599845ab691cd04feb0bf644cf1b0be3e9e,b1a7f599845ab691cd04feb0bf644cf1b0be3e9e,True,ok,,11,58914e59c608ed4384ba6002e44c3465c58b2e71,48000
3260,resources/data/patches_factory/Plucks/Asymmetry.fxp,factory,24370,833d675a99a9e951bf9dd751ac30a84f21d7edab,833d675a99a9e951bf9dd751ac30a84f21d7edab,True,ok,,2,58914e59c608ed4384ba6002e44c3465c58b2e71,48000
3261,resources/data/patches_factory/Plucks/Battered Beauty.fxp,factory,89450,3c21ffa4429ce1b15c0f5dcfa177ed8c22513c64,3c21ffa4429ce1b15c0f5dcfa177ed8c22513c64,True,ok,,15,58914e59c608ed4384ba6002e44c3465c58b2e71,48000
3262,resources/data/patches_factory/Plucks/Bell 1.fxp,factory,56301,58fa6c8ed4eb787605d324e7a690d2e84fee3484,58fa6c8ed4eb787605d324e7a690d2e84fee3484,True,ok,,9,58914e59c608ed4384ba6002e44c3465c58b2e71,48000
3263,resources/data/patches_factory/Plucks/Bell 2.fxp,factory,36734,97d1ad90d2565969beea8d0d08f56c3ffcc24f84,97d1ad90d2565969beea8d0d08f56c3ffcc24f84,True,ok,,5,58914e59c608ed4384ba6002e44c3465c58b2e71,48000
3264,resources/data/patches_factory/Plucks/Belle.fxp,factory,24633,9fe73091379e8e37abb8d5983d1ad81627bf0fd5,9fe73091379e8e37abb8d5983d1ad81627bf0fd5,True,ok,,5,58914e59c608ed4384ba6002e44c3465c58b2e71,48000
3265,resources/data/patches_factory/Plucks/Bite.fxp,factory,24649,c4ed8f988b9e9b0bfe6fbf860ddba4c73c554e0b,c4ed8f988b9e9b0bfe6fbf860ddba4c73c554e0b,True,ok,,9,58914e59c608ed4384ba6002e44c3465c58b2e71,48000
3266,resources/data/patches_factory/Plucks/Blekinge.fxp,factory,28994,4673fa6fd1a78c247d8793ad2c5a21c12da3b1a9,4673fa6fd1a78c247d8793ad2c5a21c12da3b1a9,True,ok,,15,58914e59c608ed4384ba6002e44c3465c58b2e71,48000
3267,resources/data/patches_factory/Plucks/Brut de Bollebygd.fxp,factory,61118,6aa8bf5f631e6dcab3b8b67cb9569acb5c3dbd8f,6aa8bf5f631e6dcab3b8b67cb9569acb5c3dbd8f,True,ok,,11,58914e59c608ed4384ba6002e44c3465c58b2e71,48000
3268,resources/data/patches_factory/Plucks/CLRKSWRD.fxp,factory,24369,5b8ccc88c4231fb23a5d5a9337601d7f3a96a4c9,5b8ccc88c4231fb23a5d5a9337601d7f3a96a4c9,True,ok,,98,58914e59c608ed4384ba6002e44c3465c58b2e71,48000
3269,resources/data/patches_factory/Plucks/Clean.fxp,factory,89894,d7be889f6ccc428e091578acfc787b1265b74655,d7be889f6ccc428e091578acfc787b1265b74655,True,ok,,13,58914e59c608ed4384ba6002e44c3465c58b2e71,48000
3270,resources/data/patches_factory/Plucks/Comb Pluck.fxp,factory,24243,26798153923585104b85fea6a3121ab22aab4bb0,26798153923585104b85fea6a3121ab22aab4bb0,True,ok,,2,58914e59c608ed4384ba6002e44c3465c58b2e71,48000
3271,resources/data/patches_factory/Plucks/Convex.fxp,factory,24117,089ca0f76f4fcfca5dc6922dc6ed430926887042,089ca0f76f4fcfca5dc6922dc6ed430926887042,True,ok,,3,58914e59c608ed4384ba6002e44c3465c58b2e71,48000
3272,resources/data/patches_factory/Plucks/Cuto.fxp,factory,86969,d234c256d184f00060df004b9796e237ffbf2675,d234c256d184f00060df004b9796e237ffbf2675,True,ok,,7,58914e59c608ed4384ba6002e44c3465c58b2e71,48000
3273,resources/data/patches_factory/Plucks/Delay Dancer.fxp,factory,25874,014c3b5dace98ff1c3a2b07d6cdfbceb49598e33,014c3b5dace98ff1c3a2b07d6cdfbceb49598e33,True,ok,,3,58914e59c608ed4384ba6002e44c3465c58b2e71,48000
3274,resources/data/patches_factory/Plucks/Delay Pops 1.fxp,factory,25825,7a8bfde7e87697a79f3dd9cef63d6374cbceaad8,7a8bfde7e87697a79f3dd9cef63d6374cbceaad8,True,ok,,3,58914e59c608ed4384ba6002e44c3465c58b2e71,48000
3275,resources/data/patches_factory/Plucks/Delay Pops 2.fxp,factory,40458,6dce4e070fc6c6f4555a5aba5fc0c91aeaf5fb8e,6dce4e070fc6c6f4555a5aba5fc0c91aeaf5fb8e,True,ok,,3,58914e59c608ed4384ba6002e44c3465c58b2e71,48000
3276,resources/data/patches_factory/Plucks/Delay Pops 3.fxp,factory,23808,b0b89bf2e3002e1686a1beee5c4ed1c9d07bf9ca,b0b89bf2e3002e1686a1beee5c4ed1c9d07bf9ca,True,ok,,2,58914e59c608ed4384ba6002e44c3465c58b2e71,48000
3277,resources/data/patches_factory/Plucks/Delay Pops 4.fxp,factory,260636,e896a59e9061b1b6b3e45b897b87abe9f6adb45d,e896a59e9061b1b6b3e45b897b87abe9f6adb45d,True,ok,,62,58914e59c608ed4384ba6002e44c3465c58b2e71,48000
3278,resources/data/patches_factory/Plucks/Delay Pops 5.fxp,factory,260638,4d1455f4549b2c59706164a2af2a84db34557606,4d1455f4549b2c59706164a2af2a84db34557606,True,ok,,56,58914e59c608ed4384ba6002e44c3465c58b2e71,48000
3279,resources/data/patches_factory/Plucks/Diamonds.fxp,factory,26639,3ee1c8d14418ef1c55c8c6eaaf159efc917d23f5,3ee1c8d14418ef1c55c8c6eaaf159efc917d23f5,True,ok,,2,58914e59c608ed4384ba6002e44c3465c58b2e71,48000
3280,resources/data/patches_factory/Plucks/E-Guitar.fxp,factory,36690,c4e4bb85fe5ee05b5350db85f300bea6bb71acaf,c4e4bb85fe5ee05b5350db85f300bea6bb71acaf,True,ok,,9,58914e59c608ed4384ba6002e44c3465c58b2e71,48000
3281,resources/data/patches_factory/Plucks/East.fxp,factory,55762,acdca0eaf1b9057ebed16ff107563f165a910bdb,acdca0eaf1b9057ebed16ff107563f165a910bdb,True,ok,,9,58914e59c608ed4384ba6002e44c3465c58b2e71,48000
3282,resources/data/patches_factory/Plucks/Enhanced Forest.fxp,factory,24422,c1524655490817ca7a3c3542f3161181ddad6291,c1524655490817ca7a3c3542f3161181ddad6291,True,ok,,3,58914e59c608ed4384ba6002e44c3465c58b2e71,48000
3283,resources/data/patches_factory/Plucks/FM Pluck.fxp,factory,24428,924876c13ccaff00c469bbd051379d01e0699136,924876c13ccaff00c469bbd051379d01e0699136,True,ok,,2,58914e59c608ed4384ba6002e44c3465c58b2e71,48000
3284,resources/data/patches_factory/Plucks/FM Poops.fxp,factory,23784,8186978149157fdea8f8db2d4d76d3289d6f8137,8186978149157fdea8f8db2d4d76d3289d6f8137,True,ok,,7,58914e59c608ed4384ba6002e44c3465c58b2e71,48000
3285,resources/data/patches_factory/Plucks/Falling Down.fxp,factory,24232,e734fe08a7da0be6cae6b5456b6b7bc37b1e5b6c,e734fe08a7da0be6cae6b5456b6b7bc37b1e5b6c,True,ok,,4,58914e59c608ed4384ba6002e44c3465c58b2e71,48000
3286,resources/data/patches_factory/Plucks/Fantasy Bell.fxp,factory,40096,017a44e797adced2fa567e4636b2a5cc88591cc2,017a44e797adced2fa567e4636b2a5cc88591cc2,True,ok,,6,58914e59c608ed4384ba6002e44c3465c58b2e71,48000
3287,resources/data/patches_factory/Plucks/Fluortant.fxp,factory,40705,5a9a40c2d2ecc1f662c696052e0d1f62814876b3,5a9a40c2d2ecc1f662c696052e0d1f62814876b3,True,ok,,9,58914e59c608ed4384ba6002e44c3465c58b2e71,48000
3288,resources/data/patches_factory/Plucks/Fog.fxp,factory,35119,37bc1f12c95bfe730016c33fa6e872041fc91aa4,37bc1f12c95bfe730016c33fa6e872041fc91aa4,True,ok,,7,58914e59c608ed4384ba6002e44c3465c58b2e71,48000
3289,resources/data/patches_factory/Plucks/Forever.fxp,factory,23718,7dd6a10728bbd56044ee7c9ae275b9b08d47a304,7dd6a10728bbd56044ee7c9ae275b9b08d47a304,True,ok,,2,58914e59c608ed4384ba6002e44c3465c58b2e71,48000
3290,resources/data/patches_factory/Plucks/Freedom Fries.fxp,factory,30763,05aa4c12e203876f048970bdfe433a74a52a4d31,05aa4c12e203876f048970bdfe433a74a52a4d31,True,ok,,8,58914e59c608ed4384ba6002e44c3465c58b2e71,48000
3291,resources/data/patches_factory/Plucks/Friendly.fxp,factory,25021,9f6943c7aa9628f6020cd02e6eceb70faddb9c44,9f6943c7aa9628f6020cd02e6eceb70faddb9c44,True,ok,,3,58914e59c608ed4384ba6002e44c3465c58b2e71,48000
3292,resources/data/patches_factory/Plucks/Frog.fxp,factory,24816,5d213fb9f43f8f49913e2ff9958155be0e5dc34d,5d213fb9f43f8f49913e2ff9958155be0e5dc34d,True,ok,,6,58914e59c608ed4384ba6002e44c3465c58b2e71,48000
3293,resources/data/patches_factory/Plucks/Gliss Pluck Distorted.fxp,factory,32480,067bc39586c9f5ab3cd9e75cfb63ff6b04a10075,067bc39586c9f5ab3cd9e75cfb63ff6b04a10075,True,ok,,6,58914e59c608ed4384ba6002e44c3465c58b2e71,48000
3294,resources/data/patches_factory/Plucks/Gliss Pluck.fxp,factory,32747,342ca62d32e91954773237d92a29c87314f5ef74,342ca62d32e91954773237d92a29c87314f5ef74,True,ok,,8,58914e59c608ed4384ba6002e44c3465c58b2e71,48000
3295,resources/data/patches_factory/Plucks/Good Childhood.fxp,factory,24100,d1277eea72f2593527e60ce7f6a2264626f6bb2b,d1277eea72f2593527e60ce7f6a2264626f6bb2b,True,ok,,5,58914e59c608ed4384ba6002e44c3465c58b2e71,48000
3296,resources/data/patches_factory/Plucks/Guitar.fxp,factory,130753,f7453a1503bd9082f6872845a33e0db655744459,f7453a1503bd9082f6872845a33e0db655744459,True,ok,,22,58914e59c608ed4384ba6002e44c3465c58b2e71,48000
3297,resources/data/patches_factory/Plucks/Half FM.fxp,factory,25433,8cfea4d3f32eaf5e19875ddf900ee87a3ff15c3f,8cfea4d3f32eaf5e19875ddf900ee87a3ff15c3f,True,ok,,3,58914e59c608ed4384ba6002e44c3465c58b2e71,48000
3298,resources/data/patches_factory/Plucks/Happy.fxp,factory,25059,f5cc7938700ce34bd3f4c5c79f84bfc121f70090,f5cc7938700ce34bd3f4c5c79f84bfc121f70090,True,ok,,3,58914e59c608ed4384ba6002e44c3465c58b2e71,48000
3299,resources/data/patches_factory/Plucks/Harmonics 1.fxp,factory,40526,68d0341e74450a57de2eda9365f73bf23725c0f5,68d0341e74450a57de2eda9365f73bf23725c0f5,True,ok,,5,58914e59c608ed4384ba6002e44c3465c58b2e71,48000
3300,resources/data/patches_factory/Plucks/Harmonics 2.fxp,factory,40101,841fc7692041f849eed3fbf6b336cffdd024e819,841fc7692041f849eed3fbf6b336cffdd024e819,True,ok,,5,58914e59c608ed4384ba6002e44c3465c58b2e71,48000
3301,resources/data/patches_factory/Plucks/Hasselhoff.fxp,factory,25329,5c15fd8fa20ae9cec5ed82219185519d4c4595be,5c15fd8fa20ae9cec5ed82219185519d4c4595be,True,ok,,3,58914e59c608ed4384ba6002e44c3465c58b2e71,48000
3302,resources/data/patches_factory/Plucks/Hybrid 1.fxp,factory,49236,53098f3481fbe8ee4da5a04687ee2bf38f61e5ab,53098f3481fbe8ee4da5a04687ee2bf38f61e5ab,True,ok,,5,58914e59c608ed4384ba6002e44c3465c58b2e71,48000
3303,resources/data/patches_factory/Plucks/Hybrid 2.fxp,factory,158653,27124c01fa94c12ebbfba3c9814a5e952489131e,27124c01fa94c12ebbfba3c9814a5e952489131e,True,ok,,82,58914e59c608ed4384ba6002e44c3465c58b2e71,48000
3304,resources/data/patches_factory/Plucks/Icebreaker.fxp,factory,25016,0da68803deffdeca6a4f9ea35772ded20c21cd7b,0da68803deffdeca6a4f9ea35772ded20c21cd7b,True,ok,,7,58914e59c608ed4384ba6002e44c3465c58b2e71,48000
3305,resources/data/patches_factory/Plucks/Late Fall.fxp,factory,24699,3f65a2ef00da02d141e6f976ee91bf4985fdf859,3f65a2ef00da02d141e6f976ee91bf4985fdf859,True,ok,,6,58914e59c608ed4384ba6002e44c3465c58b2e71,48000
3306,resources/data/patches_factory/Plucks/Light 1.fxp,factory,29283,c36a38099330fd99e51527ba100fd129e0fa83e2,c36a38099330fd99e51527ba100fd129e0fa83e2,True,ok,,14,58914e59c608ed4384ba6002e44c3465c58b2e71,48000
3307,resources/data/patches_factory/Plucks/Light 2.fxp,factory,37234,332ba8bb41587bb6ba32cf93c5145084baeef1c0,332ba8bb41587bb6ba32cf93c5145084baeef1c0,True,ok,,11,58914e59c608ed4384ba6002e44c3465c58b2e71,48000
3308,resources/data/patches_factory/Plucks/Lighter.fxp,factory,24881,cc67647d6beba4a183f9d40593deeaf4c04a6c60,cc67647d6beba4a183f9d40593deeaf4c04a6c60,True,ok,,9,58914e59c608ed4384ba6002e44c3465c58b2e71,48000
3309,resources/data/patches_factory/Plucks/Lil' Exploders.fxp,factory,23887,f909588cbf85a79f4814ba36721d5d99c24c0639,f909588cbf85a79f4814ba36721d5d99c24c0639,True,ok,,5,58914e59c608ed4384ba6002e44c3465c58b2e71,48000
3310,resources/data/patches_factory/Plucks/Lo-Fi Pluck.fxp,factory,28504,39c12704d69c62c88da330883a4b256da9519893,39c12704d69c62c88da330883a4b256da9519893,True,ok,,7,58914e59c608ed4384ba6002e44c3465c58b2e71,48000
3311,resources/data/patches_factory/Plucks/MW Morph.fxp,factory,24335,0e3ccfb9c2fde452f05b0d88bf29853e57e62ffb,0e3ccfb9c2fde452f05b0d88bf29853e57e62ffb,True,ok,,8,58914e59c608ed4384ba6002e44c3465c58b2e71,48000
3312,resources/data/patches_factory/Plucks/Magic Music Box.fxp,factory,29068,9caadd8babf74b6d51d083e085eb172f30a736e9,9caadd8babf74b6d51d083e085eb172f30a736e9,True,ok,,3,58914e59c608ed4384ba6002e44c3465c58b2e71,48000
3313,resources/data/patches_factory/Plucks/Magical Guitar.fxp,factory,40952,5e09e39c7f791eb450e309fd5fbeeecdc487ba68,5e09e39c7f791eb450e309fd5fbeeecdc487ba68,True,ok,,8,58914e59c608ed4384ba6002e44c3465c58b2e71,48000
3314,resources/data/patches_factory/Plucks/Man Machine.fxp,factory,24049,c64c55735a02ce3518df0f146292322708da6a30,c64c55735a02ce3518df0f146292322708da6a30,True,ok,,5,58914e59c608ed4384ba6002e44c3465c58b2e71,48000
3315,resources/data/patches_factory/Plucks/Messy.fxp,factory,23989,aca172a537bbcdd48850d5d688d9f975cef421e8,aca172a537bbcdd48850d5d688d9f975cef421e8,True,ok,,8,58914e59c608ed4384ba6002e44c3465c58b2e71,48000
3316,resources/data/patches_factory/Plucks/Metallic.fxp,factory,24382,75383658c7c448f140a7e3c08ccd4e50a1ab0de0,75383658c7c448f140a7e3c08ccd4e50a1ab0de0,True,ok,,8,58914e59c608ed4384ba6002e44c3465c58b2e71,48000
3317,resources/data/patches_factory/Plucks/Mol.fxp,factory,24479,0217322ee3599932f661cc06f73ec1fe67bddfac,0217322ee3599932f661cc06f73ec1fe67bddfac,True,ok,,4,58914e59c608ed4384ba6002e44c3465c58b2e71,48000
3318,resources/data/patches_factory/Plucks/Mollusk.fxp,factory,25255,7f1f64e03b9e1356a3d517db097d1465325742ba,7f1f64e03b9e1356a3d517db097d1465325742ba,True,ok,,20,58914e59c608ed4384ba6002e44c3465c58b2e71,48000
3319,resources/data/patches_factory/Plucks/Mr. Sparkle.fxp,factory,24087,4210f6e65034cba4798552f95ecad28971eb9907,4210f6e65034cba4798552f95ecad28971eb9907,True,ok,,3,58914e59c608ed4384ba6002e44c3465c58b2e71,48000
3320,resources/data/patches_factory/Plucks/Mystic.fxp,factory,32567,662afab6b57a692dc75340eb3a943275e72f486d,662afab6b57a692dc75340eb3a943275e72f486d,True,ok,,3,58914e59c608ed4384ba6002e44c3465c58b2e71,48000
3321,resources/data/patches_factory/Plucks/Nice Pluck 1.fxp,factory,24839,ef519e0fc8cf5dad17e319d9645fd3ea7df0bbe0,ef519e0fc8cf5dad17e319d9645fd3ea7df0bbe0,True,ok,,3,58914e59c608ed4384ba6002e44c3465c58b2e71,48000
3322,resources/data/patches_factory/Plucks/Nice Pluck 2.fxp,factory,25040,c3b0e18e5c9cc4c3b385198f3ded9d0089eff115,c3b0e18e5c9cc4c3b385198f3ded9d0089eff115,True,ok,,3,58914e59c608ed4384ba6002e44c3465c58b2e71,48000
3323,resources/data/patches_factory/Plucks/Nice Pluck 3.fxp,factory,56814,3f4b7bcf0cf25d3c35ce6cf823bf04639a953320,3f4b7bcf0cf25d3c35ce6cf823bf04639a953320,True,ok,,5,58914e59c608ed4384ba6002e44c3465c58b2e71,48000
3324,resources/data/patches_factory/Plucks/Nice Pluck 4.fxp,factory,24425,309a6ba5c0c9ac44436b0e5e2dfdecf71158c4f8,309a6ba5c0c9ac44436b0e5e2dfdecf71158c4f8,True,ok,,3,58914e59c608ed4384ba6002e44c3465c58b2e71,48000
3325,resources/data/patches_factory/Plucks/Nice Pluck 5.fxp,factory,24365,592f81fcbd906169ac478c0528d0217c317758bc,592f81fcbd906169ac478c0528d0217c317758bc,True,ok,,2,58914e59c608ed4384ba6002e44c3465c58b2e71,48000
3326,resources/data/patches_factory/Plucks/Nolla.fxp,factory,97267,a826fab4a4255f39704390069f37c855b6bf3744,a826fab4a4255f39704390069f37c855b6bf3744,True,ok,,6,58914e59c608ed4384ba6002e44c3465c58b2e71,48000
3327,resources/data/patches_factory/Plucks/Norrland.fxp,factory,24303,dfcbc116ef545c0b3ba4cb2b17e87eb91c00ce1c,dfcbc116ef545c0b3ba4cb2b17e87eb91c00ce1c,True,ok,,3,58914e59c608ed4384ba6002e44c3465c58b2e71,48000
3328,resources/data/patches_factory/Plucks/Piano Remains 1.fxp,factory,57949,bc783066c52bb8362bfca6ea9b63414176c693e9,bc783066c52bb8362bfca6ea9b63414176c693e9,True,ok,,8,58914e59c608ed4384ba6002e44c3465c58b2e71,48000
3329,resources/data/patches_factory/Plucks/Piano Remains 2.fxp,factory,58510,092bf3d5f064733e479013a58de9bb5c592e2e73,092bf3d5f064733e479013a58de9bb5c592e2e73,True,ok,,7,58914e59c608ed4384ba6002e44c3465c58b2e71,48000
3330,resources/data/patches_factory/Plucks/Pie.fxp,factory,24638,b29f809defbacd307047f4a78219b3ba1d2be1de,b29f809defbacd307047f4a78219b3ba1d2be1de,True,ok,,3,58914e59c608ed4384ba6002e44c3465c58b2e71,48000
3331,resources/data/patches_factory/Plucks/Pinkerton Tinfurter.fxp,factory,27055,c077a4b6f6df89bac7d16cd02a4ab4e2a358fc73,c077a4b6f6df89bac7d16cd02a4ab4e2a358fc73,True,ok,,4,58914e59c608ed4384ba6002e44c3465c58b2e71,48000
3332,resources/data/patches_factory/Plucks/Pol Pot.fxp,factory,29773,e369f0a4204792efbfdb61e5cd205474f436b4a9,e369f0a4204792efbfdb61e5cd205474f436b4a9,True,ok,,4,58914e59c608ed4384ba6002e44c3465c58b2e71,48000
3333,resources/data/patches_factory/Plucks/Pulsar.fxp,factory,82647,3c92a1013b717d01f5852ec203f5f628199c6404,3c92a1013b717d01f5852ec203f5f628199c6404,True,ok,,7,58914e59c608ed4384ba6002e44c3465c58b2e71,48000
3334,resources/data/patches_factory/Plucks/Pulsii.fxp,factory,23983,45ac891465c3819a2efd0fc176010dc04f3f004a,45ac891465c3819a2efd0fc176010dc04f3f004a,True,ok,,2,58914e59c608ed4384ba6002e44c3465c58b2e71,48000
3335,resources/data/patches_factory/Plucks/Pure Square.fxp,factory,23845,8fb9314d19220bd10dcc388227211571de15faa8,8fb9314d19220bd10dcc388227211571de15faa8,True,ok,,4,58914e59c608ed4384ba6002e44c3465c58b2e71,48000
3336,resources/data/patches_factory/Plucks/Retrofit.fxp,factory,24522,475f0971812d450b1a7d2c5d05fb3f75832b2ae6,475f0971812d450b1a7d2c5d05fb3f75832b2ae6,True,ok,,4,58914e59c608ed4384ba6002e44c3465c58b2e71,48000
3337,resources/data/patches_factory/Plucks/Reverend B.fxp,factory,24805,fdaf0e1317c1cb0d9e3d8108315db0a85d2a6f14,fdaf0e1317c1cb0d9e3d8108315db0a85d2a6f14,True,ok,,4,58914e59c608ed4384ba6002e44c3465c58b2e71,48000
3338,resources/data/patches_factory/Plucks/Rutherford Menskin MW.fxp,factory,26101,8b6af875b8f21aa8f59bd73abd93398bfcb7be85,8b6af875b8f21aa8f59bd73abd93398bfcb7be85,True,ok,,2,58914e59c608ed4384ba6002e44c3465c58b2e71,48000
3339,resources/data/patches_factory/Plucks/Saw Pluck.fxp,factory,25053,231dc1b1536d489c2171740d6771967d6b9d6fd7,231dc1b1536d489c2171740d6771967d6b9d6fd7,True,ok,,3,58914e59c608ed4384ba6002e44c3465c58b2e71,48000
3340,resources/data/patches_factory/Plucks/Scrape Pluck.fxp,factory,125335,3c491eab5864d3a5093b537c44e793b4f71822d6,3c491eab5864d3a5093b537c44e793b4f71822d6,True,ok,,11,58914e59c608ed4384ba6002e44c3465c58b2e71,48000
3341,resources/data/patches_factory/Plucks/Sharpness.fxp,factory,23951,8cfbf77fa056344227bd2d3e0f5f1c09ee78c13e,8cfbf77fa056344227bd2d3e0f5f1c09ee78c13e,True,ok,,2,58914e59c608ed4384ba6002e44c3465c58b2e71,48000
3342,resources/data/patches_factory/Plucks/Simple PW.fxp,factory,23398,bd3a95a71cdf76622c81d3b9b57f31a6d931c621,bd3a95a71cdf76622c81d3b9b57f31a6d931c621,True,ok,,3,58914e59c608ed4384ba6002e44c3465c58b2e71,48000
3343,resources/data/patches_factory/Plucks/Simple Waveguide.fxp,factory,23220,b8ad6ed00c6760cf733af94062a260d5a5e63d18,b8ad6ed00c6760cf733af94062a260d5a5e63d18,True,ok,,2,58914e59c608ed4384ba6002e44c3465c58b2e71,48000
3344,resources/data/patches_factory/Plucks/Sinus Verby Pops.fxp,factory,23755,64fe7b484b28db01b0db3932f8790351b42f6682,64fe7b484b28db01b0db3932f8790351b42f6682,True,ok,,3,58914e59c608ed4384ba6002e44c3465c58b2e71,48000
3345,resources/data/patches_factory/Plucks/Snap.fxp,factory,31550,55d015b58b1278a7d424f1fbb7ddcdeea43abe11,55d015b58b1278a7d424f1fbb7ddcdeea43abe11,True,ok,,3,58914e59c608ed4384ba6002e44c3465c58b2e71,48000
3346,resources/data/patches_factory/Plucks/Soft Space Oboe Pops.fxp,factory,23747,e2d0137112e187e2754c8397777575d8497a453b,e2d0137112e187e2754c8397777575d8497a453b,True,ok,,3,58914e59c608ed4384ba6002e44c3465c58b2e71,48000
3347,resources/data/patches_factory/Plucks/Soft Sync Saw.fxp,factory,29854,6a7ec8485e7afece05bc6aeb59d8a57ab20f9954,6a7ec8485e7afece05bc6aeb59d8a57ab20f9954,True,ok,,3,58914e59c608ed4384ba6002e44c3465c58b2e71,48000
3348,resources/data/patches_factory/Plucks/Soift.fxp,factory,24853,c89fc614a2a8e6ef33122846c5c3e540ae26e799,c89fc614a2a8e6ef33122846c5c3e540ae26e799,True,ok,,3,58914e59c608ed4384ba6002e44c3465c58b2e71,48000
3349,resources/data/patches_factory/Plucks/Spell.fxp,factory,33692,3b23ce9f6c14bc78ca0137d43ee4dff939a4180d,3b23ce9f6c14bc78ca0137d43ee4dff939a4180d,True,ok,,3,58914e59c608ed4384ba6002e44c3465c58b2e71,48000
3350,resources/data/patches_factory/Plucks/Square Blinks.fxp,factory,23809,ab5fb8bc0da5c76ef87949ce8a62da84c64c170d,ab5fb8bc0da5c76ef87949ce8a62da84c64c170d,True,ok,,3,58914e59c608ed4384ba6002e44c3465c58b2e71,48000
3351,resources/data/patches_factory/Plucks/Square Pop.fxp,factory,23846,c407e15168af808716b14b6250357f78fd24981f,c407e15168af808716b14b6250357f78fd24981f,True,ok,,3,58914e59c608ed4384ba6002e44c3465c58b2e71,48000
3352,resources/data/patches_factory/Plucks/Sync Echo.fxp,factory,24803,cf47b4efc06ef69772162f94c0e3b001f192f846,cf47b4efc06ef69772162f94c0e3b001f192f846,True,ok,,3,58914e59c608ed4384ba6002e44c3465c58b2e71,48000
3353,resources/data/patches_factory/Plucks/Sync Pluck.fxp,factory,25168,75666f89df133bb2b639cca0c9ac523690f3825f,75666f89df133bb2b639cca0c9ac523690f3825f,True,ok,,2,58914e59c608ed4384ba6002e44c3465c58b2e71,48000
3354,resources/data/patches_factory/Plucks/Sync Square Pluck.fxp,factory,23649,5c74cf671198617bd156bab3b208e6ea09658ba4,5c74cf671198617bd156bab3b208e6ea09658ba4,True,ok,,2,58914e59c608ed4384ba6002e44c3465c58b2e71,48000
3355,resources/data/patches_factory/Plucks/That Comb Magic.fxp,factory,23901,731141a2ea9547c668ecabc7a0bc55e07c059a6b,731141a2ea9547c668ecabc7a0bc55e07c059a6b,True,ok,,2,58914e59c608ed4384ba6002e44c3465c58b2e71,48000
3356,resources/data/patches_factory/Plucks/The 1980s.fxp,factory,23900,8fcc32d638a2fa2a99c616af43e7ff5533bc5b20,8fcc32d638a2fa2a99c616af43e7ff5533bc5b20,True,ok,,2,58914e59c608ed4384ba6002e44c3465c58b2e71,48000
3357,resources/data/patches_factory/Plucks/Thingamajob.fxp,factory,25125,5ca5f78c7072f388157b4495fc60934e0f24ca22,5ca5f78c7072f388157b4495fc60934e0f24ca22,True,ok,,2,58914e59c608ed4384ba6002e44c3465c58b2e71,48000
3358,resources/data/patches_factory/Plucks/Tinker.fxp,factory,24146,157151a39702d4a4f1d7247bb57dc1e0a236bf67,157151a39702d4a4f1d7247bb57dc1e0a236bf67,True,ok,,2,58914e59c608ed4384ba6002e44c3465c58b2e71,48000
3359,resources/data/patches_factory/Plucks/Trancy.fxp,factory,24646,ddb2aa13ec3a14f4b805c5bccef9934bc060439c,ddb2aa13ec3a14f4b805c5bccef9934bc060439c,True,ok,,2,58914e59c608ed4384ba6002e44c3465c58b2e71,48000
3360,resources/data/patches_factory/Plucks/Ultra Violet.fxp,factory,28211,021f641ed6eea7464f817d61d5c44fd7a417cd2f,021f641ed6eea7464f817d61d5c44fd7a417cd2f,True,ok,,3,58914e59c608ed4384ba6002e44c3465c58b2e71,48000
3361,resources/data/patches_factory/Plucks/VHS Soundtrack.fxp,factory,24930,317ea2d5ea31e42ec2307e3a22d9b761d70bae92,317ea2d5ea31e42ec2307e3a22d9b761d70bae92,True,ok,,3,58914e59c608ed4384ba6002e44c3465c58b2e71,48000
3362,resources/data/patches_factory/Plucks/Wire MW.fxp,factory,23968,b943e1dc68882bcc285a62b06a81f93a5bde659b,b943e1dc68882bcc285a62b06a81f93a5bde659b,True,ok,,2,58914e59c608ed4384ba6002e44c3465c58b2e71,48000
3363,resources/data/patches_factory/Plucks/Wire.fxp,factory,24207,aeb025cb132d865d57baf0f51026fc9d12327b3f,aeb025cb132d865d57baf0f51026fc9d12327b3f,True,ok,,3,58914e59c608ed4384ba6002e44c3465c58b2e71,48000
3364,resources/data/patches_factory/Plucks/Woody.fxp,factory,57031,9b471d4b90afcef94edf470c281843bb12435aa3,9b471d4b90afcef94edf470c281843bb12435aa3,True,ok,,4,58914e59c608ed4384ba6002e44c3465c58b2e71,48000
3365,resources/data/patches_factory/Plucks/You Fairy.fxp,factory,24281,049ad9f13ae790d3ad73c733b0a392c6b71be7d4,049ad9f13ae790d3ad73c733b0a392c6b71be7d4,True,ok,,2,58914e59c608ed4384ba6002e44c3465c58b2e71,48000
3366,resources/data/patches_factory/Polysynths/1804.fxp,factory,24511,93f1e70c7d932815378563fad95bc586668824e4,93f1e70c7d932815378563fad95bc586668824e4,True,ok,,3,58914e59c608ed4384ba6002e44c3465c58b2e71,48000
3367,resources/data/patches_factory/Polysynths/Ahh Polly.fxp,factory,24619,500c8d33767e33d03eaa09ef35e4fd5ab418e7b7,500c8d33767e33d03eaa09ef35e4fd5ab418e7b7,True,ok,,2,58914e59c608ed4384ba6002e44c3465c58b2e71,48000
3368,resources/data/patches_factory/Polysynths/Analyse.fxp,factory,40901,4b8ffa90f62d2967ed4ef486bd1e988e6f4d90ee,4b8ffa90f62d2967ed4ef486bd1e988e6f4d90ee,True,ok,,4,58914e59c608ed4384ba6002e44c3465c58b2e71,48000
3369,resources/data/patches_factory/Polysynths/Anthemish 1.fxp,factory,25643,4584a344a25778081ba109bbb8f0da61ca518762,4584a344a25778081ba109bbb8f0da61ca518762,True,ok,,3,58914e59c608ed4384ba6002e44c3465c58b2e71,48000
3370,resources/data/patches_factory/Polysynths/Anthemish 2.fxp,factory,24881,20068800095539a1cde89a758828fa4db0da260e,20068800095539a1cde89a758828fa4db0da260e,True,ok,,3,58914e59c608ed4384ba6002e44c3465c58b2e71,48000
3371,resources/data/patches_factory/Polysynths/Anthemish 3.fxp,factory,24421,8109f49a999256d7f050bcc6e662a20870905476,8109f49a999256d7f050bcc6e662a20870905476,True,ok,,2,58914e59c608ed4384ba6002e44c3465c58b2e71,48000
3372,resources/data/patches_factory/Polysynths/Bolibompa.fxp,factory,24362,393ea7455d004b3923044f2e8db4ca0543039ffd,393ea7455d004b3923044f2e8db4ca0543039ffd,True,ok,,2,58914e59c608ed4384ba6002e44c3465c58b2e71,48000
3373,resources/data/patches_factory/Polysynths/Boss.fxp,factory,24204,a79eafba2ebe57634914de74654712ae138983ed,a79eafba2ebe57634914de74654712ae138983ed,True,ok,,2,58914e59c608ed4384ba6002e44c3465c58b2e71,48000
3374,resources/data/patches_factory/Polysynths/Call.fxp,factory,33054,74ef26353a09de09d4572b55293c5d14a130a0aa,74ef26353a09de09d4572b55293c5d14a130a0aa,True,ok,,3,58914e59c608ed4384ba6002e44c3465c58b2e71,48000
3375,resources/data/patches_factory/Polysynths/Concave.fxp,factory,24728,3bc64f9b9109af98128a76f6ee097e36f344c10c,3bc64f9b9109af98128a76f6ee097e36f344c10c,True,ok,,2,58914e59c608ed4384ba6002e44c3465c58b2e71,48000
3376,resources/data/patches_factory/Polysynths/Dirty Hole.fxp,factory,23779,f6f0337f1767478b715e89e03071dc5ff9c8cb0d,f6f0337f1767478b715e89e03071dc5ff9c8cb0d,True,ok,,2,58914e59c608ed4384ba6002e44c3465c58b2e71,48000
3377,resources/data/patches_factory/Polysynths/Disturbing Resonance.fxp,factory,24595,2f80ae93355e0392791ea7fbd095df3eeec488dd,2f80ae93355e0392791ea7fbd095df3eeec488dd,True,ok,,2,58914e59c608ed4384ba6002e44c3465c58b2e71,48000
3378,resources/data/patches_factory/Polysynths/Embarrass.fxp,factory,26496,04f77e54ae7285fdb42ec704a792c8e24a5bfc87,04f77e54ae7285fdb42ec704a792c8e24a5bfc87,True,ok,,156,58914e59c608ed4384ba6002e44c3465c58b2e71,48000
3379,resources/data/patches_factory/Polysynths/Eyan.fxp,factory,90179,c4ddcead78e6d0895aad58ddf28b257d257e0e43,c4ddcead78e6d0895aad58ddf28b257d257e0e43,True,ok,,8,58914e59c608ed4384ba6002e44c3465c58b2e71,48000
3380,resources/data/patches_factory/Polysynths/FM Poly.fxp,factory,24455,0c56dc099ab676a920bf68080e6d262631fa7490,0c56dc099ab676a920bf68080e6d262631fa7490,True,ok,,4,58914e59c608ed4384ba6002e44c3465c58b2e71,48000
3381,resources/data/patches_factory/Polysynths/Failure.fxp,factory,24531,a4ae92b5d3e03299bf5286fd8e3698bb4fe27807,a4ae92b5d3e03299bf5286fd8e3698bb4fe27807,True,ok,,3,58914e59c608ed4384ba6002e44c3465c58b2e71,48000
3382,resources/data/patches_factory/Polysynths/Fast Poly.fxp,factory,23790,13129ff5a2c1b488c1f1a4ec277552ce6093e080,13129ff5a2c1b488c1f1a4ec277552ce6093e080,True,ok,,2,58914e59c608ed4384ba6002e44c3465c58b2e71,48000
3383,resources/data/patches_factory/Polysynths/Fat Curtis.fxp,factory,24948,215c24e0983d977183d311a570da6e78d675752d,215c24e0983d977183d311a570da6e78d675752d,True,ok,,2,58914e59c608ed4384ba6002e44c3465c58b2e71,48000
3384,resources/data/patches_factory/Polysynths/Filter Mod.fxp,factory,24733,fbaec61c0c3b0f23010c36c2d3e84bce49560f64,fbaec61c0c3b0f23010c36c2d3e84bce49560f64,True,ok,,2,58914e59c608ed4384ba6002e44c3465c58b2e71,48000
3385,resources/data/patches_factory/Polysynths/Filter Sweep.fxp,factory,24951,25d5a59565e5741381ab37e78ac059fa801114e6,25d5a59565e5741381ab37e78ac059fa801114e6,True,ok,,2,58914e59c608ed4384ba6002e44c3465c58b2e71,48000
3386,resources/data/patches_factory/Polysynths/Fonk.fxp,factory,99557,10a620f97d4e2be90f23d59413070f14065b543a,10a620f97d4e2be90f23d59413070f14065b543a,True,ok,,7,58914e59c608ed4384ba6002e44c3465c58b2e71,48000
3387,resources/data/patches_factory/Polysynths/Formant Sweep.fxp,factory,40008,ab9dd8f7184e322bd40e7aecec7d428d023e60d1,ab9dd8f7184e322bd40e7aecec7d428d023e60d1,True,ok,,4,58914e59c608ed4384ba6002e44c3465c58b2e71,48000
3388,resources/data/patches_factory/Polysynths/Fun With Feedback.fxp,factory,23291,134449a5b035f311032587c1752671a4b859f3db,134449a5b035f311032587c1752671a4b859f3db,True,ok,,2,58914e59c608ed4384ba6002e44c3465c58b2e71,48000
3389,resources/data/patches_factory/Polysynths/Gentle.fxp,factory,36623,6fb84c7e772315d36632987f575e95555f2eb2d0,6fb84c7e772315d36632987f575e95555f2eb2d0,True,ok,,4,58914e59c608ed4384ba6002e44c3465c58b2e71,48000
3390,resources/data/patches_factory/Polysynths/Havoc.fxp,factory,24191,9ff3ab1cdbb76c76a32feff703ad6592cca5cb98,9ff3ab1cdbb76c76a32feff703ad6592cca5cb98,True,ok,,3,58914e59c608ed4384ba6002e44c3465c58b2e71,48000
3391,resources/data/patches_factory/Polysynths/Hombre.fxp,factory,33443,a09ed7bc93a43f73e7591e45057c71df481c9870,a09ed7bc93a43f73e7591e45057c71df481c9870,True,ok,,4,58914e59c608ed4384ba6002e44c3465c58b2e71,48000
3392,resources/data/patches_factory/Polysynths/Hugeness.fxp,factory,24407,396b83411d1ebc501ac575dc2fda6c8754567815,396b83411d1ebc501ac575dc2fda6c8754567815,True,ok,,2,58914e59c608ed4384ba6002e44c3465c58b2e71,48000
3393,resources/data/patches_factory/Polysynths/Instant Coffee PWM.fxp,factory,24262,a827771d70f1f5a91fc3a6692ebf305de874214c,a827771d70f1f5a91fc3a6692ebf305de874214c,True,ok,,2,58914e59c608ed4384ba6002e44c3465c58b2e71,48000
3394,resources/data/patches_factory/Polysynths/Japanese Space-ulation Wheel.fxp,factory,25491,1952adb458e5c46b1af477c4d83fcbb083c04949,1952adb458e5c46b1af477c4d83fcbb083c04949,True,ok,,4,58914e59c608ed4384ba6002e44c3465c58b2e71,48000
3395,resources/data/patches_factory/Polysynths/Japanese Unison.fxp,factory,24384,6e8aff23e6686a53039b5c0c9c416f04708122cd,6e8aff23e6686a53039b5c0c9c416f04708122cd,True,ok,,3,58914e59c608ed4384ba6002e44c3465c58b2e71,48000
3396,resources/data/patches_factory/Polysynths/Jim.fxp,factory,57130,0641b0ba48a8a6fe9d14e61b11db34c2d364f07a,0641b0ba48a8a6fe9d14e61b11db34c2d364f07a,True,ok,,5,58914e59c608ed4384ba6002e44c3465c58b2e71,48000
3397,resources/data/patches_factory/Polysynths/Juno-60 Strings.fxp,factory,31841,5324bd16ad15a8ede8b6beee2c342dc9610e11df,5324bd16ad15a8ede8b6beee2c342dc9610e11df,True,ok,,3,58914e59c608ed4384ba6002e44c3465c58b2e71,48000
3398,resources/data/patches_factory/Polysynths/Jupiter-8.fxp,factory,24956,1d6f94084584015f8b53758f08016805a47b05e8,1d6f94084584015f8b53758f08016805a47b05e8,True,ok,,3,58914e59c608ed4384ba6002e44c3465c58b2e71,48000
3399,resources/data/patches_factory/Polysynths/Keep 'em Coming.fxp,factory,39674,2fbbee451286ed589ffe2041afac902ee2746ecc,2fbbee451286ed589ffe2041afac902ee2746ecc,True,ok,,4,58914e59c608ed4384ba6002e44c3465c58b2e71,48000
3400,resources/data/patches_factory/Polysynths/Korg Triton.fxp,factory,549655,aa5118c34e5bf9f806b015c927d0accfe1431943,aa5118c34e5bf9f806b015c927d0accfe1431943,True,ok,,177,58914e59c608ed4384ba6002e44c3465c58b2e71,48000
3401,resources/data/patches_factory/Polysynths/Larger.fxp,factory,23876,5e1984db71e79e677f5b47eab5f34d118eaf9b47,5e1984db71e79e677f5b47eab5f34d118eaf9b47,True,ok,,8,58914e59c608ed4384ba6002e44c3465c58b2e71,48000
3402,resources/data/patches_factory/Polysynths/Licht.fxp,factory,24550,e96af9bdea1909ffd7b923c538d563df8774463e,e96af9bdea1909ffd7b923c538d563df8774463e,True,ok,,8,58914e59c608ed4384ba6002e44c3465c58b2e71,48000
3403,resources/data/patches_factory/Polysynths/MG.fxp,factory,24797,deae3b2e3391d0cbdc81a4dea87e051b47c0ede2,deae3b2e3391d0cbdc81a4dea87e051b47c0ede2,True,ok,,7,58914e59c608ed4384ba6002e44c3465c58b2e71,48000
3404,resources/data/patches_factory/Polysynths/MacLaurin.fxp,factory,24966,5981e0e5241e8d6adf09c46f85fb60df62e2f990,5981e0e5241e8d6adf09c46f85fb60df62e2f990,True,ok,,6,58914e59c608ed4384ba6002e44c3465c58b2e71,48000
3405,resources/data/patches_factory/Polysynths/Mega Mega.fxp,factory,25213,4403a03116d00afaadd600f82855cd83a3af3001,4403a03116d00afaadd600f82855cd83a3af3001,True,ok,,4,58914e59c608ed4384ba6002e44c3465c58b2e71,48000
3406,resources/data/patches_factory/Polysynths/Megasynth 1.fxp,factory,24275,c154d559d46c5827bdceeb9c76235b708472fca7,c154d559d46c5827bdceeb9c76235b708472fca7,True,ok,,3,58914e59c608ed4384ba6002e44c3465c58b2e71,48000
3407,resources/data/patches_factory/Polysynths/Megasynth 2.fxp,factory,24392,c8f07147e8c4fa3edbce25405dc26b2f9bdc8f18,c8f07147e8c4fa3edbce25405dc26b2f9bdc8f18,True,ok,,5,58914e59c608ed4384ba6002e44c3465c58b2e71,48000
3408,resources/data/patches_factory/Polysynths/Megasynth 3.fxp,factory,24852,61e931a1b2f277585cd21c8a2b23fee900d41396,61e931a1b2f277585cd21c8a2b23fee900d41396,True,ok,,6,58914e59c608ed4384ba6002e44c3465c58b2e71,48000
3409,resources/data/patches_factory/Polysynths/Megasynth 4.fxp,factory,24196,857df5842cee2aefc1b19cbabd40eb8d5b73eb2b,857df5842cee2aefc1b19cbabd40eb8d5b73eb2b,True,ok,,4,58914e59c608ed4384ba6002e44c3465c58b2e71,48000
3410,resources/data/patches_factory/Polysynths/Melon.fxp,factory,24127,2b9fc0ef796c261187729065c316d36fe8e4892f,2b9fc0ef796c261187729065c316d36fe8e4892f,True,ok,,6,58914e59c608ed4384ba6002e44c3465c58b2e71,48000
3411,resources/data/patches_factory/Polysynths/Messy.fxp,factory,23772,a2b169132344d5c70e9ff6ae625688581c2e430f,a2b169132344d5c70e9ff6ae625688581c2e430f,True,ok,,2,58914e59c608ed4384ba6002e44c3465c58b2e71,48000
3412,resources/data/patches_factory/Polysynths/Metal Chonk.fxp,factory,24329,861693a60b743f449f706ea6dde924182b6fc57d,861693a60b743f449f706ea6dde924182b6fc57d,True,ok,,5,58914e59c608ed4384ba6002e44c3465c58b2e71,48000
3413,resources/data/patches_factory/Polysynths/Noise Tone.fxp,factory,25819,e3b53ea9c3f1598e6424027f33ebc7767a113487,e3b53ea9c3f1598e6424027f33ebc7767a113487,True,ok,,3,58914e59c608ed4384ba6002e44c3465c58b2e71,48000
3414,resources/data/patches_factory/Polysynths/Notched Saws.fxp,factory,25337,32c93d579c423315d4052b7c313d9f792de9c577,32c93d579c423315d4052b7c313d9f792de9c577,True,ok,,8,58914e59c608ed4384ba6002e44c3465c58b2e71,48000
3415,resources/data/patches_factory/Polysynths/Oberheim Dreams.fxp,factory,24609,4aebebc43a7dc3ebd3f03183138c1f37aca4ea0d,4aebebc43a7dc3ebd3f03183138c1f37aca4ea0d,True,ok,,3,58914e59c608ed4384ba6002e44c3465c58b2e71,48000
3416,resources/data/patches_factory/Polysynths/Oiro.fxp,factory,154777,7b7cbf1018d7c0a4fcb9c3205e0049f9a2752299,7b7cbf1018d7c0a4fcb9c3205e0049f9a2752299,True,ok,,11,58914e59c608ed4384ba6002e44c3465c58b2e71,48000
3417,resources/data/patches_factory/Polysynths/Ol' Sampler.fxp,factory,57584,e21df8554ddd5183b3c9374b3d388f7513d3cbbd,e21df8554ddd5183b3c9374b3d388f7513d3cbbd,True,ok,,4,58914e59c608ed4384ba6002e44c3465c58b2e71,48000
3418,resources/data/patches_factory/Polysynths/Old Square.fxp,factory,24958,99a50f2ed91649b547def5c40bae33b7e4521cf8,99a50f2ed91649b547def5c40bae33b7e4521cf8,True,ok,,3,58914e59c608ed4384ba6002e44c3465c58b2e71,48000
3419,resources/data/patches_factory/Polysynths/Oldie.fxp,factory,23869,72367c42b1517fc02d53ad98c31a0e1944c199ee,72367c42b1517fc02d53ad98c31a0e1944c199ee,True,ok,,2,58914e59c608ed4384ba6002e44c3465c58b2e71,48000
3420,resources/data/patches_factory/Polysynths/PPG Choir.fxp,factory,40149,b54f7eaf66829bf1f209cf635422961a8fab3087,b54f7eaf66829bf1f209cf635422961a8fab3087,True,ok,,4,58914e59c608ed4384ba6002e44c3465c58b2e71,48000
3421,resources/data/patches_factory/Polysynths/PPG Dreams.fxp,factory,24953,a9d00edca643f08e4a5eade98b6b4f15eac5ddb5,a9d00edca643f08e4a5eade98b6b4f15eac5ddb5,True,ok,,3,58914e59c608ed4384ba6002e44c3465c58b2e71,48000
3422,resources/data/patches_factory/Polysynths/PWM Avenger.fxp,factory,24387,0440e4c36ac95ba75dd9b01a185d068d075bf507,0440e4c36ac95ba75dd9b01a185d068d075bf507,True,ok,,3,58914e59c608ed4384ba6002e44c3465c58b2e71,48000
3423,resources/data/patches_factory/Polysynths/Past Tense.fxp,factory,27970,8988c7acbc8c8970d56d027be761550461f39c72,8988c7acbc8c8970d56d027be761550461f39c72,True,ok,,3,58914e59c608ed4384ba6002e44c3465c58b2e71,48000
3424,resources/data/patches_factory/Polysynths/Phasey.fxp,factory,34825,59e24827a94cba709975a3ec5de9965137b4177d,59e24827a94cba709975a3ec5de9965137b4177d,True,ok,,3,58914e59c608ed4384ba6002e44c3465c58b2e71,48000
3425,resources/data/patches_factory/Polysynths/Play Louder.fxp,factory,24479,b594e2eea0defdae826a8b803e684580b8d7181f,b594e2eea0defdae826a8b803e684580b8d7181f,True,ok,,2,58914e59c608ed4384ba6002e44c3465c58b2e71,48000
3426,resources/data/patches_factory/Polysynths/Ploppy.fxp,factory,23961,4608f45d10ad6059996ea4cd0c61ba9248cf6812,4608f45d10ad6059996ea4cd0c61ba9248cf6812,True,ok,,3,58914e59c608ed4384ba6002e44c3465c58b2e71,48000
3427,resources/data/patches_factory/Polysynths/Poly Ahhs.fxp,factory,40015,8ddc0b2af4b4386f59aee5743440bff2f4c8397a,8ddc0b2af4b4386f59aee5743440bff2f4c8397a,True,ok,,4,58914e59c608ed4384ba6002e44c3465c58b2e71,48000
3428,resources/data/patches_factory/Polysynths/Poly Lala.fxp,factory,26821,1de022225e01fff0dff6c62f85a033cba801cebb,1de022225e01fff0dff6c62f85a033cba801cebb,True,ok,,2,58914e59c608ed4384ba6002e44c3465c58b2e71,48000
3429,resources/data/patches_factory/Polysynths/Polymoog.fxp,factory,25137,c1c015847f91f90e9a4077ce4840dcee56e4fcef,c1c015847f91f90e9a4077ce4840dcee56e4fcef,True,ok,,3,58914e59c608ed4384ba6002e44c3465c58b2e71,48000
3430,resources/data/patches_factory/Polysynths/Prophet VS.fxp,factory,31844,ba6486ab3e50a4a8f721fe3c624896399a3430c3,ba6486ab3e50a4a8f721fe3c624896399a3430c3,True,ok,,2,58914e59c608ed4384ba6002e44c3465c58b2e71,48000
3431,resources/data/patches_factory/Polysynths/Quantization Choice.fxp,factory,34046,a4de000b4a6ac1375a673b6f204bf59a375ba363,a4de000b4a6ac1375a673b6f204bf59a375ba363,True,ok,,3,58914e59c608ed4384ba6002e44c3465c58b2e71,48000
3432,resources/data/patches_factory/Polysynths/Quasi.fxp,factory,26458,173f9d788c0a68328ad0a0f54a05c2ce03adacd0,173f9d788c0a68328ad0a0f54a05c2ce03adacd0,True,ok,,3,58914e59c608ed4384ba6002e44c3465c58b2e71,48000
3433,resources/data/patches_factory/Polysynths/Quote.fxp,factory,24293,f79897765c87dd94fa5300b9b3969006d9d7ae68,f79897765c87dd94fa5300b9b3969006d9d7ae68,True,ok,,3,58914e59c608ed4384ba6002e44c3465c58b2e71,48000
3434,resources/data/patches_factory/Polysynths/Ralph.fxp,factory,24368,c1afcdf7a71cc2f2f0fe923d9b4590e8b4582dde,c1afcdf7a71cc2f2f0fe923d9b4590e8b4582dde,True,ok,,2,58914e59c608ed4384ba6002e44c3465c58b2e71,48000
3435,resources/data/patches_factory/Polysynths/Reset.fxp,factory,23878,c64e92e2b08188c79f2b32b38e2889fca1cab64b,c64e92e2b08188c79f2b32b38e2889fca1cab64b,True,ok,,2,58914e59c608ed4384ba6002e44c3465c58b2e71,48000
3436,resources/data/patches_factory/Polysynths/Retrofit.fxp,factory,24526,a88d7b59d21b1016a975f391d95790dda322edc6,a88d7b59d21b1016a975f391d95790dda322edc6,True,ok,,2,58914e59c608ed4384ba6002e44c3465c58b2e71,48000
3437,resources/data/patches_factory/Polysynths/Retrograde.fxp,factory,24123,ec4a5fecf8e2f24bf4d1ea14de9a4d932ac849d4,ec4a5fecf8e2f24bf4d1ea14de9a4d932ac849d4,True,ok,,2,58914e59c608ed4384ba6002e44c3465c58b2e71,48000
3438,resources/data/patches_factory/Polysynths/Rez.fxp,factory,23812,2a5432e1e54fa628f46aa81afbf900069ab55496,2a5432e1e54fa628f46aa81afbf900069ab55496,True,ok,,2,58914e59c608ed4384ba6002e44c3465c58b2e71,48000
3439,resources/data/patches_factory/Polysynths/Ring Sweep.fxp,factory,39732,622e5ca5ae9b39aff8910b1198f1cad50ed5aa10,622e5ca5ae9b39aff8910b1198f1cad50ed5aa10,True,ok,,3,58914e59c608ed4384ba6002e44c3465c58b2e71,48000
3440,resources/data/patches_factory/Polysynths/Ringo.fxp,factory,23805,7b6ee730d0f17adc0be4a83d87960248b1210b03,7b6ee730d0f17adc0be4a83d87960248b1210b03,True,ok,,3,58914e59c608ed4384ba6002e44c3465c58b2e71,48000
3441,resources/data/patches_factory/Polysynths/Ruler.fxp,factory,94004,98345aa44a1064b35dc2233f27c0fe610ff6268b,98345aa44a1064b35dc2233f27c0fe610ff6268b,True,ok,,7,58914e59c608ed4384ba6002e44c3465c58b2e71,48000
3442,resources/data/patches_factory/Polysynths/Rusty.fxp,factory,24850,8af1ea9d91ef03f03447562753aa1606ffd86954,8af1ea9d91ef03f03447562753aa1606ffd86954,True,ok,,3,58914e59c608ed4384ba6002e44c3465c58b2e71,48000
3443,resources/data/patches_factory/Polysynths/Separate Ways.fxp,factory,24945,9e9eb8f1d3e41cee65ffdf555e10f2c7f47fd5bd,9e9eb8f1d3e41cee65ffdf555e10f2c7f47fd5bd,True,ok,,2,58914e59c608ed4384ba6002e44c3465c58b2e71,48000
3444,resources/data/patches_factory/Polysynths/Serious Distortion.fxp,factory,37588,30ea6560a6d07f5d0c8aa7bb20a0565242d36137,30ea6560a6d07f5d0c8aa7bb20a0565242d36137,True,ok,,5,58914e59c608ed4384ba6002e44c3465c58b2e71,48000
3445,resources/data/patches_factory/Polysynths/Shenanigans.fxp,factory,42138,c5b05add8af7be3f0e2e5177c57518e82927371e,c5b05add8af7be3f0e2e5177c57518e82927371e,True,ok,,5,58914e59c608ed4384ba6002e44c3465c58b2e71,48000
3446,resources/data/patches_factory/Polysynths/Simplistic.fxp,factory,23883,fee5017517b0e0eafc4992fd6121f486c955f94a,fee5017517b0e0eafc4992fd6121f486c955f94a,True,ok,,2,58914e59c608ed4384ba6002e44c3465c58b2e71,48000
3447,resources/data/patches_factory/Polysynths/Sine Saw 7.fxp,factory,40679,6c991f4ba8076d4e69687dbb1e3e3bc3f7d7783d,6c991f4ba8076d4e69687dbb1e3e3bc3f7d7783d,True,ok,,4,58914e59c608ed4384ba6002e44c3465c58b2e71,48000
3448,resources/data/patches_factory/Polysynths/Sine Saw.fxp,factory,40605,e836d863a4d2d3e57bc77c7944507372b08aeb01,e836d863a4d2d3e57bc77c7944507372b08aeb01,True,ok,,4,58914e59c608ed4384ba6002e44c3465c58b2e71,48000
3449,resources/data/patches_factory/Polysynths/Sizzling Sweep.fxp,factory,24528,5e572888084cd931be3e664fe65838be76c6e1a0,5e572888084cd931be3e664fe65838be76c6e1a0,True,ok,,2,58914e59c608ed4384ba6002e44c3465c58b2e71,48000
3450,resources/data/patches_factory/Polysynths/Skatteverket.fxp,factory,44152,07393610595ac64d06fee6e95f27a4034a310d6e,07393610595ac64d06fee6e95f27a4034a310d6e,True,ok,,5,58914e59c608ed4384ba6002e44c3465c58b2e71,48000
3451,resources/data/patches_factory/Polysynths/Slow Poly MW.fxp,factory,24803,789fff2dce5c5fdc78f090c07ccbf0822ad175a1,789fff2dce5c5fdc78f090c07ccbf0822ad175a1,True,ok,,2,58914e59c608ed4384ba6002e44c3465c58b2e71,48000
3452,resources/data/patches_factory/Polysynths/Smooth Stabs.fxp,factory,24963,5acaa57ea01ac614ff3ddcfb519f2d6d2821cc68,5acaa57ea01ac614ff3ddcfb519f2d6d2821cc68,True,ok,,2,58914e59c608ed4384ba6002e44c3465c58b2e71,48000
3453,resources/data/patches_factory/Polysynths/Space FM.fxp,factory,23950,bf662f274eaf64b4f32a2881d61de528dbb571e0,bf662f274eaf64b4f32a2881d61de528dbb571e0,True,ok,,2,58914e59c608ed4384ba6002e44c3465c58b2e71,48000
3454,resources/data/patches_factory/Polysynths/Spacematron.fxp,factory,23989,7d6d7499c097459f300830aef4d6689e68f904b2,7d6d7499c097459f300830aef4d6689e68f904b2,True,ok,,2,58914e59c608ed4384ba6002e44c3465c58b2e71,48000
3455,resources/data/patches_factory/Polysynths/Spik.fxp,factory,24202,907d5e5ee14052a16e9e9570b12f0243d45a9c51,907d5e5ee14052a16e9e9570b12f0243d45a9c51,True,ok,,3,58914e59c608ed4384ba6002e44c3465c58b2e71,48000
3456,resources/data/patches_factory/Polysynths/Step Portamento.fxp,factory,30527,4034ed4aef6dd3e6041e487d007740e257a0879a,4034ed4aef6dd3e6041e487d007740e257a0879a,True,ok,,20,58914e59c608ed4384ba6002e44c3465c58b2e71,48000
3457,resources/data/patches_factory/Polysynths/Super Jupiter.fxp,factory,24946,9f6ea787f20c313413e565275818d3407ab857d6,9f6ea787f20c313413e565275818d3407ab857d6,True,ok,,3,58914e59c608ed4384ba6002e44c3465c58b2e71,48000
3458,resources/data/patches_factory/Polysynths/Taikonaut.fxp,factory,24752,a229e1d555ebf9c7daaf13847e483be6bb278467,a229e1d555ebf9c7daaf13847e483be6bb278467,True,ok,,17,58914e59c608ed4384ba6002e44c3465c58b2e71,48000
3459,resources/data/patches_factory/Polysynths/Tarnce.fxp,factory,32413,97ba676ee69e87b17e9d6cad0ed49a3443cee6c8,97ba676ee69e87b17e9d6cad0ed49a3443cee6c8,True,ok,,3,58914e59c608ed4384ba6002e44c3465c58b2e71,48000
3460,resources/data/patches_factory/Polysynths/Thynchronization.fxp,factory,24134,afa88e4ca9abba4b46f23a50d45d84aeb18e3174,afa88e4ca9abba4b46f23a50d45d84aeb18e3174,True,ok,,3,58914e59c608ed4384ba6002e44c3465c58b2e71,48000
3461,resources/data/patches_factory/Polysynths/Uni 1.fxp,factory,24403,d0634c526e0cc9653e1b808580c8c5f23790aa45,d0634c526e0cc9653e1b808580c8c5f23790aa45,True,ok,,16,58914e59c608ed4384ba6002e44c3465c58b2e71,48000
3462,resources/data/patches_factory/Polysynths/Uni 2.fxp,factory,24621,6cac482e6881b09cf83ad5bb8a130375c7f54924,6cac482e6881b09cf83ad5bb8a130375c7f54924,True,ok,,12,58914e59c608ed4384ba6002e44c3465c58b2e71,48000
3463,resources/data/patches_factory/Polysynths/Uni Saw FB.fxp,factory,24093,825e10ecd83e910ba41c5d04e8fdbddf734e75c9,825e10ecd83e910ba41c5d04e8fdbddf734e75c9,True,ok,,2,58914e59c608ed4384ba6002e44c3465c58b2e71,48000
3464,resources/data/patches_factory/Polysynths/Vel 2 Cutoff.fxp,factory,24142,0ae688e3ef502e05120aba16ed7205483d7e4afa,0ae688e3ef502e05120aba16ed7205483d7e4afa,True,ok,,12,58914e59c608ed4384ba6002e44c3465c58b2e71,48000
3465,resources/data/patches_factory/Polysynths/Violini Poly.fxp,factory,26688,c6367cb0f3e344b02ab43fac9c9596e6e1f193be,c6367cb0f3e344b02ab43fac9c9596e6e1f193be,True,ok,,2,58914e59c608ed4384ba6002e44c3465c58b2e71,48000
3466,resources/data/patches_factory/Polysynths/Waver.fxp,factory,39820,a47db01b7f38b2d474bda970d82065df3938e6e0,a47db01b7f38b2d474bda970d82065df3938e6e0,True,ok,,10,58914e59c608ed4384ba6002e44c3465c58b2e71,48000
3467,resources/data/patches_factory/Polysynths/Xpander 1.fxp,factory,32444,83de11dcdcbbc58a589a3ba46c53f613b3d8100e,83de11dcdcbbc58a589a3ba46c53f613b3d8100e,True,ok,,8,58914e59c608ed4384ba6002e44c3465c58b2e71,48000
3468,resources/data/patches_factory/Polysynths/Xpander 2.fxp,factory,31843,2a2717f20ac399fec9fd7305047c32f8c21a0c1c,2a2717f20ac399fec9fd7305047c32f8c21a0c1c,True,ok,,33,58914e59c608ed4384ba6002e44c3465c58b2e71,48000
3469,resources/data/patches_factory/Polysynths/Zizzly Saw.fxp,factory,89780,117c564e31db02a43b1ba2715c0cd94303cf317c,117c564e31db02a43b1ba2715c0cd94303cf317c,True,ok,,8,58914e59c608ed4384ba6002e44c3465c58b2e71,48000
3470,resources/data/patches_factory/Sequences/Acid Seq 1.fxp,factory,24372,3925e1349c348757d21d998dfe0007085019221a,3925e1349c348757d21d998dfe0007085019221a,True,ok,,2,58914e59c608ed4384ba6002e44c3465c58b2e71,48000
3471,resources/data/patches_factory/Sequences/Acid Seq 2.fxp,factory,23967,06f4a8b5d3dd518aaa06b4e0e7cd540c99791f9c,06f4a8b5d3dd518aaa06b4e0e7cd540c99791f9c,True,ok,,2,58914e59c608ed4384ba6002e44c3465c58b2e71,48000
3472,resources/data/patches_factory/Sequences/Acid Seq 3.fxp,factory,24030,e8e14a3b3c33b012c5acf9eec50e629eed96b79c,e8e14a3b3c33b012c5acf9eec50e629eed96b79c,True,ok,,2,58914e59c608ed4384ba6002e44c3465c58b2e71,48000
3473,resources/data/patches_factory/Sequences/Barrelish.fxp,factory,57056,794644f8271519446946c9daffaceff9dc762234,794644f8271519446946c9daffaceff9dc762234,True,ok,,5,58914e59c608ed4384ba6002e44c3465c58b2e71,48000
3474,resources/data/patches_factory/Sequences/Bell Seq.fxp,factory,82583,d74979e2c4dae6746c7e0026824a3ce542c5f934,d74979e2c4dae6746c7e0026824a3ce542c5f934,True,ok,,6,58914e59c608ed4384ba6002e44c3465c58b2e71,48000
3475,resources/data/patches_factory/Sequences/Bit Seq.fxp,factory,25032,bdab60c63032a9e535bd23bd8141f0ced7dffeab,bdab60c63032a9e535bd23bd8141f0ced7dffeab,True,ok,,3,58914e59c608ed4384ba6002e44c3465c58b2e71,48000
3476,resources/data/patches_factory/Sequences/Burial Ground.fxp,factory,32782,4c12e5325622ac4822b9b7c782a8bf582f0f030c,4c12e5325622ac4822b9b7c782a8bf582f0f030c,True,ok,,3,58914e59c608ed4384ba6002e44c3465c58b2e71,48000
3477,resources/data/patches_factory/Sequences/Calm.fxp,factory,32117,f9b1445cb104620f0b92b5d2669333140d10e3b4,f9b1445cb104620f0b92b5d2669333140d10e3b4,True,ok,,3,58914e59c608ed4384ba6002e44c3465c58b2e71,48000
3478,resources/data/patches_factory/Sequences/Comb Seq.fxp,factory,24873,c05dd3bad4b8ed218529282c4e3b270c7faf48fc,c05dd3bad4b8ed218529282c4e3b270c7faf48fc,True,ok,,2,58914e59c608ed4384ba6002e44c3465c58b2e71,48000
3479,resources/data/patches_factory/Sequences/Damn Aliens.fxp,factory,24912,f234adc0b2f7d576c5bbd201d1d1d7eb8db9d234,f234adc0b2f7d576c5bbd201d1d1d7eb8db9d234,True,ok,,2,58914e59c608ed4384ba6002e44c3465c58b2e71,48000
3480,resources/data/patches_factory/Sequences/Distorted Glassy Seq.fxp,factory,25208,1d134c32559c08416da1c08b9d2440ffa800b999,1d134c32559c08416da1c08b9d2440ffa800b999,True,ok,,2,58914e59c608ed4384ba6002e44c3465c58b2e71,48000
3481,resources/data/patches_factory/Sequences/Evilish.fxp,factory,168144,7f3a05f28edbc6c7aa8ad455c8664847006fa42d,7f3a05f28edbc6c7aa8ad455c8664847006fa42d,True,ok,,11,58914e59c608ed4384ba6002e44c3465c58b2e71,48000
3482,resources/data/patches_factory/Sequences/FB Seq.fxp,factory,24983,e544f2431403ad9fcc4b1bb4a7291925b78c011e,e544f2431403ad9fcc4b1bb4a7291925b78c011e,True,ok,,3,58914e59c608ed4384ba6002e44c3465c58b2e71,48000
3483,resources/data/patches_factory/Sequences/FM Motion Sweep.fxp,factory,24010,745296370f0c785b3e5fb0a17ac218cd90b95688,745296370f0c785b3e5fb0a17ac218cd90b95688,True,ok,,2,58914e59c608ed4384ba6002e44c3465c58b2e71,48000
3484,resources/data/patches_factory/Sequences/FM Seq.fxp,factory,32683,12a9b5aa0b33bc8a719e1ba9e5477ce6f703ff46,12a9b5aa0b33bc8a719e1ba9e5477ce6f703ff46,True,ok,,4,58914e59c608ed4384ba6002e44c3465c58b2e71,48000
3485,resources/data/patches_factory/Sequences/Fifth Seq.fxp,factory,55516,70b8c3782feb64fec995758e23fcd263194c63f6,70b8c3782feb64fec995758e23fcd263194c63f6,True,ok,,4,58914e59c608ed4384ba6002e44c3465c58b2e71,48000
3486,resources/data/patches_factory/Sequences/Filter Buildup.fxp,factory,23866,bd166257afd0b60c2fe5f9849775b5567664b17f,bd166257afd0b60c2fe5f9849775b5567664b17f,True,ok,,2,58914e59c608ed4384ba6002e44c3465c58b2e71,48000
3487,resources/data/patches_factory/Sequences/Fold Sseq.fxp,factory,23934,761b41274c0562f53073930ad27a2db5942386d6,761b41274c0562f53073930ad27a2db5942386d6,True,ok,,2,58914e59c608ed4384ba6002e44c3465c58b2e71,48000
3488,resources/data/patches_factory/Sequences/Game On 1.fxp,factory,23473,1bb48c83b140c648970b2a2dc998efdc11242b48,1bb48c83b140c648970b2a2dc998efdc11242b48,True,ok,,2,58914e59c608ed4384ba6002e44c3465c58b2e71,48000
3489,resources/data/patches_factory/Sequences/Game On 2.fxp,factory,24553,476826c769be8617f011a06be77f7b85f46355be,476826c769be8617f011a06be77f7b85f46355be,True,ok,,3,58914e59c608ed4384ba6002e44c3465c58b2e71,48000
3490,resources/data/patches_factory/Sequences/Game On 3.fxp,factory,24777,3dc15cf2d27a5814d8d0a45fa2f8bba1757dbd3b,3dc15cf2d27a5814d8d0a45fa2f8bba1757dbd3b,True,ok,,3,58914e59c608ed4384ba6002e44c3465c58b2e71,48000
3491,resources/data/patches_factory/Sequences/Gate Chord.fxp,factory,24116,8e5efa9b5ad7da66849499ee9c2116304f295920,8e5efa9b5ad7da66849499ee9c2116304f295920,True,ok,,2,58914e59c608ed4384ba6002e44c3465c58b2e71,48000
3492,resources/data/patches_factory/Sequences/Hovercar Championship.fxp,factory,32051,95ffaeb3c2007cc6902a458748af6a00f4577054,95ffaeb3c2007cc6902a458748af6a00f4577054,True,ok,,108,58914e59c608ed4384ba6002e44c3465c58b2e71,48000
3493,resources/data/patches_factory/Sequences/I Want To Get Well.fxp,factory,39327,b9c45fd396581c3e336b08f6fef63b9dc3fdc1d4,b9c45fd396581c3e336b08f6fef63b9dc3fdc1d4,True,ok,,7,58914e59c608ed4384ba6002e44c3465c58b2e71,48000
3494,resources/data/patches_factory/Sequences/Madness.fxp,factory,32128,8d3b56dca35b1e24ead16b2f03a93fdcfc827753,8d3b56dca35b1e24ead16b2f03a93fdcfc827753,True,ok,,2,58914e59c608ed4384ba6002e44c3465c58b2e71,48000
3495,resources/data/patches_factory/Sequences/Multi Seq.fxp,factory,24881,577e8ed8959039f483541c91a4d23b274bd8b998,577e8ed8959039f483541c91a4d23b274bd8b998,True,ok,,3,58914e59c608ed4384ba6002e44c3465c58b2e71,48000
3496,resources/data/patches_factory/Sequences/Noise Bass.fxp,factory,31527,9ca0db3db3f17bf31449117a595fbc923d002452,9ca0db3db3f17bf31449117a595fbc923d002452,True,ok,,3,58914e59c608ed4384ba6002e44c3465c58b2e71,48000
3497,resources/data/patches_factory/Sequences/Noise Seq.fxp,factory,23883,d06aefe8870790340e6eace194353b468123c138,d06aefe8870790340e6eace194353b468123c138,True,ok,,7,58914e59c608ed4384ba6002e44c3465c58b2e71,48000
3498,resources/data/patches_factory/Sequences/Octave Arp.fxp,factory,24105,ee53a185a488fc2a553b5fcdd4234e571dcff107,ee53a185a488fc2a553b5fcdd4234e571dcff107,True,ok,,2,58914e59c608ed4384ba6002e44c3465c58b2e71,48000
3499,resources/data/patches_factory/Sequences/One Key Wonder.fxp,factory,26358,e14538647574260842d8c162665d14f3da6d356a,e14538647574260842d8c162665d14f3da6d356a,True,ok,,15,58914e59c608ed4384ba6002e44c3465c58b2e71,48000
3500,resources/data/patches_factory/Sequences/Phase 1.fxp,factory,32397,52f18c7c55c45e7314edf082f2c1384191712d92,52f18c7c55c45e7314edf082f2c1384191712d92,True,ok,,3,58914e59c608ed4384ba6002e44c3465c58b2e71,48000
3501,resources/data/patches_factory/Sequences/Phase 2.fxp,factory,32254,0bb417917fb5e84217d2ae955593a12cd0dc8b03,0bb417917fb5e84217d2ae955593a12cd0dc8b03,True,ok,,6,58914e59c608ed4384ba6002e44c3465c58b2e71,48000
3502,resources/data/patches_factory/Sequences/Retrig Me.fxp,factory,28225,9d4ab351abc315686f93e9c687bf71b933640776,9d4ab351abc315686f93e9c687bf71b933640776,True,ok,,3,58914e59c608ed4384ba6002e44c3465c58b2e71,48000
3503,resources/data/patches_factory/Sequences/Ripping Sequence.fxp,factory,31874,1b6652116d57043f229aee99eb88acf4071d51c4,1b6652116d57043f229aee99eb88acf4071d51c4,True,ok,,2,58914e59c608ed4384ba6002e44c3465c58b2e71,48000
3504,resources/data/patches_factory/Sequences/S&H Classic.fxp,factory,23667,aa00661abef54846ee57d6e1b48a6221af979bfe,aa00661abef54846ee57d6e1b48a6221af979bfe,True,ok,,2,58914e59c608ed4384ba6002e44c3465c58b2e71,48000
3505,resources/data/patches_factory/Sequences/Seq 1234.fxp,factory,24696,6c9c6b1ba06b03a7f1a1f999876ae2a2f6e37ddf,6c9c6b1ba06b03a7f1a1f999876ae2a2f6e37ddf,True,ok,,5,58914e59c608ed4384ba6002e44c3465c58b2e71,48000
3506,resources/data/patches_factory/Sequences/Sine Sequencer 1.fxp,factory,34047,2797af5a33c816dc31e05c418e6075b8d6600ef7,2797af5a33c816dc31e05c418e6075b8d6600ef7,True,ok,,18,58914e59c608ed4384ba6002e44c3465c58b2e71,48000
3507,resources/data/patches_factory/Sequences/Step Phaser.fxp,factory,24745,1e2580510ab79ee875123fd0c1f712fecc17ea13,1e2580510ab79ee875123fd0c1f712fecc17ea13,True,ok,,12,58914e59c608ed4384ba6002e44c3465c58b2e71,48000
3508,resources/data/patches_factory/Sequences/Sync Accident.fxp,factory,24075,e49c8088b1889e229f90e5a9cb0f6410fc263f8c,e49c8088b1889e229f90e5a9cb0f6410fc263f8c,True,ok,,10,58914e59c608ed4384ba6002e44c3465c58b2e71,48000
3509,resources/data/patches_factory/Sequences/Sync Arp.fxp,factory,24475,ecac2befe0b259955abbd9cd8885eefafc979467,ecac2befe0b259955abbd9cd8885eefafc979467,True,ok,,9,58914e59c608ed4384ba6002e44c3465c58b2e71,48000
3510,resources/data/patches_factory/Sequences/Table Seq.fxp,factory,58391,09af4c1a8212af570894cacaef27dbfb9acf29c3,09af4c1a8212af570894cacaef27dbfb9acf29c3,True,ok,,9,58914e59c608ed4384ba6002e44c3465c58b2e71,48000
3511,resources/data/patches_factory/Sequences/Tyskland.fxp,factory,40457,fee0dcd9546c1b9e5ebf2aa6afeeb70ac4e29783,fee0dcd9546c1b9e5ebf2aa6afeeb70ac4e29783,True,ok,,4,58914e59c608ed4384ba6002e44c3465c58b2e71,48000
3512,resources/data/patches_factory/Sequences/Wabbit MW.fxp,factory,31372,26d182ff39bc477b9e3d2dada7650362db50799d,26d182ff39bc477b9e3d2dada7650362db50799d,True,ok,,4,58914e59c608ed4384ba6002e44c3465c58b2e71,48000
3513,resources/data/patches_factory/Sequences/Wavesequence 01.fxp,factory,40185,9f46d0c6954f3919d4c344a20762cc257f0620bc,9f46d0c6954f3919d4c344a20762cc257f0620bc,True,ok,,26,58914e59c608ed4384ba6002e44c3465c58b2e71,48000
3514,resources/data/patches_factory/Sequences/When Good Combs Go Bad.fxp,factory,24567,d3d79635847c9d78afbf9ed6c02f381cd2c06d04,d3d79635847c9d78afbf9ed6c02f381cd2c06d04,True,ok,,6,58914e59c608ed4384ba6002e44c3465c58b2e71,48000
3515,resources/data/patches_factory/Splits/Bass+Drums.fxp,factory,32488,ed8f1fae0f5ceb628deb4e4062d8c6f003152cfe,ed8f1fae0f5ceb628deb4e4062d8c6f003152cfe,True,ok,,3,58914e59c608ed4384ba6002e44c3465c58b2e71,48000
3516,resources/data/patches_factory/Splits/Future Split.fxp,factory,31880,411e12c6d7baa765b5677b1a4ebed8dde998b770,411e12c6d7baa765b5677b1a4ebed8dde998b770,True,ok,,6,58914e59c608ed4384ba6002e44c3465c58b2e71,48000
3517,resources/data/patches_factory/Splits/Game On 4 MW Split.fxp,factory,25729,a640062be3316913581e1dba7461c351eb2e998f,a640062be3316913581e1dba7461c351eb2e998f,True,ok,,2,58914e59c608ed4384ba6002e44c3465c58b2e71,48000
3518,resources/data/patches_factory/Splits/Sine Sequencer 2.fxp,factory,98761,f8978fb9ae49505a40e4562e30bb3bd73a41fcc7,f8978fb9ae49505a40e4562e30bb3bd73a41fcc7,True,ok,,8,58914e59c608ed4384ba6002e44c3465c58b2e71,48000
3519,resources/data/patches_factory/Splits/Split Personality.fxp,factory,34725,e4af97ffd897045a5787a9475297d8f56f2c590e,e4af97ffd897045a5787a9475297d8f56f2c590e,True,ok,,3,58914e59c608ed4384ba6002e44c3465c58b2e71,48000
3520,resources/data/patches_factory/Templates/Audio In Left Osc 1 + Right Osc 2.fxp,factory,30228,46a8775d99bffbff01301e14a1b90aa615cdf924,46a8775d99bffbff01301e14a1b90aa615cdf924,True,ok,,2,58914e59c608ed4384ba6002e44c3465c58b2e71,48000
3521,resources/data/patches_factory/Templates/Audio In Left Scene A + Right Scene B.fxp,factory,30211,3db9f4a85827d8d4077935e0ac410513c6fba9bd,3db9f4a85827d8d4077935e0ac410513c6fba9bd,True,ok,,2,58914e59c608ed4384ba6002e44c3465c58b2e71,48000
3522,resources/data/patches_factory/Templates/Audio In Mono Osc 1.fxp,factory,30193,3533eddc35eb275c199574ac3075ada971a57a15,3533eddc35eb275c199574ac3075ada971a57a15,True,ok,,2,58914e59c608ed4384ba6002e44c3465c58b2e71,48000
3523,resources/data/patches_factory/Templates/Audio In Stereo Osc 1.fxp,factory,30193,22f59a58f5d3107ad2b54798603ad70b7f6ed43e,22f59a58f5d3107ad2b54798603ad70b7f6ed43e,True,ok,,2,58914e59c608ed4384ba6002e44c3465c58b2e71,48000
3524,resources/data/patches_factory/Templates/Init Arpeggiator.fxp,factory,43194,6a39dca87d1ed38717be639a94e7301a1475e1b0,6a39dca87d1ed38717be639a94e7301a1475e1b0,True,ok,,2,58914e59c608ed4384ba6002e44c3465c58b2e71,48000
3525,resources/data/patches_factory/Templates/Init Duophonic.fxp,factory,35095,78b8a86bfd04846f5015740a095397fe5993b203,78b8a86bfd04846f5015740a095397fe5993b203,True,ok,,2,58914e59c608ed4384ba6002e44c3465c58b2e71,48000
3526,resources/data/patches_factory/Templates/Init Env Per Osc.fxp,factory,32187,0a61a7fea25e1c4538be7e73bbd8efeb63c97525,0a61a7fea25e1c4538be7e73bbd8efeb63c97525,True,ok,,2,58914e59c608ed4384ba6002e44c3465c58b2e71,48000
3527,resources/data/patches_factory/Templates/Init Experimental.fxp,factory,163246,3a2792001940c9e8bb6894f056eed206c82470cd,3a2792001940c9e8bb6894f056eed206c82470cd,True,ok,,124,58914e59c608ed4384ba6002e44c3465c58b2e71,48000
3528,resources/data/patches_factory/Templates/Init FM2.fxp,factory,31451,1ca7084bcec35a83d338d89c20f81656e8ce11f7,1ca7084bcec35a83d338d89c20f81656e8ce11f7,True,ok,,2,58914e59c608ed4384ba6002e44c3465c58b2e71,48000
3529,resources/data/patches_factory/Templates/Init Karplus-Strong.fxp,factory,30367,dd19bae9ee9dd0309f2e119108a3e3b334278f4b,dd19bae9ee9dd0309f2e119108a3e3b334278f4b,True,ok,,2,58914e59c608ed4384ba6002e44c3465c58b2e71,48000
3530,resources/data/patches_factory/Templates/Init Modern.fxp,factory,31442,407335a76b243e6b2f5ead26c98e15fe166c453f,407335a76b243e6b2f5ead26c98e15fe166c453f,True,ok,,2,58914e59c608ed4384ba6002e44c3465c58b2e71,48000
3531,resources/data/patches_factory/Templates/Init Paraphonic.fxp,factory,31780,2cd1502275821ccf84601ce4e4b4e6718292c521,2cd1502275821ccf84601ce4e4b4e6718292c521,True,ok,,2,58914e59c608ed4384ba6002e44c3465c58b2e71,48000
3532,resources/data/patches_factory/Templates/Init Saw.fxp,factory,31343,f59be8bf9d25b3b5ffe2f8e40cc37d66c3e0d0e5,f59be8bf9d25b3b5ffe2f8e40cc37d66c3e0d0e5,True,ok,,3,58914e59c608ed4384ba6002e44c3465c58b2e71,48000
3533,resources/data/patches_factory/Templates/Init Sine.fxp,factory,31538,7aba84fd083baf031fffc0cf18a9054a9d53892a,7aba84fd083baf031fffc0cf18a9054a9d53892a,True,ok,,2,58914e59c608ed4384ba6002e44c3465c58b2e71,48000
3534,resources/data/patches_factory/Templates/Init Square.fxp,factory,31424,0ed6c140f17e79144a21a0b2c916508ccfb91d99,0ed6c140f17e79144a21a0b2c916508ccfb91d99,True,ok,,3,58914e59c608ed4384ba6002e44c3465c58b2e71,48000
3535,resources/data/patches_factory/Templates/Init Wavetable.fxp,factory,425591,e8c9ead3086942b49de9c01cc2c988e04cc0c295,e8c9ead3086942b49de9c01cc2c988e04cc0c295,True,ok,,152,58914e59c608ed4384ba6002e44c3465c58b2e71,48000
3536,resources/data/patches_factory/Tutorials/Formula Modulator/01 A Simple Formula.fxp,factory,35275,90c953a5cd911d1bff6a32dbfab40f612f7ac0a3,90c953a5cd911d1bff6a32dbfab40f612f7ac0a3,True,ok,,2,58914e59c608ed4384ba6002e44c3465c58b2e71,48000
3537,resources/data/patches_factory/Tutorials/Formula Modulator/02 Interacting With LFO Parameters.fxp,factory,35710,3bf0f7bd8b16a405f888bab2f341b0d85c5f8241,3bf0f7bd8b16a405f888bab2f341b0d85c5f8241,True,ok,,5,58914e59c608ed4384ba6002e44c3465c58b2e71,48000
3538,resources/data/patches_factory/Tutorials/Formula Modulator/03 The Init Function And State.fxp,factory,35560,7ac46fe666f84ac75ca36b8414dce86a25ac01a8,7ac46fe666f84ac75ca36b8414dce86a25ac01a8,True,ok,,2,58914e59c608ed4384ba6002e44c3465c58b2e71,48000
3539,resources/data/patches_factory/Tutorials/Formula Modulator/04 Vector Valued Formulae.fxp,factory,36010,d8c34e3e18d9f022798cd08027892181199a61fd,d8c34e3e18d9f022798cd08027892181199a61fd,True,ok,,2,58914e59c608ed4384ba6002e44c3465c58b2e71,48000
3540,resources/data/patches_factory/Tutorials/Formula Modulator/05 The Envelope And Its Parameters.fxp,factory,35321,324c08ab40af862f47d649c92e3d0edecdedd2f1,324c08ab40af862f47d649c92e3d0edecdedd2f1,True,ok,,4,58914e59c608ed4384ba6002e44c3465c58b2e71,48000
3541,resources/data/patches_factory/Tutorials/Formula Modulator/06 Macros And Voice Parameters.fxp,factory,33756,50485a482462340e8c3f0f41ff9f4d24367549a8,50485a482462340e8c3f0f41ff9f4d24367549a8,True,ok,,6,58914e59c608ed4384ba6002e44c3465c58b2e71,48000
3542,resources/data/patches_factory/Tutorials/Formula Modulator/07 The Prelude.fxp,factory,34938,cbcbfe517793d7074685dc5671afd82224e5ea7b,cbcbfe517793d7074685dc5671afd82224e5ea7b,True,ok,,7,58914e59c608ed4384ba6002e44c3465c58b2e71,48000
3543,resources/data/patches_factory/Tutorials/Formula Modulator/08 Quis Modulatiet Ipsos Modulates.fxp,factory,35406,df6eceda3ab17c767c9e385d83ab085e56033eb8,df6eceda3ab17c767c9e385d83ab085e56033eb8,True,ok,,13,58914e59c608ed4384ba6002e44c3465c58b2e71,48000
3544,resources/data/patches_factory/Tutorials/Formula Modulator/09 Example - Crossfading Oscillators.fxp,factory,37442,76444c0758e7b117cc06598f1b66ed5b99960229,76444c0758e7b117cc06598f1b66ed5b99960229,True,ok,,8,58914e59c608ed4384ba6002e44c3465c58b2e71,48000
3545,resources/data/patches_factory/Tutorials/Formula Modulator/10 Example - Both Time And Space.fxp,factory,40221,f8350b8fbd1810356ef644ae0546aeb30abbf950,f8350b8fbd1810356ef644ae0546aeb30abbf950,True,ok,,7,58914e59c608ed4384ba6002e44c3465c58b2e71,48000
3546,resources/data/patches_factory/Tutorials/Formula Modulator/11 Example - Reich - Piano Phase.fxp,factory,35590,6878b291d0fab5c41a808036714497dd9dd2b629,6878b291d0fab5c41a808036714497dd9dd2b629,True,ok,,62,58914e59c608ed4384ba6002e44c3465c58b2e71,48000
3547,resources/data/patches_factory/Tutorials/Formula Modulator/12 A Slew Limiter.fxp,factory,34631,625901c39c8849fd44fa7494eaf79c2984bf7ed0,625901c39c8849fd44fa7494eaf79c2984bf7ed0,True,ok,,15,58914e59c608ed4384ba6002e44c3465c58b2e71,48000
3548,resources/data/patches_factory/Tutorials/Formula Modulator/13 Duophony.fxp,factory,136615,7fb0e317a93bdfc46cb58c05abfe3b9624c6e154,7fb0e317a93bdfc46cb58c05abfe3b9624c6e154,True,ok,,14,58914e59c608ed4384ba6002e44c3465c58b2e71,48000
3549,resources/data/patches_factory/Tutorials/Formula Modulator/14 Portamento Using The Shared Table.fxp,factory,36206,25ee01ef9f34eda1c19ea8e8f2d9e1aaf4f786fe,25ee01ef9f34eda1c19ea8e8f2d9e1aaf4f786fe,True,ok,,3,58914e59c608ed4384ba6002e44c3465c58b2e71,48000
3550,resources/data/patches_factory/Vocoder/Noise.fxp,factory,32331,7d71711725688d17bf59dfd77ba7f798eabd7448,7d71711725688d17bf59dfd77ba7f798eabd7448,True,ok,,2,58914e59c608ed4384ba6002e44c3465c58b2e71,48000
3551,resources/data/patches_factory/Vocoder/Pop.fxp,factory,24947,79c338c70f757d9a364b57d54d93dc9125a04e20,79c338c70f757d9a364b57d54d93dc9125a04e20,True,ok,,2,58914e59c608ed4384ba6002e44c3465c58b2e71,48000
3552,resources/data/patches_factory/Vocoder/Solo.fxp,factory,32330,3ce45bde31cc0063a53d1098685307751c577d6f,3ce45bde31cc0063a53d1098685307751c577d6f,True,ok,,3,58914e59c608ed4384ba6002e44c3465c58b2e71,48000
3553,resources/data/patches_factory/Winds/Clarinet.fxp,factory,24003,cfc43526b7ff943f18f2ec0b3c6fc433641214f4,cfc43526b7ff943f18f2ec0b3c6fc433641214f4,True,ok,,2,58914e59c608ed4384ba6002e44c3465c58b2e71,48000
3554,resources/data/patches_factory/Winds/Cyber Flute.fxp,factory,31608,0302cbffda59445585ae512e5d552d60857b6a20,0302cbffda59445585ae512e5d552d60857b6a20,True,ok,,2,58914e59c608ed4384ba6002e44c3465c58b2e71,48000
3555,resources/data/patches_factory/Winds/Dreamy Flute.fxp,factory,39966,0e244b9fd06adfcacf49b30ef12abcb0b6a41b81,0e244b9fd06adfcacf49b30ef12abcb0b6a41b81,True,ok,,3,58914e59c608ed4384ba6002e44c3465c58b2e71,48000
3556,resources/data/patches_factory/Winds/Fake Ethno.fxp,factory,31027,f7688731f9007e1137941e81ceed68798c4ca531,f7688731f9007e1137941e81ceed68798c4ca531,True,ok,,3,58914e59c608ed4384ba6002e44c3465c58b2e71,48000
3557,resources/data/patches_factory/Winds/Flute 1.fxp,factory,26180,bc74564e49fd91534091b0b202041b19d36e4162,bc74564e49fd91534091b0b202041b19d36e4162,True,ok,,2,58914e59c608ed4384ba6002e44c3465c58b2e71,48000
3558,resources/data/patches_factory/Winds/Flute 2.fxp,factory,32975,198e125b0337d5f1e46e3270278b4ce780b30123,198e125b0337d5f1e46e3270278b4ce780b30123,True,ok,,2,58914e59c608ed4384ba6002e44c3465c58b2e71,48000
3559,resources/data/patches_factory/Winds/Low.fxp,factory,39906,af73786602406702c544884345f2bab776bd4168,af73786602406702c544884345f2bab776bd4168,True,ok,,4,58914e59c608ed4384ba6002e44c3465c58b2e71,48000
3560,resources/data/patches_factory/Winds/Tragic Winds.fxp,factory,24519,01b0562f18e51734859f762afb0b927a727f6412,01b0562f18e51734859f762afb0b927a727f6412,True,ok,,3,58914e59c608ed4384ba6002e44c3465c58b2e71,48000
